subject_id,variant,outcome,device_type,user_tenure_days,cart_value,is_returning_user,pre_experiment_outcome,date
ecom_006252,1,0.0,1.0,8.0,77.37,0.0,0.0,2024-01-20
ecom_004684,0,0.0,0.0,5.0,0.0,0.0,0.0,2024-01-02
ecom_001731,0,0.0,0.0,25.0,11.03,0.0,0.0,2024-01-22
ecom_004742,1,0.0,1.0,19.0,13.55,0.0,0.0,2024-01-16
ecom_004521,0,0.0,0.0,204.0,35.92,0.0,0.0,2024-01-24
ecom_006340,1,0.0,2.0,29.0,22.65,0.0,0.0,2024-01-11
ecom_000576,0,0.0,1.0,39.0,27.59,1.0,0.0,2024-01-18
ecom_005202,1,0.0,1.0,68.0,12.98,1.0,0.0,2024-01-15
ecom_006363,1,1.0,0.0,2.0,0.0,0.0,0.0,2024-01-01
ecom_000439,0,0.0,1.0,23.0,12.97,0.0,0.0,2024-01-12
ecom_002750,0,0.0,2.0,44.0,18.51,1.0,0.0,2024-01-04
ecom_007487,1,0.0,0.0,48.0,12.27,1.0,0.0,2024-01-27
ecom_005272,1,0.0,0.0,16.0,0.0,0.0,0.0,2024-01-10
ecom_005653,1,0.0,1.0,4.0,67.53,0.0,0.0,2024-01-15
ecom_003999,0,0.0,0.0,30.0,47.31,1.0,0.0,2024-01-18
ecom_006033,1,0.0,0.0,44.0,89.27,1.0,0.0,2024-01-29
ecom_000582,0,0.0,0.0,74.0,46.48,1.0,1.0,2024-01-16
ecom_009930,1,0.0,2.0,145.0,67.26,1.0,0.0,2024-01-27
ecom_007051,0,0.0,2.0,3.0,0.0,0.0,0.0,2024-01-02
ecom_008158,0,0.0,1.0,24.0,87.92,1.0,0.0,2024-01-25
ecom_009896,0,0.0,2.0,56.0,7.43,1.0,0.0,2024-01-30
ecom_002249,0,0.0,2.0,32.0,52.52,0.0,0.0,2024-01-12
ecom_004640,0,1.0,2.0,4.0,31.31,0.0,0.0,2024-01-12
ecom_009485,0,0.0,2.0,4.0,0.0,0.0,0.0,2024-01-17
ecom_004947,1,0.0,2.0,196.0,113.16,1.0,0.0,2024-01-11
ecom_009920,1,0.0,2.0,14.0,18.06,0.0,0.0,2024-01-25
ecom_001963,0,0.0,0.0,226.0,0.0,1.0,0.0,2024-01-14
ecom_008243,0,0.0,0.0,191.0,7.94,1.0,0.0,2024-01-30
ecom_006590,1,0.0,2.0,67.0,0.0,1.0,0.0,2024-01-17
ecom_008847,1,0.0,0.0,99.0,17.28,0.0,0.0,2024-01-18
ecom_000321,0,0.0,2.0,41.0,15.22,1.0,0.0,2024-01-04
ecom_002678,0,0.0,1.0,162.0,19.17,1.0,0.0,2024-01-22
ecom_004625,0,0.0,0.0,87.0,0.0,1.0,0.0,2024-01-03
ecom_004949,0,0.0,1.0,84.0,32.43,0.0,0.0,2024-01-08
ecom_008328,0,0.0,2.0,42.0,8.35,1.0,0.0,2024-01-12
ecom_003337,1,0.0,0.0,2.0,21.32,0.0,0.0,2024-01-13
ecom_005589,1,0.0,0.0,35.0,85.71,0.0,0.0,2024-01-13
ecom_000251,0,0.0,0.0,27.0,9.79,0.0,0.0,2024-01-05
ecom_003973,1,0.0,2.0,1.0,13.68,0.0,0.0,2024-01-05
ecom_006630,1,0.0,0.0,65.0,28.8,1.0,0.0,2024-01-16
ecom_005547,0,0.0,2.0,4.0,0.0,0.0,1.0,2024-01-19
ecom_000035,0,0.0,2.0,61.0,12.98,1.0,0.0,2024-01-01
ecom_008362,0,0.0,0.0,24.0,51.72,0.0,0.0,2024-01-10
ecom_001513,0,1.0,1.0,3.0,0.0,0.0,0.0,2024-01-02
ecom_009317,1,0.0,0.0,22.0,24.13,0.0,0.0,2024-01-03
ecom_000039,1,0.0,0.0,106.0,25.82,0.0,0.0,2024-01-20
ecom_004819,1,0.0,0.0,38.0,0.0,1.0,0.0,2024-01-11
ecom_003465,1,0.0,0.0,22.0,0.0,0.0,0.0,2024-01-12
ecom_001760,1,0.0,0.0,130.0,38.0,1.0,0.0,2024-01-20
ecom_002304,1,0.0,0.0,70.0,0.0,1.0,0.0,2024-01-16
ecom_003723,0,0.0,0.0,140.0,73.58,1.0,0.0,2024-01-02
ecom_008284,0,0.0,1.0,76.0,19.94,1.0,0.0,2024-01-23
ecom_004993,0,0.0,1.0,93.0,76.21,1.0,1.0,2024-01-19
ecom_008127,1,0.0,0.0,43.0,24.0,1.0,0.0,2024-01-04
ecom_003032,1,0.0,0.0,47.0,108.2,1.0,0.0,2024-01-06
ecom_007938,1,0.0,1.0,211.0,0.0,1.0,0.0,2024-01-21
ecom_003039,0,0.0,2.0,75.0,21.41,1.0,0.0,2024-01-02
ecom_009655,1,0.0,2.0,86.0,14.83,1.0,0.0,2024-01-30
ecom_002545,0,0.0,2.0,118.0,34.82,1.0,0.0,2024-01-09
ecom_002592,0,0.0,2.0,60.0,0.0,1.0,0.0,2024-01-05
ecom_001188,1,0.0,2.0,60.0,33.28,1.0,0.0,2024-01-02
ecom_007966,0,1.0,0.0,52.0,58.51,1.0,0.0,2024-01-25
ecom_006077,1,0.0,2.0,45.0,32.05,1.0,0.0,2024-01-16
ecom_000107,1,0.0,2.0,104.0,0.0,1.0,0.0,2024-01-11
ecom_001315,0,0.0,2.0,310.0,56.07,1.0,0.0,2024-01-01
ecom_008187,0,0.0,0.0,9.0,26.6,0.0,0.0,2024-01-20
ecom_002753,0,1.0,0.0,16.0,43.65,0.0,0.0,2024-01-22
ecom_009753,0,0.0,2.0,1.0,0.0,0.0,0.0,2024-01-11
ecom_006231,0,0.0,1.0,20.0,0.0,0.0,0.0,2024-01-13
ecom_002876,0,0.0,0.0,15.0,10.15,0.0,0.0,2024-01-10
ecom_005323,0,0.0,0.0,135.0,67.45,1.0,0.0,2024-01-02
ecom_000799,0,0.0,0.0,96.0,181.5,1.0,0.0,2024-01-10
ecom_003570,1,0.0,2.0,146.0,12.6,1.0,0.0,2024-01-23
ecom_002894,1,0.0,1.0,62.0,0.0,1.0,0.0,2024-01-15
ecom_002927,1,0.0,1.0,150.0,115.31,1.0,0.0,2024-01-19
ecom_008178,1,0.0,0.0,22.0,0.0,0.0,0.0,2024-01-05
ecom_000971,1,0.0,2.0,94.0,100.53,1.0,0.0,2024-01-30
ecom_006687,1,0.0,2.0,32.0,147.39,1.0,0.0,2024-01-07
ecom_008575,0,0.0,2.0,28.0,27.66,0.0,0.0,2024-01-16
ecom_002020,0,0.0,2.0,176.0,7.02,1.0,1.0,2024-01-21
ecom_009054,0,0.0,2.0,15.0,38.1,0.0,0.0,2024-01-11
ecom_000952,1,1.0,0.0,24.0,11.11,0.0,0.0,2024-01-30
ecom_005359,0,0.0,1.0,91.0,43.87,1.0,0.0,2024-01-08
ecom_003857,1,0.0,1.0,25.0,28.11,0.0,0.0,2024-01-02
ecom_005861,1,0.0,2.0,24.0,170.21,1.0,0.0,2024-01-22
ecom_003145,0,1.0,1.0,27.0,12.86,0.0,0.0,2024-01-03
ecom_003305,0,0.0,1.0,11.0,35.59,0.0,0.0,2024-01-23
ecom_003006,1,0.0,2.0,101.0,72.34,1.0,1.0,2024-01-30
ecom_009001,0,0.0,2.0,29.0,8.15,0.0,0.0,2024-01-04
ecom_007770,1,0.0,1.0,14.0,25.34,0.0,0.0,2024-01-25
ecom_007438,1,0.0,0.0,85.0,8.15,1.0,0.0,2024-01-16
ecom_007942,1,0.0,2.0,1.0,40.51,0.0,0.0,2024-01-25
ecom_009238,0,0.0,2.0,31.0,49.32,1.0,0.0,2024-01-07
ecom_001056,1,0.0,2.0,71.0,39.37,1.0,0.0,2024-01-26
ecom_003154,1,0.0,2.0,18.0,50.47,1.0,0.0,2024-01-10
ecom_003787,1,0.0,1.0,77.0,23.96,1.0,0.0,2024-01-22
ecom_009189,0,0.0,1.0,36.0,0.0,1.0,0.0,2024-01-25
ecom_007825,0,0.0,0.0,47.0,0.0,1.0,0.0,2024-01-10
ecom_007539,0,0.0,2.0,145.0,13.15,1.0,0.0,2024-01-17
ecom_007231,1,0.0,2.0,18.0,6.89,0.0,0.0,2024-01-25
ecom_000764,0,0.0,2.0,222.0,82.76,1.0,0.0,2024-01-17
ecom_005019,1,0.0,0.0,13.0,21.86,0.0,0.0,2024-01-01
ecom_004903,0,0.0,2.0,5.0,0.0,0.0,0.0,2024-01-03
ecom_008093,0,0.0,0.0,26.0,13.82,1.0,0.0,2024-01-20
ecom_006843,0,0.0,2.0,100.0,11.18,1.0,0.0,2024-01-29
ecom_002165,0,0.0,2.0,48.0,0.0,1.0,0.0,2024-01-12
ecom_001862,1,0.0,1.0,48.0,77.75,1.0,1.0,2024-01-30
ecom_007850,0,0.0,0.0,85.0,19.85,0.0,0.0,2024-01-28
ecom_009123,0,0.0,2.0,9.0,68.53,0.0,0.0,2024-01-26
ecom_002340,1,0.0,0.0,73.0,28.43,1.0,0.0,2024-01-24
ecom_005527,1,0.0,2.0,16.0,46.2,0.0,0.0,2024-01-26
ecom_006743,1,0.0,0.0,13.0,25.13,0.0,0.0,2024-01-28
ecom_004003,0,0.0,0.0,118.0,0.0,1.0,0.0,2024-01-25
ecom_001123,0,0.0,0.0,49.0,0.0,1.0,1.0,2024-01-15
ecom_008709,1,0.0,0.0,26.0,98.46,0.0,0.0,2024-01-14
ecom_004049,1,0.0,2.0,72.0,0.0,1.0,0.0,2024-01-20
ecom_007640,0,1.0,1.0,6.0,173.59,0.0,0.0,2024-01-09
ecom_000765,0,0.0,1.0,26.0,15.94,0.0,0.0,2024-01-26
ecom_002344,1,0.0,2.0,55.0,14.76,1.0,0.0,2024-01-09
ecom_004071,0,0.0,0.0,24.0,15.16,0.0,0.0,2024-01-09
ecom_007216,1,0.0,2.0,33.0,136.27,0.0,0.0,2024-01-22
ecom_004216,1,0.0,0.0,52.0,16.28,0.0,1.0,2024-01-06
ecom_007952,0,0.0,2.0,12.0,34.37,0.0,0.0,2024-01-23
ecom_005970,0,0.0,0.0,6.0,0.0,0.0,0.0,2024-01-23
ecom_003350,0,0.0,2.0,99.0,75.7,1.0,0.0,2024-01-21
ecom_004695,0,0.0,2.0,272.0,0.0,1.0,0.0,2024-01-17
ecom_003399,0,0.0,2.0,129.0,0.0,1.0,0.0,2024-01-29
ecom_004081,0,0.0,2.0,81.0,13.64,1.0,0.0,2024-01-08
ecom_009149,1,0.0,0.0,1.0,44.7,0.0,0.0,2024-01-24
ecom_001224,0,0.0,1.0,90.0,0.0,1.0,0.0,2024-01-24
ecom_006292,0,0.0,1.0,10.0,0.0,0.0,0.0,2024-01-10
ecom_003122,1,0.0,1.0,67.0,61.54,1.0,0.0,2024-01-18
ecom_000510,0,0.0,1.0,129.0,0.0,1.0,0.0,2024-01-25
ecom_005794,1,0.0,0.0,231.0,0.0,1.0,0.0,2024-01-24
ecom_008181,0,0.0,2.0,101.0,17.49,1.0,0.0,2024-01-08
ecom_009417,1,0.0,0.0,130.0,136.11,0.0,0.0,2024-01-16
ecom_000096,0,0.0,1.0,4.0,0.0,0.0,0.0,2024-01-08
ecom_006681,1,0.0,1.0,12.0,6.87,0.0,0.0,2024-01-23
ecom_001512,0,0.0,2.0,99.0,6.3,1.0,0.0,2024-01-30
ecom_008791,0,0.0,1.0,120.0,0.0,1.0,0.0,2024-01-09
ecom_000119,1,1.0,1.0,11.0,0.0,0.0,0.0,2024-01-13
ecom_007791,1,0.0,1.0,102.0,68.98,1.0,0.0,2024-01-25
ecom_006517,1,0.0,0.0,20.0,0.0,0.0,0.0,2024-01-09
ecom_000033,0,0.0,2.0,37.0,39.64,1.0,0.0,2024-01-10
ecom_007887,1,0.0,1.0,23.0,0.0,0.0,0.0,2024-01-25
ecom_006830,1,0.0,1.0,1.0,24.88,0.0,0.0,2024-01-08
ecom_005421,1,0.0,2.0,19.0,39.18,0.0,0.0,2024-01-16
ecom_001068,0,0.0,0.0,23.0,15.83,0.0,1.0,2024-01-26
ecom_001347,0,0.0,0.0,65.0,11.12,1.0,0.0,2024-01-29
ecom_004747,0,0.0,0.0,82.0,0.0,1.0,0.0,2024-01-10
ecom_006005,1,0.0,2.0,12.0,0.0,0.0,0.0,2024-01-26
ecom_006039,1,0.0,2.0,21.0,59.01,1.0,0.0,2024-01-23
ecom_003817,1,1.0,1.0,126.0,12.57,1.0,0.0,2024-01-26
ecom_008446,1,0.0,1.0,8.0,91.29,1.0,0.0,2024-01-10
ecom_005269,0,0.0,2.0,18.0,0.0,0.0,0.0,2024-01-19
ecom_006897,1,0.0,2.0,46.0,16.2,1.0,0.0,2024-01-07
ecom_005309,0,0.0,2.0,158.0,0.0,1.0,0.0,2024-01-07
ecom_000031,1,0.0,2.0,1.0,23.89,0.0,0.0,2024-01-01
ecom_005674,1,0.0,2.0,62.0,0.0,0.0,0.0,2024-01-24
ecom_004386,1,0.0,0.0,19.0,33.82,0.0,0.0,2024-01-14
ecom_000029,0,0.0,0.0,66.0,20.0,1.0,0.0,2024-01-23
ecom_004202,1,0.0,0.0,80.0,0.0,1.0,0.0,2024-01-19
ecom_007507,1,0.0,0.0,35.0,10.45,1.0,1.0,2024-01-18
ecom_000735,0,0.0,1.0,62.0,70.15,1.0,0.0,2024-01-16
ecom_002067,1,0.0,2.0,8.0,48.8,0.0,0.0,2024-01-02
ecom_000106,0,0.0,2.0,26.0,10.7,1.0,0.0,2024-01-11
ecom_009644,0,0.0,0.0,35.0,72.72,1.0,0.0,2024-01-24
ecom_008894,1,0.0,2.0,93.0,83.77,1.0,0.0,2024-01-15
ecom_008020,0,0.0,0.0,18.0,135.37,0.0,0.0,2024-01-26
ecom_002232,1,0.0,0.0,109.0,83.04,1.0,0.0,2024-01-06
ecom_000993,1,0.0,2.0,14.0,0.0,0.0,0.0,2024-01-25
ecom_009412,0,0.0,0.0,117.0,0.0,1.0,0.0,2024-01-24
ecom_007058,0,0.0,1.0,43.0,144.68,1.0,1.0,2024-01-09
ecom_006789,1,0.0,2.0,36.0,75.68,1.0,0.0,2024-01-30
ecom_000360,0,0.0,2.0,43.0,27.26,1.0,0.0,2024-01-17
ecom_000304,1,0.0,0.0,38.0,0.0,1.0,0.0,2024-01-12
ecom_002627,1,0.0,0.0,182.0,38.51,1.0,0.0,2024-01-14
ecom_008965,0,0.0,1.0,2.0,16.07,0.0,0.0,2024-01-24
ecom_004513,0,0.0,0.0,7.0,38.4,0.0,0.0,2024-01-11
ecom_005910,0,0.0,0.0,36.0,15.48,1.0,0.0,2024-01-06
ecom_008313,0,0.0,0.0,11.0,30.34,1.0,0.0,2024-01-27
ecom_003100,0,0.0,1.0,179.0,73.81,1.0,0.0,2024-01-14
ecom_005703,0,0.0,2.0,11.0,34.42,1.0,0.0,2024-01-08
ecom_003898,1,0.0,1.0,161.0,53.08,1.0,0.0,2024-01-10
ecom_005440,1,0.0,2.0,51.0,70.97,1.0,0.0,2024-01-26
ecom_007930,0,0.0,0.0,45.0,59.17,1.0,0.0,2024-01-15
ecom_000621,1,0.0,2.0,16.0,58.05,0.0,0.0,2024-01-23
ecom_007235,0,0.0,0.0,41.0,9.1,1.0,0.0,2024-01-17
ecom_002498,0,0.0,1.0,52.0,34.06,1.0,1.0,2024-01-05
ecom_000713,0,0.0,2.0,68.0,35.82,1.0,0.0,2024-01-08
ecom_008403,0,0.0,2.0,22.0,29.56,0.0,0.0,2024-01-05
ecom_002855,1,0.0,0.0,44.0,51.75,1.0,0.0,2024-01-24
ecom_004269,0,0.0,0.0,65.0,198.32,1.0,0.0,2024-01-24
ecom_002908,1,0.0,2.0,34.0,21.56,1.0,0.0,2024-01-06
ecom_008080,1,0.0,0.0,140.0,55.92,1.0,0.0,2024-01-16
ecom_004516,0,0.0,2.0,85.0,27.44,1.0,0.0,2024-01-26
ecom_001261,1,0.0,2.0,168.0,39.22,1.0,0.0,2024-01-07
ecom_003160,1,0.0,0.0,34.0,74.07,1.0,0.0,2024-01-02
ecom_000970,0,0.0,0.0,23.0,66.93,0.0,0.0,2024-01-13
ecom_003912,0,1.0,0.0,66.0,52.91,0.0,0.0,2024-01-16
ecom_005198,0,0.0,2.0,41.0,0.0,1.0,0.0,2024-01-05
ecom_008846,1,0.0,2.0,109.0,15.91,1.0,0.0,2024-01-13
ecom_000259,1,0.0,1.0,3.0,16.84,0.0,0.0,2024-01-26
ecom_003790,1,0.0,1.0,12.0,28.16,1.0,0.0,2024-01-01
ecom_009202,1,0.0,1.0,160.0,0.0,1.0,0.0,2024-01-22
ecom_000487,0,0.0,1.0,43.0,10.66,1.0,0.0,2024-01-04
ecom_007907,1,0.0,2.0,125.0,32.07,1.0,0.0,2024-01-29
ecom_000518,1,0.0,1.0,134.0,13.62,1.0,0.0,2024-01-18
ecom_008342,1,0.0,1.0,201.0,48.9,1.0,0.0,2024-01-24
ecom_000311,1,0.0,2.0,77.0,49.01,1.0,0.0,2024-01-25
ecom_003231,0,0.0,2.0,12.0,16.7,0.0,0.0,2024-01-12
ecom_007932,1,1.0,0.0,16.0,17.52,0.0,0.0,2024-01-20
ecom_007457,1,1.0,1.0,11.0,0.0,0.0,0.0,2024-01-10
ecom_009783,0,0.0,0.0,4.0,73.15,0.0,0.0,2024-01-29
ecom_005183,1,0.0,1.0,181.0,45.77,1.0,0.0,2024-01-23
ecom_008076,0,0.0,2.0,24.0,26.32,0.0,0.0,2024-01-03
ecom_006501,0,0.0,0.0,16.0,12.92,0.0,0.0,2024-01-02
ecom_006790,1,0.0,2.0,32.0,27.27,1.0,0.0,2024-01-03
ecom_007772,1,0.0,1.0,42.0,107.84,1.0,0.0,2024-01-06
ecom_002737,1,0.0,0.0,135.0,27.36,1.0,0.0,2024-01-11
ecom_007841,1,0.0,1.0,10.0,13.59,1.0,0.0,2024-01-22
ecom_006261,1,0.0,0.0,185.0,38.09,0.0,0.0,2024-01-20
ecom_008205,1,0.0,0.0,8.0,18.35,0.0,0.0,2024-01-25
ecom_001247,1,0.0,0.0,10.0,37.98,0.0,0.0,2024-01-23
ecom_009335,0,0.0,0.0,189.0,17.75,1.0,0.0,2024-01-13
ecom_004194,1,0.0,1.0,1.0,0.0,0.0,0.0,2024-01-11
ecom_008000,0,0.0,1.0,101.0,22.67,0.0,0.0,2024-01-02
ecom_007377,0,0.0,0.0,65.0,39.73,1.0,0.0,2024-01-26
ecom_003434,1,0.0,2.0,39.0,30.38,1.0,1.0,2024-01-15
ecom_005381,0,0.0,1.0,1.0,99.04,0.0,0.0,2024-01-18
ecom_000958,0,0.0,0.0,80.0,3.79,1.0,0.0,2024-01-24
ecom_000416,0,0.0,2.0,10.0,0.0,0.0,0.0,2024-01-29
ecom_005741,0,0.0,0.0,130.0,0.0,1.0,0.0,2024-01-30
ecom_006727,0,0.0,2.0,2.0,9.84,0.0,0.0,2024-01-02
ecom_004381,0,0.0,0.0,66.0,0.0,1.0,0.0,2024-01-10
ecom_005196,0,0.0,2.0,22.0,47.65,0.0,0.0,2024-01-24
ecom_001112,0,0.0,1.0,43.0,0.0,1.0,0.0,2024-01-25
ecom_002688,1,0.0,2.0,48.0,66.15,1.0,0.0,2024-01-25
ecom_006472,1,0.0,1.0,82.0,0.0,1.0,0.0,2024-01-24
ecom_008819,0,0.0,2.0,92.0,21.38,1.0,0.0,2024-01-01
ecom_007807,1,0.0,2.0,40.0,64.84,1.0,0.0,2024-01-23
ecom_003410,0,0.0,1.0,46.0,10.0,0.0,0.0,2024-01-02
ecom_000080,1,0.0,0.0,59.0,25.0,1.0,0.0,2024-01-17
ecom_004613,0,0.0,2.0,44.0,25.01,1.0,0.0,2024-01-05
ecom_001373,1,0.0,2.0,39.0,43.6,1.0,0.0,2024-01-26
ecom_001509,1,1.0,0.0,42.0,0.0,0.0,0.0,2024-01-10
ecom_006442,0,0.0,2.0,36.0,49.05,1.0,0.0,2024-01-25
ecom_003070,1,0.0,0.0,1.0,107.91,0.0,0.0,2024-01-14
ecom_003015,0,0.0,0.0,37.0,13.84,1.0,0.0,2024-01-02
ecom_004822,1,0.0,2.0,69.0,64.69,1.0,0.0,2024-01-30
ecom_007821,0,0.0,0.0,3.0,71.94,0.0,0.0,2024-01-03
ecom_000092,1,0.0,2.0,6.0,72.11,0.0,0.0,2024-01-16
ecom_009420,1,0.0,2.0,18.0,15.57,0.0,0.0,2024-01-21
ecom_006599,0,0.0,2.0,56.0,0.0,1.0,0.0,2024-01-20
ecom_004442,1,0.0,2.0,34.0,84.71,1.0,0.0,2024-01-23
ecom_007601,0,0.0,0.0,42.0,0.0,1.0,0.0,2024-01-05
ecom_003834,1,0.0,2.0,218.0,0.0,1.0,0.0,2024-01-12
ecom_009701,0,0.0,2.0,116.0,136.33,1.0,0.0,2024-01-19
ecom_004321,1,0.0,2.0,94.0,13.87,1.0,0.0,2024-01-07
ecom_003393,0,0.0,0.0,33.0,9.5,1.0,0.0,2024-01-20
ecom_004751,1,0.0,0.0,25.0,53.52,0.0,0.0,2024-01-20
ecom_007228,0,0.0,2.0,26.0,0.0,0.0,0.0,2024-01-22
ecom_009190,1,0.0,2.0,40.0,107.97,0.0,0.0,2024-01-30
ecom_002360,1,0.0,0.0,11.0,25.91,0.0,0.0,2024-01-18
ecom_001147,1,0.0,0.0,5.0,72.54,0.0,0.0,2024-01-22
ecom_005665,1,0.0,2.0,8.0,16.0,0.0,0.0,2024-01-01
ecom_008074,0,0.0,2.0,40.0,47.3,1.0,1.0,2024-01-02
ecom_004942,0,1.0,0.0,39.0,0.0,1.0,0.0,2024-01-24
ecom_003662,0,0.0,0.0,104.0,9.62,1.0,0.0,2024-01-07
ecom_001562,1,0.0,0.0,74.0,0.0,1.0,1.0,2024-01-29
ecom_004112,1,0.0,0.0,15.0,13.5,0.0,0.0,2024-01-19
ecom_009049,0,0.0,0.0,102.0,27.41,1.0,0.0,2024-01-29
ecom_009275,0,0.0,0.0,15.0,24.15,0.0,0.0,2024-01-12
ecom_008537,1,0.0,2.0,44.0,8.14,0.0,0.0,2024-01-05
ecom_000794,0,0.0,2.0,54.0,42.52,1.0,0.0,2024-01-07
ecom_005853,1,0.0,0.0,103.0,28.4,1.0,0.0,2024-01-02
ecom_007618,0,0.0,0.0,2.0,44.02,0.0,0.0,2024-01-21
ecom_001593,0,0.0,2.0,194.0,20.33,1.0,0.0,2024-01-11
ecom_007417,0,0.0,0.0,59.0,66.5,1.0,0.0,2024-01-03
ecom_005266,1,0.0,0.0,3.0,25.9,0.0,0.0,2024-01-19
ecom_007146,1,0.0,0.0,21.0,43.18,0.0,0.0,2024-01-02
ecom_000088,0,0.0,1.0,145.0,12.42,1.0,0.0,2024-01-16
ecom_008694,1,0.0,2.0,44.0,0.0,1.0,0.0,2024-01-02
ecom_009731,0,0.0,2.0,66.0,30.59,1.0,0.0,2024-01-01
ecom_009445,0,0.0,0.0,77.0,48.23,1.0,0.0,2024-01-11
ecom_006753,1,0.0,1.0,3.0,19.64,0.0,0.0,2024-01-16
ecom_003501,0,0.0,2.0,73.0,14.55,1.0,0.0,2024-01-17
ecom_002233,1,0.0,2.0,9.0,52.46,0.0,0.0,2024-01-15
ecom_002802,1,0.0,1.0,46.0,65.58,1.0,0.0,2024-01-25
ecom_004423,0,0.0,1.0,19.0,121.65,0.0,0.0,2024-01-26
ecom_005662,1,0.0,2.0,163.0,0.0,1.0,0.0,2024-01-03
ecom_007169,1,0.0,0.0,66.0,0.0,1.0,0.0,2024-01-25
ecom_008336,1,0.0,0.0,116.0,0.0,1.0,0.0,2024-01-26
ecom_002147,1,0.0,2.0,15.0,34.73,0.0,0.0,2024-01-24
ecom_007968,0,0.0,2.0,64.0,0.0,1.0,0.0,2024-01-15
ecom_006550,0,0.0,0.0,56.0,87.56,1.0,0.0,2024-01-19
ecom_007642,0,0.0,2.0,21.0,0.0,0.0,0.0,2024-01-22
ecom_006163,1,0.0,2.0,36.0,17.1,1.0,0.0,2024-01-12
ecom_001494,0,1.0,0.0,94.0,0.0,0.0,0.0,2024-01-18
ecom_007695,0,0.0,0.0,87.0,19.83,1.0,0.0,2024-01-16
ecom_007093,1,0.0,0.0,25.0,23.28,0.0,0.0,2024-01-11
ecom_001408,0,0.0,1.0,150.0,27.56,1.0,0.0,2024-01-29
ecom_006690,1,0.0,0.0,13.0,23.08,0.0,0.0,2024-01-23
ecom_003400,0,0.0,2.0,95.0,20.22,1.0,0.0,2024-01-17
ecom_000108,1,0.0,2.0,66.0,0.0,1.0,0.0,2024-01-07
ecom_005635,1,0.0,2.0,56.0,35.82,1.0,0.0,2024-01-15
ecom_008481,1,0.0,2.0,47.0,6.03,1.0,0.0,2024-01-26
ecom_006603,1,1.0,0.0,28.0,0.0,0.0,0.0,2024-01-01
ecom_001090,0,0.0,2.0,51.0,42.04,1.0,0.0,2024-01-22
ecom_005559,1,0.0,2.0,1.0,98.33,0.0,0.0,2024-01-03
ecom_009411,1,0.0,2.0,139.0,7.02,1.0,0.0,2024-01-09
ecom_008142,0,0.0,0.0,52.0,61.06,1.0,0.0,2024-01-08
ecom_008663,1,0.0,1.0,2.0,18.44,0.0,1.0,2024-01-26
ecom_006595,0,0.0,2.0,99.0,28.71,1.0,0.0,2024-01-10
ecom_000623,0,0.0,1.0,200.0,36.35,1.0,0.0,2024-01-13
ecom_006870,1,0.0,0.0,15.0,0.0,0.0,0.0,2024-01-21
ecom_004813,0,0.0,0.0,77.0,111.09,1.0,0.0,2024-01-10
ecom_006552,1,0.0,2.0,62.0,10.12,1.0,0.0,2024-01-10
ecom_007529,1,0.0,1.0,93.0,18.32,1.0,0.0,2024-01-15
ecom_005795,1,0.0,2.0,159.0,18.56,1.0,0.0,2024-01-29
ecom_007436,1,1.0,0.0,88.0,48.41,1.0,1.0,2024-01-26
ecom_004217,1,1.0,2.0,147.0,34.16,1.0,0.0,2024-01-16
ecom_005940,1,0.0,2.0,41.0,59.26,1.0,0.0,2024-01-18
ecom_008500,1,1.0,0.0,29.0,0.0,0.0,0.0,2024-01-20
ecom_006428,0,0.0,0.0,7.0,0.0,0.0,0.0,2024-01-15
ecom_006826,1,1.0,1.0,5.0,79.21,0.0,0.0,2024-01-03
ecom_004130,1,0.0,2.0,2.0,73.21,0.0,0.0,2024-01-30
ecom_007801,0,0.0,2.0,40.0,79.98,1.0,0.0,2024-01-26
ecom_007753,1,0.0,2.0,102.0,53.45,1.0,0.0,2024-01-23
ecom_004721,1,0.0,0.0,112.0,55.07,1.0,0.0,2024-01-22
ecom_001650,1,0.0,0.0,69.0,74.6,1.0,0.0,2024-01-30
ecom_004140,0,0.0,1.0,80.0,16.0,1.0,0.0,2024-01-15
ecom_001617,1,0.0,2.0,32.0,22.44,1.0,0.0,2024-01-01
ecom_002029,0,0.0,0.0,79.0,0.0,0.0,0.0,2024-01-26
ecom_008517,1,0.0,2.0,28.0,109.91,0.0,0.0,2024-01-23
ecom_004575,1,1.0,1.0,115.0,16.19,1.0,0.0,2024-01-05
ecom_003992,1,0.0,0.0,45.0,0.0,1.0,0.0,2024-01-17
ecom_007376,1,0.0,2.0,11.0,58.71,0.0,0.0,2024-01-07
ecom_006149,0,1.0,0.0,112.0,15.84,1.0,0.0,2024-01-13
ecom_004908,0,1.0,2.0,88.0,15.35,1.0,0.0,2024-01-30
ecom_005026,1,0.0,0.0,25.0,53.67,0.0,1.0,2024-01-11
ecom_008260,1,0.0,0.0,46.0,52.36,1.0,1.0,2024-01-30
ecom_004731,0,0.0,0.0,79.0,18.27,1.0,0.0,2024-01-11
ecom_007548,1,0.0,0.0,249.0,26.54,1.0,0.0,2024-01-05
ecom_008134,0,0.0,2.0,81.0,0.0,1.0,0.0,2024-01-12
ecom_001606,1,0.0,1.0,29.0,12.78,0.0,0.0,2024-01-05
ecom_004773,0,0.0,0.0,10.0,0.0,1.0,0.0,2024-01-24
ecom_008109,1,0.0,2.0,31.0,11.18,1.0,0.0,2024-01-10
ecom_006951,0,0.0,1.0,25.0,53.64,1.0,0.0,2024-01-24
ecom_006004,1,0.0,2.0,43.0,37.93,1.0,0.0,2024-01-22
ecom_007728,1,0.0,0.0,60.0,40.98,1.0,0.0,2024-01-08
ecom_003541,0,0.0,2.0,41.0,54.18,1.0,0.0,2024-01-22
ecom_000388,1,0.0,1.0,130.0,68.53,1.0,0.0,2024-01-20
ecom_001794,1,0.0,2.0,13.0,0.0,0.0,0.0,2024-01-27
ecom_008731,0,0.0,1.0,125.0,0.0,1.0,0.0,2024-01-24
ecom_004919,1,0.0,1.0,175.0,24.51,1.0,0.0,2024-01-29
ecom_005537,0,0.0,2.0,82.0,0.0,1.0,0.0,2024-01-25
ecom_003872,1,0.0,0.0,160.0,24.65,1.0,0.0,2024-01-11
ecom_008868,1,0.0,2.0,5.0,0.0,0.0,0.0,2024-01-24
ecom_002254,0,0.0,0.0,17.0,0.0,0.0,0.0,2024-01-24
ecom_003412,0,0.0,0.0,28.0,16.81,0.0,0.0,2024-01-22
ecom_005459,1,0.0,2.0,41.0,41.96,1.0,1.0,2024-01-15
ecom_004955,1,0.0,0.0,225.0,18.56,1.0,0.0,2024-01-19
ecom_007396,0,0.0,2.0,75.0,11.96,1.0,0.0,2024-01-27
ecom_005414,0,0.0,2.0,40.0,79.32,1.0,0.0,2024-01-04
ecom_007399,1,0.0,1.0,3.0,14.31,1.0,0.0,2024-01-03
ecom_007414,0,0.0,0.0,30.0,38.47,0.0,0.0,2024-01-22
ecom_009100,0,0.0,2.0,1.0,17.83,0.0,0.0,2024-01-06
ecom_004851,1,0.0,0.0,8.0,42.37,0.0,0.0,2024-01-17
ecom_002025,1,0.0,0.0,6.0,75.92,1.0,0.0,2024-01-06
ecom_002615,1,0.0,0.0,32.0,17.42,1.0,0.0,2024-01-19
ecom_007388,1,0.0,1.0,38.0,79.28,1.0,0.0,2024-01-30
ecom_002926,1,0.0,2.0,12.0,19.61,0.0,0.0,2024-01-15
ecom_001121,1,0.0,0.0,35.0,65.5,1.0,0.0,2024-01-01
ecom_002910,1,0.0,0.0,108.0,92.61,1.0,0.0,2024-01-11
ecom_008146,1,0.0,1.0,245.0,136.13,0.0,0.0,2024-01-17
ecom_007383,0,0.0,0.0,133.0,0.0,1.0,0.0,2024-01-03
ecom_003482,1,0.0,2.0,51.0,41.86,1.0,0.0,2024-01-26
ecom_000795,0,0.0,2.0,8.0,0.0,1.0,0.0,2024-01-06
ecom_001575,1,0.0,0.0,63.0,60.75,1.0,0.0,2024-01-04
ecom_006176,0,1.0,0.0,58.0,68.4,1.0,0.0,2024-01-23
ecom_006266,1,0.0,1.0,32.0,64.46,1.0,0.0,2024-01-08
ecom_002458,1,0.0,0.0,15.0,54.17,0.0,0.0,2024-01-15
ecom_003312,1,0.0,2.0,19.0,135.34,0.0,0.0,2024-01-25
ecom_001253,0,0.0,2.0,12.0,41.13,0.0,0.0,2024-01-14
ecom_006834,1,0.0,0.0,13.0,94.85,0.0,0.0,2024-01-29
ecom_008794,1,0.0,0.0,175.0,37.8,1.0,0.0,2024-01-10
ecom_003837,1,0.0,1.0,170.0,12.79,1.0,0.0,2024-01-07
ecom_004398,0,0.0,0.0,3.0,26.07,0.0,0.0,2024-01-20
ecom_003595,1,0.0,0.0,22.0,51.97,1.0,0.0,2024-01-01
ecom_006621,1,1.0,0.0,45.0,0.0,1.0,0.0,2024-01-06
ecom_008382,1,0.0,0.0,123.0,24.6,1.0,0.0,2024-01-17
ecom_002124,1,0.0,1.0,52.0,10.68,1.0,0.0,2024-01-30
ecom_003238,0,0.0,2.0,429.0,44.82,1.0,0.0,2024-01-09
ecom_005403,0,0.0,0.0,10.0,28.66,0.0,0.0,2024-01-21
ecom_005998,0,0.0,0.0,161.0,23.73,1.0,0.0,2024-01-03
ecom_005938,0,0.0,0.0,195.0,80.41,1.0,0.0,2024-01-17
ecom_002045,0,0.0,1.0,85.0,20.92,1.0,0.0,2024-01-03
ecom_001578,0,0.0,0.0,31.0,12.25,1.0,0.0,2024-01-04
ecom_000014,1,0.0,1.0,146.0,39.17,1.0,0.0,2024-01-19
ecom_002673,1,1.0,1.0,46.0,79.94,1.0,0.0,2024-01-09
ecom_007016,1,0.0,0.0,220.0,15.86,1.0,0.0,2024-01-29
ecom_008720,1,0.0,2.0,1.0,130.74,1.0,1.0,2024-01-05
ecom_008849,0,0.0,0.0,76.0,0.0,1.0,0.0,2024-01-23
ecom_004812,0,0.0,2.0,27.0,0.0,0.0,0.0,2024-01-07
ecom_001084,0,0.0,0.0,1.0,27.04,0.0,0.0,2024-01-03
ecom_004983,1,0.0,1.0,115.0,30.29,0.0,0.0,2024-01-16
ecom_007155,0,0.0,0.0,32.0,26.94,1.0,0.0,2024-01-09
ecom_002884,1,0.0,2.0,33.0,17.17,1.0,0.0,2024-01-04
ecom_000333,0,0.0,2.0,86.0,37.14,1.0,0.0,2024-01-30
ecom_007204,1,0.0,2.0,52.0,57.55,1.0,0.0,2024-01-18
ecom_004367,1,0.0,2.0,9.0,0.0,1.0,0.0,2024-01-18
ecom_003079,1,0.0,0.0,8.0,36.55,0.0,0.0,2024-01-18
ecom_007203,0,0.0,2.0,16.0,28.07,0.0,0.0,2024-01-30
ecom_009909,0,1.0,0.0,3.0,113.07,0.0,0.0,2024-01-20
ecom_008864,0,0.0,2.0,47.0,0.0,1.0,0.0,2024-01-20
ecom_000263,1,0.0,2.0,28.0,0.0,0.0,0.0,2024-01-14
ecom_004337,1,0.0,0.0,61.0,29.13,1.0,0.0,2024-01-05
ecom_008895,1,0.0,0.0,5.0,36.78,0.0,0.0,2024-01-23
ecom_008447,1,0.0,1.0,24.0,72.35,0.0,0.0,2024-01-19
ecom_005903,0,0.0,2.0,109.0,33.27,1.0,0.0,2024-01-25
ecom_001498,0,0.0,0.0,229.0,23.04,1.0,0.0,2024-01-15
ecom_004190,0,0.0,2.0,143.0,14.98,1.0,0.0,2024-01-17
ecom_007485,0,0.0,2.0,10.0,0.0,0.0,0.0,2024-01-02
ecom_009643,0,0.0,2.0,45.0,68.33,1.0,0.0,2024-01-24
ecom_008310,0,0.0,0.0,8.0,21.92,0.0,0.0,2024-01-10
ecom_007590,0,0.0,2.0,41.0,78.84,1.0,0.0,2024-01-29
ecom_000500,1,0.0,2.0,37.0,35.88,0.0,0.0,2024-01-18
ecom_009155,0,0.0,2.0,34.0,75.7,1.0,0.0,2024-01-05
ecom_009414,0,0.0,1.0,13.0,0.0,0.0,0.0,2024-01-09
ecom_003095,1,0.0,1.0,110.0,5.05,1.0,0.0,2024-01-22
ecom_004631,0,0.0,0.0,61.0,0.0,1.0,0.0,2024-01-29
ecom_000367,0,0.0,0.0,26.0,0.0,0.0,0.0,2024-01-23
ecom_004058,0,0.0,0.0,42.0,30.97,1.0,0.0,2024-01-20
ecom_008174,0,0.0,2.0,35.0,50.22,1.0,0.0,2024-01-22
ecom_004630,0,0.0,0.0,118.0,0.0,1.0,0.0,2024-01-19
ecom_006070,0,0.0,2.0,117.0,44.14,1.0,0.0,2024-01-30
ecom_002664,1,0.0,2.0,134.0,15.54,1.0,0.0,2024-01-19
ecom_001026,1,0.0,2.0,9.0,0.0,0.0,0.0,2024-01-15
ecom_005908,0,0.0,1.0,27.0,71.22,0.0,0.0,2024-01-24
ecom_005050,0,0.0,2.0,51.0,29.37,1.0,0.0,2024-01-04
ecom_006328,1,0.0,2.0,24.0,47.58,0.0,0.0,2024-01-01
ecom_009733,0,0.0,0.0,48.0,106.03,1.0,0.0,2024-01-22
ecom_001691,1,0.0,1.0,197.0,29.74,0.0,0.0,2024-01-09
ecom_000673,0,0.0,1.0,116.0,0.0,1.0,0.0,2024-01-15
ecom_005572,0,0.0,2.0,140.0,17.76,0.0,0.0,2024-01-13
ecom_005766,0,0.0,2.0,12.0,50.54,0.0,0.0,2024-01-16
ecom_005156,0,0.0,2.0,4.0,28.88,0.0,0.0,2024-01-26
ecom_000733,0,0.0,0.0,13.0,0.0,0.0,0.0,2024-01-22
ecom_003526,1,0.0,0.0,57.0,82.39,0.0,0.0,2024-01-03
ecom_000568,1,0.0,2.0,17.0,0.0,0.0,0.0,2024-01-23
ecom_009187,0,0.0,0.0,46.0,24.48,1.0,0.0,2024-01-25
ecom_002922,0,0.0,2.0,37.0,5.96,1.0,0.0,2024-01-01
ecom_007911,1,0.0,2.0,185.0,50.8,1.0,0.0,2024-01-07
ecom_001558,0,0.0,2.0,5.0,151.68,0.0,0.0,2024-01-04
ecom_000101,0,0.0,0.0,98.0,0.0,1.0,0.0,2024-01-01
ecom_003007,0,0.0,0.0,56.0,41.83,1.0,0.0,2024-01-13
ecom_007201,0,0.0,2.0,29.0,22.85,0.0,1.0,2024-01-30
ecom_000303,0,0.0,1.0,80.0,0.0,1.0,0.0,2024-01-02
ecom_000076,1,0.0,0.0,27.0,21.14,0.0,0.0,2024-01-20
ecom_006754,0,0.0,1.0,21.0,65.56,0.0,0.0,2024-01-20
ecom_008629,1,0.0,0.0,12.0,31.26,0.0,0.0,2024-01-25
ecom_001208,0,0.0,0.0,38.0,22.05,1.0,1.0,2024-01-23
ecom_007742,1,0.0,2.0,44.0,0.0,1.0,0.0,2024-01-10
ecom_008214,0,0.0,0.0,54.0,98.13,1.0,1.0,2024-01-09
ecom_008944,0,0.0,1.0,45.0,0.0,1.0,0.0,2024-01-18
ecom_008413,1,0.0,0.0,59.0,0.0,1.0,0.0,2024-01-25
ecom_001775,0,0.0,0.0,40.0,13.64,1.0,0.0,2024-01-24
ecom_003473,0,0.0,0.0,3.0,0.0,0.0,0.0,2024-01-14
ecom_000483,1,0.0,1.0,43.0,0.0,1.0,0.0,2024-01-02
ecom_002189,0,0.0,2.0,49.0,0.0,1.0,0.0,2024-01-26
ecom_000346,0,0.0,1.0,69.0,55.68,1.0,0.0,2024-01-03
ecom_005481,1,0.0,0.0,6.0,0.0,0.0,0.0,2024-01-02
ecom_008361,1,0.0,0.0,68.0,54.55,1.0,0.0,2024-01-20
ecom_001472,1,0.0,0.0,62.0,26.17,1.0,0.0,2024-01-03
ecom_005100,0,0.0,0.0,59.0,29.49,1.0,0.0,2024-01-22
ecom_006765,1,0.0,2.0,57.0,15.34,1.0,0.0,2024-01-26
ecom_008706,1,0.0,1.0,101.0,29.86,1.0,0.0,2024-01-01
ecom_004929,0,0.0,2.0,28.0,0.0,1.0,0.0,2024-01-08
ecom_006329,1,0.0,2.0,58.0,60.51,1.0,0.0,2024-01-20
ecom_002609,0,0.0,1.0,6.0,46.48,0.0,0.0,2024-01-02
ecom_000003,0,0.0,0.0,53.0,0.0,1.0,0.0,2024-01-30
ecom_002213,1,0.0,0.0,321.0,75.46,0.0,0.0,2024-01-17
ecom_004827,0,1.0,0.0,36.0,47.6,1.0,0.0,2024-01-05
ecom_000856,0,0.0,2.0,130.0,0.0,1.0,0.0,2024-01-19
ecom_006977,1,0.0,0.0,99.0,134.62,0.0,0.0,2024-01-03
ecom_005885,0,1.0,0.0,24.0,224.77,0.0,0.0,2024-01-30
ecom_000624,1,0.0,2.0,38.0,0.0,1.0,1.0,2024-01-13
ecom_000290,0,0.0,1.0,56.0,34.84,1.0,0.0,2024-01-25
ecom_002018,0,0.0,2.0,22.0,0.0,0.0,0.0,2024-01-04
ecom_000668,1,0.0,2.0,169.0,89.24,1.0,0.0,2024-01-12
ecom_008921,1,0.0,1.0,48.0,27.76,1.0,0.0,2024-01-18
ecom_008264,1,0.0,2.0,53.0,0.0,1.0,0.0,2024-01-07
ecom_009696,1,0.0,0.0,54.0,23.04,1.0,0.0,2024-01-24
ecom_001631,1,0.0,0.0,18.0,7.2,0.0,0.0,2024-01-12
ecom_005170,0,0.0,0.0,28.0,0.0,0.0,0.0,2024-01-10
ecom_007205,1,0.0,0.0,7.0,37.38,0.0,0.0,2024-01-03
ecom_002522,0,0.0,0.0,23.0,28.06,0.0,0.0,2024-01-12
ecom_002215,0,1.0,0.0,19.0,57.53,0.0,0.0,2024-01-29
ecom_006968,0,1.0,2.0,303.0,53.59,1.0,0.0,2024-01-05
ecom_006496,0,0.0,0.0,195.0,82.83,1.0,0.0,2024-01-04
ecom_006213,0,0.0,2.0,30.0,0.0,0.0,0.0,2024-01-10
ecom_007032,0,0.0,1.0,75.0,27.63,1.0,0.0,2024-01-22
ecom_007420,0,0.0,2.0,30.0,51.82,0.0,0.0,2024-01-09
ecom_001107,0,0.0,0.0,119.0,0.0,1.0,1.0,2024-01-24
ecom_000450,0,0.0,2.0,52.0,5.8,1.0,0.0,2024-01-05
ecom_006289,0,0.0,0.0,67.0,0.0,1.0,0.0,2024-01-26
ecom_009966,1,0.0,2.0,54.0,29.75,1.0,0.0,2024-01-18
ecom_000135,0,0.0,2.0,102.0,55.13,0.0,0.0,2024-01-09
ecom_001785,0,0.0,2.0,27.0,17.1,0.0,0.0,2024-01-05
ecom_003404,1,0.0,0.0,21.0,0.0,0.0,0.0,2024-01-22
ecom_002906,0,0.0,0.0,10.0,53.43,0.0,0.0,2024-01-15
ecom_008304,0,0.0,2.0,1.0,0.0,0.0,0.0,2024-01-16
ecom_007492,1,0.0,1.0,108.0,4.95,1.0,0.0,2024-01-24
ecom_006100,1,0.0,1.0,29.0,21.14,0.0,0.0,2024-01-29
ecom_004504,1,0.0,2.0,9.0,7.48,0.0,0.0,2024-01-07
ecom_005053,0,1.0,0.0,108.0,70.82,1.0,0.0,2024-01-12
ecom_005205,1,1.0,0.0,37.0,34.88,1.0,0.0,2024-01-12
ecom_004080,1,0.0,0.0,3.0,0.0,0.0,0.0,2024-01-20
ecom_006918,1,0.0,0.0,67.0,18.39,1.0,0.0,2024-01-07
ecom_006802,0,0.0,2.0,15.0,24.68,0.0,0.0,2024-01-16
ecom_005206,1,0.0,2.0,16.0,5.98,0.0,0.0,2024-01-07
ecom_000532,1,0.0,0.0,79.0,30.28,1.0,0.0,2024-01-12
ecom_004830,1,0.0,2.0,54.0,56.24,1.0,0.0,2024-01-23
ecom_004038,1,1.0,1.0,71.0,11.5,1.0,0.0,2024-01-24
ecom_004084,1,0.0,2.0,104.0,51.97,1.0,0.0,2024-01-03
ecom_003204,1,0.0,0.0,31.0,3.88,1.0,0.0,2024-01-16
ecom_007110,1,0.0,2.0,42.0,141.1,1.0,0.0,2024-01-16
ecom_000330,0,0.0,0.0,73.0,18.08,1.0,0.0,2024-01-25
ecom_004957,0,0.0,1.0,177.0,224.41,1.0,0.0,2024-01-27
ecom_003033,1,0.0,0.0,32.0,18.1,1.0,0.0,2024-01-02
ecom_007684,1,0.0,2.0,354.0,0.0,1.0,0.0,2024-01-22
ecom_001597,1,0.0,0.0,23.0,0.0,0.0,0.0,2024-01-18
ecom_009919,1,0.0,2.0,83.0,124.45,1.0,0.0,2024-01-09
ecom_003597,1,0.0,2.0,43.0,48.58,1.0,0.0,2024-01-17
ecom_009038,0,0.0,1.0,31.0,0.0,1.0,0.0,2024-01-23
ecom_008001,1,0.0,0.0,46.0,52.51,1.0,0.0,2024-01-02
ecom_000590,1,0.0,1.0,11.0,13.73,0.0,0.0,2024-01-22
ecom_000647,1,0.0,0.0,32.0,19.46,1.0,0.0,2024-01-12
ecom_009102,0,0.0,2.0,18.0,27.17,0.0,0.0,2024-01-02
ecom_008015,1,0.0,0.0,55.0,7.02,1.0,0.0,2024-01-05
ecom_003771,0,1.0,0.0,17.0,0.0,1.0,0.0,2024-01-29
ecom_009039,0,0.0,2.0,35.0,19.83,1.0,0.0,2024-01-16
ecom_005082,1,1.0,1.0,59.0,0.0,1.0,0.0,2024-01-12
ecom_007882,1,0.0,2.0,24.0,39.29,0.0,0.0,2024-01-26
ecom_009362,1,0.0,0.0,42.0,14.03,0.0,0.0,2024-01-14
ecom_004210,1,0.0,2.0,126.0,0.0,1.0,0.0,2024-01-16
ecom_008834,1,1.0,0.0,9.0,30.29,0.0,0.0,2024-01-26
ecom_008699,1,0.0,2.0,14.0,63.78,0.0,1.0,2024-01-01
ecom_001795,0,0.0,2.0,15.0,0.0,0.0,0.0,2024-01-07
ecom_002586,1,0.0,0.0,154.0,65.48,1.0,0.0,2024-01-06
ecom_008355,1,0.0,0.0,63.0,20.29,1.0,0.0,2024-01-26
ecom_002316,1,0.0,1.0,35.0,0.0,1.0,0.0,2024-01-03
ecom_004185,0,0.0,0.0,27.0,14.48,1.0,0.0,2024-01-03
ecom_008827,1,0.0,0.0,52.0,33.32,1.0,0.0,2024-01-05
ecom_007072,1,0.0,0.0,213.0,60.95,1.0,0.0,2024-01-13
ecom_005234,1,0.0,2.0,38.0,0.0,1.0,0.0,2024-01-29
ecom_008743,0,0.0,2.0,32.0,15.45,0.0,0.0,2024-01-22
ecom_008670,0,0.0,0.0,16.0,53.11,0.0,0.0,2024-01-01
ecom_004768,1,1.0,2.0,6.0,0.0,0.0,0.0,2024-01-24
ecom_009972,1,0.0,0.0,12.0,18.53,0.0,0.0,2024-01-16
ecom_007144,1,0.0,1.0,17.0,0.0,0.0,0.0,2024-01-04
ecom_002913,1,0.0,0.0,51.0,46.4,1.0,0.0,2024-01-10
ecom_009871,1,0.0,2.0,122.0,0.0,1.0,1.0,2024-01-03
ecom_009893,1,0.0,1.0,277.0,34.52,1.0,0.0,2024-01-11
ecom_002075,0,0.0,2.0,2.0,48.24,0.0,0.0,2024-01-14
ecom_004302,1,0.0,2.0,45.0,0.0,1.0,0.0,2024-01-06
ecom_005822,0,0.0,0.0,75.0,19.62,1.0,0.0,2024-01-29
ecom_002149,0,0.0,0.0,6.0,158.28,0.0,0.0,2024-01-19
ecom_000144,1,0.0,2.0,4.0,29.33,0.0,0.0,2024-01-25
ecom_004963,0,0.0,2.0,17.0,35.98,0.0,0.0,2024-01-11
ecom_008159,0,0.0,1.0,6.0,25.2,0.0,0.0,2024-01-05
ecom_009030,0,0.0,0.0,92.0,54.22,1.0,0.0,2024-01-28
ecom_004775,0,0.0,0.0,85.0,41.26,1.0,0.0,2024-01-15
ecom_008933,0,0.0,2.0,2.0,0.0,0.0,0.0,2024-01-24
ecom_007749,0,0.0,0.0,93.0,35.26,1.0,0.0,2024-01-06
ecom_009828,0,0.0,0.0,70.0,10.46,1.0,1.0,2024-01-05
ecom_009214,1,0.0,0.0,19.0,23.61,0.0,0.0,2024-01-08
ecom_006060,1,0.0,0.0,43.0,19.09,1.0,0.0,2024-01-28
ecom_009475,0,0.0,1.0,12.0,26.53,0.0,0.0,2024-01-17
ecom_006409,0,0.0,0.0,32.0,19.24,1.0,0.0,2024-01-24
ecom_003317,1,0.0,0.0,214.0,49.11,1.0,0.0,2024-01-11
ecom_007464,0,0.0,2.0,18.0,0.0,0.0,0.0,2024-01-01
ecom_003061,0,0.0,1.0,154.0,0.0,1.0,0.0,2024-01-30
ecom_001355,1,0.0,2.0,237.0,17.22,1.0,0.0,2024-01-19
ecom_004514,0,0.0,0.0,294.0,75.34,0.0,0.0,2024-01-12
ecom_005505,1,0.0,1.0,18.0,0.0,0.0,1.0,2024-01-06
ecom_005250,1,0.0,2.0,102.0,0.0,1.0,0.0,2024-01-24
ecom_004511,0,0.0,0.0,1.0,5.95,0.0,0.0,2024-01-29
ecom_001730,1,0.0,0.0,100.0,51.88,1.0,0.0,2024-01-14
ecom_001758,1,0.0,0.0,43.0,0.0,1.0,0.0,2024-01-29
ecom_006650,1,1.0,0.0,174.0,51.19,1.0,0.0,2024-01-24
ecom_006646,1,0.0,0.0,38.0,20.79,1.0,0.0,2024-01-01
ecom_009860,0,0.0,1.0,78.0,0.0,1.0,0.0,2024-01-26
ecom_004139,1,0.0,1.0,85.0,43.18,1.0,0.0,2024-01-05
ecom_009393,1,0.0,0.0,71.0,20.61,1.0,1.0,2024-01-30
ecom_005123,0,0.0,0.0,16.0,87.27,0.0,0.0,2024-01-06
ecom_000000,1,0.0,0.0,104.0,24.79,1.0,0.0,2024-01-20
ecom_001864,1,0.0,2.0,160.0,0.0,1.0,0.0,2024-01-18
ecom_000543,1,0.0,0.0,1.0,0.0,0.0,1.0,2024-01-16
ecom_000349,1,0.0,2.0,34.0,42.97,1.0,0.0,2024-01-16
ecom_006906,1,0.0,0.0,19.0,43.15,0.0,0.0,2024-01-26
ecom_009765,1,0.0,1.0,15.0,37.88,0.0,0.0,2024-01-10
ecom_002523,0,0.0,1.0,8.0,160.28,0.0,0.0,2024-01-01
ecom_003464,0,0.0,0.0,20.0,27.72,0.0,0.0,2024-01-10
ecom_000457,1,0.0,2.0,271.0,15.95,1.0,0.0,2024-01-10
ecom_003023,1,0.0,2.0,24.0,54.6,0.0,0.0,2024-01-11
ecom_007261,1,0.0,1.0,27.0,120.04,0.0,0.0,2024-01-20
ecom_009515,1,0.0,1.0,20.0,0.0,1.0,0.0,2024-01-15
ecom_007872,1,0.0,2.0,49.0,37.07,1.0,0.0,2024-01-10
ecom_006625,0,0.0,2.0,125.0,0.0,1.0,0.0,2024-01-05
ecom_002534,1,0.0,1.0,33.0,5.37,1.0,0.0,2024-01-09
ecom_000131,1,0.0,2.0,26.0,16.35,0.0,0.0,2024-01-07
ecom_003704,1,0.0,2.0,121.0,12.96,1.0,0.0,2024-01-08
ecom_001372,0,0.0,0.0,31.0,25.63,1.0,0.0,2024-01-30
ecom_006200,0,0.0,0.0,30.0,83.47,0.0,0.0,2024-01-20
ecom_004856,1,0.0,1.0,20.0,40.02,0.0,0.0,2024-01-20
ecom_004712,1,0.0,0.0,117.0,48.36,1.0,0.0,2024-01-08
ecom_005544,0,0.0,0.0,188.0,52.74,1.0,1.0,2024-01-07
ecom_001413,0,0.0,1.0,93.0,110.01,1.0,0.0,2024-01-09
ecom_004113,1,0.0,1.0,2.0,0.0,0.0,0.0,2024-01-16
ecom_000655,1,0.0,0.0,22.0,0.0,0.0,0.0,2024-01-27
ecom_008137,1,0.0,2.0,35.0,24.28,1.0,0.0,2024-01-09
ecom_004098,0,0.0,2.0,25.0,9.21,0.0,0.0,2024-01-01
ecom_000592,1,0.0,2.0,18.0,19.24,0.0,0.0,2024-01-22
ecom_008708,0,0.0,2.0,15.0,81.72,0.0,0.0,2024-01-22
ecom_003123,1,0.0,0.0,63.0,0.0,1.0,0.0,2024-01-05
ecom_003047,1,0.0,0.0,15.0,23.11,0.0,1.0,2024-01-04
ecom_003887,1,0.0,2.0,59.0,27.94,1.0,0.0,2024-01-08
ecom_005735,0,0.0,1.0,21.0,58.38,0.0,0.0,2024-01-06
ecom_002184,0,0.0,0.0,147.0,17.52,1.0,0.0,2024-01-30
ecom_002145,0,0.0,2.0,183.0,15.6,1.0,0.0,2024-01-24
ecom_007047,1,0.0,2.0,38.0,60.84,1.0,0.0,2024-01-01
ecom_003105,0,0.0,1.0,6.0,87.79,0.0,0.0,2024-01-27
ecom_009233,1,0.0,0.0,10.0,18.83,0.0,0.0,2024-01-17
ecom_009096,1,0.0,0.0,54.0,0.0,1.0,0.0,2024-01-30
ecom_002769,1,0.0,1.0,56.0,0.0,1.0,0.0,2024-01-03
ecom_005221,0,0.0,1.0,9.0,20.54,0.0,0.0,2024-01-06
ecom_005833,0,0.0,1.0,21.0,28.54,0.0,0.0,2024-01-09
ecom_001732,0,0.0,0.0,135.0,48.48,1.0,0.0,2024-01-30
ecom_000265,0,0.0,0.0,91.0,8.45,0.0,0.0,2024-01-21
ecom_005144,0,0.0,2.0,67.0,8.66,1.0,0.0,2024-01-17
ecom_008267,0,0.0,2.0,23.0,0.0,0.0,0.0,2024-01-15
ecom_003937,1,0.0,0.0,131.0,56.25,1.0,0.0,2024-01-02
ecom_000761,0,0.0,2.0,2.0,18.11,0.0,0.0,2024-01-04
ecom_007220,1,0.0,2.0,33.0,26.52,1.0,0.0,2024-01-09
ecom_008439,0,0.0,1.0,38.0,11.22,1.0,0.0,2024-01-23
ecom_003257,1,0.0,1.0,24.0,0.0,0.0,0.0,2024-01-14
ecom_004338,1,0.0,2.0,47.0,0.0,1.0,0.0,2024-01-23
ecom_004362,1,0.0,2.0,27.0,18.73,1.0,0.0,2024-01-29
ecom_000316,1,0.0,0.0,192.0,13.15,1.0,0.0,2024-01-09
ecom_008069,0,0.0,1.0,30.0,0.0,0.0,0.0,2024-01-18
ecom_001851,1,0.0,0.0,28.0,26.4,0.0,0.0,2024-01-26
ecom_002484,1,0.0,0.0,45.0,20.58,1.0,0.0,2024-01-11
ecom_009873,0,0.0,2.0,23.0,95.63,0.0,0.0,2024-01-29
ecom_009574,1,0.0,2.0,10.0,72.43,0.0,0.0,2024-01-27
ecom_001078,1,0.0,0.0,1.0,28.35,0.0,0.0,2024-01-13
ecom_008358,0,0.0,0.0,27.0,28.45,0.0,0.0,2024-01-24
ecom_007333,1,0.0,2.0,10.0,34.49,0.0,0.0,2024-01-06
ecom_001071,0,0.0,2.0,166.0,67.74,1.0,0.0,2024-01-01
ecom_000103,1,0.0,1.0,68.0,33.5,0.0,0.0,2024-01-08
ecom_005748,0,0.0,0.0,42.0,55.05,1.0,0.0,2024-01-23
ecom_001418,0,0.0,2.0,22.0,33.06,0.0,0.0,2024-01-23
ecom_001658,1,0.0,0.0,1.0,75.97,0.0,1.0,2024-01-21
ecom_005284,0,0.0,0.0,43.0,59.58,1.0,0.0,2024-01-20
ecom_001149,1,0.0,2.0,9.0,129.98,0.0,0.0,2024-01-27
ecom_007150,0,1.0,2.0,120.0,39.56,1.0,0.0,2024-01-28
ecom_001568,1,0.0,2.0,10.0,0.0,0.0,0.0,2024-01-09
ecom_001087,0,0.0,0.0,17.0,6.17,0.0,0.0,2024-01-12
ecom_006085,0,0.0,0.0,59.0,0.0,1.0,0.0,2024-01-15
ecom_008674,1,0.0,0.0,82.0,31.69,1.0,0.0,2024-01-22
ecom_008341,0,0.0,1.0,62.0,45.18,1.0,0.0,2024-01-18
ecom_007811,1,0.0,0.0,31.0,8.59,1.0,0.0,2024-01-24
ecom_006084,0,0.0,0.0,46.0,0.0,1.0,0.0,2024-01-11
ecom_008773,0,0.0,0.0,10.0,0.0,0.0,0.0,2024-01-24
ecom_008757,0,0.0,0.0,134.0,43.19,1.0,0.0,2024-01-11
ecom_001692,0,0.0,0.0,169.0,0.0,1.0,0.0,2024-01-04
ecom_004734,1,0.0,0.0,24.0,36.43,0.0,0.0,2024-01-06
ecom_003387,0,0.0,0.0,4.0,53.7,0.0,0.0,2024-01-02
ecom_003646,1,0.0,1.0,15.0,17.0,0.0,0.0,2024-01-02
ecom_001683,1,0.0,0.0,13.0,16.14,0.0,1.0,2024-01-01
ecom_000008,1,0.0,2.0,11.0,0.0,0.0,0.0,2024-01-22
ecom_006062,1,0.0,0.0,12.0,0.0,1.0,0.0,2024-01-27
ecom_006516,1,1.0,2.0,49.0,65.67,1.0,0.0,2024-01-19
ecom_004123,0,0.0,0.0,175.0,98.37,1.0,0.0,2024-01-18
ecom_008729,0,0.0,2.0,115.0,28.44,1.0,0.0,2024-01-26
ecom_006045,1,0.0,2.0,72.0,14.72,0.0,0.0,2024-01-20
ecom_000567,1,0.0,2.0,14.0,26.7,0.0,0.0,2024-01-22
ecom_009161,1,1.0,0.0,4.0,0.0,0.0,0.0,2024-01-09
ecom_001803,0,0.0,2.0,8.0,18.93,0.0,0.0,2024-01-26
ecom_008501,0,0.0,1.0,130.0,51.24,1.0,0.0,2024-01-30
ecom_004900,1,0.0,2.0,49.0,0.0,1.0,0.0,2024-01-11
ecom_001599,1,0.0,1.0,59.0,32.99,1.0,0.0,2024-01-26
ecom_007931,1,0.0,0.0,110.0,47.27,1.0,0.0,2024-01-15
ecom_009547,0,0.0,2.0,39.0,18.22,1.0,0.0,2024-01-06
ecom_002823,1,0.0,2.0,95.0,27.57,1.0,0.0,2024-01-12
ecom_005467,1,0.0,0.0,26.0,8.47,0.0,0.0,2024-01-17
ecom_003529,1,1.0,1.0,8.0,13.38,0.0,0.0,2024-01-21
ecom_008683,1,0.0,2.0,74.0,22.85,1.0,0.0,2024-01-17
ecom_001155,1,0.0,0.0,36.0,5.54,1.0,0.0,2024-01-05
ecom_006547,0,0.0,2.0,8.0,11.63,0.0,0.0,2024-01-14
ecom_009088,1,0.0,1.0,158.0,56.39,1.0,1.0,2024-01-21
ecom_007620,1,0.0,1.0,38.0,28.71,1.0,0.0,2024-01-23
ecom_008296,1,1.0,0.0,9.0,51.86,0.0,0.0,2024-01-14
ecom_004540,1,1.0,1.0,20.0,61.69,0.0,0.0,2024-01-15
ecom_009134,1,0.0,1.0,7.0,21.09,0.0,0.0,2024-01-16
ecom_006482,1,0.0,0.0,38.0,133.6,1.0,0.0,2024-01-26
ecom_005826,0,0.0,2.0,24.0,108.0,0.0,0.0,2024-01-16
ecom_001190,1,0.0,0.0,96.0,51.18,1.0,0.0,2024-01-12
ecom_007444,0,0.0,0.0,37.0,0.0,1.0,0.0,2024-01-24
ecom_008520,1,0.0,2.0,42.0,0.0,1.0,0.0,2024-01-01
ecom_000960,1,0.0,2.0,4.0,76.88,0.0,0.0,2024-01-14
ecom_007454,0,0.0,0.0,49.0,8.82,1.0,0.0,2024-01-17
ecom_000036,1,0.0,1.0,3.0,0.0,0.0,0.0,2024-01-10
ecom_007516,0,0.0,0.0,3.0,0.0,0.0,0.0,2024-01-24
ecom_007644,0,1.0,1.0,57.0,163.44,0.0,0.0,2024-01-22
ecom_004438,0,0.0,2.0,23.0,49.56,0.0,0.0,2024-01-18
ecom_006161,1,0.0,0.0,67.0,0.0,1.0,0.0,2024-01-16
ecom_007744,1,0.0,2.0,96.0,0.0,1.0,1.0,2024-01-04
ecom_009587,1,0.0,1.0,95.0,15.21,1.0,0.0,2024-01-10
ecom_008119,0,0.0,1.0,10.0,62.12,0.0,0.0,2024-01-24
ecom_006967,1,0.0,0.0,30.0,18.27,0.0,0.0,2024-01-15
ecom_005718,1,0.0,0.0,11.0,0.0,0.0,0.0,2024-01-16
ecom_000577,0,0.0,0.0,87.0,13.0,1.0,0.0,2024-01-24
ecom_009833,0,0.0,0.0,6.0,62.62,0.0,0.0,2024-01-15
ecom_004102,0,0.0,2.0,19.0,0.0,0.0,0.0,2024-01-01
ecom_007646,0,0.0,2.0,52.0,30.97,1.0,0.0,2024-01-23
ecom_004151,1,0.0,1.0,2.0,59.37,0.0,0.0,2024-01-09
ecom_003130,0,0.0,2.0,156.0,0.0,1.0,0.0,2024-01-16
ecom_004890,0,0.0,0.0,76.0,33.42,1.0,1.0,2024-01-26
ecom_009975,1,0.0,0.0,141.0,0.0,1.0,0.0,2024-01-24
ecom_007471,0,0.0,0.0,64.0,0.0,1.0,0.0,2024-01-05
ecom_001833,1,0.0,0.0,4.0,19.02,0.0,1.0,2024-01-15
ecom_009148,0,0.0,1.0,15.0,69.92,0.0,0.0,2024-01-06
ecom_004891,0,0.0,0.0,94.0,0.0,1.0,0.0,2024-01-15
ecom_002287,0,0.0,0.0,70.0,14.7,1.0,0.0,2024-01-03
ecom_001330,0,0.0,2.0,27.0,84.15,0.0,0.0,2024-01-01
ecom_002771,1,0.0,2.0,199.0,707.03,1.0,0.0,2024-01-10
ecom_003686,1,0.0,2.0,159.0,11.18,1.0,0.0,2024-01-18
ecom_008283,1,0.0,2.0,39.0,40.45,1.0,0.0,2024-01-29
ecom_005928,0,0.0,0.0,76.0,66.75,1.0,0.0,2024-01-03
ecom_000637,0,0.0,2.0,4.0,8.0,1.0,0.0,2024-01-04
ecom_000047,1,0.0,0.0,23.0,136.09,0.0,0.0,2024-01-02
ecom_002602,0,0.0,1.0,36.0,42.91,1.0,1.0,2024-01-10
ecom_001965,1,0.0,1.0,27.0,28.86,0.0,0.0,2024-01-17
ecom_002168,0,0.0,0.0,1.0,12.61,0.0,0.0,2024-01-10
ecom_005049,0,0.0,1.0,15.0,50.72,0.0,0.0,2024-01-22
ecom_003334,1,0.0,1.0,35.0,19.47,1.0,0.0,2024-01-16
ecom_003019,0,0.0,1.0,70.0,50.63,1.0,0.0,2024-01-20
ecom_008764,1,0.0,0.0,46.0,41.21,1.0,0.0,2024-01-09
ecom_009176,1,0.0,0.0,50.0,0.0,1.0,0.0,2024-01-21
ecom_001360,0,0.0,2.0,46.0,0.0,1.0,0.0,2024-01-04
ecom_005798,1,0.0,0.0,87.0,15.03,1.0,0.0,2024-01-26
ecom_009400,0,0.0,0.0,115.0,0.0,1.0,0.0,2024-01-20
ecom_003251,1,1.0,0.0,43.0,0.0,1.0,0.0,2024-01-14
ecom_006300,1,0.0,0.0,35.0,161.15,1.0,0.0,2024-01-10
ecom_002251,0,0.0,0.0,25.0,0.0,0.0,0.0,2024-01-15
ecom_006027,0,0.0,0.0,21.0,11.06,0.0,0.0,2024-01-25
ecom_001175,1,0.0,0.0,15.0,86.43,0.0,0.0,2024-01-25
ecom_008799,0,0.0,2.0,46.0,0.0,0.0,0.0,2024-01-24
ecom_003279,0,0.0,1.0,11.0,0.0,0.0,0.0,2024-01-22
ecom_002973,1,0.0,2.0,35.0,6.81,1.0,0.0,2024-01-12
ecom_003396,1,0.0,2.0,16.0,120.59,0.0,0.0,2024-01-18
ecom_006939,0,0.0,2.0,63.0,49.12,1.0,0.0,2024-01-19
ecom_000965,0,0.0,2.0,18.0,25.64,0.0,0.0,2024-01-01
ecom_008574,1,0.0,2.0,13.0,141.83,0.0,0.0,2024-01-05
ecom_000742,1,0.0,2.0,36.0,44.13,1.0,0.0,2024-01-11
ecom_007514,1,1.0,0.0,139.0,36.86,1.0,0.0,2024-01-23
ecom_003314,1,0.0,0.0,49.0,9.45,1.0,0.0,2024-01-15
ecom_004898,1,0.0,1.0,12.0,9.99,0.0,0.0,2024-01-22
ecom_009340,0,0.0,2.0,51.0,0.0,1.0,0.0,2024-01-06
ecom_004672,0,0.0,0.0,29.0,0.0,0.0,0.0,2024-01-19
ecom_008618,1,0.0,2.0,18.0,0.0,0.0,0.0,2024-01-16
ecom_001217,0,0.0,0.0,149.0,102.99,1.0,0.0,2024-01-04
ecom_004397,1,0.0,2.0,136.0,0.0,1.0,0.0,2024-01-25
ecom_006080,0,0.0,0.0,3.0,0.0,0.0,0.0,2024-01-30
ecom_002614,1,0.0,0.0,1.0,0.0,0.0,1.0,2024-01-30
ecom_002620,0,0.0,0.0,12.0,23.88,0.0,0.0,2024-01-29
ecom_008714,1,0.0,0.0,211.0,44.51,1.0,0.0,2024-01-09
ecom_007282,0,0.0,1.0,7.0,13.97,1.0,0.0,2024-01-11
ecom_003379,1,0.0,1.0,12.0,4.44,0.0,0.0,2024-01-14
ecom_007301,0,0.0,2.0,3.0,14.04,0.0,0.0,2024-01-08
ecom_009857,1,0.0,2.0,85.0,36.42,1.0,0.0,2024-01-10
ecom_005605,0,0.0,2.0,37.0,86.57,0.0,0.0,2024-01-16
ecom_009813,1,0.0,2.0,51.0,14.61,1.0,0.0,2024-01-12
ecom_005786,1,0.0,0.0,38.0,63.55,1.0,0.0,2024-01-07
ecom_008518,0,0.0,0.0,16.0,57.28,0.0,0.0,2024-01-02
ecom_006850,0,0.0,0.0,15.0,61.47,0.0,1.0,2024-01-10
ecom_001516,0,0.0,0.0,54.0,53.35,1.0,0.0,2024-01-22
ecom_005098,0,0.0,1.0,6.0,0.0,0.0,0.0,2024-01-26
ecom_007636,0,0.0,1.0,41.0,57.92,1.0,0.0,2024-01-11
ecom_009085,0,0.0,0.0,43.0,40.05,1.0,0.0,2024-01-02
ecom_008023,0,0.0,0.0,19.0,130.81,0.0,0.0,2024-01-11
ecom_002392,0,0.0,2.0,15.0,19.34,0.0,1.0,2024-01-19
ecom_000586,0,0.0,0.0,136.0,30.48,1.0,0.0,2024-01-19
ecom_003519,0,0.0,1.0,34.0,21.72,1.0,0.0,2024-01-13
ecom_007653,0,0.0,0.0,34.0,0.0,1.0,0.0,2024-01-24
ecom_008946,1,0.0,0.0,54.0,44.41,1.0,0.0,2024-01-09
ecom_000850,0,0.0,1.0,50.0,29.35,1.0,0.0,2024-01-26
ecom_000335,1,0.0,1.0,70.0,22.06,0.0,0.0,2024-01-24
ecom_006634,0,0.0,2.0,27.0,15.71,0.0,0.0,2024-01-10
ecom_008972,1,0.0,0.0,19.0,127.82,0.0,0.0,2024-01-17
ecom_007493,0,0.0,2.0,257.0,31.63,1.0,0.0,2024-01-30
ecom_002868,1,0.0,0.0,226.0,19.74,1.0,0.0,2024-01-17
ecom_004872,0,0.0,2.0,30.0,0.0,0.0,0.0,2024-01-01
ecom_003550,1,1.0,0.0,44.0,0.0,1.0,0.0,2024-01-17
ecom_003842,0,0.0,2.0,32.0,0.0,1.0,0.0,2024-01-11
ecom_007262,0,0.0,0.0,2.0,87.74,0.0,0.0,2024-01-19
ecom_005824,1,0.0,2.0,40.0,0.0,0.0,0.0,2024-01-16
ecom_000023,1,0.0,0.0,2.0,17.67,0.0,0.0,2024-01-05
ecom_001453,1,0.0,0.0,20.0,18.04,0.0,0.0,2024-01-05
ecom_001684,1,0.0,0.0,114.0,0.0,1.0,0.0,2024-01-08
ecom_002310,1,0.0,2.0,267.0,59.46,1.0,0.0,2024-01-05
ecom_009063,0,0.0,2.0,17.0,52.57,0.0,0.0,2024-01-12
ecom_009406,1,0.0,2.0,1.0,23.05,0.0,0.0,2024-01-19
ecom_000381,1,1.0,1.0,14.0,113.74,0.0,0.0,2024-01-23
ecom_005814,0,0.0,0.0,112.0,15.42,1.0,0.0,2024-01-19
ecom_005550,1,0.0,1.0,94.0,11.55,1.0,0.0,2024-01-14
ecom_009308,0,0.0,1.0,26.0,11.51,0.0,0.0,2024-01-15
ecom_001618,1,0.0,2.0,102.0,15.47,0.0,0.0,2024-01-12
ecom_000789,1,0.0,1.0,43.0,0.0,1.0,0.0,2024-01-02
ecom_005983,1,0.0,2.0,25.0,0.0,0.0,0.0,2024-01-07
ecom_008672,1,0.0,0.0,12.0,44.11,0.0,0.0,2024-01-27
ecom_004475,1,0.0,2.0,54.0,0.0,1.0,0.0,2024-01-17
ecom_005606,0,0.0,0.0,23.0,0.0,1.0,0.0,2024-01-19
ecom_009312,1,0.0,1.0,157.0,22.07,1.0,0.0,2024-01-25
ecom_005648,1,0.0,0.0,12.0,33.92,0.0,0.0,2024-01-27
ecom_006216,1,0.0,0.0,1.0,0.0,0.0,0.0,2024-01-17
ecom_002286,0,0.0,2.0,193.0,112.51,1.0,0.0,2024-01-13
ecom_009993,0,0.0,0.0,81.0,43.12,1.0,0.0,2024-01-22
ecom_007578,0,0.0,2.0,253.0,115.45,1.0,0.0,2024-01-10
ecom_001183,1,0.0,1.0,30.0,0.0,0.0,0.0,2024-01-08
ecom_006001,1,0.0,2.0,58.0,15.55,1.0,0.0,2024-01-20
ecom_005090,1,0.0,2.0,11.0,21.39,0.0,0.0,2024-01-07
ecom_002516,0,0.0,0.0,21.0,27.41,0.0,0.0,2024-01-08
ecom_004122,0,0.0,0.0,26.0,172.19,0.0,0.0,2024-01-29
ecom_005521,0,0.0,2.0,36.0,12.72,1.0,0.0,2024-01-07
ecom_005627,0,0.0,1.0,95.0,104.61,1.0,0.0,2024-01-07
ecom_008360,1,0.0,2.0,4.0,21.69,0.0,0.0,2024-01-16
ecom_005872,0,0.0,2.0,2.0,0.0,0.0,1.0,2024-01-18
ecom_008612,0,0.0,2.0,52.0,14.95,1.0,0.0,2024-01-17
ecom_007727,0,0.0,2.0,32.0,28.17,1.0,0.0,2024-01-28
ecom_005968,1,0.0,2.0,12.0,89.56,0.0,0.0,2024-01-09
ecom_001180,0,0.0,0.0,137.0,146.08,1.0,0.0,2024-01-14
ecom_008762,1,0.0,2.0,4.0,15.06,0.0,0.0,2024-01-08
ecom_008235,1,0.0,2.0,16.0,30.35,0.0,0.0,2024-01-15
ecom_002818,1,0.0,0.0,37.0,20.66,1.0,0.0,2024-01-25
ecom_009964,0,1.0,2.0,74.0,69.69,1.0,0.0,2024-01-17
ecom_008703,1,1.0,0.0,24.0,0.0,0.0,1.0,2024-01-02
ecom_006608,0,0.0,0.0,89.0,54.03,1.0,0.0,2024-01-05
ecom_002820,1,0.0,2.0,101.0,11.37,1.0,0.0,2024-01-27
ecom_007535,0,0.0,0.0,48.0,0.0,1.0,0.0,2024-01-03
ecom_002260,1,0.0,0.0,58.0,32.88,1.0,0.0,2024-01-17
ecom_002239,0,0.0,2.0,13.0,28.28,0.0,0.0,2024-01-03
ecom_006021,1,0.0,0.0,12.0,0.0,1.0,0.0,2024-01-01
ecom_000782,0,0.0,2.0,19.0,0.0,0.0,0.0,2024-01-12
ecom_000932,1,0.0,0.0,31.0,0.0,1.0,0.0,2024-01-17
ecom_006202,1,0.0,0.0,6.0,31.95,0.0,0.0,2024-01-20
ecom_002412,0,0.0,1.0,25.0,15.02,0.0,0.0,2024-01-11
ecom_006997,0,0.0,0.0,65.0,10.02,1.0,0.0,2024-01-23
ecom_009115,0,0.0,2.0,1.0,70.36,0.0,0.0,2024-01-18
ecom_001156,0,1.0,0.0,14.0,32.32,0.0,0.0,2024-01-26
ecom_008107,0,0.0,2.0,43.0,0.0,1.0,0.0,2024-01-24
ecom_005805,1,0.0,2.0,7.0,37.87,0.0,0.0,2024-01-22
ecom_004879,1,0.0,0.0,21.0,12.66,0.0,0.0,2024-01-26
ecom_003309,1,0.0,2.0,77.0,30.12,1.0,0.0,2024-01-23
ecom_008961,1,0.0,2.0,20.0,0.0,0.0,0.0,2024-01-12
ecom_001702,0,0.0,1.0,318.0,0.0,1.0,1.0,2024-01-23
ecom_002492,0,0.0,0.0,6.0,0.0,0.0,0.0,2024-01-27
ecom_003706,1,0.0,1.0,103.0,0.0,0.0,0.0,2024-01-23
ecom_008276,0,0.0,2.0,133.0,0.0,1.0,0.0,2024-01-01
ecom_000286,0,0.0,2.0,57.0,0.0,1.0,0.0,2024-01-19
ecom_001608,1,0.0,0.0,30.0,19.4,0.0,0.0,2024-01-08
ecom_006631,0,0.0,2.0,19.0,5.55,0.0,0.0,2024-01-18
ecom_008278,0,0.0,1.0,173.0,0.0,1.0,0.0,2024-01-16
ecom_007315,1,1.0,2.0,7.0,0.0,0.0,0.0,2024-01-10
ecom_002252,0,0.0,2.0,47.0,0.0,1.0,0.0,2024-01-09
ecom_007415,1,0.0,0.0,60.0,77.87,1.0,0.0,2024-01-09
ecom_008365,0,0.0,1.0,2.0,11.17,0.0,0.0,2024-01-22
ecom_001891,0,1.0,0.0,76.0,0.0,1.0,0.0,2024-01-04
ecom_005062,0,0.0,0.0,225.0,20.93,1.0,0.0,2024-01-04
ecom_006120,0,0.0,2.0,103.0,125.11,1.0,0.0,2024-01-03
ecom_000563,0,0.0,2.0,103.0,0.0,1.0,0.0,2024-01-20
ecom_000291,0,0.0,0.0,20.0,89.64,0.0,0.0,2024-01-02
ecom_004716,0,0.0,2.0,43.0,31.77,1.0,0.0,2024-01-03
ecom_007708,0,0.0,1.0,43.0,0.0,1.0,0.0,2024-01-08
ecom_006349,1,0.0,1.0,113.0,18.0,1.0,0.0,2024-01-29
ecom_000169,0,0.0,1.0,3.0,0.0,0.0,0.0,2024-01-28
ecom_000267,0,0.0,0.0,112.0,29.62,1.0,0.0,2024-01-29
ecom_004638,0,0.0,0.0,148.0,0.0,1.0,1.0,2024-01-02
ecom_007077,0,0.0,0.0,17.0,32.33,0.0,0.0,2024-01-04
ecom_003355,0,0.0,1.0,35.0,103.02,1.0,0.0,2024-01-12
ecom_008279,1,0.0,0.0,97.0,33.28,1.0,0.0,2024-01-03
ecom_000315,1,0.0,0.0,32.0,31.25,0.0,0.0,2024-01-12
ecom_006728,1,1.0,1.0,5.0,40.76,1.0,0.0,2024-01-03
ecom_009495,0,1.0,2.0,45.0,0.0,0.0,0.0,2024-01-04
ecom_004067,0,0.0,2.0,17.0,8.25,1.0,0.0,2024-01-23
ecom_000245,0,0.0,0.0,65.0,12.96,1.0,0.0,2024-01-11
ecom_000252,0,0.0,0.0,58.0,0.0,1.0,0.0,2024-01-15
ecom_001111,0,0.0,2.0,24.0,100.02,0.0,0.0,2024-01-26
ecom_004801,1,1.0,0.0,41.0,41.85,1.0,0.0,2024-01-28
ecom_001713,0,0.0,0.0,20.0,27.2,0.0,0.0,2024-01-01
ecom_000050,0,0.0,2.0,133.0,0.0,0.0,0.0,2024-01-24
ecom_001835,0,0.0,1.0,29.0,47.12,0.0,0.0,2024-01-24
ecom_007896,0,0.0,1.0,25.0,5.34,0.0,0.0,2024-01-18
ecom_003383,1,0.0,1.0,25.0,15.92,0.0,0.0,2024-01-10
ecom_006410,1,0.0,0.0,11.0,30.67,0.0,0.0,2024-01-10
ecom_004313,1,0.0,1.0,3.0,67.04,0.0,0.0,2024-01-29
ecom_000872,0,0.0,2.0,201.0,164.96,1.0,0.0,2024-01-09
ecom_001254,0,0.0,0.0,2.0,0.0,0.0,0.0,2024-01-02
ecom_008881,0,0.0,0.0,2.0,72.12,0.0,0.0,2024-01-14
ecom_005851,0,0.0,0.0,1.0,10.19,0.0,0.0,2024-01-29
ecom_005702,0,0.0,0.0,1.0,29.27,0.0,0.0,2024-01-26
ecom_008103,0,1.0,2.0,60.0,25.82,1.0,0.0,2024-01-14
ecom_002098,1,0.0,1.0,54.0,0.0,1.0,0.0,2024-01-29
ecom_005128,1,0.0,0.0,58.0,56.2,1.0,0.0,2024-01-25
ecom_000248,1,0.0,0.0,95.0,33.97,1.0,1.0,2024-01-10
ecom_006561,1,1.0,2.0,68.0,17.67,1.0,1.0,2024-01-12
ecom_001339,1,1.0,0.0,49.0,62.34,1.0,0.0,2024-01-07
ecom_007017,1,0.0,0.0,2.0,0.0,0.0,1.0,2024-01-30
ecom_002110,1,0.0,2.0,32.0,26.58,0.0,1.0,2024-01-25
ecom_001569,1,0.0,0.0,46.0,0.0,1.0,0.0,2024-01-29
ecom_001726,0,0.0,1.0,18.0,61.95,0.0,0.0,2024-01-17
ecom_008384,1,0.0,1.0,127.0,52.83,1.0,0.0,2024-01-20
ecom_006940,0,0.0,1.0,87.0,6.72,1.0,0.0,2024-01-16
ecom_004395,0,0.0,2.0,98.0,4.52,1.0,0.0,2024-01-21
ecom_002420,0,0.0,2.0,116.0,115.03,1.0,0.0,2024-01-20
ecom_003045,1,0.0,0.0,58.0,22.01,1.0,0.0,2024-01-14
ecom_005503,0,0.0,2.0,45.0,24.29,1.0,0.0,2024-01-04
ecom_003703,1,0.0,2.0,81.0,67.02,1.0,0.0,2024-01-29
ecom_008191,0,0.0,0.0,99.0,10.1,1.0,0.0,2024-01-05
ecom_005331,1,0.0,0.0,59.0,88.28,1.0,0.0,2024-01-12
ecom_009808,1,0.0,2.0,36.0,0.0,1.0,0.0,2024-01-23
ecom_000447,1,0.0,0.0,4.0,28.8,0.0,0.0,2024-01-24
ecom_007894,0,0.0,2.0,8.0,0.0,0.0,0.0,2024-01-08
ecom_008728,0,0.0,0.0,2.0,31.51,0.0,0.0,2024-01-17
ecom_007828,0,0.0,2.0,67.0,11.13,1.0,0.0,2024-01-19
ecom_001768,0,0.0,0.0,17.0,54.89,0.0,0.0,2024-01-09
ecom_006808,0,0.0,0.0,74.0,49.89,0.0,0.0,2024-01-24
ecom_004704,1,0.0,2.0,42.0,54.29,1.0,0.0,2024-01-09
ecom_003869,1,0.0,1.0,99.0,11.92,1.0,0.0,2024-01-14
ecom_001655,0,0.0,0.0,176.0,64.33,1.0,0.0,2024-01-26
ecom_003187,0,0.0,2.0,477.0,4.88,1.0,0.0,2024-01-02
ecom_000683,0,0.0,1.0,33.0,69.04,0.0,0.0,2024-01-03
ecom_004170,1,0.0,2.0,1.0,13.95,0.0,0.0,2024-01-01
ecom_004477,0,0.0,2.0,3.0,7.39,0.0,0.0,2024-01-20
ecom_000461,1,0.0,1.0,119.0,64.35,1.0,0.0,2024-01-01
ecom_005764,0,0.0,0.0,20.0,7.23,0.0,0.0,2024-01-12
ecom_007522,1,1.0,2.0,3.0,16.82,0.0,0.0,2024-01-01
ecom_004502,1,0.0,0.0,69.0,28.93,0.0,0.0,2024-01-16
ecom_009709,0,0.0,1.0,42.0,20.67,0.0,0.0,2024-01-09
ecom_000318,0,0.0,0.0,28.0,39.94,0.0,0.0,2024-01-16
ecom_001145,0,0.0,2.0,29.0,37.76,0.0,0.0,2024-01-12
ecom_005094,0,0.0,2.0,1.0,15.4,0.0,0.0,2024-01-03
ecom_001393,0,0.0,0.0,96.0,18.02,1.0,0.0,2024-01-12
ecom_006623,1,0.0,0.0,45.0,42.78,1.0,0.0,2024-01-12
ecom_001501,0,0.0,1.0,8.0,18.03,0.0,0.0,2024-01-25
ecom_006408,1,0.0,1.0,103.0,0.0,1.0,0.0,2024-01-11
ecom_000376,1,0.0,2.0,8.0,31.4,0.0,1.0,2024-01-02
ecom_000410,1,0.0,0.0,83.0,21.91,1.0,0.0,2024-01-17
ecom_001660,0,0.0,1.0,1.0,0.0,0.0,0.0,2024-01-17
ecom_003151,0,1.0,0.0,132.0,20.22,1.0,0.0,2024-01-23
ecom_001623,0,0.0,0.0,83.0,28.04,1.0,0.0,2024-01-29
ecom_005609,0,0.0,1.0,61.0,0.0,0.0,0.0,2024-01-26
ecom_008532,1,0.0,1.0,166.0,158.46,1.0,0.0,2024-01-12
ecom_005802,0,0.0,2.0,30.0,0.0,1.0,0.0,2024-01-26
ecom_005306,1,0.0,2.0,47.0,0.0,1.0,0.0,2024-01-06
ecom_007086,1,0.0,0.0,122.0,25.85,1.0,0.0,2024-01-12
ecom_008897,1,0.0,1.0,12.0,13.55,0.0,0.0,2024-01-16
ecom_007488,1,0.0,2.0,39.0,24.19,1.0,0.0,2024-01-01
ecom_009615,1,0.0,1.0,127.0,23.94,1.0,0.0,2024-01-03
ecom_009217,0,0.0,0.0,115.0,40.59,1.0,0.0,2024-01-10
ecom_001672,1,0.0,2.0,6.0,9.07,0.0,0.0,2024-01-08
ecom_002358,1,0.0,2.0,88.0,10.83,1.0,0.0,2024-01-25
ecom_008467,1,0.0,0.0,16.0,146.82,0.0,0.0,2024-01-03
ecom_000274,0,0.0,1.0,7.0,0.0,0.0,0.0,2024-01-04
ecom_002473,0,0.0,2.0,89.0,32.64,1.0,0.0,2024-01-05
ecom_005489,1,0.0,2.0,56.0,22.24,1.0,0.0,2024-01-07
ecom_004771,0,0.0,1.0,39.0,28.6,1.0,0.0,2024-01-20
ecom_002107,1,0.0,1.0,65.0,56.83,1.0,0.0,2024-01-03
ecom_007500,0,0.0,2.0,139.0,49.87,1.0,0.0,2024-01-02
ecom_004414,1,0.0,2.0,5.0,90.25,0.0,0.0,2024-01-06
ecom_008138,0,0.0,0.0,107.0,23.68,1.0,0.0,2024-01-10
ecom_008660,0,0.0,0.0,1.0,0.0,0.0,1.0,2024-01-03
ecom_008239,0,0.0,2.0,14.0,0.0,0.0,0.0,2024-01-24
ecom_002417,0,0.0,1.0,3.0,202.12,0.0,0.0,2024-01-22
ecom_008771,0,0.0,2.0,117.0,0.0,1.0,0.0,2024-01-25
ecom_002236,0,0.0,0.0,15.0,68.4,0.0,0.0,2024-01-23
ecom_003767,0,0.0,2.0,65.0,52.29,1.0,0.0,2024-01-13
ecom_009791,0,0.0,1.0,104.0,100.92,1.0,0.0,2024-01-25
ecom_009989,1,0.0,0.0,34.0,54.44,1.0,0.0,2024-01-05
ecom_009965,1,0.0,0.0,10.0,123.37,0.0,0.0,2024-01-21
ecom_007323,1,1.0,0.0,6.0,23.09,0.0,0.0,2024-01-19
ecom_001383,1,0.0,0.0,8.0,0.0,1.0,0.0,2024-01-17
ecom_003101,0,0.0,2.0,196.0,26.91,1.0,0.0,2024-01-16
ecom_003921,0,0.0,2.0,55.0,33.57,1.0,0.0,2024-01-18
ecom_006685,1,0.0,2.0,25.0,47.32,0.0,0.0,2024-01-29
ecom_003194,1,0.0,2.0,62.0,52.17,1.0,0.0,2024-01-07
ecom_001941,1,0.0,0.0,47.0,64.7,1.0,0.0,2024-01-09
ecom_007713,1,0.0,2.0,30.0,13.91,0.0,0.0,2024-01-18
ecom_004896,1,0.0,2.0,177.0,27.68,1.0,0.0,2024-01-08
ecom_004782,0,0.0,0.0,1.0,104.2,0.0,0.0,2024-01-24
ecom_001496,0,0.0,0.0,63.0,130.78,1.0,0.0,2024-01-19
ecom_001957,0,0.0,2.0,93.0,31.14,1.0,0.0,2024-01-11
ecom_009171,0,0.0,2.0,13.0,11.21,1.0,0.0,2024-01-12
ecom_009745,1,0.0,2.0,21.0,16.43,0.0,0.0,2024-01-03
ecom_007332,0,0.0,2.0,36.0,37.69,1.0,0.0,2024-01-15
ecom_007949,0,0.0,0.0,202.0,200.3,1.0,0.0,2024-01-23
ecom_003017,0,0.0,2.0,196.0,64.42,1.0,0.0,2024-01-04
ecom_006746,1,0.0,2.0,83.0,36.01,1.0,1.0,2024-01-24
ecom_000513,1,0.0,0.0,49.0,101.69,1.0,0.0,2024-01-25
ecom_003934,1,0.0,0.0,208.0,67.89,1.0,0.0,2024-01-26
ecom_003025,1,0.0,2.0,55.0,95.49,1.0,0.0,2024-01-30
ecom_001199,1,0.0,0.0,19.0,19.58,0.0,0.0,2024-01-22
ecom_005028,1,0.0,0.0,127.0,102.75,1.0,0.0,2024-01-23
ecom_009784,1,0.0,2.0,54.0,16.33,1.0,0.0,2024-01-05
ecom_000921,1,0.0,1.0,7.0,0.0,0.0,0.0,2024-01-17
ecom_004649,1,0.0,2.0,125.0,0.0,1.0,0.0,2024-01-27
ecom_005332,0,0.0,0.0,19.0,14.52,0.0,0.0,2024-01-13
ecom_001076,1,0.0,0.0,5.0,14.13,0.0,0.0,2024-01-30
ecom_006768,1,0.0,2.0,86.0,27.59,1.0,0.0,2024-01-13
ecom_009410,1,0.0,0.0,90.0,128.42,1.0,0.0,2024-01-30
ecom_001671,0,0.0,2.0,34.0,0.0,1.0,0.0,2024-01-07
ecom_000474,0,1.0,0.0,11.0,0.0,0.0,0.0,2024-01-23
ecom_009186,1,1.0,0.0,11.0,0.0,0.0,0.0,2024-01-27
ecom_008839,1,0.0,1.0,86.0,25.35,1.0,0.0,2024-01-08
ecom_005758,0,0.0,2.0,19.0,65.03,0.0,0.0,2024-01-22
ecom_006297,1,0.0,0.0,66.0,39.86,1.0,0.0,2024-01-05
ecom_002478,0,0.0,2.0,23.0,87.86,0.0,0.0,2024-01-23
ecom_005493,1,0.0,2.0,83.0,10.86,1.0,0.0,2024-01-08
ecom_003914,1,0.0,2.0,49.0,80.1,1.0,0.0,2024-01-09
ecom_002138,1,0.0,1.0,224.0,43.81,1.0,0.0,2024-01-07
ecom_005454,0,1.0,2.0,9.0,0.0,0.0,0.0,2024-01-10
ecom_005379,0,0.0,2.0,129.0,20.08,1.0,0.0,2024-01-16
ecom_008985,1,0.0,0.0,156.0,21.92,1.0,0.0,2024-01-15
ecom_004023,0,0.0,2.0,49.0,29.41,1.0,0.0,2024-01-11
ecom_003485,1,0.0,0.0,6.0,28.42,0.0,0.0,2024-01-10
ecom_002455,1,0.0,2.0,5.0,22.14,0.0,0.0,2024-01-19
ecom_002464,0,0.0,0.0,1.0,64.75,0.0,0.0,2024-01-25
ecom_008696,1,0.0,2.0,35.0,25.39,1.0,0.0,2024-01-26
ecom_001369,0,0.0,0.0,23.0,47.33,0.0,0.0,2024-01-22
ecom_006688,1,0.0,2.0,109.0,0.0,1.0,0.0,2024-01-03
ecom_007456,1,0.0,1.0,114.0,46.13,1.0,0.0,2024-01-05
ecom_009974,1,0.0,0.0,33.0,45.2,1.0,0.0,2024-01-18
ecom_001901,1,0.0,2.0,35.0,32.62,0.0,0.0,2024-01-16
ecom_004871,0,0.0,0.0,3.0,16.2,0.0,0.0,2024-01-19
ecom_004710,1,0.0,2.0,216.0,16.12,1.0,0.0,2024-01-17
ecom_007886,1,0.0,2.0,44.0,26.65,1.0,0.0,2024-01-23
ecom_001793,0,0.0,2.0,57.0,51.2,1.0,0.0,2024-01-17
ecom_002874,0,0.0,0.0,2.0,19.84,0.0,0.0,2024-01-16
ecom_006217,0,0.0,0.0,108.0,6.89,1.0,0.0,2024-01-02
ecom_005213,0,0.0,0.0,1.0,0.0,0.0,0.0,2024-01-18
ecom_002245,1,0.0,0.0,176.0,28.14,1.0,0.0,2024-01-28
ecom_001741,1,0.0,2.0,86.0,24.06,0.0,1.0,2024-01-08
ecom_001020,0,0.0,1.0,27.0,25.92,0.0,0.0,2024-01-01
ecom_000705,0,0.0,0.0,51.0,85.22,1.0,0.0,2024-01-24
ecom_004294,1,0.0,2.0,10.0,20.69,0.0,0.0,2024-01-03
ecom_005576,1,0.0,2.0,226.0,39.21,0.0,0.0,2024-01-26
ecom_007166,0,0.0,0.0,69.0,73.85,1.0,0.0,2024-01-06
ecom_008177,0,0.0,2.0,16.0,21.28,0.0,0.0,2024-01-19
ecom_000908,1,0.0,0.0,13.0,8.65,0.0,0.0,2024-01-16
ecom_005193,0,0.0,0.0,1.0,39.02,0.0,0.0,2024-01-18
ecom_003077,0,0.0,0.0,11.0,28.22,0.0,0.0,2024-01-22
ecom_009366,1,0.0,2.0,59.0,42.43,1.0,0.0,2024-01-14
ecom_000594,0,0.0,0.0,41.0,0.0,1.0,0.0,2024-01-24
ecom_005304,1,0.0,2.0,115.0,67.12,1.0,0.0,2024-01-03
ecom_000440,1,0.0,2.0,70.0,44.86,1.0,0.0,2024-01-18
ecom_007606,1,0.0,1.0,7.0,94.76,1.0,0.0,2024-01-03
ecom_004092,0,0.0,0.0,7.0,118.26,0.0,0.0,2024-01-05
ecom_006134,0,0.0,2.0,15.0,22.03,0.0,0.0,2024-01-01
ecom_000010,1,0.0,2.0,76.0,0.0,0.0,0.0,2024-01-03
ecom_003776,1,0.0,2.0,43.0,188.05,1.0,0.0,2024-01-24
ecom_008999,0,0.0,2.0,19.0,51.83,1.0,0.0,2024-01-20
ecom_003708,0,0.0,1.0,17.0,19.71,0.0,0.0,2024-01-23
ecom_003780,0,0.0,2.0,23.0,55.56,1.0,0.0,2024-01-25
ecom_000093,0,0.0,2.0,29.0,32.11,1.0,0.0,2024-01-11
ecom_009239,0,0.0,0.0,105.0,0.0,1.0,0.0,2024-01-07
ecom_003949,0,0.0,2.0,19.0,38.85,0.0,0.0,2024-01-07
ecom_005785,1,0.0,1.0,126.0,89.89,1.0,0.0,2024-01-21
ecom_004870,0,0.0,1.0,52.0,0.0,1.0,0.0,2024-01-29
ecom_004802,0,0.0,1.0,300.0,5.48,0.0,0.0,2024-01-13
ecom_004867,0,0.0,0.0,43.0,0.0,1.0,0.0,2024-01-10
ecom_000292,0,0.0,2.0,3.0,60.92,0.0,0.0,2024-01-29
ecom_007888,1,0.0,0.0,63.0,24.61,1.0,0.0,2024-01-22
ecom_007405,1,1.0,1.0,4.0,5.45,0.0,0.0,2024-01-01
ecom_005595,0,0.0,2.0,78.0,79.21,1.0,0.0,2024-01-30
ecom_002886,0,0.0,2.0,70.0,60.41,1.0,0.0,2024-01-08
ecom_006454,1,0.0,2.0,43.0,285.81,1.0,0.0,2024-01-18
ecom_002542,1,0.0,1.0,36.0,40.1,1.0,0.0,2024-01-26
ecom_001765,0,0.0,2.0,273.0,124.63,1.0,0.0,2024-01-04
ecom_006800,1,0.0,1.0,93.0,9.27,1.0,1.0,2024-01-11
ecom_001877,1,0.0,2.0,55.0,21.65,0.0,0.0,2024-01-12
ecom_001981,0,0.0,0.0,6.0,0.0,1.0,0.0,2024-01-10
ecom_009729,0,0.0,2.0,74.0,30.86,0.0,0.0,2024-01-09
ecom_009608,1,0.0,2.0,70.0,24.31,1.0,0.0,2024-01-18
ecom_002685,1,0.0,2.0,47.0,19.32,1.0,0.0,2024-01-19
ecom_008930,1,1.0,1.0,36.0,0.0,1.0,0.0,2024-01-05
ecom_003458,0,0.0,1.0,27.0,68.81,1.0,1.0,2024-01-03
ecom_004541,0,0.0,0.0,4.0,52.43,1.0,0.0,2024-01-09
ecom_002178,1,0.0,1.0,15.0,11.37,0.0,0.0,2024-01-04
ecom_004450,0,0.0,1.0,20.0,0.0,0.0,0.0,2024-01-16
ecom_003859,1,0.0,2.0,41.0,42.3,1.0,0.0,2024-01-24
ecom_007623,1,0.0,0.0,16.0,16.64,0.0,0.0,2024-01-24
ecom_007654,1,0.0,2.0,6.0,0.0,0.0,0.0,2024-01-04
ecom_004519,0,0.0,0.0,70.0,62.92,1.0,0.0,2024-01-12
ecom_002517,1,0.0,2.0,29.0,0.0,0.0,0.0,2024-01-15
ecom_004836,0,0.0,0.0,166.0,34.47,1.0,1.0,2024-01-26
ecom_002885,0,0.0,0.0,8.0,0.0,0.0,0.0,2024-01-19
ecom_007281,1,1.0,0.0,14.0,0.0,0.0,0.0,2024-01-29
ecom_006255,0,0.0,0.0,13.0,39.02,0.0,0.0,2024-01-01
ecom_004539,1,0.0,2.0,36.0,15.9,1.0,0.0,2024-01-21
ecom_005639,0,1.0,0.0,112.0,39.93,1.0,0.0,2024-01-16
ecom_009459,0,0.0,0.0,156.0,25.77,1.0,0.0,2024-01-15
ecom_003481,0,0.0,0.0,118.0,47.38,1.0,0.0,2024-01-30
ecom_001277,1,0.0,0.0,8.0,12.65,0.0,0.0,2024-01-20
ecom_003146,1,0.0,1.0,1.0,69.27,0.0,0.0,2024-01-03
ecom_008262,0,0.0,1.0,14.0,0.0,0.0,0.0,2024-01-06
ecom_003205,1,0.0,2.0,101.0,19.78,1.0,0.0,2024-01-27
ecom_009892,0,0.0,2.0,27.0,0.0,0.0,0.0,2024-01-04
ecom_002742,1,0.0,2.0,4.0,9.17,0.0,0.0,2024-01-23
ecom_006076,1,0.0,1.0,31.0,41.02,1.0,0.0,2024-01-13
ecom_004047,1,0.0,2.0,74.0,52.37,1.0,0.0,2024-01-21
ecom_005731,0,0.0,2.0,147.0,54.34,1.0,0.0,2024-01-30
ecom_002945,0,0.0,0.0,33.0,20.3,1.0,0.0,2024-01-15
ecom_005790,1,0.0,2.0,104.0,19.55,0.0,0.0,2024-01-05
ecom_006794,0,1.0,0.0,80.0,0.0,1.0,0.0,2024-01-09
ecom_006543,1,0.0,2.0,237.0,0.0,1.0,0.0,2024-01-03
ecom_000700,0,0.0,0.0,43.0,66.35,1.0,0.0,2024-01-26
ecom_003574,0,0.0,0.0,52.0,13.98,0.0,0.0,2024-01-12
ecom_007699,1,1.0,2.0,12.0,0.0,0.0,0.0,2024-01-07
ecom_002515,1,0.0,1.0,14.0,0.0,0.0,0.0,2024-01-10
ecom_003000,0,0.0,0.0,131.0,61.9,1.0,0.0,2024-01-17
ecom_005820,1,0.0,0.0,51.0,32.98,1.0,0.0,2024-01-10
ecom_008581,0,0.0,1.0,61.0,16.55,0.0,0.0,2024-01-19
ecom_003684,0,0.0,2.0,7.0,48.12,0.0,1.0,2024-01-22
ecom_002995,0,0.0,2.0,14.0,16.14,0.0,0.0,2024-01-02
ecom_004252,0,0.0,0.0,68.0,52.93,1.0,0.0,2024-01-01
ecom_003411,0,0.0,0.0,24.0,64.62,0.0,1.0,2024-01-27
ecom_007962,0,0.0,0.0,309.0,0.0,1.0,0.0,2024-01-21
ecom_006309,1,0.0,0.0,108.0,6.91,1.0,0.0,2024-01-03
ecom_008611,1,1.0,2.0,146.0,32.71,1.0,0.0,2024-01-29
ecom_005012,0,0.0,2.0,20.0,108.6,0.0,0.0,2024-01-10
ecom_007750,0,0.0,1.0,61.0,0.0,1.0,0.0,2024-01-05
ecom_005979,0,0.0,2.0,1.0,0.0,0.0,0.0,2024-01-25
ecom_004048,1,0.0,1.0,29.0,59.85,0.0,0.0,2024-01-29
ecom_004899,1,0.0,2.0,4.0,31.52,0.0,0.0,2024-01-05
ecom_001318,0,0.0,2.0,29.0,0.0,0.0,0.0,2024-01-12
ecom_009772,1,0.0,1.0,43.0,13.04,1.0,0.0,2024-01-14
ecom_009137,0,0.0,2.0,19.0,131.56,0.0,0.0,2024-01-14
ecom_007142,1,1.0,2.0,24.0,12.73,0.0,0.0,2024-01-02
ecom_001897,1,0.0,1.0,98.0,0.0,1.0,0.0,2024-01-27
ecom_007465,0,0.0,2.0,30.0,16.02,0.0,0.0,2024-01-06
ecom_000603,0,0.0,1.0,28.0,17.15,0.0,0.0,2024-01-02
ecom_002846,0,0.0,2.0,262.0,0.0,1.0,0.0,2024-01-14
ecom_008207,0,0.0,1.0,41.0,14.53,1.0,0.0,2024-01-10
ecom_000393,0,0.0,0.0,22.0,53.9,0.0,0.0,2024-01-12
ecom_004436,0,0.0,1.0,15.0,4.83,0.0,0.0,2024-01-20
ecom_009447,0,0.0,2.0,8.0,36.33,0.0,0.0,2024-01-12
ecom_007234,0,0.0,2.0,50.0,28.38,1.0,0.0,2024-01-20
ecom_005398,0,0.0,0.0,95.0,15.86,1.0,0.0,2024-01-26
ecom_000095,1,0.0,2.0,84.0,41.31,1.0,0.0,2024-01-24
ecom_001662,0,0.0,1.0,30.0,0.0,1.0,0.0,2024-01-15
ecom_008970,0,0.0,2.0,48.0,33.96,1.0,0.0,2024-01-29
ecom_005130,0,1.0,0.0,11.0,49.16,0.0,0.0,2024-01-23
ecom_001488,1,0.0,1.0,18.0,34.1,0.0,0.0,2024-01-01
ecom_008316,0,0.0,2.0,49.0,76.39,1.0,0.0,2024-01-09
ecom_002707,1,0.0,1.0,82.0,27.42,1.0,0.0,2024-01-19
ecom_001595,0,0.0,2.0,115.0,15.17,1.0,0.0,2024-01-16
ecom_009277,1,0.0,2.0,47.0,5.12,1.0,0.0,2024-01-06
ecom_002377,0,0.0,2.0,164.0,56.25,1.0,0.0,2024-01-16
ecom_005140,0,0.0,1.0,26.0,25.32,0.0,0.0,2024-01-04
ecom_006147,1,0.0,2.0,184.0,66.38,1.0,0.0,2024-01-16
ecom_008241,1,1.0,0.0,35.0,13.16,1.0,0.0,2024-01-06
ecom_003948,0,0.0,0.0,71.0,133.02,1.0,0.0,2024-01-18
ecom_003933,1,0.0,2.0,89.0,48.14,1.0,0.0,2024-01-12
ecom_004797,0,0.0,2.0,60.0,0.0,0.0,0.0,2024-01-30
ecom_004372,0,0.0,0.0,143.0,58.34,1.0,0.0,2024-01-01
ecom_009862,0,0.0,0.0,95.0,0.0,1.0,0.0,2024-01-05
ecom_008242,0,0.0,1.0,21.0,62.61,0.0,0.0,2024-01-23
ecom_003448,1,0.0,0.0,14.0,58.62,0.0,0.0,2024-01-25
ecom_002943,0,0.0,1.0,2.0,38.25,0.0,1.0,2024-01-02
ecom_002465,1,0.0,0.0,34.0,10.3,1.0,0.0,2024-01-20
ecom_008582,0,0.0,1.0,47.0,163.88,1.0,0.0,2024-01-26
ecom_005506,1,0.0,0.0,7.0,41.62,1.0,0.0,2024-01-06
ecom_002698,0,0.0,1.0,142.0,0.0,1.0,0.0,2024-01-24
ecom_002447,0,0.0,0.0,19.0,19.68,0.0,0.0,2024-01-26
ecom_000019,1,0.0,0.0,1.0,0.0,0.0,0.0,2024-01-14
ecom_002748,1,0.0,2.0,163.0,52.12,1.0,0.0,2024-01-01
ecom_005399,1,0.0,1.0,4.0,0.0,0.0,0.0,2024-01-27
ecom_008078,1,0.0,1.0,194.0,40.16,1.0,0.0,2024-01-04
ecom_006871,1,0.0,2.0,13.0,12.42,0.0,0.0,2024-01-05
ecom_004708,0,1.0,1.0,147.0,134.9,1.0,0.0,2024-01-07
ecom_009476,1,0.0,0.0,283.0,62.95,1.0,0.0,2024-01-01
ecom_000809,1,1.0,2.0,17.0,42.85,0.0,0.0,2024-01-03
ecom_007477,0,0.0,0.0,61.0,15.03,1.0,0.0,2024-01-21
ecom_002273,0,0.0,0.0,20.0,36.8,0.0,0.0,2024-01-01
ecom_001923,0,0.0,0.0,116.0,0.0,1.0,0.0,2024-01-04
ecom_001470,1,0.0,1.0,27.0,21.97,0.0,0.0,2024-01-07
ecom_007934,0,1.0,0.0,63.0,10.11,1.0,0.0,2024-01-04
ecom_007407,0,0.0,2.0,53.0,22.41,1.0,0.0,2024-01-03
ecom_002406,1,0.0,0.0,5.0,0.0,1.0,0.0,2024-01-23
ecom_001142,0,0.0,2.0,15.0,13.49,0.0,0.0,2024-01-21
ecom_001747,0,0.0,2.0,171.0,11.09,1.0,0.0,2024-01-14
ecom_005709,1,1.0,0.0,8.0,84.05,0.0,1.0,2024-01-09
ecom_004975,1,0.0,2.0,75.0,71.79,0.0,0.0,2024-01-23
ecom_007300,0,0.0,0.0,21.0,0.0,1.0,1.0,2024-01-20
ecom_008148,1,0.0,2.0,129.0,103.58,1.0,0.0,2024-01-05
ecom_002833,1,0.0,1.0,70.0,62.45,1.0,0.0,2024-01-12
ecom_003131,1,1.0,0.0,15.0,0.0,0.0,0.0,2024-01-26
ecom_001310,0,0.0,2.0,15.0,0.0,0.0,0.0,2024-01-15
ecom_008650,1,0.0,1.0,23.0,66.4,0.0,0.0,2024-01-15
ecom_006774,0,0.0,2.0,29.0,17.96,0.0,0.0,2024-01-26
ecom_006756,1,0.0,2.0,10.0,129.75,0.0,0.0,2024-01-03
ecom_000620,1,0.0,2.0,68.0,38.4,1.0,0.0,2024-01-30
ecom_002701,1,0.0,0.0,32.0,13.55,1.0,0.0,2024-01-19
ecom_002199,1,1.0,2.0,12.0,0.0,1.0,0.0,2024-01-26
ecom_006196,1,0.0,2.0,102.0,0.0,1.0,1.0,2024-01-10
ecom_008824,0,0.0,1.0,151.0,13.14,1.0,0.0,2024-01-30
ecom_001046,1,0.0,1.0,226.0,87.69,1.0,0.0,2024-01-30
ecom_005768,1,0.0,0.0,48.0,100.55,1.0,0.0,2024-01-11
ecom_009947,1,0.0,0.0,34.0,11.27,1.0,0.0,2024-01-25
ecom_009019,1,0.0,0.0,28.0,164.5,0.0,0.0,2024-01-19
ecom_000743,1,0.0,0.0,86.0,0.0,1.0,0.0,2024-01-10
ecom_000222,1,0.0,2.0,75.0,145.54,1.0,0.0,2024-01-15
ecom_003149,1,0.0,2.0,26.0,240.13,0.0,0.0,2024-01-29
ecom_000625,1,0.0,2.0,53.0,27.83,1.0,0.0,2024-01-17
ecom_009334,0,0.0,1.0,44.0,49.19,1.0,0.0,2024-01-21
ecom_007566,0,0.0,0.0,62.0,16.74,1.0,0.0,2024-01-16
ecom_004582,0,0.0,2.0,9.0,25.08,1.0,0.0,2024-01-25
ecom_005711,0,0.0,0.0,17.0,0.0,1.0,0.0,2024-01-13
ecom_003284,1,0.0,2.0,16.0,14.98,0.0,0.0,2024-01-25
ecom_007585,1,0.0,2.0,13.0,0.0,0.0,0.0,2024-01-05
ecom_009646,1,0.0,2.0,197.0,6.24,1.0,0.0,2024-01-25
ecom_001530,0,0.0,1.0,142.0,12.12,1.0,0.0,2024-01-19
ecom_009685,1,0.0,1.0,24.0,27.57,1.0,0.0,2024-01-25
ecom_000353,1,0.0,1.0,67.0,168.18,1.0,0.0,2024-01-27
ecom_002474,0,0.0,2.0,19.0,38.93,0.0,0.0,2024-01-16
ecom_008013,0,1.0,2.0,20.0,11.71,0.0,0.0,2024-01-05
ecom_006475,1,0.0,0.0,143.0,18.85,1.0,0.0,2024-01-08
ecom_006449,1,0.0,0.0,112.0,267.4,1.0,0.0,2024-01-21
ecom_000239,0,0.0,1.0,15.0,19.59,0.0,0.0,2024-01-15
ecom_002625,0,0.0,0.0,22.0,56.97,0.0,1.0,2024-01-10
ecom_009786,0,1.0,0.0,28.0,0.0,1.0,1.0,2024-01-12
ecom_007198,0,1.0,2.0,89.0,0.0,1.0,0.0,2024-01-06
ecom_007692,1,0.0,0.0,77.0,73.66,1.0,0.0,2024-01-08
ecom_002997,0,0.0,2.0,114.0,16.53,1.0,0.0,2024-01-25
ecom_006440,1,0.0,2.0,15.0,0.0,0.0,0.0,2024-01-04
ecom_004562,1,0.0,0.0,58.0,9.17,1.0,0.0,2024-01-05
ecom_008614,1,0.0,0.0,97.0,93.14,0.0,0.0,2024-01-30
ecom_001479,0,0.0,0.0,207.0,56.18,1.0,0.0,2024-01-25
ecom_001018,0,0.0,2.0,12.0,14.39,0.0,0.0,2024-01-01
ecom_003094,1,0.0,1.0,110.0,143.84,1.0,0.0,2024-01-04
ecom_006182,1,0.0,2.0,18.0,0.0,0.0,0.0,2024-01-15
ecom_004960,1,0.0,1.0,2.0,26.6,0.0,0.0,2024-01-16
ecom_008492,1,0.0,2.0,222.0,18.72,1.0,0.0,2024-01-18
ecom_001103,0,0.0,2.0,50.0,0.0,1.0,0.0,2024-01-17
ecom_006081,0,0.0,0.0,32.0,7.73,1.0,0.0,2024-01-01
ecom_009525,1,0.0,2.0,81.0,63.73,1.0,0.0,2024-01-07
ecom_005190,1,0.0,1.0,35.0,19.07,1.0,0.0,2024-01-23
ecom_004181,0,0.0,2.0,5.0,108.33,0.0,0.0,2024-01-02
ecom_004467,1,0.0,2.0,4.0,38.79,0.0,0.0,2024-01-05
ecom_001626,0,0.0,0.0,131.0,41.98,1.0,1.0,2024-01-03
ecom_006717,0,0.0,0.0,43.0,32.78,1.0,0.0,2024-01-23
ecom_003798,1,0.0,2.0,10.0,0.0,0.0,0.0,2024-01-23
ecom_003053,1,0.0,2.0,59.0,21.83,0.0,0.0,2024-01-18
ecom_002867,1,0.0,0.0,18.0,0.0,0.0,0.0,2024-01-11
ecom_001432,1,0.0,2.0,59.0,0.0,1.0,0.0,2024-01-19
ecom_007983,0,1.0,0.0,40.0,23.6,1.0,0.0,2024-01-05
ecom_009346,0,0.0,2.0,157.0,87.78,1.0,0.0,2024-01-22
ecom_009419,1,0.0,1.0,87.0,0.0,1.0,0.0,2024-01-27
ecom_004076,1,0.0,1.0,18.0,0.0,0.0,0.0,2024-01-11
ecom_000217,1,0.0,2.0,67.0,0.0,1.0,0.0,2024-01-12
ecom_003555,1,0.0,2.0,17.0,36.55,1.0,0.0,2024-01-03
ecom_007936,1,0.0,1.0,77.0,28.52,1.0,0.0,2024-01-19
ecom_008421,1,0.0,1.0,6.0,13.67,0.0,0.0,2024-01-16
ecom_001034,0,0.0,2.0,146.0,18.4,1.0,0.0,2024-01-10
ecom_003773,0,0.0,2.0,85.0,0.0,1.0,0.0,2024-01-21
ecom_004132,0,0.0,2.0,101.0,80.31,1.0,0.0,2024-01-09
ecom_002335,0,0.0,2.0,210.0,0.0,1.0,0.0,2024-01-09
ecom_006492,0,0.0,0.0,80.0,12.41,1.0,0.0,2024-01-05
ecom_001482,0,0.0,2.0,27.0,0.0,0.0,0.0,2024-01-06
ecom_000906,0,1.0,0.0,2.0,31.92,0.0,0.0,2024-01-28
ecom_006088,0,0.0,1.0,9.0,37.49,0.0,0.0,2024-01-19
ecom_006466,1,0.0,2.0,27.0,9.6,0.0,0.0,2024-01-05
ecom_005676,1,0.0,0.0,171.0,57.64,1.0,0.0,2024-01-01
ecom_002770,1,0.0,2.0,78.0,20.04,1.0,0.0,2024-01-29
ecom_001805,1,0.0,1.0,9.0,47.46,0.0,0.0,2024-01-10
ecom_007374,1,0.0,1.0,121.0,61.85,1.0,0.0,2024-01-02
ecom_002114,0,0.0,2.0,80.0,121.37,0.0,0.0,2024-01-23
ecom_004534,1,0.0,0.0,10.0,83.54,0.0,0.0,2024-01-05
ecom_002531,1,0.0,0.0,30.0,0.0,0.0,0.0,2024-01-06
ecom_008525,1,1.0,1.0,31.0,0.0,1.0,0.0,2024-01-19
ecom_003470,0,1.0,2.0,7.0,39.63,0.0,0.0,2024-01-09
ecom_001402,0,0.0,2.0,48.0,0.0,0.0,0.0,2024-01-16
ecom_000852,0,0.0,1.0,9.0,8.04,0.0,0.0,2024-01-28
ecom_003082,0,0.0,2.0,23.0,0.0,0.0,0.0,2024-01-03
ecom_008024,1,0.0,0.0,1.0,137.79,0.0,0.0,2024-01-22
ecom_007565,1,0.0,2.0,16.0,0.0,0.0,0.0,2024-01-19
ecom_005529,0,0.0,1.0,104.0,0.0,0.0,0.0,2024-01-18
ecom_007854,1,0.0,1.0,98.0,33.15,1.0,0.0,2024-01-08
ecom_004932,0,0.0,0.0,59.0,73.55,0.0,0.0,2024-01-01
ecom_005159,0,0.0,2.0,3.0,33.41,0.0,0.0,2024-01-25
ecom_009715,0,0.0,0.0,77.0,15.77,1.0,0.0,2024-01-22
ecom_003846,0,0.0,0.0,3.0,21.61,0.0,0.0,2024-01-30
ecom_006483,0,0.0,2.0,68.0,43.85,1.0,0.0,2024-01-29
ecom_000747,1,0.0,0.0,168.0,38.24,1.0,0.0,2024-01-10
ecom_003034,0,0.0,2.0,47.0,22.36,1.0,0.0,2024-01-27
ecom_000347,1,0.0,0.0,81.0,15.6,1.0,1.0,2024-01-03
ecom_003351,1,0.0,1.0,23.0,35.43,1.0,0.0,2024-01-11
ecom_002864,1,0.0,2.0,98.0,7.0,1.0,0.0,2024-01-14
ecom_002167,0,0.0,0.0,1.0,46.32,0.0,0.0,2024-01-07
ecom_006954,0,0.0,0.0,37.0,31.5,1.0,0.0,2024-01-08
ecom_006209,0,0.0,0.0,60.0,35.56,1.0,0.0,2024-01-01
ecom_002777,1,0.0,2.0,75.0,0.0,1.0,0.0,2024-01-13
ecom_001441,1,0.0,0.0,7.0,18.18,0.0,0.0,2024-01-21
ecom_005657,0,0.0,0.0,19.0,5.46,1.0,0.0,2024-01-12
ecom_009657,0,0.0,0.0,50.0,108.4,1.0,0.0,2024-01-18
ecom_003027,0,0.0,2.0,20.0,211.39,0.0,0.0,2024-01-19
ecom_006117,0,0.0,2.0,3.0,0.0,0.0,0.0,2024-01-11
ecom_002483,0,0.0,1.0,30.0,4.95,0.0,0.0,2024-01-06
ecom_002882,1,0.0,0.0,9.0,33.04,0.0,0.0,2024-01-18
ecom_005561,0,0.0,2.0,81.0,109.03,1.0,0.0,2024-01-07
ecom_000763,1,0.0,2.0,37.0,71.94,1.0,0.0,2024-01-09
ecom_006481,0,0.0,0.0,10.0,78.54,1.0,0.0,2024-01-23
ecom_001616,1,0.0,0.0,29.0,7.18,0.0,0.0,2024-01-19
ecom_001222,0,0.0,2.0,39.0,0.0,1.0,0.0,2024-01-13
ecom_008664,0,0.0,0.0,4.0,20.53,0.0,0.0,2024-01-24
ecom_006221,0,0.0,0.0,53.0,0.0,0.0,0.0,2024-01-12
ecom_001576,0,0.0,1.0,116.0,76.25,1.0,0.0,2024-01-12
ecom_009391,0,0.0,2.0,37.0,55.38,1.0,0.0,2024-01-26
ecom_006350,1,1.0,2.0,55.0,0.0,1.0,0.0,2024-01-27
ecom_003782,1,0.0,1.0,28.0,10.54,0.0,0.0,2024-01-12
ecom_004374,0,0.0,0.0,42.0,18.95,1.0,0.0,2024-01-15
ecom_000708,1,0.0,1.0,57.0,25.88,1.0,1.0,2024-01-24
ecom_000509,0,0.0,2.0,136.0,96.28,1.0,0.0,2024-01-16
ecom_002954,1,0.0,2.0,6.0,0.0,0.0,0.0,2024-01-16
ecom_007537,1,0.0,0.0,39.0,9.41,1.0,0.0,2024-01-22
ecom_006338,1,1.0,1.0,11.0,0.0,0.0,0.0,2024-01-18
ecom_008922,1,0.0,0.0,5.0,87.5,0.0,0.0,2024-01-16
ecom_007063,1,0.0,0.0,116.0,10.91,1.0,1.0,2024-01-30
ecom_007162,0,0.0,0.0,74.0,49.59,0.0,0.0,2024-01-11
ecom_007371,1,0.0,2.0,60.0,17.27,0.0,0.0,2024-01-23
ecom_006828,1,0.0,1.0,19.0,22.22,1.0,0.0,2024-01-30
ecom_003615,1,1.0,2.0,29.0,22.25,0.0,0.0,2024-01-20
ecom_004656,0,0.0,0.0,16.0,11.87,0.0,0.0,2024-01-01
ecom_006975,0,1.0,1.0,40.0,16.43,0.0,0.0,2024-01-17
ecom_004350,0,0.0,0.0,159.0,19.21,1.0,0.0,2024-01-22
ecom_000711,0,0.0,2.0,54.0,35.0,1.0,0.0,2024-01-26
ecom_006478,0,0.0,1.0,46.0,22.63,1.0,0.0,2024-01-19
ecom_009129,1,0.0,0.0,15.0,0.0,0.0,0.0,2024-01-24
ecom_008204,0,0.0,0.0,14.0,92.07,0.0,0.0,2024-01-14
ecom_009203,1,0.0,2.0,108.0,16.67,0.0,0.0,2024-01-17
ecom_000712,0,0.0,0.0,97.0,13.36,1.0,0.0,2024-01-20
ecom_009112,0,0.0,1.0,66.0,132.39,1.0,0.0,2024-01-02
ecom_001245,1,0.0,2.0,53.0,38.07,1.0,0.0,2024-01-05
ecom_009785,0,0.0,2.0,56.0,34.48,1.0,0.0,2024-01-13
ecom_006848,0,0.0,1.0,14.0,19.82,0.0,0.0,2024-01-05
ecom_005133,1,0.0,1.0,85.0,12.12,1.0,0.0,2024-01-20
ecom_000715,1,0.0,1.0,36.0,55.88,1.0,0.0,2024-01-10
ecom_003463,1,0.0,2.0,6.0,21.29,0.0,0.0,2024-01-08
ecom_004394,1,0.0,2.0,109.0,0.0,1.0,0.0,2024-01-14
ecom_004568,0,0.0,0.0,19.0,74.38,1.0,1.0,2024-01-09
ecom_008803,1,1.0,2.0,104.0,11.41,1.0,0.0,2024-01-15
ecom_008489,0,0.0,2.0,2.0,65.88,0.0,0.0,2024-01-25
ecom_007701,1,0.0,2.0,40.0,21.09,1.0,0.0,2024-01-12
ecom_000212,0,0.0,0.0,14.0,26.8,0.0,0.0,2024-01-27
ecom_009767,1,0.0,0.0,6.0,24.92,0.0,0.0,2024-01-25
ecom_006838,0,0.0,1.0,1.0,84.25,0.0,0.0,2024-01-08
ecom_001010,0,0.0,2.0,33.0,39.0,0.0,0.0,2024-01-30
ecom_000323,1,0.0,2.0,123.0,48.69,1.0,0.0,2024-01-08
ecom_005396,0,0.0,2.0,14.0,18.34,0.0,0.0,2024-01-07
ecom_005990,1,0.0,0.0,45.0,0.0,0.0,0.0,2024-01-25
ecom_003172,1,0.0,2.0,44.0,0.0,1.0,0.0,2024-01-02
ecom_000334,1,0.0,2.0,34.0,23.31,0.0,0.0,2024-01-08
ecom_008305,1,0.0,0.0,3.0,19.17,0.0,0.0,2024-01-03
ecom_002210,1,0.0,2.0,134.0,13.54,1.0,0.0,2024-01-08
ecom_004271,1,0.0,1.0,77.0,91.85,1.0,0.0,2024-01-12
ecom_006740,1,0.0,1.0,30.0,64.51,0.0,0.0,2024-01-09
ecom_000233,1,0.0,1.0,13.0,82.61,0.0,0.0,2024-01-08
ecom_005950,1,0.0,0.0,49.0,0.0,1.0,0.0,2024-01-02
ecom_005737,1,0.0,2.0,98.0,0.0,1.0,0.0,2024-01-24
ecom_007921,1,0.0,1.0,4.0,0.0,0.0,0.0,2024-01-08
ecom_002348,1,0.0,0.0,1.0,56.8,0.0,0.0,2024-01-16
ecom_002036,0,0.0,0.0,36.0,17.55,1.0,0.0,2024-01-20
ecom_007484,1,1.0,1.0,47.0,0.0,1.0,0.0,2024-01-19
ecom_006006,1,0.0,1.0,3.0,25.84,0.0,0.0,2024-01-04
ecom_004553,1,0.0,2.0,8.0,29.49,0.0,0.0,2024-01-03
ecom_008072,0,0.0,2.0,28.0,38.09,0.0,0.0,2024-01-10
ecom_001458,1,0.0,1.0,161.0,118.31,1.0,0.0,2024-01-17
ecom_003288,0,0.0,2.0,108.0,33.97,0.0,0.0,2024-01-19
ecom_003064,0,0.0,1.0,116.0,0.0,1.0,0.0,2024-01-01
ecom_009436,0,0.0,0.0,17.0,0.0,0.0,0.0,2024-01-15
ecom_000774,0,0.0,0.0,13.0,0.0,0.0,0.0,2024-01-30
ecom_006832,0,0.0,2.0,122.0,22.72,1.0,0.0,2024-01-01
ecom_000871,0,1.0,2.0,35.0,60.56,1.0,0.0,2024-01-12
ecom_008749,1,0.0,2.0,79.0,47.47,1.0,1.0,2024-01-29
ecom_001263,0,0.0,1.0,16.0,0.0,0.0,0.0,2024-01-01
ecom_004833,1,0.0,1.0,103.0,51.52,1.0,0.0,2024-01-05
ecom_003894,0,0.0,2.0,155.0,0.0,1.0,0.0,2024-01-22
ecom_006323,0,0.0,2.0,50.0,11.81,1.0,0.0,2024-01-13
ecom_009212,1,0.0,2.0,165.0,0.0,1.0,0.0,2024-01-03
ecom_007019,0,0.0,0.0,21.0,37.94,0.0,0.0,2024-01-18
ecom_001220,1,0.0,0.0,89.0,50.81,1.0,0.0,2024-01-07
ecom_001446,1,0.0,2.0,122.0,51.59,1.0,0.0,2024-01-29
ecom_003184,0,0.0,2.0,77.0,39.03,0.0,0.0,2024-01-24
ecom_000408,0,0.0,0.0,1.0,34.01,0.0,0.0,2024-01-12
ecom_004344,0,1.0,0.0,53.0,0.0,1.0,1.0,2024-01-22
ecom_003021,0,0.0,1.0,199.0,40.43,1.0,0.0,2024-01-28
ecom_002303,1,1.0,2.0,82.0,22.08,1.0,0.0,2024-01-03
ecom_006271,1,0.0,0.0,128.0,0.0,1.0,0.0,2024-01-17
ecom_008280,1,0.0,1.0,94.0,65.67,1.0,0.0,2024-01-06
ecom_006641,0,0.0,0.0,54.0,19.97,1.0,1.0,2024-01-15
ecom_006955,1,0.0,1.0,32.0,19.09,0.0,0.0,2024-01-30
ecom_002109,1,0.0,2.0,26.0,47.14,0.0,0.0,2024-01-28
ecom_005351,0,0.0,2.0,12.0,8.61,0.0,0.0,2024-01-05
ecom_009683,1,1.0,1.0,22.0,12.39,0.0,0.0,2024-01-29
ecom_008343,0,0.0,2.0,94.0,26.66,1.0,0.0,2024-01-26
ecom_004549,0,0.0,2.0,14.0,0.0,0.0,0.0,2024-01-29
ecom_001880,0,0.0,1.0,14.0,61.3,0.0,0.0,2024-01-06
ecom_005945,1,0.0,1.0,33.0,0.0,1.0,0.0,2024-01-28
ecom_001737,0,0.0,1.0,6.0,146.3,0.0,0.0,2024-01-18
ecom_007793,1,0.0,2.0,168.0,25.38,1.0,0.0,2024-01-11
ecom_005212,0,0.0,0.0,65.0,0.0,1.0,0.0,2024-01-09
ecom_003208,0,0.0,0.0,158.0,39.03,1.0,0.0,2024-01-21
ecom_007082,1,0.0,0.0,17.0,0.0,1.0,0.0,2024-01-02
ecom_002055,0,0.0,0.0,78.0,0.0,0.0,0.0,2024-01-22
ecom_001688,1,0.0,0.0,97.0,47.14,1.0,0.0,2024-01-06
ecom_004779,1,0.0,0.0,53.0,88.26,1.0,0.0,2024-01-17
ecom_007475,1,0.0,0.0,14.0,62.45,0.0,0.0,2024-01-09
ecom_007876,0,0.0,2.0,3.0,0.0,0.0,0.0,2024-01-11
ecom_006749,0,0.0,1.0,21.0,0.0,0.0,0.0,2024-01-21
ecom_008555,0,0.0,0.0,37.0,7.7,1.0,0.0,2024-01-15
ecom_008122,1,0.0,0.0,155.0,4.85,1.0,0.0,2024-01-10
ecom_006990,0,0.0,0.0,72.0,0.0,1.0,0.0,2024-01-05
ecom_008266,1,0.0,0.0,177.0,35.71,1.0,0.0,2024-01-30
ecom_008539,0,0.0,1.0,131.0,70.85,0.0,0.0,2024-01-17
ecom_003392,0,0.0,1.0,7.0,20.09,0.0,1.0,2024-01-01
ecom_006325,0,0.0,2.0,37.0,0.0,1.0,0.0,2024-01-23
ecom_003528,1,1.0,2.0,11.0,0.0,0.0,0.0,2024-01-28
ecom_004604,1,0.0,2.0,37.0,21.41,1.0,0.0,2024-01-26
ecom_007023,1,0.0,2.0,55.0,21.38,1.0,0.0,2024-01-04
ecom_006321,1,0.0,0.0,117.0,45.26,0.0,0.0,2024-01-18
ecom_000745,0,0.0,1.0,28.0,10.65,0.0,0.0,2024-01-13
ecom_000710,1,0.0,0.0,42.0,26.89,1.0,0.0,2024-01-07
ecom_000379,0,0.0,2.0,27.0,0.0,0.0,0.0,2024-01-30
ecom_008782,0,0.0,1.0,40.0,34.47,0.0,0.0,2024-01-18
ecom_003011,1,0.0,1.0,327.0,43.5,1.0,0.0,2024-01-11
ecom_008858,0,0.0,0.0,34.0,0.0,0.0,0.0,2024-01-30
ecom_007152,1,1.0,1.0,161.0,10.54,0.0,0.0,2024-01-28
ecom_008566,1,0.0,2.0,34.0,21.98,1.0,1.0,2024-01-22
ecom_003497,0,0.0,1.0,16.0,26.77,0.0,0.0,2024-01-09
ecom_003889,1,0.0,1.0,1.0,0.0,0.0,0.0,2024-01-01
ecom_004484,0,1.0,1.0,123.0,11.25,1.0,0.0,2024-01-10
ecom_004011,0,0.0,2.0,32.0,25.49,1.0,0.0,2024-01-18
ecom_002619,1,0.0,2.0,50.0,28.95,1.0,0.0,2024-01-16
ecom_006670,0,0.0,2.0,65.0,18.96,1.0,0.0,2024-01-22
ecom_006512,0,0.0,1.0,23.0,6.17,0.0,0.0,2024-01-16
ecom_003467,1,0.0,2.0,46.0,11.76,1.0,0.0,2024-01-09
ecom_001313,1,0.0,0.0,37.0,0.0,1.0,0.0,2024-01-17
ecom_008605,0,0.0,0.0,58.0,91.57,1.0,0.0,2024-01-06
ecom_002069,1,0.0,0.0,25.0,15.61,0.0,0.0,2024-01-11
ecom_002982,1,0.0,0.0,27.0,96.28,0.0,1.0,2024-01-12
ecom_005914,0,0.0,2.0,53.0,33.35,1.0,0.0,2024-01-04
ecom_009170,1,1.0,0.0,12.0,53.3,0.0,0.0,2024-01-26
ecom_001285,0,0.0,1.0,169.0,25.91,1.0,1.0,2024-01-04
ecom_008990,1,0.0,0.0,29.0,23.15,0.0,0.0,2024-01-18
ecom_008429,0,0.0,2.0,14.0,0.0,0.0,0.0,2024-01-01
ecom_001349,0,0.0,0.0,39.0,98.02,0.0,0.0,2024-01-16
ecom_002611,0,1.0,0.0,64.0,11.97,1.0,0.0,2024-01-21
ecom_009494,0,0.0,1.0,88.0,9.42,1.0,0.0,2024-01-27
ecom_003668,1,0.0,0.0,71.0,12.48,1.0,0.0,2024-01-26
ecom_002221,0,0.0,0.0,69.0,28.99,1.0,0.0,2024-01-03
ecom_000427,1,0.0,0.0,1.0,17.61,0.0,0.0,2024-01-22
ecom_000653,1,0.0,1.0,1.0,16.91,1.0,0.0,2024-01-05
ecom_009913,1,0.0,2.0,1.0,41.07,0.0,0.0,2024-01-03
ecom_003535,1,0.0,0.0,47.0,28.62,1.0,0.0,2024-01-08
ecom_007736,1,0.0,1.0,7.0,103.35,0.0,0.0,2024-01-03
ecom_003245,0,0.0,0.0,26.0,100.03,0.0,0.0,2024-01-30
ecom_004740,1,0.0,0.0,125.0,17.67,1.0,0.0,2024-01-01
ecom_009068,0,0.0,0.0,33.0,23.15,1.0,0.0,2024-01-13
ecom_004099,0,0.0,2.0,158.0,0.0,1.0,0.0,2024-01-19
ecom_004100,0,0.0,0.0,9.0,31.66,0.0,0.0,2024-01-03
ecom_006959,0,0.0,0.0,49.0,0.0,1.0,0.0,2024-01-29
ecom_000611,1,0.0,0.0,24.0,20.0,0.0,0.0,2024-01-30
ecom_004288,1,0.0,1.0,8.0,74.09,0.0,0.0,2024-01-13
ecom_008570,1,0.0,2.0,21.0,21.93,0.0,0.0,2024-01-26
ecom_009712,1,0.0,1.0,36.0,0.0,1.0,0.0,2024-01-13
ecom_001543,0,0.0,2.0,28.0,22.2,0.0,0.0,2024-01-01
ecom_009535,0,0.0,2.0,25.0,53.53,0.0,0.0,2024-01-20
ecom_003853,0,0.0,2.0,97.0,0.0,1.0,0.0,2024-01-13
ecom_000554,1,0.0,2.0,71.0,51.53,1.0,0.0,2024-01-18
ecom_006365,1,0.0,0.0,3.0,14.09,0.0,0.0,2024-01-13
ecom_000511,1,0.0,1.0,24.0,40.15,1.0,0.0,2024-01-08
ecom_003206,0,0.0,0.0,80.0,44.83,1.0,0.0,2024-01-18
ecom_008084,1,0.0,0.0,36.0,1.81,1.0,0.0,2024-01-08
ecom_000967,1,0.0,0.0,15.0,0.0,0.0,0.0,2024-01-12
ecom_006043,1,0.0,2.0,79.0,9.35,1.0,0.0,2024-01-01
ecom_006879,1,0.0,2.0,53.0,64.03,1.0,0.0,2024-01-17
ecom_006775,0,0.0,2.0,26.0,9.88,0.0,0.0,2024-01-22
ecom_003295,0,0.0,1.0,50.0,19.75,1.0,0.0,2024-01-17
ecom_008701,1,0.0,0.0,88.0,73.63,1.0,0.0,2024-01-03
ecom_003429,0,1.0,1.0,147.0,0.0,1.0,0.0,2024-01-25
ecom_008870,1,0.0,0.0,42.0,29.24,1.0,0.0,2024-01-29
ecom_006962,1,0.0,2.0,18.0,0.0,1.0,0.0,2024-01-23
ecom_002088,1,0.0,0.0,7.0,32.05,0.0,0.0,2024-01-15
ecom_008499,0,0.0,2.0,24.0,37.51,0.0,0.0,2024-01-29
ecom_006162,0,0.0,0.0,52.0,52.14,1.0,0.0,2024-01-24
ecom_003210,0,1.0,2.0,60.0,0.0,1.0,0.0,2024-01-26
ecom_009200,0,0.0,0.0,61.0,27.35,1.0,0.0,2024-01-10
ecom_006605,0,0.0,1.0,55.0,0.0,1.0,0.0,2024-01-20
ecom_001109,0,0.0,0.0,67.0,21.68,1.0,0.0,2024-01-18
ecom_005728,0,0.0,2.0,152.0,19.0,1.0,0.0,2024-01-06
ecom_007829,1,0.0,2.0,3.0,80.8,0.0,0.0,2024-01-24
ecom_001038,1,0.0,2.0,5.0,0.0,0.0,0.0,2024-01-01
ecom_001194,0,0.0,0.0,25.0,19.71,0.0,0.0,2024-01-15
ecom_004474,0,0.0,2.0,35.0,12.59,1.0,0.0,2024-01-09
ecom_009874,1,0.0,2.0,78.0,26.16,1.0,0.0,2024-01-30
ecom_002122,1,0.0,2.0,26.0,61.54,0.0,0.0,2024-01-21
ecom_004982,0,0.0,0.0,93.0,0.0,1.0,0.0,2024-01-24
ecom_008973,1,0.0,2.0,85.0,77.5,1.0,0.0,2024-01-13
ecom_005700,0,0.0,0.0,65.0,48.47,1.0,0.0,2024-01-24
ecom_000934,1,0.0,0.0,26.0,19.33,0.0,0.0,2024-01-16
ecom_006101,1,0.0,1.0,93.0,0.0,1.0,0.0,2024-01-28
ecom_004689,0,0.0,2.0,48.0,21.94,1.0,1.0,2024-01-13
ecom_000394,1,0.0,2.0,7.0,40.12,0.0,0.0,2024-01-19
ecom_004685,0,0.0,2.0,62.0,32.19,1.0,0.0,2024-01-24
ecom_008776,1,0.0,2.0,109.0,26.72,1.0,0.0,2024-01-01
ecom_009165,0,0.0,1.0,25.0,26.61,1.0,0.0,2024-01-11
ecom_005980,0,0.0,2.0,17.0,3.37,0.0,0.0,2024-01-13
ecom_009942,0,0.0,1.0,7.0,0.0,0.0,0.0,2024-01-16
ecom_002191,0,0.0,2.0,19.0,12.75,0.0,0.0,2024-01-04
ecom_001297,1,0.0,2.0,35.0,73.48,1.0,0.0,2024-01-01
ecom_005044,0,0.0,2.0,107.0,51.15,1.0,0.0,2024-01-02
ecom_001162,0,0.0,0.0,8.0,21.9,0.0,0.0,2024-01-12
ecom_004254,1,0.0,2.0,25.0,14.76,0.0,0.0,2024-01-29
ecom_006372,0,0.0,0.0,64.0,19.82,1.0,0.0,2024-01-05
ecom_001527,1,0.0,2.0,19.0,39.29,1.0,0.0,2024-01-08
ecom_004342,1,0.0,1.0,3.0,43.42,0.0,0.0,2024-01-27
ecom_002030,1,0.0,2.0,95.0,0.0,1.0,0.0,2024-01-03
ecom_003060,0,0.0,2.0,10.0,24.65,0.0,0.0,2024-01-06
ecom_000058,0,0.0,0.0,78.0,40.58,1.0,0.0,2024-01-07
ecom_002405,0,0.0,2.0,107.0,0.0,1.0,0.0,2024-01-22
ecom_005006,0,1.0,1.0,13.0,12.08,0.0,0.0,2024-01-24
ecom_006157,0,0.0,0.0,35.0,19.03,0.0,0.0,2024-01-12
ecom_007375,0,0.0,0.0,18.0,0.0,0.0,0.0,2024-01-23
ecom_004506,0,0.0,2.0,9.0,16.45,0.0,0.0,2024-01-16
ecom_005214,1,0.0,2.0,11.0,0.0,0.0,0.0,2024-01-10
ecom_006029,1,0.0,0.0,46.0,22.64,1.0,0.0,2024-01-10
ecom_001780,1,0.0,0.0,27.0,0.0,0.0,0.0,2024-01-25
ecom_005447,0,0.0,2.0,79.0,159.92,1.0,0.0,2024-01-18
ecom_004606,0,1.0,2.0,187.0,0.0,1.0,1.0,2024-01-13
ecom_006914,0,0.0,0.0,134.0,17.94,1.0,0.0,2024-01-21
ecom_000676,1,0.0,0.0,22.0,20.71,0.0,0.0,2024-01-01
ecom_003582,1,0.0,1.0,28.0,88.21,1.0,0.0,2024-01-04
ecom_003653,1,0.0,2.0,142.0,23.68,1.0,0.0,2024-01-07
ecom_007920,0,0.0,0.0,46.0,77.78,1.0,0.0,2024-01-21
ecom_009499,0,0.0,0.0,48.0,124.66,1.0,0.0,2024-01-04
ecom_002732,1,0.0,2.0,10.0,0.0,0.0,0.0,2024-01-29
ecom_004787,0,0.0,2.0,18.0,104.14,0.0,0.0,2024-01-21
ecom_002754,0,1.0,0.0,11.0,0.0,0.0,0.0,2024-01-12
ecom_002337,0,0.0,0.0,10.0,30.78,0.0,0.0,2024-01-17
ecom_003643,1,0.0,0.0,4.0,34.83,0.0,0.0,2024-01-19
ecom_007737,0,0.0,1.0,162.0,0.0,1.0,0.0,2024-01-17
ecom_005516,0,0.0,0.0,118.0,15.17,1.0,0.0,2024-01-28
ecom_005246,0,0.0,1.0,16.0,53.7,0.0,0.0,2024-01-29
ecom_000866,1,0.0,2.0,167.0,15.31,1.0,0.0,2024-01-19
ecom_004447,0,0.0,2.0,69.0,16.88,1.0,0.0,2024-01-07
ecom_005071,1,0.0,2.0,124.0,0.0,1.0,1.0,2024-01-16
ecom_004881,1,0.0,0.0,88.0,0.0,1.0,0.0,2024-01-24
ecom_009510,1,0.0,2.0,109.0,54.17,1.0,0.0,2024-01-27
ecom_003002,1,0.0,0.0,185.0,356.71,1.0,0.0,2024-01-15
ecom_002225,1,0.0,2.0,3.0,17.79,0.0,0.0,2024-01-29
ecom_009056,0,0.0,0.0,35.0,19.77,1.0,0.0,2024-01-29
ecom_004826,1,0.0,2.0,38.0,20.41,1.0,1.0,2024-01-24
ecom_007621,0,0.0,2.0,19.0,17.82,0.0,0.0,2024-01-15
ecom_009689,1,0.0,0.0,3.0,42.09,0.0,0.0,2024-01-18
ecom_005500,1,0.0,1.0,162.0,556.56,1.0,0.0,2024-01-12
ecom_009700,1,0.0,1.0,1.0,0.0,0.0,1.0,2024-01-05
ecom_008478,0,0.0,2.0,112.0,65.19,1.0,0.0,2024-01-26
ecom_005502,0,0.0,0.0,218.0,14.39,1.0,0.0,2024-01-29
ecom_001210,1,0.0,2.0,40.0,32.55,1.0,0.0,2024-01-22
ecom_009083,0,0.0,0.0,73.0,90.45,0.0,0.0,2024-01-01
ecom_002288,1,0.0,2.0,1.0,31.13,0.0,0.0,2024-01-28
ecom_002183,0,0.0,0.0,2.0,51.69,0.0,0.0,2024-01-09
ecom_002862,1,1.0,1.0,35.0,0.0,1.0,0.0,2024-01-10
ecom_006861,1,0.0,0.0,1.0,76.12,0.0,0.0,2024-01-23
ecom_002362,0,0.0,2.0,60.0,49.52,0.0,0.0,2024-01-10
ecom_008463,1,0.0,2.0,80.0,39.41,1.0,0.0,2024-01-26
ecom_006332,0,0.0,1.0,16.0,0.0,0.0,0.0,2024-01-09
ecom_004064,0,0.0,2.0,169.0,54.82,1.0,0.0,2024-01-16
ecom_009546,0,0.0,2.0,9.0,32.52,0.0,0.0,2024-01-11
ecom_000617,0,0.0,2.0,50.0,11.42,1.0,0.0,2024-01-29
ecom_003281,1,0.0,0.0,49.0,0.0,1.0,0.0,2024-01-23
ecom_005226,0,0.0,2.0,3.0,0.0,0.0,0.0,2024-01-06
ecom_003397,1,0.0,2.0,41.0,34.68,1.0,0.0,2024-01-03
ecom_003065,0,0.0,2.0,28.0,23.63,0.0,0.0,2024-01-23
ecom_000766,0,0.0,0.0,71.0,0.0,1.0,0.0,2024-01-04
ecom_007078,0,0.0,2.0,55.0,0.0,1.0,0.0,2024-01-19
ecom_005279,1,0.0,0.0,29.0,28.96,1.0,0.0,2024-01-23
ecom_004149,1,0.0,1.0,26.0,0.0,0.0,0.0,2024-01-25
ecom_001144,1,0.0,2.0,71.0,0.0,1.0,0.0,2024-01-17
ecom_004248,1,0.0,1.0,3.0,10.68,0.0,0.0,2024-01-12
ecom_004110,1,0.0,1.0,75.0,33.68,0.0,0.0,2024-01-12
ecom_000462,1,0.0,2.0,8.0,0.0,0.0,0.0,2024-01-12
ecom_002932,0,0.0,2.0,53.0,55.22,1.0,0.0,2024-01-27
ecom_004623,1,0.0,0.0,150.0,103.39,1.0,0.0,2024-01-03
ecom_003813,0,0.0,2.0,9.0,0.0,1.0,0.0,2024-01-30
ecom_006308,0,0.0,2.0,63.0,36.06,1.0,0.0,2024-01-25
ecom_004341,1,0.0,2.0,3.0,47.79,0.0,0.0,2024-01-13
ecom_005300,0,0.0,1.0,70.0,0.0,1.0,0.0,2024-01-19
ecom_006804,0,0.0,2.0,243.0,86.21,1.0,0.0,2024-01-12
ecom_003282,0,0.0,1.0,19.0,0.0,1.0,0.0,2024-01-05
ecom_002574,1,0.0,1.0,6.0,332.89,0.0,0.0,2024-01-02
ecom_007961,0,1.0,2.0,84.0,37.37,1.0,0.0,2024-01-30
ecom_007879,0,0.0,2.0,20.0,29.65,0.0,0.0,2024-01-03
ecom_000828,0,0.0,2.0,32.0,23.07,0.0,0.0,2024-01-29
ecom_006486,0,0.0,2.0,27.0,0.0,0.0,0.0,2024-01-04
ecom_007599,0,0.0,0.0,78.0,31.69,1.0,0.0,2024-01-06
ecom_002540,1,0.0,2.0,88.0,10.55,0.0,0.0,2024-01-23
ecom_005746,1,0.0,2.0,34.0,8.64,1.0,0.0,2024-01-24
ecom_008526,0,0.0,0.0,10.0,16.97,0.0,0.0,2024-01-30
ecom_009566,0,0.0,0.0,7.0,30.82,1.0,0.0,2024-01-24
ecom_003742,1,0.0,2.0,35.0,0.0,1.0,0.0,2024-01-03
ecom_007498,1,0.0,1.0,62.0,34.95,1.0,0.0,2024-01-28
ecom_003524,0,0.0,0.0,25.0,67.74,0.0,0.0,2024-01-23
ecom_000020,0,0.0,1.0,30.0,52.6,0.0,0.0,2024-01-04
ecom_001915,1,0.0,2.0,15.0,86.25,0.0,0.0,2024-01-06
ecom_006571,1,1.0,2.0,71.0,14.45,1.0,0.0,2024-01-04
ecom_009018,1,0.0,2.0,6.0,20.57,0.0,0.0,2024-01-17
ecom_002012,1,0.0,0.0,34.0,40.67,1.0,0.0,2024-01-17
ecom_005405,0,0.0,2.0,43.0,31.56,1.0,0.0,2024-01-15
ecom_001295,0,0.0,2.0,39.0,108.86,0.0,0.0,2024-01-22
ecom_003745,0,0.0,0.0,8.0,18.55,0.0,0.0,2024-01-01
ecom_000591,0,0.0,1.0,191.0,22.13,1.0,0.0,2024-01-18
ecom_001406,1,0.0,0.0,10.0,77.94,0.0,0.0,2024-01-12
ecom_000221,1,1.0,1.0,75.0,22.13,0.0,1.0,2024-01-04
ecom_005617,1,0.0,2.0,15.0,43.11,0.0,0.0,2024-01-17
ecom_006248,1,0.0,0.0,32.0,25.52,1.0,0.0,2024-01-07
ecom_004418,0,0.0,0.0,59.0,11.0,1.0,0.0,2024-01-05
ecom_000858,0,0.0,0.0,32.0,74.8,0.0,1.0,2024-01-10
ecom_001783,1,0.0,0.0,32.0,52.01,1.0,0.0,2024-01-01
ecom_007259,0,0.0,2.0,108.0,19.43,1.0,0.0,2024-01-01
ecom_006856,0,0.0,2.0,133.0,40.09,1.0,0.0,2024-01-27
ecom_001954,1,0.0,0.0,80.0,55.02,1.0,0.0,2024-01-08
ecom_001746,0,0.0,2.0,10.0,23.1,0.0,0.0,2024-01-17
ecom_003132,1,0.0,2.0,246.0,0.0,1.0,0.0,2024-01-12
ecom_008036,1,1.0,2.0,89.0,22.76,1.0,0.0,2024-01-03
ecom_008850,1,0.0,1.0,38.0,81.21,1.0,0.0,2024-01-26
ecom_000994,1,0.0,0.0,27.0,36.88,0.0,0.0,2024-01-12
ecom_006108,1,0.0,1.0,291.0,18.2,0.0,0.0,2024-01-15
ecom_000730,1,0.0,1.0,53.0,0.0,1.0,0.0,2024-01-15
ecom_006974,1,1.0,0.0,18.0,16.07,0.0,1.0,2024-01-29
ecom_006273,0,0.0,0.0,17.0,67.03,0.0,0.0,2024-01-18
ecom_006751,1,0.0,2.0,328.0,28.32,1.0,0.0,2024-01-29
ecom_003509,0,0.0,1.0,34.0,12.34,1.0,0.0,2024-01-17
ecom_003533,1,0.0,2.0,44.0,24.29,1.0,0.0,2024-01-25
ecom_002513,1,1.0,1.0,72.0,94.28,1.0,0.0,2024-01-02
ecom_005436,1,0.0,0.0,50.0,31.72,1.0,0.0,2024-01-07
ecom_003625,0,0.0,2.0,9.0,46.85,0.0,0.0,2024-01-25
ecom_000465,1,0.0,0.0,137.0,29.53,1.0,0.0,2024-01-05
ecom_006755,1,0.0,0.0,35.0,0.0,1.0,0.0,2024-01-28
ecom_006759,0,0.0,0.0,84.0,30.02,1.0,0.0,2024-01-15
ecom_007991,0,0.0,2.0,1.0,26.96,1.0,0.0,2024-01-18
ecom_000157,0,0.0,1.0,4.0,0.0,0.0,0.0,2024-01-09
ecom_003960,0,0.0,0.0,49.0,244.55,1.0,0.0,2024-01-19
ecom_008832,1,0.0,0.0,13.0,30.99,0.0,0.0,2024-01-16
ecom_005470,1,0.0,2.0,59.0,29.88,1.0,0.0,2024-01-04
ecom_000185,1,0.0,2.0,12.0,0.0,0.0,0.0,2024-01-09
ecom_001002,1,0.0,2.0,219.0,168.87,1.0,0.0,2024-01-23
ecom_009508,1,0.0,2.0,8.0,85.25,0.0,0.0,2024-01-15
ecom_005623,0,1.0,2.0,29.0,75.83,0.0,0.0,2024-01-12
ecom_000400,1,0.0,0.0,114.0,24.45,0.0,0.0,2024-01-25
ecom_006240,0,0.0,2.0,6.0,156.06,0.0,0.0,2024-01-23
ecom_008940,1,0.0,0.0,45.0,40.0,0.0,0.0,2024-01-19
ecom_009932,0,0.0,1.0,59.0,6.81,1.0,1.0,2024-01-18
ecom_007342,0,0.0,2.0,41.0,31.51,1.0,0.0,2024-01-17
ecom_009832,1,0.0,1.0,1.0,19.81,0.0,0.0,2024-01-26
ecom_008466,1,0.0,0.0,2.0,39.22,0.0,0.0,2024-01-09
ecom_008756,0,0.0,0.0,39.0,23.48,1.0,0.0,2024-01-22
ecom_007958,1,0.0,1.0,47.0,0.0,1.0,1.0,2024-01-25
ecom_001250,1,0.0,1.0,87.0,36.3,1.0,0.0,2024-01-24
ecom_003143,1,0.0,1.0,110.0,107.55,1.0,1.0,2024-01-14
ecom_007430,0,0.0,2.0,18.0,0.0,0.0,0.0,2024-01-23
ecom_000059,0,0.0,2.0,17.0,0.0,1.0,0.0,2024-01-03
ecom_007855,0,0.0,0.0,267.0,0.0,1.0,0.0,2024-01-10
ecom_001113,1,0.0,2.0,11.0,55.99,0.0,0.0,2024-01-22
ecom_003057,1,0.0,2.0,105.0,36.45,1.0,0.0,2024-01-14
ecom_009569,1,1.0,0.0,134.0,16.67,0.0,0.0,2024-01-14
ecom_001328,0,0.0,1.0,12.0,43.44,0.0,0.0,2024-01-04
ecom_004995,0,0.0,0.0,78.0,38.57,1.0,0.0,2024-01-03
ecom_006682,1,1.0,0.0,40.0,22.01,1.0,0.0,2024-01-17
ecom_002072,0,0.0,0.0,28.0,0.0,0.0,0.0,2024-01-29
ecom_004793,0,0.0,0.0,1.0,22.58,1.0,0.0,2024-01-01
ecom_006829,0,0.0,2.0,9.0,0.0,0.0,0.0,2024-01-02
ecom_009629,1,0.0,0.0,382.0,16.61,1.0,0.0,2024-01-23
ecom_008218,1,0.0,0.0,42.0,0.0,1.0,0.0,2024-01-01
ecom_007567,1,0.0,2.0,16.0,0.0,0.0,0.0,2024-01-25
ecom_005922,1,1.0,1.0,68.0,338.37,1.0,0.0,2024-01-13
ecom_001550,0,0.0,0.0,13.0,35.05,0.0,0.0,2024-01-25
ecom_001009,1,0.0,0.0,1.0,16.15,0.0,0.0,2024-01-04
ecom_003755,1,0.0,0.0,34.0,106.27,1.0,0.0,2024-01-17
ecom_008681,0,0.0,0.0,64.0,31.12,1.0,0.0,2024-01-23
ecom_009342,0,0.0,0.0,11.0,61.35,0.0,0.0,2024-01-12
ecom_008009,1,0.0,2.0,45.0,14.34,1.0,0.0,2024-01-08
ecom_003860,1,0.0,2.0,13.0,0.0,0.0,0.0,2024-01-30
ecom_003148,0,0.0,0.0,14.0,12.71,0.0,0.0,2024-01-01
ecom_002519,0,0.0,2.0,10.0,13.13,0.0,0.0,2024-01-15
ecom_003127,0,0.0,2.0,4.0,12.65,0.0,0.0,2024-01-29
ecom_009084,1,1.0,0.0,6.0,63.35,0.0,0.0,2024-01-24
ecom_005316,1,0.0,0.0,19.0,62.43,0.0,0.0,2024-01-21
ecom_001195,1,0.0,2.0,1.0,0.0,0.0,0.0,2024-01-21
ecom_009050,0,0.0,1.0,36.0,0.0,1.0,0.0,2024-01-08
ecom_000879,0,0.0,1.0,49.0,83.63,0.0,0.0,2024-01-19
ecom_006989,1,0.0,2.0,7.0,23.34,0.0,0.0,2024-01-06
ecom_002487,0,0.0,0.0,99.0,20.79,1.0,0.0,2024-01-17
ecom_002840,0,0.0,2.0,115.0,50.49,1.0,0.0,2024-01-10
ecom_004329,0,0.0,2.0,62.0,14.98,1.0,0.0,2024-01-20
ecom_002930,0,0.0,2.0,40.0,16.0,1.0,0.0,2024-01-18
ecom_006424,0,0.0,0.0,222.0,4.56,1.0,0.0,2024-01-14
ecom_002485,1,0.0,0.0,88.0,114.18,1.0,0.0,2024-01-23
ecom_005747,0,0.0,2.0,212.0,28.03,1.0,0.0,2024-01-15
ecom_000883,0,0.0,2.0,3.0,29.25,0.0,0.0,2024-01-29
ecom_004914,0,0.0,2.0,41.0,0.0,1.0,0.0,2024-01-30
ecom_006210,1,0.0,2.0,9.0,0.0,0.0,0.0,2024-01-25
ecom_009578,0,0.0,2.0,2.0,0.0,0.0,0.0,2024-01-10
ecom_000211,0,0.0,1.0,9.0,33.58,0.0,0.0,2024-01-05
ecom_002275,0,0.0,1.0,28.0,21.48,0.0,0.0,2024-01-17
ecom_002328,1,0.0,0.0,43.0,25.75,1.0,0.0,2024-01-30
ecom_004950,1,0.0,2.0,19.0,13.69,0.0,0.0,2024-01-23
ecom_003319,1,0.0,0.0,12.0,18.9,0.0,0.0,2024-01-08
ecom_009834,0,0.0,1.0,70.0,29.64,1.0,0.0,2024-01-30
ecom_004607,1,1.0,0.0,281.0,21.93,0.0,0.0,2024-01-26
ecom_001438,1,0.0,1.0,2.0,52.29,0.0,0.0,2024-01-30
ecom_000467,0,0.0,2.0,137.0,0.0,1.0,0.0,2024-01-27
ecom_005466,0,0.0,0.0,3.0,18.17,0.0,0.0,2024-01-29
ecom_003329,1,0.0,0.0,7.0,20.43,0.0,0.0,2024-01-23
ecom_005828,0,0.0,0.0,32.0,40.69,1.0,1.0,2024-01-09
ecom_008607,0,0.0,1.0,231.0,24.77,1.0,0.0,2024-01-17
ecom_000696,1,0.0,2.0,89.0,174.72,1.0,0.0,2024-01-03
ecom_007267,1,0.0,1.0,136.0,0.0,1.0,0.0,2024-01-05
ecom_009144,1,0.0,2.0,70.0,138.46,1.0,0.0,2024-01-10
ecom_008180,1,0.0,1.0,30.0,30.79,0.0,1.0,2024-01-18
ecom_009938,0,0.0,2.0,60.0,46.27,1.0,0.0,2024-01-26
ecom_001314,0,0.0,2.0,167.0,18.97,1.0,0.0,2024-01-25
ecom_002301,1,0.0,2.0,111.0,97.54,1.0,0.0,2024-01-30
ecom_002039,0,0.0,2.0,97.0,92.18,1.0,0.0,2024-01-02
ecom_007108,1,0.0,0.0,36.0,92.7,1.0,0.0,2024-01-05
ecom_003666,1,0.0,1.0,58.0,29.67,0.0,1.0,2024-01-01
ecom_000914,1,0.0,1.0,26.0,0.0,0.0,0.0,2024-01-27
ecom_000012,0,0.0,2.0,34.0,55.77,1.0,0.0,2024-01-25
ecom_008583,0,1.0,1.0,27.0,0.0,0.0,0.0,2024-01-26
ecom_006427,1,1.0,0.0,89.0,0.0,1.0,0.0,2024-01-05
ecom_001536,1,0.0,0.0,12.0,0.0,0.0,0.0,2024-01-19
ecom_000736,0,0.0,0.0,17.0,16.62,0.0,0.0,2024-01-16
ecom_008201,1,0.0,2.0,112.0,95.42,1.0,0.0,2024-01-09
ecom_008652,0,0.0,2.0,41.0,256.91,1.0,0.0,2024-01-24
ecom_000453,0,0.0,2.0,125.0,40.63,1.0,0.0,2024-01-02
ecom_004345,1,0.0,0.0,14.0,0.0,0.0,0.0,2024-01-07
ecom_000927,0,0.0,0.0,2.0,107.39,0.0,0.0,2024-01-05
ecom_006291,1,0.0,0.0,40.0,13.81,1.0,0.0,2024-01-06
ecom_008281,0,0.0,0.0,12.0,25.14,0.0,0.0,2024-01-03
ecom_008722,0,0.0,1.0,49.0,21.1,0.0,0.0,2024-01-12
ecom_006473,1,0.0,0.0,96.0,23.76,1.0,0.0,2024-01-14
ecom_000037,1,1.0,1.0,20.0,54.63,0.0,0.0,2024-01-29
ecom_005770,1,1.0,0.0,31.0,19.49,1.0,0.0,2024-01-01
ecom_002554,1,0.0,2.0,28.0,0.0,0.0,0.0,2024-01-27
ecom_007632,1,0.0,2.0,13.0,0.0,0.0,0.0,2024-01-17
ecom_009998,1,0.0,1.0,3.0,29.94,0.0,0.0,2024-01-10
ecom_006620,0,0.0,2.0,63.0,10.4,1.0,0.0,2024-01-04
ecom_000940,1,0.0,2.0,172.0,0.0,1.0,0.0,2024-01-17
ecom_007398,0,0.0,0.0,64.0,17.9,1.0,0.0,2024-01-14
ecom_006128,1,1.0,0.0,74.0,0.0,1.0,1.0,2024-01-18
ecom_009829,1,0.0,0.0,9.0,65.83,0.0,0.0,2024-01-12
ecom_002680,1,0.0,0.0,141.0,13.81,1.0,0.0,2024-01-11
ecom_004354,0,0.0,2.0,59.0,88.67,1.0,0.0,2024-01-10
ecom_003058,1,0.0,0.0,168.0,0.0,1.0,0.0,2024-01-01
ecom_007880,1,0.0,0.0,26.0,0.0,0.0,0.0,2024-01-27
ecom_000738,1,0.0,2.0,25.0,49.99,0.0,0.0,2024-01-16
ecom_000538,0,0.0,2.0,32.0,52.97,1.0,0.0,2024-01-16
ecom_003325,0,0.0,1.0,12.0,47.35,0.0,0.0,2024-01-12
ecom_004239,1,0.0,2.0,28.0,129.7,1.0,0.0,2024-01-09
ecom_001400,1,0.0,2.0,101.0,90.55,0.0,0.0,2024-01-16
ecom_004046,0,0.0,2.0,218.0,47.51,0.0,0.0,2024-01-10
ecom_005137,0,0.0,0.0,6.0,32.58,0.0,0.0,2024-01-13
ecom_004229,0,0.0,0.0,37.0,0.0,1.0,0.0,2024-01-08
ecom_004191,0,0.0,0.0,7.0,40.22,0.0,0.0,2024-01-23
ecom_009142,1,0.0,1.0,52.0,27.28,1.0,0.0,2024-01-27
ecom_005538,1,0.0,1.0,75.0,0.0,0.0,0.0,2024-01-29
ecom_002692,1,0.0,0.0,7.0,394.43,0.0,0.0,2024-01-12
ecom_005340,0,0.0,2.0,6.0,49.93,0.0,0.0,2024-01-10
ecom_009917,0,0.0,0.0,1.0,85.29,0.0,0.0,2024-01-05
ecom_007670,1,0.0,2.0,17.0,14.21,0.0,0.0,2024-01-08
ecom_009173,1,0.0,0.0,20.0,13.06,0.0,0.0,2024-01-25
ecom_001807,0,0.0,1.0,21.0,36.77,0.0,0.0,2024-01-04
ecom_005111,1,0.0,0.0,3.0,56.83,0.0,1.0,2024-01-18
ecom_003989,0,0.0,1.0,73.0,0.0,1.0,0.0,2024-01-06
ecom_003455,0,0.0,2.0,1.0,0.0,0.0,0.0,2024-01-14
ecom_002907,0,0.0,0.0,61.0,57.08,1.0,0.0,2024-01-09
ecom_006651,1,0.0,1.0,117.0,9.81,1.0,1.0,2024-01-12
ecom_008287,0,0.0,0.0,13.0,19.16,0.0,0.0,2024-01-08
ecom_006244,0,0.0,0.0,18.0,134.05,0.0,0.0,2024-01-10
ecom_002697,1,0.0,2.0,62.0,18.77,1.0,0.0,2024-01-15
ecom_004016,1,0.0,0.0,10.0,0.0,0.0,0.0,2024-01-22
ecom_004339,1,0.0,0.0,35.0,12.01,0.0,0.0,2024-01-26
ecom_004645,0,0.0,2.0,177.0,0.0,1.0,0.0,2024-01-05
ecom_007739,0,0.0,0.0,81.0,0.0,0.0,0.0,2024-01-19
ecom_007091,1,0.0,1.0,41.0,42.87,1.0,0.0,2024-01-18
ecom_004692,1,0.0,2.0,40.0,51.33,1.0,0.0,2024-01-14
ecom_001739,1,0.0,1.0,40.0,17.93,1.0,0.0,2024-01-13
ecom_005406,1,1.0,0.0,8.0,0.0,0.0,0.0,2024-01-03
ecom_004588,0,0.0,0.0,13.0,4.58,0.0,0.0,2024-01-21
ecom_003125,0,0.0,1.0,8.0,21.36,0.0,0.0,2024-01-08
ecom_002157,0,0.0,2.0,2.0,27.92,0.0,0.0,2024-01-18
ecom_005333,1,0.0,2.0,12.0,47.61,0.0,0.0,2024-01-03
ecom_008636,1,0.0,1.0,2.0,67.97,0.0,0.0,2024-01-01
ecom_001825,0,1.0,1.0,27.0,68.94,0.0,0.0,2024-01-28
ecom_004230,1,0.0,1.0,65.0,9.34,1.0,0.0,2024-01-10
ecom_003487,1,0.0,2.0,104.0,0.0,1.0,0.0,2024-01-09
ecom_009053,1,0.0,2.0,37.0,27.58,1.0,1.0,2024-01-03
ecom_009768,1,0.0,0.0,68.0,13.98,1.0,0.0,2024-01-02
ecom_003647,1,0.0,0.0,63.0,26.87,0.0,1.0,2024-01-05
ecom_005902,1,0.0,2.0,62.0,31.54,1.0,0.0,2024-01-29
ecom_006385,1,0.0,0.0,42.0,8.16,1.0,0.0,2024-01-27
ecom_005638,1,0.0,2.0,427.0,0.0,1.0,0.0,2024-01-09
ecom_006423,0,0.0,2.0,39.0,22.29,1.0,0.0,2024-01-21
ecom_007826,0,0.0,0.0,15.0,30.07,0.0,0.0,2024-01-22
ecom_007743,1,1.0,0.0,70.0,18.45,1.0,0.0,2024-01-19
ecom_003012,1,0.0,0.0,70.0,42.33,1.0,0.0,2024-01-10
ecom_007671,0,0.0,1.0,18.0,18.12,1.0,0.0,2024-01-24
ecom_009548,1,0.0,2.0,11.0,10.9,0.0,0.0,2024-01-08
ecom_009977,1,0.0,2.0,37.0,29.74,1.0,0.0,2024-01-26
ecom_003080,0,0.0,0.0,185.0,19.53,1.0,0.0,2024-01-28
ecom_003520,0,1.0,1.0,24.0,27.41,0.0,0.0,2024-01-29
ecom_004978,1,0.0,2.0,61.0,0.0,1.0,0.0,2024-01-24
ecom_007619,1,0.0,0.0,232.0,0.0,0.0,1.0,2024-01-10
ecom_004347,1,0.0,0.0,5.0,31.1,0.0,0.0,2024-01-09
ecom_008440,1,0.0,2.0,9.0,41.94,0.0,0.0,2024-01-08
ecom_001346,0,0.0,1.0,81.0,16.18,1.0,0.0,2024-01-04
ecom_007087,1,0.0,0.0,170.0,15.51,1.0,0.0,2024-01-07
ecom_008947,1,0.0,0.0,42.0,0.0,1.0,0.0,2024-01-01
ecom_005651,1,0.0,0.0,185.0,156.92,1.0,0.0,2024-01-12
ecom_008081,1,0.0,0.0,46.0,0.0,1.0,0.0,2024-01-22
ecom_001791,0,0.0,1.0,26.0,0.0,0.0,1.0,2024-01-03
ecom_007428,0,0.0,2.0,10.0,22.73,0.0,0.0,2024-01-01
ecom_009579,1,0.0,1.0,135.0,18.97,1.0,1.0,2024-01-14
ecom_009959,1,0.0,1.0,53.0,27.61,1.0,0.0,2024-01-05
ecom_002270,1,0.0,1.0,79.0,56.27,1.0,1.0,2024-01-26
ecom_009766,0,0.0,0.0,123.0,18.04,1.0,1.0,2024-01-18
ecom_002955,1,0.0,0.0,57.0,18.49,1.0,0.0,2024-01-11
ecom_003443,1,0.0,2.0,28.0,11.94,1.0,0.0,2024-01-26
ecom_007735,0,0.0,0.0,2.0,25.33,1.0,0.0,2024-01-30
ecom_000833,0,0.0,0.0,172.0,17.44,1.0,0.0,2024-01-01
ecom_006498,1,0.0,2.0,139.0,0.0,0.0,0.0,2024-01-04
ecom_002991,0,0.0,0.0,64.0,27.58,1.0,0.0,2024-01-13
ecom_007792,1,0.0,0.0,27.0,18.33,0.0,0.0,2024-01-25
ecom_002150,0,0.0,1.0,82.0,0.0,0.0,0.0,2024-01-13
ecom_004022,1,0.0,2.0,16.0,41.0,0.0,0.0,2024-01-08
ecom_007614,1,0.0,2.0,23.0,35.91,0.0,0.0,2024-01-19
ecom_006123,0,0.0,0.0,90.0,54.99,1.0,0.0,2024-01-09
ecom_003338,1,0.0,1.0,17.0,27.5,0.0,0.0,2024-01-23
ecom_004343,0,0.0,0.0,14.0,33.56,0.0,0.0,2024-01-02
ecom_004463,0,0.0,1.0,146.0,24.99,1.0,0.0,2024-01-09
ecom_002375,1,0.0,0.0,331.0,0.0,1.0,0.0,2024-01-27
ecom_009043,0,0.0,2.0,51.0,14.95,1.0,0.0,2024-01-03
ecom_005570,0,0.0,0.0,182.0,0.0,1.0,0.0,2024-01-05
ecom_008598,1,0.0,0.0,117.0,12.27,1.0,1.0,2024-01-30
ecom_008503,1,0.0,0.0,56.0,22.45,1.0,1.0,2024-01-13
ecom_008879,1,0.0,0.0,129.0,11.7,0.0,0.0,2024-01-19
ecom_001886,1,0.0,2.0,23.0,9.21,0.0,0.0,2024-01-07
ecom_001197,0,0.0,0.0,28.0,86.8,0.0,0.0,2024-01-10
ecom_006426,0,0.0,1.0,12.0,63.78,0.0,0.0,2024-01-07
ecom_008910,0,0.0,1.0,24.0,0.0,1.0,0.0,2024-01-02
ecom_002935,0,0.0,2.0,141.0,31.22,1.0,0.0,2024-01-26
ecom_006341,0,0.0,0.0,12.0,0.0,0.0,0.0,2024-01-30
ecom_001429,0,0.0,2.0,25.0,62.49,0.0,0.0,2024-01-14
ecom_006306,0,0.0,2.0,75.0,13.02,1.0,0.0,2024-01-21
ecom_003649,0,0.0,2.0,34.0,91.84,1.0,0.0,2024-01-30
ecom_001937,1,0.0,1.0,40.0,58.45,1.0,0.0,2024-01-06
ecom_005171,0,0.0,2.0,2.0,100.74,1.0,0.0,2024-01-11
ecom_007763,1,0.0,2.0,49.0,10.17,1.0,1.0,2024-01-13
ecom_006392,1,0.0,2.0,93.0,12.86,1.0,0.0,2024-01-15
ecom_001153,1,0.0,2.0,71.0,62.38,1.0,0.0,2024-01-19
ecom_006249,1,0.0,2.0,11.0,23.3,0.0,0.0,2024-01-18
ecom_007036,0,0.0,2.0,124.0,22.27,1.0,0.0,2024-01-02
ecom_004228,1,0.0,1.0,24.0,0.0,0.0,0.0,2024-01-12
ecom_004974,0,0.0,2.0,29.0,47.83,0.0,0.0,2024-01-19
ecom_006400,1,0.0,0.0,16.0,69.44,0.0,0.0,2024-01-16
ecom_003639,0,0.0,2.0,26.0,95.38,0.0,0.0,2024-01-18
ecom_003971,1,0.0,1.0,8.0,0.0,0.0,0.0,2024-01-28
ecom_009593,0,0.0,1.0,11.0,0.0,1.0,0.0,2024-01-03
ecom_003375,0,0.0,0.0,1.0,34.95,1.0,0.0,2024-01-08
ecom_002486,1,0.0,0.0,38.0,0.0,1.0,1.0,2024-01-22
ecom_006953,1,0.0,1.0,277.0,60.89,1.0,0.0,2024-01-15
ecom_000605,0,0.0,1.0,56.0,24.46,1.0,0.0,2024-01-14
ecom_007443,0,0.0,2.0,8.0,0.0,0.0,0.0,2024-01-23
ecom_005927,1,0.0,2.0,33.0,130.27,1.0,0.0,2024-01-25
ecom_002453,0,0.0,1.0,64.0,25.98,1.0,0.0,2024-01-30
ecom_003608,0,0.0,0.0,13.0,79.8,0.0,0.0,2024-01-13
ecom_001483,0,0.0,0.0,32.0,0.0,1.0,0.0,2024-01-25
ecom_004518,1,0.0,2.0,16.0,69.1,0.0,1.0,2024-01-12
ecom_003037,1,1.0,0.0,29.0,99.23,0.0,0.0,2024-01-09
ecom_009351,1,0.0,0.0,41.0,44.46,1.0,0.0,2024-01-21
ecom_007691,1,0.0,0.0,2.0,31.53,0.0,0.0,2024-01-19
ecom_004115,0,0.0,2.0,1.0,17.29,0.0,0.0,2024-01-04
ecom_001426,0,0.0,2.0,24.0,37.25,0.0,0.0,2024-01-03
ecom_000496,1,0.0,1.0,125.0,0.0,1.0,0.0,2024-01-07
ecom_003352,1,0.0,0.0,138.0,94.0,1.0,0.0,2024-01-06
ecom_008793,1,0.0,2.0,71.0,272.96,1.0,0.0,2024-01-24
ecom_000758,1,0.0,2.0,17.0,0.0,0.0,0.0,2024-01-01
ecom_000837,0,0.0,0.0,23.0,44.61,0.0,0.0,2024-01-11
ecom_004326,1,0.0,2.0,1.0,27.91,0.0,0.0,2024-01-08
ecom_002127,0,0.0,2.0,23.0,18.12,0.0,0.0,2024-01-04
ecom_001022,1,1.0,0.0,109.0,64.87,1.0,0.0,2024-01-06
ecom_008761,0,0.0,2.0,48.0,0.0,1.0,0.0,2024-01-18
ecom_005613,1,0.0,2.0,1.0,49.17,0.0,0.0,2024-01-15
ecom_005580,1,0.0,1.0,18.0,0.0,0.0,0.0,2024-01-09
ecom_001057,0,0.0,2.0,4.0,26.27,1.0,1.0,2024-01-17
ecom_009541,1,0.0,2.0,115.0,15.39,1.0,0.0,2024-01-06
ecom_006855,1,0.0,1.0,172.0,0.0,1.0,1.0,2024-01-19
ecom_007348,1,0.0,2.0,1.0,10.19,0.0,1.0,2024-01-04
ecom_009044,1,0.0,0.0,130.0,55.44,1.0,0.0,2024-01-16
ecom_002128,0,0.0,0.0,53.0,38.82,1.0,0.0,2024-01-09
ecom_002766,1,0.0,0.0,30.0,76.78,0.0,0.0,2024-01-18
ecom_002108,1,0.0,2.0,21.0,16.37,0.0,0.0,2024-01-21
ecom_003616,1,0.0,1.0,94.0,11.65,1.0,1.0,2024-01-17
ecom_001544,0,0.0,0.0,85.0,8.72,1.0,0.0,2024-01-24
ecom_006913,1,0.0,2.0,31.0,33.58,1.0,0.0,2024-01-29
ecom_001718,1,1.0,0.0,15.0,27.47,0.0,0.0,2024-01-02
ecom_007434,0,0.0,2.0,57.0,16.1,1.0,0.0,2024-01-10
ecom_007364,1,0.0,1.0,69.0,18.76,1.0,0.0,2024-01-07
ecom_006234,1,0.0,0.0,5.0,69.66,0.0,0.0,2024-01-25
ecom_000724,0,1.0,2.0,16.0,0.0,0.0,1.0,2024-01-12
ecom_006672,1,0.0,0.0,5.0,26.35,0.0,0.0,2024-01-25
ecom_008028,0,0.0,2.0,27.0,0.0,0.0,0.0,2024-01-17
ecom_005491,1,0.0,0.0,27.0,9.64,0.0,0.0,2024-01-30
ecom_001127,0,0.0,2.0,62.0,0.0,1.0,0.0,2024-01-11
ecom_002956,0,0.0,1.0,277.0,79.59,1.0,0.0,2024-01-10
ecom_005155,1,1.0,2.0,46.0,0.0,1.0,0.0,2024-01-16
ecom_004816,1,0.0,1.0,21.0,0.0,1.0,0.0,2024-01-08
ecom_006201,1,0.0,0.0,45.0,0.0,1.0,0.0,2024-01-11
ecom_006223,1,0.0,2.0,54.0,25.59,1.0,0.0,2024-01-03
ecom_008685,1,0.0,2.0,21.0,51.16,0.0,0.0,2024-01-18
ecom_007113,1,0.0,2.0,9.0,112.8,0.0,0.0,2024-01-01
ecom_005274,1,0.0,2.0,88.0,10.42,1.0,0.0,2024-01-26
ecom_008535,1,0.0,0.0,10.0,104.68,0.0,0.0,2024-01-09
ecom_003043,0,0.0,2.0,26.0,11.03,0.0,0.0,2024-01-12
ecom_006911,0,0.0,1.0,23.0,44.52,0.0,0.0,2024-01-08
ecom_000149,0,0.0,0.0,33.0,30.59,1.0,0.0,2024-01-05
ecom_007573,1,0.0,2.0,51.0,14.18,1.0,0.0,2024-01-21
ecom_004205,0,0.0,1.0,100.0,19.64,0.0,0.0,2024-01-13
ecom_005492,0,0.0,0.0,17.0,42.17,0.0,0.0,2024-01-30
ecom_002689,0,0.0,0.0,50.0,44.94,0.0,0.0,2024-01-02
ecom_004220,0,0.0,2.0,68.0,15.05,1.0,0.0,2024-01-27
ecom_009101,0,0.0,2.0,67.0,0.0,1.0,0.0,2024-01-17
ecom_000841,0,0.0,1.0,50.0,148.22,1.0,0.0,2024-01-01
ecom_008136,0,0.0,0.0,22.0,8.5,0.0,1.0,2024-01-09
ecom_006437,0,0.0,0.0,56.0,30.7,1.0,0.0,2024-01-28
ecom_009699,0,0.0,1.0,55.0,0.0,1.0,0.0,2024-01-17
ecom_006199,1,0.0,0.0,19.0,0.0,0.0,0.0,2024-01-12
ecom_002794,0,0.0,0.0,15.0,39.58,0.0,0.0,2024-01-27
ecom_007625,1,0.0,0.0,53.0,44.49,1.0,0.0,2024-01-18
ecom_008474,1,0.0,0.0,69.0,30.21,1.0,1.0,2024-01-29
ecom_007889,0,0.0,1.0,171.0,89.37,1.0,0.0,2024-01-10
ecom_006607,0,0.0,1.0,47.0,0.0,1.0,1.0,2024-01-04
ecom_009194,0,0.0,1.0,20.0,229.57,0.0,0.0,2024-01-26
ecom_008247,0,0.0,0.0,1.0,9.01,0.0,0.0,2024-01-28
ecom_001392,0,0.0,0.0,45.0,17.95,1.0,0.0,2024-01-04
ecom_001921,1,0.0,1.0,84.0,39.12,1.0,0.0,2024-01-18
ecom_007018,0,0.0,2.0,109.0,38.16,1.0,0.0,2024-01-18
ecom_003621,0,0.0,2.0,3.0,55.93,0.0,0.0,2024-01-09
ecom_004848,1,0.0,2.0,104.0,14.91,1.0,0.0,2024-01-16
ecom_002291,1,0.0,0.0,39.0,0.0,1.0,0.0,2024-01-09
ecom_002133,1,0.0,1.0,82.0,0.0,1.0,0.0,2024-01-17
ecom_000550,0,0.0,2.0,101.0,11.66,0.0,0.0,2024-01-25
ecom_001740,1,0.0,2.0,52.0,20.89,1.0,0.0,2024-01-27
ecom_005289,0,0.0,2.0,117.0,14.75,1.0,0.0,2024-01-05
ecom_001817,0,0.0,2.0,25.0,24.14,1.0,0.0,2024-01-14
ecom_004698,0,0.0,0.0,14.0,17.14,0.0,1.0,2024-01-04
ecom_005181,0,0.0,2.0,45.0,10.89,1.0,0.0,2024-01-01
ecom_003018,0,1.0,2.0,64.0,0.0,1.0,0.0,2024-01-17
ecom_000017,0,0.0,0.0,49.0,53.34,1.0,0.0,2024-01-01
ecom_001770,1,0.0,1.0,24.0,119.09,0.0,0.0,2024-01-17
ecom_001888,0,0.0,0.0,1.0,0.0,0.0,0.0,2024-01-14
ecom_002152,0,0.0,0.0,53.0,27.5,1.0,0.0,2024-01-01
ecom_001642,1,0.0,2.0,33.0,20.2,1.0,0.0,2024-01-08
ecom_007846,0,0.0,2.0,69.0,19.48,1.0,1.0,2024-01-23
ecom_004193,1,0.0,2.0,15.0,115.48,0.0,0.0,2024-01-01
ecom_009432,0,0.0,0.0,56.0,0.0,1.0,0.0,2024-01-25
ecom_008898,0,0.0,2.0,19.0,72.53,0.0,0.0,2024-01-04
ecom_000533,0,0.0,2.0,42.0,10.0,1.0,0.0,2024-01-12
ecom_000132,0,0.0,2.0,26.0,12.06,0.0,0.0,2024-01-19
ecom_007722,1,0.0,0.0,189.0,70.43,1.0,0.0,2024-01-06
ecom_008458,1,0.0,2.0,278.0,0.0,1.0,0.0,2024-01-15
ecom_000964,0,0.0,2.0,30.0,12.84,0.0,0.0,2024-01-07
ecom_008719,0,0.0,1.0,30.0,10.48,0.0,1.0,2024-01-12
ecom_006412,0,0.0,1.0,19.0,0.0,0.0,0.0,2024-01-02
ecom_008285,1,0.0,0.0,1.0,51.78,0.0,0.0,2024-01-14
ecom_007853,1,0.0,2.0,4.0,74.43,1.0,0.0,2024-01-30
ecom_001095,1,0.0,0.0,10.0,32.51,1.0,0.0,2024-01-11
ecom_006929,1,0.0,0.0,43.0,10.41,1.0,0.0,2024-01-11
ecom_009254,1,0.0,2.0,100.0,90.99,1.0,0.0,2024-01-26
ecom_001561,1,0.0,2.0,23.0,156.96,0.0,0.0,2024-01-26
ecom_001670,0,0.0,0.0,31.0,106.46,1.0,0.0,2024-01-26
ecom_006087,1,0.0,1.0,10.0,69.82,1.0,0.0,2024-01-16
ecom_006669,0,0.0,2.0,45.0,22.85,1.0,0.0,2024-01-25
ecom_005933,1,0.0,1.0,85.0,115.18,1.0,1.0,2024-01-01
ecom_008829,0,0.0,0.0,1.0,83.38,0.0,0.0,2024-01-25
ecom_007945,1,0.0,1.0,29.0,6.76,0.0,0.0,2024-01-06
ecom_003508,1,0.0,0.0,51.0,12.96,1.0,0.0,2024-01-11
ecom_002002,1,0.0,0.0,42.0,37.86,1.0,0.0,2024-01-23
ecom_005866,0,0.0,1.0,3.0,30.99,0.0,0.0,2024-01-08
ecom_000168,1,0.0,0.0,32.0,24.09,1.0,0.0,2024-01-02
ecom_002588,0,0.0,1.0,15.0,0.0,0.0,0.0,2024-01-24
ecom_005905,1,0.0,2.0,135.0,127.96,1.0,0.0,2024-01-16
ecom_009529,0,0.0,1.0,83.0,42.23,1.0,1.0,2024-01-23
ecom_006384,0,0.0,0.0,37.0,0.0,1.0,0.0,2024-01-25
ecom_007824,0,0.0,1.0,20.0,0.0,0.0,0.0,2024-01-11
ecom_009779,0,0.0,0.0,65.0,20.12,1.0,0.0,2024-01-25
ecom_004629,1,0.0,2.0,76.0,17.71,1.0,0.0,2024-01-23
ecom_008560,1,0.0,0.0,38.0,54.56,1.0,0.0,2024-01-02
ecom_009291,0,0.0,0.0,21.0,66.87,0.0,0.0,2024-01-13
ecom_006874,0,0.0,0.0,69.0,16.26,0.0,0.0,2024-01-28
ecom_006521,1,0.0,2.0,111.0,22.47,1.0,0.0,2024-01-18
ecom_008979,1,0.0,2.0,158.0,27.39,1.0,0.0,2024-01-30
ecom_006647,1,0.0,0.0,93.0,50.98,1.0,0.0,2024-01-15
ecom_009825,0,0.0,2.0,34.0,10.76,1.0,0.0,2024-01-12
ecom_000210,1,0.0,0.0,111.0,18.69,0.0,0.0,2024-01-30
ecom_005278,0,0.0,0.0,126.0,38.97,1.0,0.0,2024-01-17
ecom_001919,0,0.0,1.0,14.0,11.68,0.0,0.0,2024-01-06
ecom_000718,0,0.0,2.0,52.0,33.31,1.0,0.0,2024-01-04
ecom_004868,0,0.0,2.0,30.0,31.84,0.0,0.0,2024-01-03
ecom_007834,0,0.0,1.0,79.0,42.69,1.0,0.0,2024-01-10
ecom_001298,1,0.0,2.0,96.0,20.86,1.0,0.0,2024-01-01
ecom_009193,0,0.0,2.0,25.0,0.0,0.0,0.0,2024-01-10
ecom_004617,0,0.0,0.0,167.0,20.58,1.0,1.0,2024-01-07
ecom_003128,0,0.0,2.0,80.0,126.18,1.0,0.0,2024-01-01
ecom_009795,1,0.0,0.0,162.0,0.0,1.0,0.0,2024-01-08
ecom_003979,1,0.0,0.0,23.0,50.86,0.0,0.0,2024-01-04
ecom_009924,1,0.0,0.0,24.0,14.59,1.0,0.0,2024-01-30
ecom_008317,1,0.0,2.0,195.0,49.81,1.0,0.0,2024-01-23
ecom_004393,0,1.0,0.0,96.0,10.28,1.0,0.0,2024-01-25
ecom_001287,1,0.0,0.0,282.0,0.0,1.0,0.0,2024-01-12
ecom_004355,1,0.0,2.0,64.0,21.11,1.0,0.0,2024-01-28
ecom_007013,1,0.0,0.0,84.0,0.0,1.0,0.0,2024-01-05
ecom_003885,0,0.0,2.0,12.0,0.0,0.0,0.0,2024-01-12
ecom_005749,1,0.0,0.0,298.0,115.49,1.0,0.0,2024-01-17
ecom_009169,0,0.0,0.0,20.0,0.0,0.0,0.0,2024-01-24
ecom_002407,0,0.0,2.0,140.0,30.01,1.0,0.0,2024-01-19
ecom_002013,1,0.0,0.0,35.0,39.96,1.0,0.0,2024-01-24
ecom_005153,1,0.0,0.0,45.0,8.86,1.0,0.0,2024-01-16
ecom_008551,1,0.0,1.0,16.0,43.38,0.0,0.0,2024-01-12
ecom_004376,1,0.0,0.0,98.0,28.02,1.0,0.0,2024-01-08
ecom_008822,0,0.0,2.0,68.0,0.0,1.0,0.0,2024-01-11
ecom_004273,0,0.0,2.0,95.0,119.48,1.0,0.0,2024-01-04
ecom_005825,0,0.0,0.0,4.0,0.0,0.0,0.0,2024-01-28
ecom_006699,0,1.0,2.0,6.0,25.06,0.0,0.0,2024-01-19
ecom_007243,1,1.0,2.0,143.0,0.0,1.0,0.0,2024-01-26
ecom_000449,0,0.0,2.0,15.0,28.61,0.0,0.0,2024-01-05
ecom_002227,1,0.0,1.0,48.0,20.06,1.0,0.0,2024-01-27
ecom_005756,1,0.0,0.0,39.0,24.04,1.0,1.0,2024-01-04
ecom_000810,0,0.0,0.0,14.0,43.01,0.0,0.0,2024-01-28
ecom_004180,0,0.0,0.0,30.0,39.66,0.0,0.0,2024-01-06
ecom_009000,0,0.0,1.0,91.0,45.18,1.0,0.0,2024-01-27
ecom_005438,1,0.0,0.0,32.0,0.0,0.0,0.0,2024-01-01
ecom_007533,0,0.0,0.0,21.0,23.73,0.0,0.0,2024-01-17
ecom_006369,0,0.0,2.0,157.0,16.23,1.0,0.0,2024-01-30
ecom_008416,0,0.0,1.0,240.0,65.26,1.0,0.0,2024-01-01
ecom_001477,1,0.0,2.0,59.0,34.29,1.0,0.0,2024-01-03
ecom_001790,1,0.0,2.0,22.0,0.0,0.0,0.0,2024-01-25
ecom_002008,1,0.0,1.0,33.0,32.17,1.0,0.0,2024-01-26
ecom_000682,0,0.0,2.0,8.0,9.55,0.0,0.0,2024-01-13
ecom_002816,1,0.0,2.0,4.0,25.09,0.0,0.0,2024-01-13
ecom_009431,0,0.0,2.0,66.0,0.0,1.0,0.0,2024-01-27
ecom_003774,1,0.0,1.0,55.0,42.92,0.0,0.0,2024-01-23
ecom_006495,0,0.0,2.0,17.0,34.7,0.0,0.0,2024-01-23
ecom_008878,1,0.0,0.0,20.0,43.87,0.0,0.0,2024-01-09
ecom_007361,1,0.0,1.0,9.0,14.57,0.0,0.0,2024-01-28
ecom_008366,1,0.0,2.0,54.0,69.59,1.0,0.0,2024-01-24
ecom_007474,0,0.0,0.0,8.0,0.0,0.0,0.0,2024-01-06
ecom_000046,0,0.0,1.0,11.0,21.68,0.0,1.0,2024-01-29
ecom_000030,0,0.0,0.0,363.0,0.0,1.0,0.0,2024-01-22
ecom_008250,1,0.0,1.0,15.0,0.0,0.0,0.0,2024-01-08
ecom_006935,1,0.0,0.0,28.0,43.61,0.0,0.0,2024-01-03
ecom_001468,1,1.0,2.0,159.0,27.23,0.0,0.0,2024-01-06
ecom_001665,0,0.0,2.0,28.0,92.53,0.0,0.0,2024-01-29
ecom_001416,1,0.0,1.0,29.0,28.94,1.0,0.0,2024-01-24
ecom_006480,1,0.0,0.0,7.0,105.7,0.0,0.0,2024-01-01
ecom_004852,1,0.0,1.0,2.0,0.0,0.0,0.0,2024-01-01
ecom_002470,1,0.0,0.0,51.0,45.45,1.0,0.0,2024-01-04
ecom_004373,0,0.0,1.0,64.0,40.07,1.0,0.0,2024-01-25
ecom_008524,0,0.0,1.0,45.0,31.2,1.0,0.0,2024-01-08
ecom_000429,0,0.0,2.0,37.0,87.32,1.0,0.0,2024-01-16
ecom_005244,1,0.0,0.0,26.0,0.0,0.0,0.0,2024-01-08
ecom_002119,0,0.0,2.0,57.0,0.0,1.0,0.0,2024-01-02
ecom_000385,1,1.0,0.0,69.0,24.62,0.0,0.0,2024-01-15
ecom_001945,1,0.0,2.0,18.0,46.19,0.0,0.0,2024-01-16
ecom_004224,1,0.0,0.0,79.0,8.9,1.0,0.0,2024-01-02
ecom_000473,1,0.0,2.0,13.0,92.96,0.0,0.0,2024-01-07
ecom_002129,1,1.0,0.0,81.0,44.79,1.0,0.0,2024-01-16
ecom_006556,0,0.0,0.0,22.0,0.0,0.0,0.0,2024-01-17
ecom_006998,0,0.0,0.0,28.0,105.33,0.0,0.0,2024-01-17
ecom_001055,0,0.0,0.0,15.0,15.49,0.0,0.0,2024-01-29
ecom_003274,1,0.0,0.0,50.0,106.42,1.0,0.0,2024-01-03
ecom_004961,0,0.0,2.0,13.0,48.53,0.0,0.0,2024-01-24
ecom_005363,1,0.0,1.0,35.0,67.47,1.0,0.0,2024-01-09
ecom_005816,1,0.0,0.0,8.0,0.0,0.0,0.0,2024-01-04
ecom_000811,0,0.0,2.0,106.0,24.36,1.0,0.0,2024-01-26
ecom_004573,1,0.0,2.0,39.0,27.74,1.0,0.0,2024-01-13
ecom_006137,0,0.0,2.0,44.0,19.82,1.0,0.0,2024-01-17
ecom_002388,1,0.0,2.0,26.0,55.77,0.0,0.0,2024-01-02
ecom_009648,0,0.0,0.0,8.0,35.9,0.0,0.0,2024-01-09
ecom_006225,0,0.0,2.0,20.0,8.5,0.0,0.0,2024-01-08
ecom_000111,0,0.0,0.0,111.0,9.63,1.0,0.0,2024-01-12
ecom_008909,1,0.0,2.0,89.0,9.9,1.0,0.0,2024-01-11
ecom_001745,1,0.0,2.0,1.0,0.0,0.0,0.0,2024-01-19
ecom_007851,0,0.0,2.0,1.0,101.37,1.0,0.0,2024-01-18
ecom_001452,1,0.0,1.0,44.0,21.23,1.0,0.0,2024-01-03
ecom_000319,0,0.0,0.0,111.0,124.36,1.0,0.0,2024-01-26
ecom_008593,0,0.0,2.0,3.0,7.43,0.0,0.0,2024-01-20
ecom_003333,0,0.0,0.0,11.0,39.19,0.0,0.0,2024-01-11
ecom_001922,1,0.0,0.0,18.0,36.87,0.0,0.0,2024-01-11
ecom_005865,0,0.0,0.0,1.0,0.0,0.0,0.0,2024-01-08
ecom_009528,1,0.0,2.0,11.0,108.59,1.0,0.0,2024-01-09
ecom_003685,1,0.0,2.0,201.0,0.0,0.0,0.0,2024-01-20
ecom_004275,0,0.0,2.0,131.0,116.4,1.0,0.0,2024-01-29
ecom_004889,0,0.0,2.0,36.0,0.0,1.0,0.0,2024-01-24
ecom_005225,1,0.0,2.0,51.0,0.0,1.0,0.0,2024-01-13
ecom_007472,1,0.0,0.0,25.0,6.43,0.0,0.0,2024-01-14
ecom_003605,0,0.0,1.0,1.0,32.56,0.0,0.0,2024-01-20
ecom_001052,0,0.0,2.0,83.0,36.06,1.0,0.0,2024-01-11
ecom_004156,0,0.0,2.0,20.0,70.5,0.0,0.0,2024-01-09
ecom_009676,0,0.0,2.0,184.0,39.05,1.0,0.0,2024-01-17
ecom_000099,1,0.0,1.0,1.0,0.0,0.0,0.0,2024-01-28
ecom_007508,0,1.0,0.0,156.0,35.54,1.0,0.0,2024-01-08
ecom_001456,0,0.0,0.0,51.0,23.78,1.0,0.0,2024-01-09
ecom_007688,1,0.0,2.0,67.0,0.0,1.0,0.0,2024-01-21
ecom_004004,1,0.0,2.0,126.0,81.82,0.0,0.0,2024-01-30
ecom_006866,1,0.0,2.0,4.0,0.0,0.0,0.0,2024-01-03
ecom_004509,0,0.0,1.0,76.0,40.78,1.0,0.0,2024-01-28
ecom_003299,0,0.0,0.0,4.0,33.98,1.0,0.0,2024-01-16
ecom_003799,0,0.0,0.0,32.0,58.76,1.0,0.0,2024-01-20
ecom_004281,1,0.0,1.0,18.0,43.44,0.0,0.0,2024-01-12
ecom_009051,1,0.0,0.0,71.0,15.62,1.0,0.0,2024-01-05
ecom_006462,1,1.0,0.0,19.0,0.0,1.0,0.0,2024-01-26
ecom_007912,1,0.0,0.0,37.0,28.38,1.0,0.0,2024-01-08
ecom_001414,0,0.0,2.0,24.0,0.0,0.0,0.0,2024-01-22
ecom_000540,1,0.0,1.0,52.0,21.64,1.0,0.0,2024-01-09
ecom_005815,0,0.0,2.0,73.0,27.61,1.0,0.0,2024-01-18
ecom_008199,0,0.0,2.0,45.0,21.44,1.0,1.0,2024-01-25
ecom_003680,1,0.0,2.0,73.0,26.08,1.0,0.0,2024-01-15
ecom_000754,1,0.0,0.0,52.0,0.0,0.0,0.0,2024-01-26
ecom_004196,0,0.0,0.0,2.0,77.05,0.0,0.0,2024-01-18
ecom_002650,0,0.0,2.0,22.0,0.0,0.0,0.0,2024-01-29
ecom_004522,1,0.0,2.0,32.0,89.26,1.0,0.0,2024-01-26
ecom_009519,0,0.0,0.0,5.0,12.13,0.0,0.0,2024-01-05
ecom_003118,0,0.0,2.0,81.0,14.39,1.0,0.0,2024-01-29
ecom_003728,1,0.0,1.0,1.0,0.0,0.0,0.0,2024-01-13
ecom_003886,0,0.0,1.0,52.0,0.0,1.0,0.0,2024-01-12
ecom_007107,1,0.0,2.0,19.0,44.38,0.0,0.0,2024-01-30
ecom_008068,0,0.0,0.0,70.0,19.14,1.0,0.0,2024-01-26
ecom_007325,0,0.0,1.0,65.0,59.98,1.0,0.0,2024-01-29
ecom_008483,1,0.0,2.0,145.0,37.75,1.0,0.0,2024-01-06
ecom_008767,0,1.0,0.0,64.0,24.93,1.0,0.0,2024-01-21
ecom_006500,0,0.0,1.0,20.0,25.54,0.0,0.0,2024-01-18
ecom_008426,0,0.0,0.0,22.0,28.03,0.0,0.0,2024-01-12
ecom_007963,0,0.0,2.0,52.0,0.0,1.0,0.0,2024-01-01
ecom_000601,0,0.0,2.0,16.0,0.0,0.0,0.0,2024-01-08
ecom_009249,0,0.0,0.0,35.0,35.5,1.0,0.0,2024-01-16
ecom_008919,1,0.0,2.0,110.0,0.0,1.0,0.0,2024-01-30
ecom_006814,1,0.0,1.0,5.0,0.0,0.0,0.0,2024-01-14
ecom_005411,1,0.0,2.0,63.0,0.0,1.0,0.0,2024-01-24
ecom_008747,1,0.0,0.0,93.0,0.0,1.0,0.0,2024-01-09
ecom_005522,1,0.0,1.0,8.0,0.0,1.0,0.0,2024-01-16
ecom_001044,0,0.0,2.0,8.0,0.0,0.0,0.0,2024-01-04
ecom_007334,0,0.0,1.0,3.0,0.0,0.0,0.0,2024-01-02
ecom_001557,0,0.0,0.0,20.0,41.21,0.0,0.0,2024-01-03
ecom_003739,0,0.0,2.0,153.0,0.0,1.0,0.0,2024-01-12
ecom_003522,1,0.0,2.0,32.0,35.35,0.0,0.0,2024-01-22
ecom_000180,1,0.0,2.0,14.0,0.0,0.0,0.0,2024-01-20
ecom_002115,0,0.0,0.0,86.0,28.16,1.0,0.0,2024-01-15
ecom_001699,1,0.0,2.0,145.0,39.45,1.0,1.0,2024-01-30
ecom_001379,1,0.0,0.0,3.0,40.98,0.0,0.0,2024-01-11
ecom_007229,0,0.0,0.0,81.0,33.01,1.0,0.0,2024-01-11
ecom_009143,0,0.0,1.0,59.0,54.09,1.0,0.0,2024-01-22
ecom_000618,1,0.0,0.0,1.0,0.0,0.0,0.0,2024-01-10
ecom_003181,0,0.0,0.0,44.0,25.0,1.0,0.0,2024-01-28
ecom_009851,1,0.0,2.0,137.0,6.79,1.0,0.0,2024-01-24
ecom_001600,0,0.0,2.0,45.0,25.27,1.0,0.0,2024-01-29
ecom_005963,0,0.0,0.0,57.0,68.94,1.0,0.0,2024-01-08
ecom_001615,0,0.0,2.0,215.0,26.22,1.0,0.0,2024-01-04
ecom_005920,1,0.0,2.0,46.0,22.06,1.0,0.0,2024-01-16
ecom_009591,1,0.0,1.0,25.0,20.97,0.0,0.0,2024-01-04
ecom_003891,0,0.0,0.0,54.0,62.93,1.0,0.0,2024-01-22
ecom_002083,0,0.0,0.0,14.0,19.12,0.0,0.0,2024-01-10
ecom_004574,0,0.0,0.0,39.0,9.69,1.0,0.0,2024-01-30
ecom_005594,0,0.0,0.0,9.0,240.43,0.0,0.0,2024-01-16
ecom_005121,1,0.0,2.0,8.0,20.05,0.0,0.0,2024-01-30
ecom_004587,0,0.0,0.0,20.0,79.14,0.0,0.0,2024-01-15
ecom_004902,0,0.0,0.0,110.0,7.66,1.0,0.0,2024-01-04
ecom_008252,1,0.0,2.0,25.0,13.56,0.0,0.0,2024-01-24
ecom_005916,0,0.0,1.0,58.0,39.36,1.0,0.0,2024-01-22
ecom_005129,0,0.0,2.0,85.0,68.58,1.0,0.0,2024-01-01
ecom_008334,0,0.0,2.0,173.0,0.0,1.0,0.0,2024-01-28
ecom_001918,1,0.0,0.0,108.0,196.42,1.0,0.0,2024-01-03
ecom_008330,1,0.0,2.0,2.0,0.0,0.0,0.0,2024-01-15
ecom_005707,1,0.0,2.0,17.0,55.44,0.0,0.0,2024-01-18
ecom_005384,1,0.0,2.0,318.0,38.02,1.0,0.0,2024-01-23
ecom_006336,1,0.0,0.0,36.0,8.16,1.0,0.0,2024-01-01
ecom_002054,0,0.0,0.0,10.0,48.22,0.0,0.0,2024-01-03
ecom_007612,0,0.0,0.0,38.0,72.25,1.0,0.0,2024-01-05
ecom_009209,1,0.0,1.0,85.0,0.0,1.0,0.0,2024-01-01
ecom_003963,0,0.0,0.0,315.0,45.64,1.0,0.0,2024-01-29
ecom_001126,0,0.0,1.0,81.0,0.0,1.0,1.0,2024-01-27
ecom_003428,1,0.0,0.0,28.0,0.0,0.0,0.0,2024-01-09
ecom_004601,0,0.0,2.0,52.0,29.18,1.0,0.0,2024-01-25
ecom_003721,0,0.0,2.0,18.0,26.69,0.0,0.0,2024-01-10
ecom_002389,0,0.0,0.0,29.0,50.8,0.0,0.0,2024-01-05
ecom_001322,1,0.0,0.0,5.0,0.0,0.0,0.0,2024-01-15
ecom_001603,0,0.0,2.0,33.0,21.55,1.0,0.0,2024-01-07
ecom_007224,0,0.0,2.0,11.0,28.15,0.0,0.0,2024-01-18
ecom_007425,1,0.0,2.0,114.0,24.22,1.0,0.0,2024-01-19
ecom_004336,0,0.0,0.0,11.0,115.05,0.0,0.0,2024-01-10
ecom_005593,0,0.0,1.0,99.0,76.62,1.0,1.0,2024-01-09
ecom_004411,1,0.0,2.0,32.0,21.22,1.0,0.0,2024-01-07
ecom_005858,1,0.0,2.0,90.0,0.0,1.0,1.0,2024-01-22
ecom_009343,0,0.0,0.0,11.0,30.14,0.0,0.0,2024-01-19
ecom_003991,0,0.0,0.0,3.0,0.0,0.0,0.0,2024-01-05
ecom_006079,1,0.0,1.0,45.0,19.72,0.0,0.0,2024-01-25
ecom_001559,1,0.0,0.0,222.0,39.95,1.0,0.0,2024-01-23
ecom_004682,1,0.0,0.0,42.0,51.88,1.0,0.0,2024-01-06
ecom_007557,1,0.0,0.0,247.0,0.0,1.0,0.0,2024-01-29
ecom_003772,1,0.0,2.0,83.0,26.84,0.0,1.0,2024-01-16
ecom_008779,1,0.0,2.0,101.0,43.89,1.0,0.0,2024-01-04
ecom_003457,1,0.0,0.0,44.0,10.48,0.0,0.0,2024-01-09
ecom_008383,0,0.0,0.0,11.0,30.52,0.0,0.0,2024-01-18
ecom_001354,1,0.0,0.0,16.0,13.4,0.0,0.0,2024-01-16
ecom_000045,0,0.0,1.0,144.0,51.16,1.0,0.0,2024-01-09
ecom_009872,1,0.0,2.0,88.0,0.0,1.0,0.0,2024-01-27
ecom_000748,1,0.0,1.0,179.0,78.33,1.0,0.0,2024-01-12
ecom_007917,1,0.0,1.0,68.0,27.53,1.0,0.0,2024-01-24
ecom_004241,0,0.0,2.0,17.0,219.61,0.0,0.0,2024-01-20
ecom_005628,1,0.0,0.0,118.0,0.0,1.0,0.0,2024-01-29
ecom_004657,0,0.0,0.0,2.0,62.13,0.0,0.0,2024-01-06
ecom_004238,1,0.0,0.0,19.0,103.11,0.0,0.0,2024-01-10
ecom_003460,1,0.0,0.0,94.0,0.0,1.0,0.0,2024-01-19
ecom_007381,0,0.0,2.0,34.0,32.1,0.0,0.0,2024-01-16
ecom_005549,0,0.0,2.0,28.0,38.95,0.0,0.0,2024-01-12
ecom_007075,1,0.0,2.0,61.0,25.84,1.0,0.0,2024-01-19
ecom_005838,0,0.0,2.0,53.0,0.0,1.0,0.0,2024-01-23
ecom_008091,1,0.0,0.0,11.0,0.0,0.0,0.0,2024-01-26
ecom_005474,0,0.0,2.0,7.0,0.0,0.0,0.0,2024-01-22
ecom_003614,1,1.0,0.0,201.0,55.87,1.0,0.0,2024-01-12
ecom_007501,0,0.0,1.0,16.0,11.3,0.0,0.0,2024-01-27
ecom_007053,1,0.0,1.0,42.0,34.86,1.0,1.0,2024-01-04
ecom_007367,0,0.0,2.0,82.0,93.75,1.0,0.0,2024-01-02
ecom_008019,1,0.0,2.0,65.0,0.0,1.0,0.0,2024-01-04
ecom_009638,1,0.0,1.0,3.0,0.0,0.0,0.0,2024-01-28
ecom_009055,1,1.0,0.0,228.0,14.39,1.0,0.0,2024-01-29
ecom_000664,1,0.0,2.0,75.0,6.37,1.0,0.0,2024-01-02
ecom_002319,1,0.0,2.0,28.0,84.47,0.0,0.0,2024-01-25
ecom_003542,1,0.0,2.0,92.0,0.0,0.0,0.0,2024-01-02
ecom_003677,0,1.0,0.0,42.0,21.69,1.0,0.0,2024-01-10
ecom_009599,1,0.0,2.0,9.0,21.45,0.0,0.0,2024-01-18
ecom_003091,0,0.0,1.0,100.0,24.35,1.0,0.0,2024-01-01
ecom_000675,1,1.0,0.0,22.0,14.37,0.0,0.0,2024-01-18
ecom_008676,0,0.0,0.0,12.0,23.14,0.0,0.0,2024-01-22
ecom_004884,1,0.0,2.0,9.0,0.0,0.0,0.0,2024-01-16
ecom_008079,0,0.0,2.0,4.0,39.17,0.0,0.0,2024-01-19
ecom_001962,1,0.0,0.0,44.0,38.88,1.0,0.0,2024-01-04
ecom_001840,0,0.0,0.0,62.0,41.17,1.0,0.0,2024-01-09
ecom_007168,0,0.0,0.0,4.0,0.0,0.0,0.0,2024-01-30
ecom_009898,1,0.0,2.0,53.0,0.0,1.0,0.0,2024-01-30
ecom_003538,0,0.0,0.0,16.0,17.68,1.0,1.0,2024-01-26
ecom_008026,0,0.0,2.0,42.0,272.49,1.0,0.0,2024-01-28
ecom_004866,1,0.0,2.0,145.0,29.96,1.0,1.0,2024-01-25
ecom_004174,1,0.0,0.0,78.0,16.75,1.0,0.0,2024-01-26
ecom_008088,0,0.0,0.0,174.0,32.87,0.0,1.0,2024-01-15
ecom_004377,0,0.0,1.0,7.0,0.0,0.0,0.0,2024-01-22
ecom_006211,0,0.0,0.0,21.0,0.0,0.0,0.0,2024-01-19
ecom_004766,0,1.0,0.0,67.0,21.69,1.0,0.0,2024-01-17
ecom_000411,0,0.0,2.0,143.0,0.0,0.0,0.0,2024-01-24
ecom_000613,0,0.0,2.0,39.0,0.0,1.0,0.0,2024-01-11
ecom_006126,1,0.0,2.0,41.0,17.24,1.0,0.0,2024-01-21
ecom_005210,0,1.0,1.0,37.0,37.69,1.0,0.0,2024-01-29
ecom_001430,0,0.0,0.0,25.0,42.92,1.0,0.0,2024-01-14
ecom_002425,0,0.0,2.0,62.0,64.22,1.0,0.0,2024-01-01
ecom_008841,0,0.0,2.0,9.0,147.22,0.0,0.0,2024-01-10
ecom_003833,0,0.0,0.0,35.0,10.42,0.0,0.0,2024-01-19
ecom_004718,1,0.0,2.0,48.0,15.13,1.0,0.0,2024-01-20
ecom_007185,0,0.0,1.0,161.0,61.19,1.0,0.0,2024-01-09
ecom_001417,0,0.0,0.0,1.0,0.0,0.0,0.0,2024-01-26
ecom_007199,1,0.0,0.0,19.0,61.52,0.0,0.0,2024-01-04
ecom_000604,1,0.0,2.0,308.0,25.54,0.0,0.0,2024-01-17
ecom_001272,0,0.0,0.0,25.0,0.0,0.0,0.0,2024-01-27
ecom_003964,0,0.0,2.0,9.0,189.93,0.0,0.0,2024-01-06
ecom_006367,1,0.0,2.0,43.0,9.35,1.0,0.0,2024-01-14
ecom_008746,0,0.0,1.0,112.0,0.0,1.0,0.0,2024-01-25
ecom_000247,0,0.0,0.0,82.0,21.93,1.0,0.0,2024-01-17
ecom_009226,1,0.0,0.0,110.0,107.52,1.0,0.0,2024-01-12
ecom_001982,1,0.0,0.0,21.0,43.9,1.0,0.0,2024-01-17
ecom_002835,0,0.0,0.0,4.0,24.07,0.0,0.0,2024-01-05
ecom_005375,1,0.0,2.0,60.0,0.0,0.0,0.0,2024-01-01
ecom_000199,0,0.0,0.0,175.0,34.6,1.0,0.0,2024-01-28
ecom_000485,1,0.0,2.0,11.0,61.04,0.0,0.0,2024-01-01
ecom_006083,1,0.0,0.0,14.0,29.3,1.0,0.0,2024-01-10
ecom_008956,1,0.0,1.0,1.0,32.6,0.0,0.0,2024-01-14
ecom_000455,0,1.0,0.0,113.0,0.0,0.0,0.0,2024-01-10
ecom_009798,0,0.0,1.0,62.0,15.49,1.0,0.0,2024-01-09
ecom_008826,0,0.0,0.0,36.0,23.27,1.0,0.0,2024-01-23
ecom_006515,1,0.0,1.0,8.0,55.17,0.0,1.0,2024-01-30
ecom_001721,1,0.0,2.0,76.0,16.55,0.0,0.0,2024-01-12
ecom_007050,0,0.0,0.0,5.0,0.0,0.0,0.0,2024-01-23
ecom_006382,0,0.0,1.0,95.0,29.88,1.0,0.0,2024-01-15
ecom_008165,1,0.0,2.0,86.0,26.15,1.0,0.0,2024-01-12
ecom_005767,1,0.0,2.0,63.0,0.0,1.0,0.0,2024-01-16
ecom_005809,0,0.0,2.0,145.0,0.0,1.0,0.0,2024-01-22
ecom_004626,1,0.0,0.0,83.0,194.15,1.0,1.0,2024-01-25
ecom_000862,1,0.0,0.0,19.0,19.14,0.0,0.0,2024-01-16
ecom_002094,1,0.0,0.0,26.0,50.67,0.0,0.0,2024-01-03
ecom_000947,1,0.0,0.0,115.0,70.36,1.0,0.0,2024-01-12
ecom_005641,0,1.0,0.0,32.0,35.25,0.0,0.0,2024-01-29
ecom_001444,0,0.0,2.0,18.0,0.0,0.0,0.0,2024-01-14
ecom_001280,0,0.0,2.0,41.0,0.0,1.0,0.0,2024-01-17
ecom_003110,0,0.0,2.0,3.0,50.11,0.0,0.0,2024-01-06
ecom_008952,1,0.0,0.0,20.0,16.91,0.0,0.0,2024-01-21
ecom_007609,0,1.0,0.0,74.0,0.0,0.0,0.0,2024-01-01
ecom_005135,1,0.0,0.0,220.0,12.93,1.0,0.0,2024-01-23
ecom_003016,1,0.0,0.0,49.0,94.16,1.0,0.0,2024-01-15
ecom_002302,0,0.0,1.0,70.0,0.0,1.0,0.0,2024-01-15
ecom_002004,0,0.0,2.0,59.0,89.89,1.0,0.0,2024-01-10
ecom_004580,1,0.0,2.0,40.0,44.14,0.0,0.0,2024-01-27
ecom_008704,0,0.0,2.0,28.0,30.96,0.0,1.0,2024-01-23
ecom_001005,1,0.0,0.0,21.0,35.42,0.0,0.0,2024-01-22
ecom_005138,1,0.0,2.0,58.0,51.77,1.0,0.0,2024-01-24
ecom_004317,1,0.0,0.0,3.0,60.38,0.0,0.0,2024-01-09
ecom_006558,0,0.0,1.0,20.0,28.96,0.0,0.0,2024-01-18
ecom_004387,1,0.0,0.0,3.0,13.63,0.0,0.0,2024-01-16
ecom_002132,0,0.0,2.0,15.0,35.57,0.0,0.0,2024-01-23
ecom_004265,0,0.0,0.0,38.0,104.06,1.0,0.0,2024-01-17
ecom_002057,0,0.0,0.0,160.0,31.35,1.0,0.0,2024-01-29
ecom_005386,0,0.0,2.0,62.0,0.0,0.0,0.0,2024-01-14
ecom_000229,1,0.0,2.0,105.0,0.0,1.0,0.0,2024-01-29
ecom_002889,1,0.0,0.0,87.0,30.15,1.0,0.0,2024-01-19
ecom_004472,0,0.0,2.0,189.0,82.5,1.0,0.0,2024-01-27
ecom_006064,1,0.0,2.0,41.0,53.06,1.0,0.0,2024-01-23
ecom_007924,0,0.0,2.0,102.0,32.39,0.0,0.0,2024-01-20
ecom_007649,0,0.0,1.0,20.0,15.42,0.0,0.0,2024-01-23
ecom_008381,0,0.0,1.0,9.0,11.47,0.0,0.0,2024-01-16
ecom_000209,0,0.0,2.0,34.0,30.12,1.0,0.0,2024-01-02
ecom_002758,0,0.0,0.0,46.0,186.27,1.0,0.0,2024-01-11
ecom_008471,1,0.0,2.0,2.0,30.29,0.0,0.0,2024-01-17
ecom_002948,0,0.0,2.0,3.0,23.37,1.0,0.0,2024-01-12
ecom_007116,1,0.0,1.0,1.0,62.66,0.0,0.0,2024-01-29
ecom_006330,1,0.0,2.0,207.0,0.0,1.0,0.0,2024-01-02
ecom_001728,0,0.0,0.0,30.0,5.38,0.0,0.0,2024-01-17
ecom_004176,1,0.0,0.0,81.0,44.9,1.0,0.0,2024-01-26
ecom_000337,0,0.0,1.0,58.0,80.11,1.0,0.0,2024-01-07
ecom_004984,1,1.0,2.0,19.0,11.65,0.0,0.0,2024-01-19
ecom_006878,1,0.0,1.0,90.0,77.12,0.0,0.0,2024-01-25
ecom_007248,1,0.0,0.0,45.0,0.0,1.0,0.0,2024-01-13
ecom_008452,1,0.0,1.0,47.0,24.24,1.0,0.0,2024-01-26
ecom_001226,0,0.0,2.0,18.0,15.94,0.0,0.0,2024-01-24
ecom_007608,1,0.0,0.0,1.0,189.22,0.0,0.0,2024-01-28
ecom_006827,1,0.0,0.0,158.0,61.42,1.0,0.0,2024-01-08
ecom_003540,1,0.0,1.0,103.0,0.0,1.0,0.0,2024-01-20
ecom_005868,0,0.0,2.0,42.0,0.0,1.0,0.0,2024-01-12
ecom_002111,0,0.0,1.0,19.0,13.06,0.0,0.0,2024-01-10
ecom_002691,0,0.0,0.0,1.0,23.78,0.0,0.0,2024-01-12
ecom_007153,1,0.0,2.0,14.0,220.13,0.0,0.0,2024-01-18
ecom_003707,1,0.0,2.0,20.0,64.37,0.0,0.0,2024-01-26
ecom_001017,1,1.0,0.0,60.0,14.59,1.0,0.0,2024-01-07
ecom_008511,1,0.0,0.0,21.0,24.6,0.0,0.0,2024-01-12
ecom_002807,0,0.0,2.0,66.0,0.0,1.0,0.0,2024-01-12
ecom_005015,0,0.0,0.0,18.0,14.96,0.0,0.0,2024-01-25
ecom_001928,0,0.0,1.0,39.0,0.0,1.0,0.0,2024-01-23
ecom_000350,0,0.0,0.0,95.0,0.0,0.0,0.0,2024-01-12
ecom_005173,1,0.0,1.0,134.0,0.0,1.0,0.0,2024-01-19
ecom_004192,1,0.0,2.0,1.0,0.0,0.0,0.0,2024-01-29
ecom_001934,1,0.0,0.0,148.0,75.34,1.0,0.0,2024-01-16
ecom_006901,1,0.0,2.0,38.0,33.34,1.0,0.0,2024-01-25
ecom_004823,0,0.0,2.0,113.0,32.13,1.0,1.0,2024-01-15
ecom_000564,1,0.0,1.0,32.0,0.0,1.0,0.0,2024-01-10
ecom_001582,1,0.0,2.0,19.0,31.15,0.0,0.0,2024-01-12
ecom_004694,1,0.0,1.0,34.0,37.6,1.0,0.0,2024-01-09
ecom_002175,0,0.0,1.0,69.0,65.58,1.0,0.0,2024-01-07
ecom_007028,0,0.0,2.0,4.0,0.0,1.0,0.0,2024-01-09
ecom_004880,1,0.0,2.0,31.0,0.0,1.0,0.0,2024-01-16
ecom_002228,0,0.0,0.0,9.0,34.76,1.0,1.0,2024-01-29
ecom_001115,1,0.0,0.0,125.0,25.53,0.0,1.0,2024-01-22
ecom_003126,1,0.0,0.0,9.0,45.24,0.0,0.0,2024-01-05
ecom_003544,1,0.0,2.0,27.0,181.41,0.0,0.0,2024-01-10
ecom_005048,0,0.0,2.0,41.0,21.31,1.0,0.0,2024-01-19
ecom_007476,1,1.0,0.0,34.0,16.39,1.0,0.0,2024-01-24
ecom_000821,0,0.0,2.0,148.0,34.66,1.0,0.0,2024-01-13
ecom_006532,0,0.0,0.0,123.0,230.48,1.0,0.0,2024-01-20
ecom_002272,0,1.0,0.0,47.0,28.49,1.0,0.0,2024-01-07
ecom_005545,1,0.0,0.0,27.0,181.4,0.0,0.0,2024-01-17
ecom_000081,1,0.0,2.0,49.0,0.0,1.0,0.0,2024-01-04
ecom_001323,1,1.0,2.0,98.0,50.06,1.0,0.0,2024-01-11
ecom_009405,0,0.0,0.0,1.0,242.91,0.0,0.0,2024-01-26
ecom_001614,1,0.0,2.0,39.0,27.53,1.0,0.0,2024-01-18
ecom_000831,0,0.0,1.0,12.0,0.0,0.0,0.0,2024-01-29
ecom_003883,0,0.0,2.0,35.0,37.26,1.0,0.0,2024-01-25
ecom_008641,0,0.0,2.0,151.0,0.0,1.0,0.0,2024-01-14
ecom_004464,1,0.0,1.0,7.0,77.77,0.0,0.0,2024-01-26
ecom_005339,0,0.0,0.0,152.0,0.0,1.0,0.0,2024-01-09
ecom_008066,1,0.0,2.0,121.0,6.31,1.0,0.0,2024-01-14
ecom_001649,1,0.0,2.0,3.0,116.46,0.0,0.0,2024-01-22
ecom_004065,0,0.0,2.0,61.0,0.0,1.0,0.0,2024-01-13
ecom_009665,1,0.0,2.0,22.0,20.96,0.0,0.0,2024-01-05
ecom_003038,0,0.0,2.0,1.0,0.0,0.0,0.0,2024-01-21
ecom_003320,0,0.0,2.0,16.0,0.0,0.0,0.0,2024-01-19
ecom_007143,0,0.0,0.0,92.0,0.0,1.0,1.0,2024-01-13
ecom_006889,1,0.0,2.0,51.0,0.0,1.0,0.0,2024-01-23
ecom_005092,0,0.0,0.0,2.0,30.15,1.0,0.0,2024-01-19
ecom_003720,1,0.0,2.0,17.0,26.78,0.0,0.0,2024-01-09
ecom_002423,1,0.0,2.0,26.0,52.2,0.0,0.0,2024-01-09
ecom_000749,1,0.0,2.0,137.0,26.03,0.0,0.0,2024-01-03
ecom_005271,1,0.0,2.0,62.0,19.52,1.0,0.0,2024-01-25
ecom_002373,0,0.0,2.0,15.0,25.94,0.0,0.0,2024-01-20
ecom_004693,1,0.0,2.0,33.0,40.62,1.0,0.0,2024-01-16
ecom_009879,0,0.0,0.0,120.0,21.04,1.0,0.0,2024-01-07
ecom_008370,1,0.0,2.0,29.0,108.48,0.0,0.0,2024-01-08
ecom_007319,0,0.0,0.0,71.0,0.0,1.0,0.0,2024-01-15
ecom_004368,0,0.0,2.0,40.0,14.29,1.0,0.0,2024-01-22
ecom_006785,0,0.0,0.0,10.0,0.0,0.0,1.0,2024-01-16
ecom_007401,0,0.0,1.0,74.0,43.68,1.0,0.0,2024-01-14
ecom_001139,0,1.0,0.0,24.0,33.5,0.0,0.0,2024-01-15
ecom_007631,0,0.0,2.0,65.0,69.02,1.0,0.0,2024-01-14
ecom_002231,1,0.0,0.0,7.0,16.93,0.0,0.0,2024-01-01
ecom_002164,0,0.0,2.0,5.0,0.0,0.0,0.0,2024-01-30
ecom_005217,1,0.0,2.0,191.0,10.46,1.0,0.0,2024-01-17
ecom_009444,1,0.0,2.0,33.0,0.0,1.0,0.0,2024-01-11
ecom_009237,1,1.0,0.0,32.0,102.48,0.0,0.0,2024-01-07
ecom_004561,1,0.0,1.0,61.0,23.82,1.0,0.0,2024-01-15
ecom_001570,0,0.0,2.0,56.0,73.02,1.0,0.0,2024-01-24
ecom_000172,1,0.0,1.0,10.0,0.0,0.0,0.0,2024-01-24
ecom_007163,1,0.0,0.0,24.0,0.0,0.0,0.0,2024-01-04
ecom_002087,1,0.0,2.0,65.0,0.0,1.0,0.0,2024-01-08
ecom_004667,1,0.0,0.0,56.0,0.0,1.0,0.0,2024-01-18
ecom_004565,0,0.0,0.0,6.0,0.0,0.0,0.0,2024-01-12
ecom_007089,1,1.0,1.0,113.0,30.18,1.0,0.0,2024-01-24
ecom_006569,0,0.0,0.0,57.0,44.72,1.0,0.0,2024-01-24
ecom_004783,0,0.0,0.0,28.0,44.22,0.0,0.0,2024-01-08
ecom_002684,1,0.0,1.0,1.0,14.7,0.0,0.0,2024-01-30
ecom_001832,0,1.0,1.0,218.0,39.52,0.0,0.0,2024-01-03
ecom_008546,1,0.0,1.0,11.0,28.58,0.0,0.0,2024-01-26
ecom_005065,1,0.0,0.0,56.0,0.0,1.0,0.0,2024-01-11
ecom_009130,1,0.0,2.0,111.0,18.95,1.0,0.0,2024-01-22
ecom_009355,0,0.0,2.0,85.0,47.75,1.0,0.0,2024-01-27
ecom_004412,1,0.0,2.0,17.0,53.0,1.0,0.0,2024-01-22
ecom_007207,1,0.0,2.0,12.0,0.0,0.0,0.0,2024-01-03
ecom_009890,0,0.0,0.0,4.0,0.0,0.0,0.0,2024-01-16
ecom_000834,1,0.0,0.0,2.0,44.57,0.0,0.0,2024-01-06
ecom_006821,0,0.0,0.0,56.0,0.0,1.0,0.0,2024-01-13
ecom_003781,1,0.0,1.0,120.0,23.07,1.0,0.0,2024-01-29
ecom_009012,1,1.0,0.0,145.0,96.17,1.0,0.0,2024-01-21
ecom_007499,0,0.0,0.0,42.0,72.67,1.0,0.0,2024-01-24
ecom_003424,0,0.0,2.0,21.0,12.26,0.0,1.0,2024-01-21
ecom_000065,1,0.0,2.0,10.0,136.84,0.0,0.0,2024-01-21
ecom_002963,0,0.0,2.0,39.0,0.0,0.0,0.0,2024-01-23
ecom_005669,0,0.0,2.0,12.0,0.0,0.0,0.0,2024-01-25
ecom_008962,0,0.0,2.0,13.0,27.89,0.0,0.0,2024-01-25
ecom_000354,0,0.0,0.0,27.0,65.09,0.0,0.0,2024-01-24
ecom_008171,1,0.0,2.0,111.0,32.33,1.0,0.0,2024-01-23
ecom_004030,1,0.0,0.0,183.0,0.0,1.0,0.0,2024-01-11
ecom_008534,0,0.0,0.0,79.0,0.0,1.0,0.0,2024-01-09
ecom_003651,0,0.0,2.0,19.0,0.0,0.0,0.0,2024-01-19
ecom_006739,1,0.0,1.0,22.0,28.38,0.0,0.0,2024-01-18
ecom_003297,0,0.0,2.0,109.0,66.78,1.0,1.0,2024-01-29
ecom_004127,0,0.0,0.0,23.0,17.82,1.0,0.0,2024-01-09
ecom_008043,1,0.0,2.0,118.0,10.78,1.0,1.0,2024-01-12
ecom_004767,0,1.0,2.0,68.0,163.71,1.0,0.0,2024-01-04
ecom_000472,1,0.0,0.0,8.0,0.0,0.0,0.0,2024-01-12
ecom_003761,1,0.0,2.0,83.0,21.45,1.0,0.0,2024-01-30
ecom_008617,1,0.0,1.0,5.0,168.61,0.0,0.0,2024-01-13
ecom_003566,1,0.0,2.0,34.0,26.62,1.0,0.0,2024-01-18
ecom_002760,1,0.0,2.0,2.0,19.64,0.0,0.0,2024-01-22
ecom_000868,0,0.0,0.0,44.0,0.0,1.0,0.0,2024-01-18
ecom_009382,1,0.0,1.0,148.0,21.32,1.0,1.0,2024-01-25
ecom_008688,1,0.0,1.0,7.0,10.27,0.0,0.0,2024-01-10
ecom_004052,0,0.0,0.0,125.0,36.28,1.0,0.0,2024-01-19
ecom_006130,1,0.0,0.0,64.0,13.27,1.0,0.0,2024-01-28
ecom_003244,0,0.0,1.0,1.0,112.27,0.0,0.0,2024-01-18
ecom_004842,0,0.0,2.0,41.0,0.0,1.0,0.0,2024-01-14
ecom_009330,0,0.0,0.0,139.0,16.61,1.0,0.0,2024-01-08
ecom_005640,0,0.0,0.0,64.0,32.14,0.0,0.0,2024-01-25
ecom_005780,1,0.0,1.0,21.0,35.51,0.0,0.0,2024-01-27
ecom_008540,1,0.0,2.0,24.0,0.0,0.0,0.0,2024-01-16
ecom_001075,1,0.0,0.0,44.0,57.5,1.0,0.0,2024-01-01
ecom_002957,1,0.0,0.0,100.0,0.0,1.0,0.0,2024-01-07
ecom_006752,1,0.0,0.0,214.0,105.81,1.0,0.0,2024-01-13
ecom_008657,1,0.0,0.0,87.0,126.16,1.0,0.0,2024-01-11
ecom_007272,0,0.0,2.0,129.0,32.27,1.0,0.0,2024-01-07
ecom_004759,0,0.0,1.0,105.0,0.0,1.0,0.0,2024-01-15
ecom_004862,0,0.0,2.0,12.0,20.92,0.0,0.0,2024-01-02
ecom_007025,0,0.0,0.0,3.0,0.0,0.0,0.0,2024-01-16
ecom_007647,0,0.0,0.0,4.0,17.11,0.0,0.0,2024-01-24
ecom_007161,0,0.0,2.0,4.0,4.38,0.0,0.0,2024-01-16
ecom_000073,0,0.0,2.0,165.0,40.47,0.0,0.0,2024-01-25
ecom_004901,0,0.0,0.0,38.0,83.41,1.0,0.0,2024-01-20
ecom_004375,1,0.0,0.0,195.0,97.5,1.0,0.0,2024-01-29
ecom_006698,0,0.0,2.0,109.0,17.66,1.0,0.0,2024-01-23
ecom_009805,1,0.0,1.0,3.0,54.76,0.0,0.0,2024-01-12
ecom_001101,1,0.0,2.0,8.0,136.15,0.0,0.0,2024-01-05
ecom_009537,1,0.0,2.0,79.0,13.7,1.0,0.0,2024-01-21
ecom_007655,1,0.0,0.0,13.0,0.0,1.0,0.0,2024-01-22
ecom_005235,1,0.0,1.0,52.0,0.0,0.0,0.0,2024-01-12
ecom_005165,1,1.0,0.0,42.0,33.34,1.0,0.0,2024-01-08
ecom_000118,0,0.0,0.0,115.0,36.65,1.0,0.0,2024-01-19
ecom_002022,0,0.0,2.0,17.0,17.02,0.0,0.0,2024-01-25
ecom_009885,1,0.0,2.0,47.0,28.25,1.0,0.0,2024-01-02
ecom_002638,0,0.0,1.0,9.0,18.4,0.0,1.0,2024-01-09
ecom_002034,0,0.0,0.0,4.0,0.0,1.0,0.0,2024-01-12
ecom_002564,1,0.0,0.0,63.0,76.71,1.0,0.0,2024-01-01
ecom_008665,0,0.0,2.0,729.0,175.05,1.0,0.0,2024-01-25
ecom_003543,0,1.0,1.0,58.0,80.68,1.0,0.0,2024-01-01
ecom_001219,1,0.0,0.0,57.0,0.0,1.0,0.0,2024-01-02
ecom_009714,0,0.0,0.0,3.0,20.27,0.0,1.0,2024-01-09
ecom_006711,0,0.0,2.0,21.0,124.52,0.0,0.0,2024-01-11
ecom_002903,0,0.0,0.0,17.0,6.74,0.0,0.0,2024-01-21
ecom_003026,0,0.0,0.0,37.0,0.0,1.0,0.0,2024-01-14
ecom_002510,0,0.0,0.0,76.0,38.89,0.0,0.0,2024-01-08
ecom_004201,0,0.0,1.0,67.0,0.0,1.0,1.0,2024-01-25
ecom_003207,1,0.0,0.0,46.0,41.22,1.0,0.0,2024-01-23
ecom_004489,1,1.0,2.0,6.0,39.37,0.0,0.0,2024-01-19
ecom_002755,1,0.0,0.0,56.0,107.68,1.0,0.0,2024-01-08
ecom_008889,1,0.0,2.0,85.0,24.67,1.0,0.0,2024-01-23
ecom_000177,0,0.0,0.0,16.0,21.49,0.0,0.0,2024-01-13
ecom_001643,1,0.0,0.0,66.0,54.88,0.0,0.0,2024-01-17
ecom_009292,0,0.0,0.0,62.0,42.89,1.0,0.0,2024-01-20
ecom_003518,1,0.0,1.0,7.0,17.7,0.0,0.0,2024-01-19
ecom_001374,1,0.0,0.0,5.0,0.0,0.0,0.0,2024-01-19
ecom_001720,0,0.0,2.0,155.0,166.29,1.0,0.0,2024-01-24
ecom_003995,1,0.0,2.0,68.0,113.33,0.0,0.0,2024-01-25
ecom_003688,0,0.0,1.0,209.0,0.0,1.0,0.0,2024-01-15
ecom_002264,0,0.0,0.0,10.0,16.94,0.0,0.0,2024-01-18
ecom_000087,0,0.0,2.0,20.0,71.72,0.0,0.0,2024-01-11
ecom_002848,1,0.0,2.0,42.0,0.0,1.0,0.0,2024-01-08
ecom_008687,1,0.0,1.0,63.0,73.63,0.0,0.0,2024-01-21
ecom_000403,0,1.0,0.0,4.0,0.0,0.0,0.0,2024-01-13
ecom_009900,1,0.0,0.0,45.0,104.3,1.0,0.0,2024-01-04
ecom_004077,0,0.0,2.0,211.0,6.06,1.0,0.0,2024-01-18
ecom_006835,0,0.0,2.0,6.0,30.4,0.0,0.0,2024-01-21
ecom_006537,0,0.0,1.0,172.0,11.9,1.0,1.0,2024-01-04
ecom_002456,1,0.0,0.0,87.0,0.0,1.0,0.0,2024-01-25
ecom_002751,0,0.0,2.0,72.0,29.42,1.0,1.0,2024-01-20
ecom_002214,0,0.0,0.0,11.0,5.88,0.0,1.0,2024-01-29
ecom_001027,1,0.0,0.0,6.0,0.0,0.0,0.0,2024-01-27
ecom_009703,1,1.0,1.0,1.0,66.5,0.0,0.0,2024-01-23
ecom_001421,1,0.0,1.0,5.0,0.0,1.0,0.0,2024-01-18
ecom_002436,0,0.0,2.0,22.0,70.02,0.0,0.0,2024-01-22
ecom_004277,1,0.0,2.0,71.0,43.93,1.0,0.0,2024-01-25
ecom_009609,1,0.0,0.0,193.0,61.63,1.0,0.0,2024-01-30
ecom_001278,1,0.0,0.0,45.0,0.0,1.0,0.0,2024-01-04
ecom_006220,1,1.0,0.0,93.0,0.0,1.0,1.0,2024-01-09
ecom_004907,1,0.0,0.0,48.0,25.97,1.0,0.0,2024-01-11
ecom_005064,1,0.0,1.0,207.0,0.0,1.0,0.0,2024-01-17
ecom_001978,1,0.0,2.0,73.0,113.67,1.0,0.0,2024-01-09
ecom_001061,1,0.0,2.0,8.0,7.57,0.0,0.0,2024-01-26
ecom_005014,1,0.0,0.0,163.0,23.85,0.0,0.0,2024-01-26
ecom_004535,0,0.0,2.0,73.0,0.0,0.0,0.0,2024-01-27
ecom_006993,1,0.0,2.0,52.0,68.65,1.0,0.0,2024-01-17
ecom_009253,1,0.0,0.0,20.0,0.0,0.0,0.0,2024-01-28
ecom_001502,0,0.0,1.0,297.0,31.13,1.0,0.0,2024-01-22
ecom_008568,1,0.0,0.0,37.0,67.89,1.0,0.0,2024-01-05
ecom_009314,1,0.0,1.0,122.0,48.43,1.0,0.0,2024-01-29
ecom_008836,1,1.0,0.0,209.0,54.89,1.0,0.0,2024-01-10
ecom_008920,1,0.0,0.0,208.0,30.83,1.0,0.0,2024-01-07
ecom_004918,0,0.0,0.0,36.0,63.95,0.0,0.0,2024-01-08
ecom_000678,0,0.0,0.0,19.0,84.95,0.0,0.0,2024-01-15
ecom_005076,0,0.0,0.0,47.0,0.0,1.0,0.0,2024-01-25
ecom_008064,0,0.0,2.0,76.0,72.46,1.0,0.0,2024-01-06
ecom_007568,1,0.0,2.0,10.0,69.6,0.0,0.0,2024-01-01
ecom_000102,0,0.0,2.0,126.0,0.0,1.0,1.0,2024-01-12
ecom_000957,1,0.0,2.0,9.0,0.0,0.0,0.0,2024-01-27
ecom_008556,0,0.0,2.0,18.0,26.8,0.0,0.0,2024-01-11
ecom_003785,0,0.0,0.0,79.0,0.0,1.0,0.0,2024-01-23
ecom_009630,0,0.0,0.0,115.0,0.0,1.0,0.0,2024-01-15
ecom_007173,0,0.0,2.0,27.0,39.09,0.0,0.0,2024-01-25
ecom_004043,1,0.0,0.0,11.0,121.28,0.0,0.0,2024-01-28
ecom_002648,1,0.0,1.0,4.0,0.0,0.0,0.0,2024-01-23
ecom_006000,0,0.0,1.0,70.0,11.17,1.0,0.0,2024-01-04
ecom_007927,1,0.0,2.0,115.0,6.18,1.0,0.0,2024-01-08
ecom_002826,1,0.0,1.0,97.0,47.12,1.0,0.0,2024-01-17
ecom_004094,1,0.0,0.0,57.0,14.6,1.0,0.0,2024-01-23
ecom_007774,0,0.0,2.0,229.0,155.66,1.0,0.0,2024-01-30
ecom_009258,0,0.0,2.0,61.0,20.81,1.0,0.0,2024-01-05
ecom_008113,1,0.0,2.0,104.0,30.59,1.0,1.0,2024-01-01
ecom_004772,0,1.0,2.0,48.0,0.0,1.0,0.0,2024-01-02
ecom_001947,1,0.0,0.0,110.0,6.06,1.0,0.0,2024-01-30
ecom_006109,0,0.0,1.0,21.0,80.82,0.0,0.0,2024-01-01
ecom_002299,0,1.0,0.0,92.0,16.64,1.0,0.0,2024-01-06
ecom_007844,0,0.0,2.0,22.0,12.92,0.0,0.0,2024-01-01
ecom_004382,0,0.0,0.0,38.0,11.06,1.0,0.0,2024-01-25
ecom_005425,1,0.0,0.0,4.0,0.0,0.0,0.0,2024-01-18
ecom_006771,0,0.0,1.0,10.0,31.29,0.0,0.0,2024-01-01
ecom_008578,1,0.0,1.0,59.0,0.0,1.0,0.0,2024-01-10
ecom_004291,1,0.0,2.0,214.0,0.0,1.0,0.0,2024-01-26
ecom_000528,0,0.0,0.0,49.0,29.14,1.0,0.0,2024-01-16
ecom_001233,1,0.0,2.0,78.0,91.94,1.0,1.0,2024-01-25
ecom_000779,0,0.0,2.0,24.0,18.87,0.0,0.0,2024-01-23
ecom_005859,0,0.0,2.0,170.0,110.88,1.0,0.0,2024-01-21
ecom_003059,0,0.0,2.0,45.0,28.79,1.0,1.0,2024-01-17
ecom_008587,1,0.0,2.0,46.0,6.95,1.0,0.0,2024-01-26
ecom_001860,1,0.0,0.0,4.0,35.27,0.0,0.0,2024-01-08
ecom_008438,0,0.0,0.0,173.0,41.63,1.0,0.0,2024-01-08
ecom_007403,1,0.0,0.0,86.0,0.0,1.0,0.0,2024-01-26
ecom_004639,0,0.0,2.0,7.0,0.0,0.0,0.0,2024-01-29
ecom_004250,0,0.0,0.0,1.0,0.0,0.0,0.0,2024-01-02
ecom_001992,0,0.0,1.0,16.0,14.44,0.0,0.0,2024-01-14
ecom_007379,0,0.0,2.0,19.0,37.58,0.0,0.0,2024-01-11
ecom_007305,0,0.0,1.0,6.0,0.0,0.0,0.0,2024-01-10
ecom_005303,0,0.0,0.0,19.0,73.17,1.0,0.0,2024-01-14
ecom_008192,1,0.0,1.0,41.0,0.0,1.0,0.0,2024-01-25
ecom_007447,1,0.0,0.0,72.0,33.68,1.0,0.0,2024-01-17
ecom_002471,0,0.0,2.0,36.0,7.95,1.0,0.0,2024-01-29
ecom_007197,1,0.0,2.0,1.0,17.79,0.0,0.0,2024-01-23
ecom_005312,0,0.0,1.0,5.0,45.12,0.0,0.0,2024-01-05
ecom_009035,0,0.0,0.0,19.0,32.34,0.0,0.0,2024-01-23
ecom_001396,1,0.0,0.0,7.0,28.49,0.0,0.0,2024-01-17
ecom_004002,1,0.0,2.0,25.0,44.14,0.0,0.0,2024-01-16
ecom_005371,1,1.0,0.0,51.0,12.81,1.0,0.0,2024-01-26
ecom_003235,1,1.0,2.0,68.0,28.01,1.0,0.0,2024-01-21
ecom_001042,1,0.0,1.0,52.0,15.41,1.0,0.0,2024-01-21
ecom_003298,1,0.0,1.0,9.0,18.32,0.0,0.0,2024-01-11
ecom_007256,0,0.0,1.0,122.0,39.68,0.0,1.0,2024-01-27
ecom_000257,0,0.0,2.0,5.0,70.08,0.0,0.0,2024-01-12
ecom_007286,0,0.0,2.0,7.0,37.44,1.0,0.0,2024-01-25
ecom_008616,1,1.0,0.0,76.0,21.01,1.0,1.0,2024-01-03
ecom_007816,1,0.0,2.0,3.0,32.27,0.0,0.0,2024-01-18
ecom_005843,0,0.0,1.0,59.0,0.0,1.0,0.0,2024-01-11
ecom_002089,1,0.0,1.0,169.0,34.11,1.0,0.0,2024-01-17
ecom_007702,1,0.0,2.0,32.0,30.68,1.0,0.0,2024-01-07
ecom_000503,1,0.0,0.0,8.0,16.38,1.0,0.0,2024-01-12
ecom_005265,0,0.0,2.0,59.0,32.85,1.0,0.0,2024-01-10
ecom_008814,0,0.0,0.0,184.0,0.0,1.0,0.0,2024-01-18
ecom_001345,0,0.0,1.0,15.0,0.0,0.0,0.0,2024-01-16
ecom_008455,0,0.0,0.0,8.0,62.67,0.0,0.0,2024-01-14
ecom_005046,1,0.0,0.0,41.0,163.94,1.0,0.0,2024-01-06
ecom_002248,0,0.0,0.0,12.0,38.58,0.0,0.0,2024-01-24
ecom_004981,1,0.0,2.0,16.0,0.0,0.0,0.0,2024-01-02
ecom_000372,0,0.0,2.0,20.0,13.43,1.0,0.0,2024-01-08
ecom_008454,0,0.0,0.0,6.0,47.85,0.0,0.0,2024-01-26
ecom_003370,0,0.0,0.0,12.0,65.96,0.0,0.0,2024-01-25
ecom_002006,0,0.0,1.0,50.0,26.83,1.0,1.0,2024-01-04
ecom_003656,1,0.0,0.0,50.0,0.0,1.0,0.0,2024-01-15
ecom_008327,1,0.0,0.0,21.0,100.01,1.0,0.0,2024-01-13
ecom_007521,1,0.0,2.0,17.0,204.98,0.0,0.0,2024-01-24
ecom_004001,0,0.0,0.0,21.0,47.51,0.0,0.0,2024-01-19
ecom_006072,1,0.0,0.0,10.0,37.4,0.0,0.0,2024-01-19
ecom_008736,1,0.0,2.0,90.0,0.0,0.0,0.0,2024-01-08
ecom_000997,0,0.0,0.0,34.0,13.14,1.0,0.0,2024-01-24
ecom_008179,1,0.0,0.0,9.0,22.04,0.0,0.0,2024-01-12
ecom_003290,1,0.0,0.0,140.0,13.78,1.0,0.0,2024-01-09
ecom_001176,1,0.0,2.0,5.0,44.92,1.0,1.0,2024-01-16
ecom_000551,1,0.0,0.0,134.0,29.78,1.0,0.0,2024-01-08
ecom_000744,0,0.0,2.0,40.0,15.07,1.0,0.0,2024-01-12
ecom_007223,0,0.0,0.0,30.0,29.89,1.0,0.0,2024-01-08
ecom_004554,0,0.0,2.0,205.0,0.0,1.0,0.0,2024-01-26
ecom_002859,1,0.0,2.0,2.0,20.03,0.0,0.0,2024-01-15
ecom_008820,0,0.0,0.0,26.0,19.61,0.0,0.0,2024-01-06
ecom_003459,0,0.0,0.0,119.0,0.0,1.0,0.0,2024-01-22
ecom_002724,1,0.0,1.0,30.0,0.0,0.0,0.0,2024-01-03
ecom_006847,1,0.0,0.0,99.0,67.96,0.0,0.0,2024-01-25
ecom_007615,1,0.0,1.0,151.0,9.23,1.0,0.0,2024-01-19
ecom_007547,0,1.0,1.0,56.0,43.55,1.0,0.0,2024-01-20
ecom_009174,0,0.0,2.0,138.0,0.0,1.0,0.0,2024-01-26
ecom_006393,0,0.0,2.0,29.0,12.25,0.0,0.0,2024-01-17
ecom_005358,0,0.0,0.0,45.0,0.0,1.0,0.0,2024-01-25
ecom_009488,0,0.0,2.0,2.0,0.0,0.0,0.0,2024-01-11
ecom_002968,1,0.0,2.0,87.0,14.29,1.0,0.0,2024-01-11
ecom_000693,1,0.0,1.0,59.0,12.62,1.0,0.0,2024-01-25
ecom_002533,0,0.0,1.0,95.0,65.0,1.0,0.0,2024-01-27
ecom_006399,1,1.0,0.0,29.0,7.91,1.0,0.0,2024-01-01
ecom_000982,0,1.0,1.0,185.0,91.86,1.0,1.0,2024-01-28
ecom_005364,0,0.0,2.0,13.0,77.09,0.0,0.0,2024-01-01
ecom_000079,1,0.0,0.0,51.0,0.0,1.0,0.0,2024-01-30
ecom_004053,0,0.0,2.0,16.0,40.93,0.0,0.0,2024-01-16
ecom_006258,0,0.0,0.0,17.0,0.0,1.0,0.0,2024-01-26
ecom_009576,0,0.0,0.0,49.0,20.8,1.0,1.0,2024-01-10
ecom_009025,1,0.0,2.0,8.0,89.97,1.0,0.0,2024-01-25
ecom_003107,1,0.0,1.0,19.0,0.0,0.0,0.0,2024-01-02
ecom_003601,0,0.0,0.0,7.0,0.0,0.0,0.0,2024-01-25
ecom_006073,1,1.0,1.0,156.0,79.18,1.0,0.0,2024-01-14
ecom_008126,0,0.0,0.0,32.0,101.55,1.0,0.0,2024-01-17
ecom_002142,0,1.0,2.0,7.0,52.72,0.0,0.0,2024-01-03
ecom_006310,1,0.0,2.0,1.0,95.82,0.0,0.0,2024-01-04
ecom_002268,1,0.0,2.0,40.0,56.74,1.0,0.0,2024-01-28
ecom_000445,0,0.0,0.0,28.0,33.97,0.0,0.0,2024-01-02
ecom_004883,0,0.0,0.0,46.0,144.25,1.0,0.0,2024-01-26
ecom_004466,1,0.0,0.0,1.0,19.16,0.0,0.0,2024-01-06
ecom_009026,0,0.0,0.0,64.0,151.87,1.0,1.0,2024-01-15
ecom_006632,1,0.0,2.0,61.0,28.21,1.0,0.0,2024-01-28
ecom_003316,0,0.0,2.0,5.0,25.54,0.0,0.0,2024-01-30
ecom_001701,0,0.0,1.0,84.0,0.0,1.0,0.0,2024-01-18
ecom_002526,1,0.0,2.0,2.0,0.0,0.0,0.0,2024-01-10
ecom_000068,0,0.0,2.0,135.0,0.0,1.0,0.0,2024-01-18
ecom_001168,0,0.0,0.0,39.0,0.0,1.0,0.0,2024-01-20
ecom_000048,0,0.0,2.0,151.0,0.0,1.0,0.0,2024-01-18
ecom_001053,0,0.0,1.0,4.0,160.73,0.0,0.0,2024-01-11
ecom_004029,1,0.0,0.0,48.0,11.82,0.0,0.0,2024-01-19
ecom_000880,0,0.0,1.0,56.0,77.04,1.0,0.0,2024-01-08
ecom_002651,1,0.0,0.0,14.0,31.41,0.0,0.0,2024-01-30
ecom_007759,0,1.0,1.0,92.0,19.64,1.0,0.0,2024-01-12
ecom_002439,0,0.0,0.0,179.0,36.49,1.0,0.0,2024-01-06
ecom_004924,0,0.0,0.0,109.0,15.03,1.0,0.0,2024-01-12
ecom_001467,1,1.0,0.0,6.0,104.38,0.0,1.0,2024-01-18
ecom_007292,1,0.0,1.0,155.0,36.59,1.0,0.0,2024-01-10
ecom_005035,1,0.0,0.0,7.0,23.97,1.0,0.0,2024-01-10
ecom_002441,0,0.0,2.0,73.0,40.74,1.0,0.0,2024-01-16
ecom_006554,0,0.0,2.0,77.0,0.0,1.0,0.0,2024-01-25
ecom_000230,0,0.0,0.0,21.0,121.48,0.0,0.0,2024-01-30
ecom_001320,1,0.0,0.0,11.0,29.78,0.0,0.0,2024-01-23
ecom_000041,0,0.0,0.0,5.0,53.51,1.0,0.0,2024-01-15
ecom_000777,0,0.0,1.0,119.0,29.93,1.0,1.0,2024-01-28
ecom_008950,0,0.0,2.0,105.0,145.12,1.0,0.0,2024-01-22
ecom_008404,0,0.0,2.0,36.0,225.46,1.0,0.0,2024-01-24
ecom_001729,1,0.0,2.0,61.0,4.63,1.0,0.0,2024-01-09
ecom_003910,1,0.0,0.0,30.0,31.04,0.0,1.0,2024-01-09
ecom_000579,0,0.0,2.0,12.0,0.0,0.0,0.0,2024-01-28
ecom_009941,1,0.0,0.0,43.0,22.28,1.0,0.0,2024-01-20
ecom_005839,0,0.0,2.0,19.0,14.94,0.0,0.0,2024-01-28
ecom_008271,0,0.0,2.0,328.0,31.47,0.0,0.0,2024-01-10
ecom_007275,0,0.0,0.0,18.0,22.44,0.0,0.0,2024-01-23
ecom_001491,0,0.0,1.0,71.0,121.8,1.0,0.0,2024-01-09
ecom_009109,1,0.0,2.0,22.0,0.0,1.0,0.0,2024-01-23
ecom_005610,1,0.0,2.0,16.0,0.0,0.0,0.0,2024-01-08
ecom_000061,0,0.0,0.0,125.0,35.17,1.0,0.0,2024-01-28
ecom_005471,1,1.0,0.0,19.0,18.63,0.0,0.0,2024-01-08
ecom_003905,0,0.0,2.0,25.0,17.82,0.0,0.0,2024-01-19
ecom_006531,1,0.0,2.0,27.0,25.27,0.0,0.0,2024-01-09
ecom_000402,0,0.0,0.0,57.0,0.0,1.0,0.0,2024-01-28
ecom_000332,1,0.0,0.0,18.0,43.14,0.0,0.0,2024-01-22
ecom_002084,1,0.0,1.0,121.0,23.38,1.0,0.0,2024-01-07
ecom_009557,1,0.0,2.0,18.0,51.71,0.0,1.0,2024-01-24
ecom_000164,1,0.0,0.0,56.0,8.87,1.0,0.0,2024-01-04
ecom_004379,0,0.0,2.0,47.0,0.0,1.0,0.0,2024-01-15
ecom_002715,1,0.0,2.0,7.0,41.32,0.0,0.0,2024-01-16
ecom_008923,1,0.0,0.0,127.0,0.0,1.0,0.0,2024-01-27
ecom_007346,0,0.0,0.0,35.0,98.16,1.0,0.0,2024-01-15
ecom_005453,1,0.0,1.0,95.0,23.43,1.0,0.0,2024-01-29
ecom_007046,0,0.0,2.0,17.0,42.44,0.0,0.0,2024-01-12
ecom_001334,0,0.0,0.0,60.0,26.7,1.0,0.0,2024-01-16
ecom_008698,0,0.0,1.0,44.0,10.86,1.0,0.0,2024-01-21
ecom_001659,0,0.0,0.0,1.0,155.07,0.0,0.0,2024-01-14
ecom_003578,1,0.0,2.0,117.0,59.64,1.0,0.0,2024-01-22
ecom_000753,0,0.0,0.0,44.0,48.14,1.0,0.0,2024-01-23
ecom_006584,0,0.0,0.0,23.0,11.19,0.0,1.0,2024-01-30
ecom_000706,1,0.0,0.0,7.0,91.07,0.0,0.0,2024-01-29
ecom_003014,1,0.0,1.0,52.0,51.78,1.0,0.0,2024-01-12
ecom_008558,1,0.0,1.0,133.0,30.47,1.0,0.0,2024-01-07
ecom_009875,1,0.0,2.0,35.0,0.0,1.0,0.0,2024-01-02
ecom_009582,1,0.0,2.0,4.0,141.48,0.0,0.0,2024-01-23
ecom_008928,1,0.0,1.0,31.0,0.0,1.0,0.0,2024-01-26
ecom_009556,1,0.0,2.0,89.0,0.0,1.0,0.0,2024-01-20
ecom_008983,1,0.0,2.0,71.0,95.2,1.0,0.0,2024-01-14
ecom_001834,1,0.0,0.0,114.0,0.0,1.0,0.0,2024-01-01
ecom_002996,0,0.0,2.0,1.0,52.52,0.0,0.0,2024-01-25
ecom_005427,1,0.0,2.0,112.0,0.0,1.0,0.0,2024-01-16
ecom_003879,1,0.0,1.0,72.0,22.67,1.0,0.0,2024-01-24
ecom_007156,1,0.0,2.0,126.0,9.65,1.0,0.0,2024-01-15
ecom_005081,1,0.0,1.0,18.0,22.71,0.0,0.0,2024-01-18
ecom_009114,0,0.0,1.0,105.0,40.96,0.0,0.0,2024-01-30
ecom_007244,0,0.0,2.0,112.0,120.72,1.0,0.0,2024-01-20
ecom_005400,0,0.0,0.0,11.0,0.0,0.0,0.0,2024-01-08
ecom_005395,0,0.0,1.0,1.0,110.2,0.0,0.0,2024-01-29
ecom_009427,0,1.0,0.0,124.0,29.2,1.0,0.0,2024-01-11
ecom_002246,1,0.0,1.0,52.0,38.52,0.0,0.0,2024-01-21
ecom_000835,0,0.0,0.0,13.0,0.0,0.0,0.0,2024-01-26
ecom_008394,0,0.0,2.0,71.0,0.0,1.0,0.0,2024-01-14
ecom_009042,0,0.0,2.0,36.0,102.67,1.0,0.0,2024-01-05
ecom_000432,0,0.0,0.0,49.0,21.81,1.0,0.0,2024-01-14
ecom_003378,1,0.0,1.0,4.0,12.9,0.0,1.0,2024-01-08
ecom_006817,1,0.0,0.0,94.0,37.59,1.0,0.0,2024-01-07
ecom_008131,0,0.0,1.0,20.0,18.2,0.0,0.0,2024-01-23
ecom_009621,1,0.0,0.0,189.0,0.0,1.0,1.0,2024-01-12
ecom_006066,1,0.0,2.0,35.0,13.59,1.0,0.0,2024-01-17
ecom_001193,0,0.0,0.0,11.0,0.0,0.0,0.0,2024-01-08
ecom_006934,0,0.0,2.0,63.0,29.52,1.0,0.0,2024-01-04
ecom_005461,0,0.0,2.0,29.0,0.0,0.0,0.0,2024-01-24
ecom_003071,1,0.0,0.0,76.0,0.0,1.0,0.0,2024-01-09
ecom_003044,1,0.0,0.0,53.0,12.66,1.0,1.0,2024-01-30
ecom_003263,0,0.0,1.0,112.0,79.8,1.0,0.0,2024-01-22
ecom_002729,1,0.0,1.0,17.0,52.99,0.0,0.0,2024-01-23
ecom_003433,1,0.0,0.0,241.0,0.0,1.0,1.0,2024-01-21
ecom_000433,0,0.0,2.0,9.0,34.17,1.0,0.0,2024-01-10
ecom_003272,0,0.0,0.0,120.0,0.0,0.0,0.0,2024-01-17
ecom_007001,1,0.0,2.0,48.0,38.78,1.0,0.0,2024-01-16
ecom_009726,0,0.0,0.0,176.0,0.0,0.0,0.0,2024-01-03
ecom_000104,0,0.0,2.0,48.0,0.0,1.0,0.0,2024-01-26
ecom_003315,0,0.0,2.0,30.0,40.36,0.0,0.0,2024-01-25
ecom_001656,1,0.0,0.0,72.0,0.0,1.0,0.0,2024-01-09
ecom_001533,1,0.0,0.0,12.0,0.0,1.0,1.0,2024-01-22
ecom_004680,1,0.0,0.0,244.0,21.89,1.0,0.0,2024-01-21
ecom_008813,1,0.0,1.0,52.0,30.75,1.0,1.0,2024-01-02
ecom_009002,1,0.0,2.0,110.0,26.91,0.0,0.0,2024-01-26
ecom_006622,1,0.0,1.0,77.0,11.22,1.0,0.0,2024-01-21
ecom_001443,0,0.0,2.0,9.0,0.0,0.0,0.0,2024-01-29
ecom_000214,1,0.0,0.0,93.0,32.59,1.0,1.0,2024-01-26
ecom_005356,0,0.0,2.0,246.0,42.37,1.0,0.0,2024-01-04
ecom_009218,1,0.0,2.0,1.0,20.96,0.0,0.0,2024-01-10
ecom_006322,0,1.0,2.0,88.0,563.89,1.0,0.0,2024-01-07
ecom_004989,0,0.0,0.0,278.0,74.76,1.0,0.0,2024-01-11
ecom_001419,0,0.0,0.0,66.0,96.64,1.0,0.0,2024-01-01
ecom_009516,0,0.0,0.0,25.0,16.66,0.0,0.0,2024-01-16
ecom_008606,1,0.0,1.0,2.0,42.91,0.0,0.0,2024-01-17
ecom_000181,1,0.0,2.0,10.0,0.0,0.0,0.0,2024-01-15
ecom_004352,0,0.0,2.0,24.0,28.15,0.0,0.0,2024-01-16
ecom_008700,0,0.0,2.0,42.0,29.77,1.0,0.0,2024-01-21
ecom_002446,1,0.0,2.0,87.0,0.0,1.0,0.0,2024-01-10
ecom_005321,1,0.0,2.0,48.0,44.45,1.0,0.0,2024-01-10
ecom_008045,0,0.0,2.0,16.0,0.0,1.0,0.0,2024-01-02
ecom_005684,0,0.0,2.0,25.0,12.95,0.0,0.0,2024-01-25
ecom_003532,1,0.0,2.0,119.0,0.0,1.0,1.0,2024-01-05
ecom_008244,1,0.0,0.0,104.0,79.55,1.0,0.0,2024-01-04
ecom_007976,1,0.0,0.0,51.0,0.0,1.0,0.0,2024-01-22
ecom_003698,1,0.0,2.0,84.0,44.46,1.0,0.0,2024-01-18
ecom_000070,0,0.0,1.0,41.0,80.57,1.0,0.0,2024-01-23
ecom_000544,0,0.0,2.0,50.0,0.0,1.0,0.0,2024-01-15
ecom_001204,1,0.0,0.0,12.0,31.93,0.0,0.0,2024-01-21
ecom_003078,1,0.0,0.0,87.0,0.0,1.0,0.0,2024-01-16
ecom_009106,0,0.0,2.0,58.0,34.16,1.0,0.0,2024-01-11
ecom_009120,0,0.0,1.0,77.0,79.56,1.0,0.0,2024-01-11
ecom_009680,1,0.0,0.0,19.0,63.04,0.0,0.0,2024-01-04
ecom_006180,1,0.0,2.0,13.0,173.39,0.0,0.0,2024-01-18
ecom_008329,0,0.0,2.0,29.0,20.49,0.0,0.0,2024-01-19
ecom_004284,0,0.0,0.0,39.0,0.0,1.0,0.0,2024-01-25
ecom_004007,1,0.0,1.0,65.0,0.0,1.0,0.0,2024-01-30
ecom_008713,1,0.0,0.0,31.0,0.0,1.0,0.0,2024-01-01
ecom_000877,1,0.0,2.0,14.0,30.77,0.0,0.0,2024-01-02
ecom_008060,0,0.0,0.0,40.0,0.0,1.0,0.0,2024-01-24
ecom_000196,0,0.0,2.0,20.0,28.5,1.0,0.0,2024-01-19
ecom_009746,0,1.0,2.0,31.0,36.22,1.0,0.0,2024-01-29
ecom_004010,0,0.0,2.0,14.0,29.49,0.0,0.0,2024-01-02
ecom_009962,0,0.0,1.0,7.0,55.62,0.0,0.0,2024-01-25
ecom_002571,0,0.0,1.0,11.0,20.54,0.0,0.0,2024-01-06
ecom_003753,0,0.0,2.0,17.0,31.2,0.0,0.0,2024-01-22
ecom_009247,1,0.0,2.0,14.0,22.72,0.0,0.0,2024-01-29
ecom_008628,1,0.0,2.0,183.0,102.03,1.0,0.0,2024-01-08
ecom_009368,1,0.0,2.0,25.0,54.78,0.0,0.0,2024-01-17
ecom_006159,1,0.0,2.0,132.0,102.43,1.0,0.0,2024-01-03
ecom_004791,1,1.0,0.0,140.0,22.72,0.0,0.0,2024-01-08
ecom_005337,0,0.0,2.0,55.0,227.77,1.0,0.0,2024-01-04
ecom_003024,0,0.0,0.0,18.0,22.71,0.0,0.0,2024-01-18
ecom_002718,1,0.0,0.0,42.0,0.0,1.0,0.0,2024-01-16
ecom_008655,1,0.0,0.0,140.0,118.84,1.0,0.0,2024-01-04
ecom_006916,0,0.0,0.0,124.0,33.91,1.0,0.0,2024-01-18
ecom_003984,1,0.0,1.0,56.0,11.05,1.0,0.0,2024-01-17
ecom_007308,1,1.0,1.0,124.0,37.26,1.0,1.0,2024-01-05
ecom_005953,1,0.0,1.0,20.0,31.93,0.0,1.0,2024-01-19
ecom_003844,1,0.0,1.0,46.0,80.8,1.0,0.0,2024-01-24
ecom_002682,0,0.0,0.0,209.0,19.22,1.0,0.0,2024-01-01
ecom_004024,0,0.0,2.0,30.0,27.73,0.0,0.0,2024-01-11
ecom_008715,1,0.0,2.0,32.0,68.09,1.0,0.0,2024-01-08
ecom_003139,1,0.0,1.0,1.0,33.28,0.0,0.0,2024-01-14
ecom_004237,1,0.0,2.0,85.0,51.63,1.0,0.0,2024-01-04
ecom_000218,0,1.0,1.0,10.0,25.81,0.0,0.0,2024-01-25
ecom_006618,0,0.0,1.0,48.0,59.26,1.0,0.0,2024-01-10
ecom_009606,0,0.0,0.0,95.0,46.83,1.0,0.0,2024-01-01
ecom_005268,1,1.0,0.0,7.0,18.4,0.0,1.0,2024-01-18
ecom_002543,1,0.0,2.0,1.0,13.11,0.0,0.0,2024-01-03
ecom_002870,0,0.0,0.0,63.0,23.82,1.0,0.0,2024-01-04
ecom_001244,0,0.0,2.0,153.0,0.0,1.0,0.0,2024-01-29
ecom_000420,1,1.0,0.0,29.0,36.08,0.0,0.0,2024-01-01
ecom_006227,0,1.0,1.0,86.0,13.03,1.0,0.0,2024-01-17
ecom_002058,0,0.0,1.0,23.0,0.0,1.0,0.0,2024-01-16
ecom_008493,1,0.0,2.0,66.0,14.73,1.0,0.0,2024-01-08
ecom_006434,0,0.0,2.0,13.0,0.0,0.0,0.0,2024-01-11
ecom_003422,1,0.0,2.0,1.0,0.0,0.0,0.0,2024-01-18
ecom_004510,1,0.0,0.0,52.0,112.68,1.0,0.0,2024-01-13
ecom_001166,0,0.0,0.0,62.0,12.05,1.0,0.0,2024-01-08
ecom_000254,0,0.0,2.0,20.0,3.44,1.0,0.0,2024-01-10
ecom_000415,0,0.0,0.0,70.0,19.02,1.0,0.0,2024-01-19
ecom_009175,0,0.0,2.0,39.0,20.91,1.0,0.0,2024-01-13
ecom_003469,1,0.0,0.0,2.0,91.25,0.0,0.0,2024-01-03
ecom_003050,0,0.0,0.0,14.0,17.67,0.0,0.0,2024-01-22
ecom_000759,1,0.0,2.0,113.0,26.63,1.0,0.0,2024-01-13
ecom_001385,1,0.0,2.0,3.0,0.0,0.0,0.0,2024-01-16
ecom_000654,0,0.0,2.0,17.0,37.68,0.0,0.0,2024-01-06
ecom_001201,0,0.0,1.0,18.0,0.0,0.0,0.0,2024-01-22
ecom_002413,0,0.0,0.0,69.0,12.62,1.0,0.0,2024-01-28
ecom_005579,1,0.0,2.0,87.0,51.06,1.0,0.0,2024-01-14
ecom_005993,1,0.0,2.0,24.0,16.96,0.0,0.0,2024-01-19
ecom_005294,1,0.0,2.0,198.0,38.43,1.0,0.0,2024-01-05
ecom_003055,0,0.0,0.0,107.0,22.92,1.0,0.0,2024-01-07
ecom_002830,1,0.0,0.0,64.0,44.64,1.0,0.0,2024-01-17
ecom_002970,0,1.0,2.0,122.0,0.0,1.0,1.0,2024-01-20
ecom_000328,0,0.0,2.0,2.0,0.0,0.0,0.0,2024-01-10
ecom_004270,0,0.0,0.0,41.0,0.0,0.0,0.0,2024-01-18
ecom_005994,0,0.0,2.0,23.0,11.56,0.0,0.0,2024-01-24
ecom_004392,1,0.0,1.0,182.0,50.39,1.0,0.0,2024-01-23
ecom_002063,0,0.0,2.0,32.0,0.0,1.0,0.0,2024-01-22
ecom_008301,1,0.0,2.0,247.0,164.65,1.0,0.0,2024-01-24
ecom_009013,1,0.0,2.0,40.0,11.16,1.0,0.0,2024-01-15
ecom_009329,0,0.0,0.0,14.0,0.0,0.0,0.0,2024-01-08
ecom_005169,1,0.0,1.0,115.0,27.91,1.0,0.0,2024-01-12
ecom_004429,1,0.0,2.0,38.0,19.33,1.0,0.0,2024-01-05
ecom_001281,1,0.0,2.0,47.0,26.96,0.0,0.0,2024-01-13
ecom_003381,1,0.0,0.0,95.0,7.0,1.0,0.0,2024-01-10
ecom_002636,0,0.0,2.0,1.0,65.59,0.0,0.0,2024-01-24
ecom_003328,1,0.0,0.0,7.0,11.48,0.0,1.0,2024-01-26
ecom_006436,0,0.0,1.0,92.0,21.82,1.0,0.0,2024-01-20
ecom_005018,0,0.0,0.0,1.0,5.62,1.0,0.0,2024-01-11
ecom_007324,1,0.0,1.0,12.0,2.32,0.0,0.0,2024-01-06
ecom_003795,0,1.0,2.0,151.0,0.0,1.0,0.0,2024-01-04
ecom_002663,0,0.0,0.0,20.0,89.65,1.0,1.0,2024-01-17
ecom_008282,0,0.0,1.0,8.0,11.23,0.0,0.0,2024-01-11
ecom_001282,1,0.0,2.0,9.0,79.64,0.0,0.0,2024-01-18
ecom_004148,0,0.0,2.0,1.0,2.98,0.0,0.0,2024-01-30
ecom_001362,0,0.0,0.0,5.0,0.0,0.0,0.0,2024-01-27
ecom_001437,1,0.0,0.0,72.0,27.11,1.0,0.0,2024-01-07
ecom_009628,1,0.0,2.0,1.0,34.3,0.0,0.0,2024-01-19
ecom_003441,0,0.0,0.0,17.0,31.94,0.0,0.0,2024-01-27
ecom_000056,1,0.0,1.0,101.0,209.79,1.0,0.0,2024-01-21
ecom_004597,0,0.0,1.0,142.0,0.0,1.0,0.0,2024-01-10
ecom_008479,1,0.0,0.0,1.0,130.11,0.0,0.0,2024-01-25
ecom_005365,0,0.0,2.0,43.0,40.21,1.0,0.0,2024-01-12
ecom_001844,1,0.0,2.0,25.0,19.78,0.0,0.0,2024-01-26
ecom_005515,1,0.0,1.0,175.0,0.0,1.0,0.0,2024-01-10
ecom_008573,0,0.0,0.0,180.0,9.3,1.0,0.0,2024-01-13
ecom_006263,0,0.0,1.0,29.0,0.0,0.0,0.0,2024-01-01
ecom_002880,1,0.0,0.0,40.0,34.98,1.0,1.0,2024-01-07
ecom_001743,0,0.0,2.0,29.0,36.8,0.0,0.0,2024-01-09
ecom_008398,0,0.0,0.0,1.0,32.88,0.0,0.0,2024-01-23
ecom_004169,0,0.0,2.0,47.0,242.62,0.0,0.0,2024-01-06
ecom_005197,1,0.0,2.0,89.0,24.51,1.0,0.0,2024-01-30
ecom_008993,1,0.0,0.0,20.0,0.0,0.0,0.0,2024-01-11
ecom_000740,0,0.0,2.0,9.0,39.2,1.0,0.0,2024-01-11
ecom_009066,0,0.0,2.0,31.0,91.11,1.0,0.0,2024-01-15
ecom_001624,0,0.0,2.0,101.0,28.38,1.0,0.0,2024-01-12
ecom_000524,0,0.0,0.0,19.0,34.95,0.0,0.0,2024-01-23
ecom_007999,1,0.0,2.0,75.0,58.92,1.0,0.0,2024-01-15
ecom_004419,1,0.0,0.0,31.0,71.78,1.0,0.0,2024-01-11
ecom_005426,0,0.0,1.0,40.0,42.11,1.0,0.0,2024-01-29
ecom_006689,1,0.0,2.0,13.0,8.32,0.0,0.0,2024-01-27
ecom_007382,1,0.0,2.0,11.0,42.32,0.0,0.0,2024-01-28
ecom_000435,0,0.0,0.0,3.0,73.1,0.0,0.0,2024-01-30
ecom_002960,1,0.0,2.0,14.0,21.2,0.0,0.0,2024-01-25
ecom_000308,1,0.0,1.0,8.0,11.28,0.0,1.0,2024-01-10
ecom_001565,0,0.0,2.0,28.0,0.0,0.0,0.0,2024-01-10
ecom_002631,1,0.0,2.0,31.0,12.37,1.0,0.0,2024-01-29
ecom_005597,0,0.0,2.0,91.0,0.0,1.0,0.0,2024-01-11
ecom_009477,1,0.0,2.0,251.0,3.62,1.0,0.0,2024-01-16
ecom_000401,0,0.0,0.0,69.0,17.83,1.0,0.0,2024-01-12
ecom_003826,1,0.0,1.0,25.0,20.29,0.0,0.0,2024-01-02
ecom_000881,1,0.0,2.0,72.0,32.59,1.0,1.0,2024-01-06
ecom_003997,0,0.0,1.0,32.0,21.08,1.0,0.0,2024-01-01
ecom_007118,1,0.0,0.0,70.0,0.0,1.0,0.0,2024-01-08
ecom_003265,0,0.0,0.0,3.0,51.37,0.0,0.0,2024-01-28
ecom_008406,0,0.0,2.0,42.0,12.49,1.0,0.0,2024-01-04
ecom_005009,1,0.0,0.0,74.0,39.73,1.0,0.0,2024-01-24
ecom_005736,0,0.0,2.0,32.0,36.67,1.0,0.0,2024-01-15
ecom_005554,1,0.0,1.0,105.0,0.0,1.0,0.0,2024-01-20
ecom_000288,0,0.0,1.0,5.0,26.24,0.0,0.0,2024-01-26
ecom_005564,0,0.0,1.0,8.0,8.01,0.0,0.0,2024-01-11
ecom_008324,0,0.0,0.0,301.0,22.42,1.0,0.0,2024-01-22
ecom_002623,1,0.0,1.0,44.0,21.39,1.0,0.0,2024-01-11
ecom_008859,1,0.0,0.0,3.0,44.96,0.0,0.0,2024-01-23
ecom_000476,1,0.0,2.0,57.0,36.36,1.0,0.0,2024-01-13
ecom_008591,0,0.0,0.0,68.0,8.96,1.0,0.0,2024-01-12
ecom_009713,0,0.0,2.0,84.0,54.14,1.0,1.0,2024-01-03
ecom_006522,0,0.0,2.0,21.0,21.49,0.0,0.0,2024-01-09
ecom_003111,0,0.0,1.0,137.0,14.71,1.0,0.0,2024-01-22
ecom_009470,1,0.0,2.0,22.0,0.0,0.0,0.0,2024-01-08
ecom_000737,1,0.0,2.0,41.0,27.07,0.0,0.0,2024-01-27
ecom_003133,0,0.0,1.0,2.0,41.25,0.0,0.0,2024-01-24
ecom_008047,0,0.0,2.0,10.0,7.12,0.0,0.0,2024-01-23
ecom_006551,1,0.0,2.0,110.0,15.7,1.0,0.0,2024-01-18
ecom_005407,1,0.0,0.0,153.0,13.15,1.0,0.0,2024-01-10
ecom_005563,1,0.0,0.0,68.0,54.22,1.0,0.0,2024-01-23
ecom_005328,0,0.0,2.0,66.0,0.0,1.0,0.0,2024-01-22
ecom_006718,0,0.0,2.0,13.0,0.0,0.0,0.0,2024-01-11
ecom_005118,0,0.0,2.0,30.0,0.0,0.0,0.0,2024-01-02
ecom_004619,0,0.0,2.0,66.0,0.0,1.0,0.0,2024-01-09
ecom_003689,0,0.0,0.0,40.0,87.9,1.0,0.0,2024-01-20
ecom_007716,1,0.0,0.0,36.0,110.75,1.0,0.0,2024-01-03
ecom_001839,0,0.0,0.0,64.0,4.9,0.0,0.0,2024-01-02
ecom_001995,0,0.0,2.0,21.0,16.92,0.0,0.0,2024-01-18
ecom_002399,1,0.0,1.0,38.0,51.79,1.0,0.0,2024-01-10
ecom_006510,0,0.0,2.0,45.0,0.0,1.0,0.0,2024-01-07
ecom_009356,1,1.0,1.0,69.0,0.0,1.0,1.0,2024-01-10
ecom_004119,1,1.0,0.0,66.0,16.69,1.0,0.0,2024-01-03
ecom_005894,1,0.0,0.0,81.0,159.56,1.0,0.0,2024-01-11
ecom_000800,1,1.0,2.0,10.0,50.94,0.0,0.0,2024-01-18
ecom_008423,0,0.0,2.0,21.0,182.94,0.0,0.0,2024-01-29
ecom_007680,0,0.0,0.0,16.0,38.54,0.0,0.0,2024-01-05
ecom_001405,1,0.0,0.0,20.0,34.89,0.0,0.0,2024-01-02
ecom_005431,0,0.0,0.0,32.0,108.57,1.0,0.0,2024-01-08
ecom_000069,1,0.0,0.0,86.0,0.0,1.0,0.0,2024-01-28
ecom_009543,1,1.0,0.0,218.0,95.17,1.0,0.0,2024-01-16
ecom_002759,1,0.0,1.0,31.0,25.08,1.0,0.0,2024-01-07
ecom_008294,0,0.0,0.0,89.0,0.0,1.0,0.0,2024-01-11
ecom_001586,1,0.0,2.0,44.0,35.7,1.0,0.0,2024-01-20
ecom_006666,0,0.0,1.0,179.0,170.82,1.0,0.0,2024-01-08
ecom_008014,1,0.0,0.0,8.0,41.78,0.0,0.0,2024-01-01
ecom_001074,1,0.0,0.0,3.0,43.0,1.0,0.0,2024-01-23
ecom_003063,1,0.0,0.0,65.0,0.0,1.0,0.0,2024-01-02
ecom_006487,0,0.0,0.0,1.0,26.47,1.0,0.0,2024-01-18
ecom_004705,1,0.0,0.0,37.0,28.55,1.0,0.0,2024-01-23
ecom_009069,0,0.0,2.0,11.0,0.0,0.0,0.0,2024-01-03
ecom_002603,1,0.0,2.0,8.0,0.0,0.0,0.0,2024-01-25
ecom_007738,0,0.0,1.0,208.0,212.1,1.0,0.0,2024-01-17
ecom_001579,1,0.0,0.0,81.0,43.02,0.0,0.0,2024-01-01
ecom_005058,0,0.0,0.0,16.0,37.61,0.0,0.0,2024-01-19
ecom_005753,0,0.0,0.0,17.0,149.91,1.0,0.0,2024-01-07
ecom_003548,1,0.0,2.0,56.0,57.5,1.0,0.0,2024-01-01
ecom_000409,1,0.0,2.0,233.0,16.2,1.0,0.0,2024-01-25
ecom_004097,0,0.0,2.0,33.0,0.0,1.0,0.0,2024-01-25
ecom_006461,0,0.0,2.0,56.0,40.91,0.0,1.0,2024-01-19
ecom_005601,0,0.0,0.0,15.0,0.0,0.0,0.0,2024-01-26
ecom_005231,1,0.0,2.0,57.0,0.0,1.0,0.0,2024-01-04
ecom_003777,0,0.0,0.0,157.0,41.06,1.0,1.0,2024-01-20
ecom_002726,1,0.0,2.0,14.0,22.82,0.0,0.0,2024-01-11
ecom_000477,0,0.0,2.0,35.0,0.0,1.0,0.0,2024-01-30
ecom_001329,1,0.0,0.0,33.0,9.22,1.0,0.0,2024-01-30
ecom_004035,1,0.0,0.0,152.0,9.54,1.0,0.0,2024-01-07
ecom_009642,0,0.0,1.0,17.0,116.81,0.0,0.0,2024-01-06
ecom_001777,1,0.0,2.0,22.0,14.97,0.0,0.0,2024-01-24
ecom_006096,0,0.0,1.0,39.0,52.62,1.0,0.0,2024-01-03
ecom_000751,0,0.0,0.0,10.0,40.34,0.0,0.0,2024-01-08
ecom_005792,1,0.0,2.0,18.0,69.75,0.0,0.0,2024-01-08
ecom_004060,0,0.0,2.0,7.0,22.45,0.0,0.0,2024-01-27
ecom_009041,1,0.0,0.0,107.0,29.13,1.0,0.0,2024-01-04
ecom_006030,1,0.0,0.0,3.0,63.34,0.0,1.0,2024-01-26
ecom_005898,1,0.0,2.0,38.0,20.96,1.0,1.0,2024-01-19
ecom_009338,0,0.0,2.0,23.0,60.14,0.0,0.0,2024-01-30
ecom_009160,0,0.0,0.0,4.0,24.54,0.0,0.0,2024-01-23
ecom_009996,0,0.0,2.0,70.0,33.98,1.0,0.0,2024-01-28
ecom_005151,0,0.0,0.0,21.0,80.41,1.0,0.0,2024-01-09
ecom_000468,0,0.0,0.0,118.0,28.24,1.0,0.0,2024-01-07
ecom_001545,0,0.0,1.0,17.0,25.75,0.0,0.0,2024-01-25
ecom_006311,0,0.0,2.0,13.0,0.0,0.0,0.0,2024-01-08
ecom_002683,1,0.0,2.0,71.0,19.1,1.0,0.0,2024-01-17
ecom_008966,1,0.0,1.0,8.0,27.05,0.0,0.0,2024-01-10
ecom_006181,0,0.0,0.0,36.0,0.0,1.0,0.0,2024-01-02
ecom_001025,0,0.0,0.0,50.0,0.0,1.0,0.0,2024-01-26
ecom_005112,0,0.0,0.0,15.0,0.0,0.0,0.0,2024-01-25
ecom_008562,0,0.0,0.0,69.0,21.59,1.0,0.0,2024-01-24
ecom_005368,1,1.0,0.0,5.0,41.85,0.0,0.0,2024-01-09
ecom_002354,1,0.0,2.0,121.0,0.0,1.0,0.0,2024-01-09
ecom_007278,1,0.0,0.0,77.0,17.65,1.0,0.0,2024-01-10
ecom_003602,1,0.0,1.0,63.0,23.52,1.0,0.0,2024-01-15
ecom_000773,0,0.0,1.0,108.0,15.94,0.0,0.0,2024-01-10
ecom_006773,1,0.0,1.0,50.0,39.22,1.0,0.0,2024-01-16
ecom_008809,1,1.0,0.0,28.0,11.61,0.0,0.0,2024-01-16
ecom_003382,1,0.0,0.0,113.0,60.64,1.0,0.0,2024-01-01
ecom_000641,1,0.0,1.0,8.0,0.0,0.0,0.0,2024-01-22
ecom_004233,0,0.0,2.0,53.0,26.21,1.0,0.0,2024-01-08
ecom_003815,1,0.0,2.0,113.0,19.18,1.0,0.0,2024-01-29
ecom_004104,1,0.0,2.0,11.0,0.0,0.0,0.0,2024-01-02
ecom_009925,0,0.0,2.0,8.0,35.41,0.0,0.0,2024-01-17
ecom_001108,0,0.0,1.0,235.0,32.08,0.0,0.0,2024-01-04
ecom_003527,0,0.0,2.0,100.0,35.71,1.0,0.0,2024-01-03
ecom_003495,1,0.0,1.0,28.0,89.06,0.0,0.0,2024-01-16
ecom_001420,0,0.0,0.0,48.0,41.39,0.0,0.0,2024-01-09
ecom_006923,1,1.0,2.0,6.0,0.0,0.0,0.0,2024-01-24
ecom_003881,0,0.0,0.0,11.0,100.79,0.0,0.0,2024-01-02
ecom_008353,0,0.0,2.0,226.0,27.4,1.0,0.0,2024-01-05
ecom_006245,1,0.0,2.0,33.0,71.66,1.0,0.0,2024-01-15
ecom_004938,1,0.0,0.0,1.0,27.57,0.0,0.0,2024-01-06
ecom_006798,1,0.0,0.0,42.0,24.56,1.0,0.0,2024-01-02
ecom_007812,1,0.0,2.0,43.0,5.82,1.0,0.0,2024-01-15
ecom_001680,1,0.0,2.0,5.0,222.06,1.0,0.0,2024-01-10
ecom_006715,1,0.0,2.0,56.0,106.9,1.0,0.0,2024-01-29
ecom_000633,1,0.0,2.0,100.0,51.5,1.0,0.0,2024-01-19
ecom_002569,0,0.0,2.0,26.0,120.58,0.0,0.0,2024-01-25
ecom_007359,1,0.0,0.0,68.0,75.92,1.0,1.0,2024-01-19
ecom_002166,0,0.0,0.0,1.0,34.78,0.0,0.0,2024-01-19
ecom_008169,1,0.0,2.0,17.0,12.0,0.0,0.0,2024-01-17
ecom_008845,1,0.0,2.0,9.0,27.7,0.0,0.0,2024-01-20
ecom_002825,0,0.0,2.0,44.0,0.0,1.0,0.0,2024-01-14
ecom_004087,1,0.0,1.0,38.0,89.98,0.0,0.0,2024-01-23
ecom_006243,0,0.0,0.0,252.0,61.26,1.0,0.0,2024-01-25
ecom_008364,0,0.0,2.0,13.0,31.83,0.0,0.0,2024-01-12
ecom_003941,1,0.0,1.0,106.0,32.99,1.0,0.0,2024-01-14
ecom_009179,1,0.0,0.0,3.0,0.0,0.0,0.0,2024-01-03
ecom_008075,1,0.0,2.0,1.0,0.0,0.0,0.0,2024-01-28
ecom_009195,0,0.0,2.0,38.0,40.59,1.0,1.0,2024-01-11
ecom_004128,0,1.0,0.0,35.0,0.0,1.0,0.0,2024-01-23
ecom_001172,0,0.0,2.0,130.0,0.0,1.0,0.0,2024-01-09
ecom_008668,0,0.0,2.0,20.0,9.55,0.0,0.0,2024-01-19
ecom_004222,1,0.0,2.0,16.0,16.75,0.0,0.0,2024-01-07
ecom_004834,0,0.0,2.0,6.0,8.56,0.0,0.0,2024-01-19
ecom_002576,1,0.0,0.0,7.0,0.0,0.0,0.0,2024-01-25
ecom_001989,1,0.0,0.0,58.0,18.09,1.0,0.0,2024-01-09
ecom_006973,1,0.0,1.0,45.0,130.74,1.0,0.0,2024-01-14
ecom_005836,1,0.0,0.0,83.0,17.66,1.0,0.0,2024-01-11
ecom_004532,1,1.0,2.0,21.0,47.97,0.0,0.0,2024-01-23
ecom_003209,1,1.0,0.0,14.0,20.9,0.0,0.0,2024-01-18
ecom_003855,0,0.0,1.0,43.0,0.0,1.0,0.0,2024-01-11
ecom_002628,0,0.0,0.0,10.0,11.68,1.0,0.0,2024-01-25
ecom_007803,0,0.0,1.0,45.0,0.0,1.0,0.0,2024-01-29
ecom_001410,0,0.0,0.0,2.0,30.58,0.0,0.0,2024-01-17
ecom_008257,1,0.0,0.0,10.0,0.0,0.0,0.0,2024-01-07
ecom_007386,1,0.0,0.0,42.0,46.2,0.0,0.0,2024-01-25
ecom_004303,1,0.0,2.0,181.0,328.72,0.0,1.0,2024-01-23
ecom_006750,1,0.0,1.0,24.0,24.13,0.0,0.0,2024-01-30
ecom_006555,1,0.0,0.0,1.0,37.56,0.0,0.0,2024-01-14
ecom_000815,0,0.0,0.0,50.0,0.0,1.0,0.0,2024-01-16
ecom_002404,0,0.0,2.0,61.0,0.0,0.0,0.0,2024-01-18
ecom_005397,0,0.0,2.0,24.0,32.64,0.0,0.0,2024-01-03
ecom_009956,0,0.0,2.0,5.0,18.66,0.0,0.0,2024-01-07
ecom_002131,0,0.0,2.0,60.0,13.69,1.0,0.0,2024-01-18
ecom_001797,1,0.0,1.0,36.0,24.81,1.0,0.0,2024-01-07
ecom_003090,0,0.0,2.0,72.0,0.0,1.0,0.0,2024-01-28
ecom_004184,1,0.0,2.0,14.0,48.66,0.0,0.0,2024-01-15
ecom_004564,1,0.0,0.0,8.0,0.0,0.0,0.0,2024-01-29
ecom_005030,0,0.0,2.0,115.0,0.0,1.0,0.0,2024-01-06
ecom_008048,0,0.0,1.0,41.0,78.07,1.0,0.0,2024-01-17
ecom_000122,1,0.0,0.0,4.0,13.88,0.0,0.0,2024-01-27
ecom_000179,1,0.0,0.0,105.0,16.24,1.0,0.0,2024-01-13
ecom_009250,0,0.0,2.0,38.0,37.58,1.0,0.0,2024-01-25
ecom_008095,0,0.0,2.0,21.0,33.44,0.0,0.0,2024-01-02
ecom_006429,1,0.0,2.0,72.0,52.11,1.0,0.0,2024-01-17
ecom_009737,0,1.0,0.0,7.0,64.77,0.0,0.0,2024-01-04
ecom_004992,1,0.0,2.0,27.0,33.07,1.0,0.0,2024-01-21
ecom_001157,0,0.0,1.0,198.0,184.14,1.0,0.0,2024-01-05
ecom_009003,1,0.0,2.0,53.0,29.8,1.0,0.0,2024-01-03
ecom_001532,0,0.0,2.0,106.0,0.0,1.0,0.0,2024-01-23
ecom_008992,1,0.0,1.0,54.0,124.43,1.0,0.0,2024-01-12
ecom_007859,0,0.0,0.0,127.0,0.0,0.0,1.0,2024-01-23
ecom_009110,0,1.0,1.0,105.0,27.04,1.0,1.0,2024-01-18
ecom_001535,1,0.0,0.0,92.0,0.0,1.0,1.0,2024-01-29
ecom_009259,0,0.0,2.0,94.0,11.74,0.0,0.0,2024-01-06
ecom_005517,1,0.0,2.0,38.0,0.0,1.0,0.0,2024-01-23
ecom_002605,1,0.0,1.0,1.0,143.26,0.0,0.0,2024-01-12
ecom_006127,0,0.0,0.0,53.0,23.05,1.0,0.0,2024-01-05
ecom_009141,0,0.0,0.0,100.0,78.43,1.0,0.0,2024-01-18
ecom_007458,1,0.0,1.0,294.0,0.0,1.0,0.0,2024-01-09
ecom_002177,0,0.0,2.0,45.0,21.51,1.0,0.0,2024-01-19
ecom_007990,1,0.0,0.0,44.0,0.0,1.0,0.0,2024-01-29
ecom_002351,0,0.0,0.0,22.0,144.21,0.0,0.0,2024-01-03
ecom_009177,0,0.0,2.0,48.0,51.0,1.0,0.0,2024-01-14
ecom_003502,0,0.0,2.0,67.0,0.0,1.0,0.0,2024-01-24
ecom_002134,1,0.0,2.0,29.0,0.0,0.0,0.0,2024-01-15
ecom_001480,0,0.0,1.0,5.0,0.0,1.0,0.0,2024-01-04
ecom_002793,0,0.0,2.0,21.0,0.0,0.0,0.0,2024-01-21
ecom_004843,1,0.0,2.0,118.0,54.74,1.0,0.0,2024-01-21
ecom_009780,1,0.0,0.0,5.0,28.91,0.0,0.0,2024-01-16
ecom_009934,1,0.0,0.0,17.0,0.0,0.0,0.0,2024-01-30
ecom_004762,0,0.0,2.0,34.0,37.17,1.0,0.0,2024-01-20
ecom_007191,1,0.0,2.0,101.0,0.0,1.0,0.0,2024-01-22
ecom_006041,1,0.0,2.0,39.0,23.68,1.0,0.0,2024-01-23
ecom_009636,1,0.0,0.0,18.0,0.0,0.0,0.0,2024-01-12
ecom_003445,0,0.0,0.0,1.0,62.4,0.0,0.0,2024-01-09
ecom_008149,1,0.0,0.0,186.0,0.0,0.0,1.0,2024-01-08
ecom_007765,1,0.0,1.0,17.0,0.0,0.0,0.0,2024-01-21
ecom_003620,0,0.0,1.0,62.0,0.0,0.0,0.0,2024-01-11
ecom_001952,0,0.0,2.0,97.0,61.32,1.0,0.0,2024-01-13
ecom_000555,0,0.0,2.0,40.0,0.0,1.0,0.0,2024-01-19
ecom_004264,0,0.0,1.0,48.0,69.86,1.0,0.0,2024-01-18
ecom_001163,0,0.0,0.0,197.0,151.99,1.0,1.0,2024-01-24
ecom_001584,0,0.0,2.0,70.0,46.52,1.0,0.0,2024-01-09
ecom_006151,0,0.0,0.0,75.0,28.83,1.0,0.0,2024-01-03
ecom_009720,1,0.0,0.0,43.0,18.83,1.0,0.0,2024-01-15
ecom_005837,0,0.0,2.0,90.0,34.37,1.0,0.0,2024-01-08
ecom_005261,0,1.0,0.0,63.0,33.74,1.0,0.0,2024-01-14
ecom_005239,1,0.0,2.0,104.0,10.81,1.0,0.0,2024-01-13
ecom_007913,1,1.0,0.0,266.0,17.2,1.0,0.0,2024-01-02
ecom_009162,1,0.0,1.0,30.0,32.43,0.0,0.0,2024-01-06
ecom_001598,0,0.0,0.0,23.0,0.0,1.0,0.0,2024-01-11
ecom_007182,1,0.0,2.0,6.0,32.1,0.0,0.0,2024-01-03
ecom_000300,0,0.0,2.0,16.0,0.0,0.0,0.0,2024-01-12
ecom_009660,0,0.0,2.0,13.0,26.87,0.0,0.0,2024-01-10
ecom_006947,1,0.0,0.0,179.0,0.0,1.0,0.0,2024-01-08
ecom_003794,0,0.0,1.0,151.0,65.48,1.0,0.0,2024-01-27
ecom_004572,0,0.0,0.0,12.0,36.02,1.0,0.0,2024-01-15
ecom_004335,0,0.0,0.0,54.0,12.73,1.0,0.0,2024-01-02
ecom_002858,1,0.0,0.0,86.0,69.77,1.0,0.0,2024-01-13
ecom_005694,1,1.0,0.0,87.0,10.68,1.0,0.0,2024-01-17
ecom_003142,0,0.0,1.0,115.0,36.06,1.0,0.0,2024-01-09
ecom_001359,1,0.0,2.0,139.0,170.04,0.0,0.0,2024-01-01
ecom_004533,1,0.0,0.0,35.0,113.19,1.0,0.0,2024-01-07
ecom_009749,1,0.0,0.0,98.0,113.55,1.0,0.0,2024-01-21
ecom_005687,1,0.0,2.0,48.0,51.36,1.0,0.0,2024-01-18
ecom_000486,0,0.0,0.0,102.0,0.0,1.0,0.0,2024-01-25
ecom_007836,0,0.0,0.0,64.0,102.51,1.0,0.0,2024-01-19
ecom_009554,0,0.0,0.0,239.0,0.0,1.0,0.0,2024-01-24
ecom_005900,0,0.0,2.0,51.0,114.64,0.0,0.0,2024-01-29
ecom_008116,1,0.0,0.0,25.0,0.0,0.0,0.0,2024-01-01
ecom_007362,0,0.0,2.0,86.0,20.04,1.0,0.0,2024-01-25
ecom_001152,1,0.0,2.0,35.0,89.27,0.0,0.0,2024-01-16
ecom_005382,1,0.0,0.0,15.0,26.94,0.0,1.0,2024-01-10
ecom_009741,0,0.0,0.0,117.0,0.0,0.0,0.0,2024-01-13
ecom_005424,1,0.0,2.0,24.0,20.5,0.0,0.0,2024-01-08
ecom_008807,1,0.0,2.0,71.0,21.72,1.0,0.0,2024-01-01
ecom_005186,0,0.0,2.0,13.0,50.89,0.0,0.0,2024-01-29
ecom_008409,0,0.0,1.0,106.0,48.71,1.0,0.0,2024-01-17
ecom_006189,1,0.0,2.0,23.0,16.34,1.0,0.0,2024-01-10
ecom_009702,0,0.0,2.0,78.0,0.0,1.0,0.0,2024-01-18
ecom_008269,1,0.0,1.0,323.0,66.27,1.0,0.0,2024-01-22
ecom_005314,1,0.0,1.0,106.0,65.42,1.0,0.0,2024-01-07
ecom_009903,1,0.0,2.0,23.0,59.19,0.0,0.0,2024-01-01
ecom_000665,0,0.0,0.0,68.0,0.0,1.0,0.0,2024-01-18
ecom_003353,1,0.0,2.0,1.0,0.0,0.0,0.0,2024-01-10
ecom_008851,0,0.0,2.0,178.0,22.33,1.0,1.0,2024-01-04
ecom_008061,1,0.0,2.0,92.0,24.48,1.0,0.0,2024-01-30
ecom_000642,0,0.0,0.0,2.0,0.0,0.0,0.0,2024-01-27
ecom_009242,0,0.0,2.0,52.0,14.53,1.0,0.0,2024-01-06
ecom_000176,0,0.0,2.0,10.0,13.1,0.0,0.0,2024-01-09
ecom_006431,0,0.0,0.0,69.0,21.44,1.0,0.0,2024-01-20
ecom_009910,0,0.0,1.0,21.0,27.58,0.0,0.0,2024-01-09
ecom_003438,0,0.0,2.0,15.0,30.92,0.0,0.0,2024-01-01
ecom_000786,0,0.0,2.0,80.0,54.87,1.0,0.0,2024-01-27
ecom_006391,0,0.0,2.0,171.0,71.17,1.0,0.0,2024-01-12
ecom_009065,1,0.0,2.0,22.0,12.64,0.0,0.0,2024-01-20
ecom_009927,1,0.0,1.0,30.0,20.4,0.0,1.0,2024-01-22
ecom_003202,0,0.0,2.0,86.0,32.73,1.0,0.0,2024-01-12
ecom_004803,1,0.0,1.0,12.0,0.0,1.0,0.0,2024-01-23
ecom_007835,1,0.0,0.0,34.0,0.0,1.0,0.0,2024-01-08
ecom_007940,0,0.0,2.0,1.0,27.66,0.0,0.0,2024-01-16
ecom_000091,1,0.0,0.0,88.0,29.05,1.0,0.0,2024-01-06
ecom_005762,1,0.0,0.0,42.0,0.0,1.0,0.0,2024-01-29
ecom_009027,1,0.0,1.0,10.0,69.73,0.0,0.0,2024-01-23
ecom_009504,0,0.0,2.0,113.0,121.99,1.0,0.0,2024-01-10
ecom_008237,0,0.0,0.0,83.0,21.02,1.0,0.0,2024-01-19
ecom_001971,0,0.0,1.0,3.0,13.51,0.0,0.0,2024-01-25
ecom_002905,0,0.0,0.0,20.0,74.19,0.0,0.0,2024-01-06
ecom_000530,1,0.0,2.0,26.0,86.81,0.0,0.0,2024-01-18
ecom_003635,1,0.0,0.0,104.0,37.4,1.0,0.0,2024-01-06
ecom_000996,1,0.0,2.0,40.0,15.79,1.0,0.0,2024-01-13
ecom_005852,0,0.0,2.0,48.0,119.99,1.0,0.0,2024-01-22
ecom_004226,1,0.0,0.0,21.0,0.0,0.0,0.0,2024-01-30
ecom_005616,0,0.0,2.0,3.0,0.0,0.0,0.0,2024-01-17
ecom_002312,1,0.0,1.0,42.0,277.87,1.0,0.0,2024-01-17
ecom_002154,1,0.0,1.0,28.0,38.28,0.0,0.0,2024-01-19
ecom_005317,1,0.0,2.0,21.0,0.0,1.0,0.0,2024-01-21
ecom_001427,1,0.0,2.0,23.0,50.1,0.0,0.0,2024-01-08
ecom_008630,1,0.0,1.0,46.0,50.18,0.0,0.0,2024-01-19
ecom_006032,0,0.0,0.0,90.0,0.0,1.0,0.0,2024-01-25
ecom_004415,1,0.0,2.0,10.0,20.38,0.0,0.0,2024-01-29
ecom_008818,1,0.0,0.0,193.0,21.43,0.0,0.0,2024-01-10
ecom_003085,0,0.0,1.0,2.0,14.43,0.0,0.0,2024-01-28
ecom_007798,1,0.0,0.0,15.0,13.65,0.0,0.0,2024-01-09
ecom_009153,1,0.0,1.0,142.0,0.0,0.0,0.0,2024-01-15
ecom_008209,1,0.0,2.0,22.0,20.55,0.0,0.0,2024-01-02
ecom_009573,1,0.0,0.0,7.0,91.08,1.0,0.0,2024-01-16
ecom_009534,0,0.0,0.0,2.0,0.0,0.0,0.0,2024-01-17
ecom_000495,1,0.0,2.0,1.0,28.69,0.0,0.0,2024-01-25
ecom_003749,1,0.0,0.0,33.0,66.35,1.0,0.0,2024-01-16
ecom_002321,1,0.0,0.0,135.0,58.09,1.0,0.0,2024-01-30
ecom_004267,0,0.0,2.0,60.0,15.34,1.0,0.0,2024-01-30
ecom_003405,0,0.0,2.0,105.0,21.47,0.0,0.0,2024-01-15
ecom_000151,0,0.0,0.0,47.0,19.86,1.0,1.0,2024-01-03
ecom_007369,1,0.0,0.0,79.0,0.0,1.0,0.0,2024-01-18
ecom_000694,0,0.0,2.0,53.0,0.0,1.0,0.0,2024-01-30
ecom_004417,1,0.0,0.0,90.0,0.0,1.0,0.0,2024-01-09
ecom_005697,0,0.0,2.0,66.0,0.0,1.0,0.0,2024-01-18
ecom_001738,0,0.0,0.0,317.0,40.07,1.0,0.0,2024-01-10
ecom_003001,1,1.0,1.0,7.0,0.0,0.0,0.0,2024-01-18
ecom_000167,0,0.0,0.0,14.0,17.72,0.0,0.0,2024-01-05
ecom_006111,0,0.0,0.0,124.0,43.7,0.0,0.0,2024-01-05
ecom_004622,0,0.0,2.0,80.0,27.41,1.0,0.0,2024-01-29
ecom_002865,0,0.0,0.0,34.0,130.92,1.0,0.0,2024-01-12
ecom_008544,0,0.0,2.0,146.0,0.0,1.0,0.0,2024-01-25
ecom_004702,1,0.0,2.0,173.0,0.0,1.0,1.0,2024-01-29
ecom_002883,0,0.0,1.0,1.0,47.02,0.0,0.0,2024-01-17
ecom_003031,1,0.0,2.0,48.0,0.0,1.0,0.0,2024-01-05
ecom_008183,0,0.0,2.0,285.0,29.64,1.0,0.0,2024-01-24
ecom_008980,1,0.0,2.0,73.0,16.56,1.0,0.0,2024-01-19
ecom_008528,0,0.0,2.0,29.0,26.47,1.0,0.0,2024-01-03
ecom_005681,1,0.0,1.0,41.0,11.86,1.0,0.0,2024-01-01
ecom_007209,1,0.0,2.0,1.0,0.0,1.0,0.0,2024-01-13
ecom_005991,1,0.0,0.0,36.0,43.54,1.0,0.0,2024-01-01
ecom_002276,0,0.0,0.0,134.0,58.38,1.0,1.0,2024-01-08
ecom_007132,1,0.0,1.0,89.0,16.06,1.0,0.0,2024-01-10
ecom_005705,1,0.0,1.0,80.0,119.12,1.0,0.0,2024-01-23
ecom_007998,0,0.0,0.0,30.0,0.0,0.0,0.0,2024-01-14
ecom_005292,0,0.0,1.0,71.0,0.0,1.0,0.0,2024-01-22
ecom_004304,0,0.0,1.0,110.0,68.45,0.0,0.0,2024-01-24
ecom_007445,1,0.0,0.0,27.0,41.16,0.0,0.0,2024-01-20
ecom_000428,1,0.0,2.0,103.0,33.43,1.0,0.0,2024-01-23
ecom_007068,1,0.0,0.0,109.0,19.76,1.0,0.0,2024-01-03
ecom_006364,0,0.0,2.0,1.0,0.0,0.0,0.0,2024-01-30
ecom_004215,1,0.0,0.0,25.0,20.22,0.0,0.0,2024-01-18
ecom_000426,1,1.0,0.0,81.0,44.68,1.0,0.0,2024-01-15
ecom_002223,1,0.0,0.0,3.0,41.71,0.0,0.0,2024-01-05
ecom_000100,1,0.0,2.0,48.0,15.87,0.0,0.0,2024-01-14
ecom_009244,1,0.0,2.0,45.0,38.13,1.0,0.0,2024-01-08
ecom_003307,1,0.0,1.0,16.0,60.34,0.0,0.0,2024-01-13
ecom_002762,0,0.0,2.0,93.0,14.93,1.0,0.0,2024-01-13
ecom_005857,1,0.0,0.0,45.0,32.71,1.0,0.0,2024-01-05
ecom_004738,1,0.0,0.0,191.0,8.42,1.0,1.0,2024-01-13
ecom_007092,0,0.0,2.0,12.0,32.29,0.0,0.0,2024-01-08
ecom_009632,1,0.0,0.0,636.0,23.92,1.0,0.0,2024-01-08
ecom_003286,0,0.0,2.0,3.0,0.0,0.0,0.0,2024-01-08
ecom_007712,0,0.0,2.0,22.0,0.0,0.0,0.0,2024-01-25
ecom_007868,0,0.0,2.0,23.0,30.14,0.0,0.0,2024-01-05
ecom_006067,0,0.0,2.0,20.0,17.29,0.0,0.0,2024-01-12
ecom_009235,1,0.0,2.0,17.0,0.0,0.0,0.0,2024-01-12
ecom_003577,0,0.0,0.0,78.0,143.43,1.0,0.0,2024-01-29
ecom_001465,1,0.0,0.0,47.0,0.0,0.0,0.0,2024-01-30
ecom_007675,1,0.0,1.0,1.0,76.35,0.0,0.0,2024-01-12
ecom_002234,1,0.0,0.0,10.0,173.93,0.0,0.0,2024-01-12
ecom_001744,1,0.0,0.0,45.0,0.0,1.0,0.0,2024-01-15
ecom_009754,1,0.0,2.0,36.0,0.0,1.0,0.0,2024-01-12
ecom_006094,1,0.0,2.0,61.0,172.37,1.0,0.0,2024-01-17
ecom_008781,1,0.0,1.0,24.0,23.92,0.0,1.0,2024-01-10
ecom_009401,1,0.0,2.0,41.0,16.44,1.0,0.0,2024-01-05
ecom_008371,0,0.0,2.0,62.0,0.0,1.0,0.0,2024-01-22
ecom_005027,1,0.0,2.0,88.0,9.3,1.0,0.0,2024-01-29
ecom_009234,1,0.0,1.0,44.0,36.14,0.0,0.0,2024-01-24
ecom_003944,0,0.0,2.0,117.0,69.73,0.0,0.0,2024-01-08
ecom_006862,1,0.0,0.0,22.0,14.41,0.0,0.0,2024-01-24
ecom_005350,0,0.0,1.0,163.0,0.0,1.0,1.0,2024-01-29
ecom_009422,1,0.0,0.0,1.0,34.08,0.0,0.0,2024-01-24
ecom_002121,1,0.0,0.0,26.0,16.99,0.0,0.0,2024-01-09
ecom_004972,1,0.0,1.0,12.0,34.58,0.0,0.0,2024-01-22
ecom_008576,0,0.0,0.0,59.0,44.51,1.0,0.0,2024-01-26
ecom_003784,0,0.0,2.0,123.0,0.0,0.0,0.0,2024-01-06
ecom_006872,0,0.0,0.0,35.0,203.32,1.0,0.0,2024-01-27
ecom_000916,1,0.0,0.0,139.0,39.78,1.0,0.0,2024-01-16
ecom_009394,1,0.0,2.0,36.0,28.91,1.0,0.0,2024-01-18
ecom_007252,0,1.0,0.0,9.0,27.09,0.0,0.0,2024-01-16
ecom_008012,1,0.0,0.0,23.0,49.91,0.0,0.0,2024-01-02
ecom_005821,1,0.0,0.0,40.0,34.05,1.0,0.0,2024-01-05
ecom_004403,1,0.0,0.0,208.0,27.33,0.0,0.0,2024-01-18
ecom_004863,0,0.0,0.0,48.0,18.77,1.0,0.0,2024-01-30
ecom_008515,1,0.0,0.0,27.0,94.85,0.0,0.0,2024-01-26
ecom_005422,1,0.0,0.0,90.0,10.21,1.0,0.0,2024-01-23
ecom_007733,0,0.0,0.0,16.0,52.41,1.0,0.0,2024-01-26
ecom_001203,1,0.0,2.0,7.0,16.17,0.0,0.0,2024-01-16
ecom_003768,1,0.0,1.0,34.0,114.04,1.0,0.0,2024-01-16
ecom_005357,1,0.0,0.0,85.0,0.0,1.0,0.0,2024-01-22
ecom_003852,0,0.0,2.0,61.0,0.0,1.0,0.0,2024-01-03
ecom_001926,0,0.0,2.0,94.0,24.94,1.0,0.0,2024-01-01
ecom_003114,1,0.0,2.0,87.0,16.09,1.0,0.0,2024-01-10
ecom_002641,1,0.0,2.0,36.0,44.23,1.0,0.0,2024-01-15
ecom_007639,0,0.0,2.0,43.0,42.47,0.0,0.0,2024-01-20
ecom_007360,0,0.0,0.0,186.0,27.93,1.0,0.0,2024-01-02
ecom_008182,0,0.0,2.0,73.0,85.62,1.0,0.0,2024-01-19
ecom_007610,0,0.0,2.0,163.0,66.03,1.0,0.0,2024-01-16
ecom_002728,1,0.0,0.0,198.0,144.62,1.0,0.0,2024-01-09
ecom_009597,0,0.0,2.0,48.0,75.18,1.0,0.0,2024-01-15
ecom_004985,0,0.0,2.0,32.0,32.55,1.0,0.0,2024-01-10
ecom_006846,0,0.0,0.0,34.0,0.0,1.0,0.0,2024-01-29
ecom_007698,0,0.0,1.0,23.0,41.78,0.0,0.0,2024-01-16
ecom_004012,0,0.0,2.0,64.0,40.95,1.0,0.0,2024-01-05
ecom_002626,0,0.0,1.0,45.0,67.92,1.0,0.0,2024-01-14
ecom_007238,1,1.0,1.0,140.0,54.22,1.0,0.0,2024-01-25
ecom_008255,0,0.0,0.0,9.0,17.28,0.0,1.0,2024-01-23
ecom_009565,0,0.0,2.0,80.0,253.36,1.0,0.0,2024-01-30
ecom_000805,1,0.0,1.0,60.0,20.07,1.0,0.0,2024-01-17
ecom_004634,1,0.0,0.0,34.0,39.63,1.0,1.0,2024-01-01
ecom_005247,1,0.0,2.0,76.0,93.85,1.0,0.0,2024-01-03
ecom_005566,1,0.0,2.0,184.0,9.9,1.0,0.0,2024-01-11
ecom_005739,1,1.0,2.0,282.0,0.0,1.0,0.0,2024-01-12
ecom_005143,1,0.0,1.0,114.0,0.0,1.0,0.0,2024-01-13
ecom_008265,0,0.0,1.0,26.0,25.67,0.0,0.0,2024-01-05
ecom_004459,1,0.0,0.0,65.0,0.0,1.0,0.0,2024-01-19
ecom_001242,1,0.0,2.0,9.0,32.14,0.0,0.0,2024-01-26
ecom_006945,0,0.0,1.0,165.0,0.0,1.0,0.0,2024-01-23
ecom_005740,0,0.0,0.0,207.0,40.09,1.0,0.0,2024-01-24
ecom_005325,1,0.0,0.0,7.0,0.0,0.0,0.0,2024-01-30
ecom_000547,0,0.0,0.0,23.0,245.69,1.0,0.0,2024-01-16
ecom_003022,0,0.0,0.0,42.0,18.06,0.0,0.0,2024-01-24
ecom_005761,0,0.0,1.0,121.0,95.56,1.0,0.0,2024-01-23
ecom_004031,0,0.0,0.0,188.0,14.86,1.0,0.0,2024-01-02
ecom_000026,0,0.0,0.0,34.0,0.0,1.0,0.0,2024-01-23
ecom_004952,1,0.0,1.0,11.0,49.02,0.0,0.0,2024-01-18
ecom_005152,1,0.0,1.0,184.0,29.38,1.0,0.0,2024-01-28
ecom_002508,0,0.0,0.0,13.0,5.94,0.0,0.0,2024-01-24
ecom_001433,0,0.0,0.0,24.0,28.07,0.0,0.0,2024-01-23
ecom_002582,1,0.0,1.0,52.0,17.2,1.0,0.0,2024-01-22
ecom_001302,1,0.0,2.0,173.0,36.71,1.0,1.0,2024-01-09
ecom_005812,0,0.0,0.0,1.0,37.67,0.0,0.0,2024-01-11
ecom_007349,1,0.0,0.0,18.0,7.15,0.0,0.0,2024-01-12
ecom_005281,0,0.0,1.0,26.0,0.0,0.0,0.0,2024-01-03
ecom_006114,0,0.0,0.0,6.0,6.4,0.0,0.0,2024-01-25
ecom_001221,1,0.0,2.0,180.0,0.0,1.0,0.0,2024-01-09
ecom_007435,1,0.0,1.0,21.0,70.02,0.0,0.0,2024-01-12
ecom_002548,1,0.0,2.0,23.0,41.47,0.0,0.0,2024-01-22
ecom_000750,0,0.0,2.0,32.0,39.15,1.0,0.0,2024-01-05
ecom_000437,1,0.0,0.0,104.0,19.2,1.0,0.0,2024-01-11
ecom_004371,0,0.0,0.0,104.0,85.64,1.0,0.0,2024-01-07
ecom_004448,0,0.0,2.0,50.0,0.0,1.0,0.0,2024-01-15
ecom_002847,0,0.0,2.0,27.0,132.84,0.0,0.0,2024-01-26
ecom_001173,1,0.0,0.0,43.0,33.51,1.0,0.0,2024-01-13
ecom_007495,1,0.0,1.0,24.0,11.92,0.0,0.0,2024-01-07
ecom_002699,1,0.0,0.0,103.0,21.9,1.0,0.0,2024-01-08
ecom_009888,0,0.0,0.0,89.0,30.54,1.0,0.0,2024-01-15
ecom_009506,1,0.0,2.0,86.0,54.3,1.0,0.0,2024-01-25
ecom_006395,1,0.0,0.0,3.0,0.0,0.0,0.0,2024-01-17
ecom_002481,1,0.0,0.0,29.0,0.0,0.0,0.0,2024-01-12
ecom_005456,0,0.0,2.0,27.0,51.54,0.0,0.0,2024-01-03
ecom_008444,1,0.0,0.0,49.0,70.18,1.0,0.0,2024-01-15
ecom_002706,0,0.0,2.0,25.0,0.0,0.0,0.0,2024-01-29
ecom_004661,1,0.0,0.0,55.0,18.58,1.0,0.0,2024-01-25
ecom_000326,1,0.0,0.0,282.0,0.0,1.0,0.0,2024-01-09
ecom_001039,1,0.0,0.0,125.0,94.93,1.0,1.0,2024-01-04
ecom_002637,1,0.0,0.0,53.0,40.09,1.0,0.0,2024-01-25
ecom_005022,1,0.0,0.0,1.0,12.09,0.0,1.0,2024-01-21
ecom_002499,0,0.0,2.0,13.0,0.0,0.0,1.0,2024-01-24
ecom_001004,0,0.0,2.0,39.0,111.63,1.0,0.0,2024-01-08
ecom_002861,0,0.0,1.0,94.0,95.31,0.0,0.0,2024-01-03
ecom_003233,1,0.0,0.0,48.0,20.13,1.0,0.0,2024-01-28
ecom_001870,1,0.0,2.0,145.0,63.9,1.0,0.0,2024-01-02
ecom_004245,1,0.0,2.0,26.0,14.34,0.0,0.0,2024-01-11
ecom_006927,1,0.0,2.0,68.0,0.0,1.0,0.0,2024-01-29
ecom_008385,0,1.0,1.0,61.0,0.0,1.0,0.0,2024-01-19
ecom_000534,0,0.0,2.0,57.0,0.0,1.0,0.0,2024-01-21
ecom_009827,0,0.0,0.0,40.0,70.59,0.0,0.0,2024-01-16
ecom_007148,0,0.0,1.0,60.0,0.0,1.0,0.0,2024-01-14
ecom_007365,0,0.0,1.0,56.0,39.67,1.0,0.0,2024-01-22
ecom_000585,1,0.0,1.0,55.0,35.51,1.0,0.0,2024-01-02
ecom_009914,0,0.0,0.0,120.0,19.81,1.0,0.0,2024-01-03
ecom_003035,1,0.0,2.0,100.0,30.48,1.0,0.0,2024-01-29
ecom_004428,0,1.0,2.0,4.0,48.7,0.0,0.0,2024-01-29
ecom_004089,0,0.0,0.0,4.0,126.96,0.0,0.0,2024-01-26
ecom_001703,1,0.0,0.0,24.0,0.0,0.0,0.0,2024-01-23
ecom_004295,0,0.0,2.0,54.0,22.47,1.0,0.0,2024-01-03
ecom_005719,0,0.0,2.0,13.0,0.0,0.0,0.0,2024-01-05
ecom_000491,0,0.0,1.0,167.0,60.18,1.0,0.0,2024-01-14
ecom_006899,0,0.0,0.0,45.0,21.04,1.0,0.0,2024-01-03
ecom_004353,0,0.0,0.0,90.0,17.11,0.0,0.0,2024-01-17
ecom_002836,1,0.0,2.0,42.0,50.78,1.0,0.0,2024-01-29
ecom_002266,0,0.0,2.0,6.0,97.14,0.0,0.0,2024-01-08
ecom_007718,0,1.0,0.0,100.0,0.0,1.0,0.0,2024-01-30
ecom_009523,1,0.0,2.0,24.0,0.0,0.0,0.0,2024-01-25
ecom_008022,0,0.0,2.0,47.0,110.58,1.0,0.0,2024-01-10
ecom_004707,1,0.0,2.0,2.0,9.73,0.0,0.0,2024-01-09
ecom_009843,1,0.0,2.0,31.0,25.79,1.0,0.0,2024-01-21
ecom_002900,1,0.0,2.0,46.0,0.0,1.0,0.0,2024-01-11
ecom_009618,1,0.0,2.0,43.0,20.5,1.0,0.0,2024-01-23
ecom_002944,1,0.0,1.0,15.0,61.1,0.0,0.0,2024-01-20
ecom_001916,1,0.0,0.0,168.0,19.31,1.0,0.0,2024-01-24
ecom_003185,1,0.0,2.0,253.0,60.03,1.0,0.0,2024-01-08
ecom_008626,1,0.0,0.0,9.0,5.34,0.0,0.0,2024-01-22
ecom_009434,0,0.0,2.0,85.0,32.24,1.0,0.0,2024-01-25
ecom_007255,1,1.0,1.0,39.0,13.2,1.0,0.0,2024-01-23
ecom_004246,1,0.0,0.0,26.0,0.0,0.0,0.0,2024-01-23
ecom_008615,0,0.0,1.0,54.0,7.63,1.0,0.0,2024-01-02
ecom_005146,0,0.0,0.0,57.0,0.0,1.0,0.0,2024-01-16
ecom_008565,0,0.0,2.0,29.0,54.56,0.0,0.0,2024-01-09
ecom_002518,0,0.0,1.0,35.0,46.18,1.0,0.0,2024-01-03
ecom_000397,0,0.0,2.0,26.0,64.58,0.0,0.0,2024-01-02
ecom_001317,0,0.0,2.0,10.0,17.9,1.0,0.0,2024-01-19
ecom_004560,0,0.0,0.0,184.0,20.29,0.0,1.0,2024-01-04
ecom_000121,0,0.0,2.0,116.0,0.0,1.0,0.0,2024-01-03
ecom_002449,0,0.0,0.0,11.0,18.79,0.0,0.0,2024-01-24
ecom_008855,1,0.0,1.0,24.0,0.0,0.0,0.0,2024-01-17
ecom_008108,1,0.0,0.0,2.0,0.0,0.0,1.0,2024-01-09
ecom_001566,1,0.0,0.0,1.0,38.56,0.0,0.0,2024-01-02
ecom_001984,1,0.0,2.0,54.0,31.12,1.0,0.0,2024-01-13
ecom_004333,1,0.0,0.0,109.0,112.74,1.0,0.0,2024-01-30
ecom_007910,0,0.0,0.0,48.0,0.0,0.0,0.0,2024-01-06
ecom_009286,1,0.0,0.0,50.0,33.61,0.0,0.0,2024-01-05
ecom_003918,0,0.0,0.0,87.0,0.0,1.0,0.0,2024-01-01
ecom_002173,0,0.0,2.0,17.0,26.76,1.0,0.0,2024-01-05
ecom_003283,1,0.0,2.0,26.0,176.22,1.0,0.0,2024-01-19
ecom_008495,0,1.0,1.0,1.0,63.2,0.0,0.0,2024-01-21
ecom_008584,0,0.0,0.0,117.0,76.21,1.0,0.0,2024-01-12
ecom_002333,1,0.0,2.0,33.0,134.32,0.0,0.0,2024-01-05
ecom_000573,0,0.0,1.0,1.0,0.0,0.0,0.0,2024-01-12
ecom_003660,0,0.0,1.0,116.0,0.0,1.0,0.0,2024-01-16
ecom_009075,1,0.0,2.0,5.0,22.85,1.0,0.0,2024-01-28
ecom_000981,0,0.0,2.0,94.0,22.09,1.0,0.0,2024-01-30
ecom_009370,1,0.0,1.0,33.0,15.32,1.0,0.0,2024-01-18
ecom_001407,1,0.0,0.0,14.0,113.62,0.0,0.0,2024-01-03
ecom_000535,1,0.0,0.0,1.0,12.74,0.0,0.0,2024-01-30
ecom_004315,0,0.0,0.0,53.0,62.28,1.0,0.0,2024-01-19
ecom_004598,0,0.0,2.0,176.0,10.41,1.0,0.0,2024-01-10
ecom_008622,1,0.0,1.0,22.0,35.41,0.0,0.0,2024-01-17
ecom_008758,1,0.0,2.0,54.0,7.01,1.0,0.0,2024-01-08
ecom_001434,1,0.0,0.0,26.0,37.18,0.0,0.0,2024-01-29
ecom_006994,0,0.0,2.0,92.0,21.46,1.0,0.0,2024-01-18
ecom_002579,1,0.0,2.0,103.0,88.43,1.0,0.0,2024-01-05
ecom_009403,1,0.0,2.0,39.0,64.79,1.0,0.0,2024-01-26
ecom_003269,1,0.0,2.0,11.0,96.08,0.0,0.0,2024-01-04
ecom_009553,1,1.0,2.0,180.0,52.13,1.0,1.0,2024-01-15
ecom_003838,1,0.0,0.0,44.0,0.0,1.0,1.0,2024-01-27
ecom_001867,1,0.0,1.0,5.0,28.03,0.0,0.0,2024-01-24
ecom_001454,0,0.0,0.0,102.0,114.52,1.0,0.0,2024-01-23
ecom_001786,0,0.0,1.0,37.0,43.55,0.0,0.0,2024-01-24
ecom_009912,1,0.0,2.0,12.0,13.12,0.0,0.0,2024-01-28
ecom_007095,0,0.0,0.0,109.0,0.0,1.0,0.0,2024-01-17
ecom_002521,1,0.0,1.0,62.0,102.16,1.0,0.0,2024-01-26
ecom_004439,1,0.0,1.0,16.0,36.22,0.0,0.0,2024-01-03
ecom_001820,1,0.0,2.0,32.0,19.85,1.0,0.0,2024-01-03
ecom_005615,0,0.0,0.0,9.0,39.87,0.0,0.0,2024-01-10
ecom_002929,1,0.0,0.0,43.0,25.8,1.0,0.0,2024-01-14
ecom_000051,1,0.0,0.0,106.0,0.0,1.0,0.0,2024-01-15
ecom_004726,0,0.0,2.0,13.0,81.55,0.0,0.0,2024-01-29
ecom_005716,0,0.0,2.0,67.0,0.0,1.0,0.0,2024-01-02
ecom_005465,1,0.0,2.0,2.0,14.15,0.0,1.0,2024-01-12
ecom_000469,1,0.0,0.0,25.0,21.83,0.0,0.0,2024-01-26
ecom_002629,0,0.0,0.0,1.0,70.7,1.0,0.0,2024-01-07
ecom_006513,1,0.0,0.0,78.0,202.65,1.0,1.0,2024-01-16
ecom_007467,0,0.0,1.0,215.0,6.53,1.0,0.0,2024-01-13
ecom_003945,1,0.0,2.0,53.0,32.16,1.0,0.0,2024-01-28
ecom_006204,0,0.0,0.0,38.0,61.6,1.0,0.0,2024-01-02
ecom_004262,0,0.0,1.0,38.0,26.49,1.0,0.0,2024-01-19
ecom_001858,0,1.0,0.0,39.0,20.97,0.0,0.0,2024-01-09
ecom_009532,1,0.0,1.0,19.0,17.41,0.0,0.0,2024-01-15
ecom_000865,0,0.0,0.0,131.0,42.18,1.0,1.0,2024-01-20
ecom_006390,1,0.0,0.0,81.0,60.15,1.0,0.0,2024-01-17
ecom_007212,1,0.0,2.0,46.0,0.0,1.0,0.0,2024-01-14
ecom_004921,0,0.0,2.0,96.0,36.03,1.0,0.0,2024-01-06
ecom_008101,1,0.0,2.0,18.0,203.63,0.0,0.0,2024-01-26
ecom_004792,1,0.0,2.0,55.0,0.0,0.0,0.0,2024-01-06
ecom_008854,0,0.0,0.0,127.0,28.13,1.0,1.0,2024-01-16
ecom_006250,1,0.0,0.0,37.0,0.0,1.0,0.0,2024-01-24
ecom_005936,1,0.0,2.0,18.0,404.07,1.0,1.0,2024-01-25
ecom_000425,1,0.0,0.0,122.0,0.0,1.0,0.0,2024-01-10
ecom_000188,1,0.0,2.0,32.0,5.17,1.0,0.0,2024-01-30
ecom_005629,0,0.0,2.0,21.0,35.89,1.0,0.0,2024-01-30
ecom_004359,0,0.0,0.0,126.0,41.57,1.0,0.0,2024-01-25
ecom_000228,0,0.0,1.0,51.0,10.89,1.0,0.0,2024-01-08
ecom_007757,1,0.0,2.0,99.0,18.96,1.0,0.0,2024-01-16
ecom_007677,1,0.0,2.0,183.0,0.0,1.0,0.0,2024-01-19
ecom_002741,1,0.0,2.0,23.0,0.0,0.0,0.0,2024-01-22
ecom_001041,1,0.0,1.0,24.0,20.45,0.0,1.0,2024-01-19
ecom_004075,0,0.0,0.0,14.0,0.0,0.0,0.0,2024-01-13
ecom_009140,0,0.0,1.0,91.0,26.15,1.0,0.0,2024-01-07
ecom_006118,0,0.0,2.0,17.0,0.0,0.0,0.0,2024-01-26
ecom_006902,0,0.0,2.0,28.0,0.0,0.0,0.0,2024-01-13
ecom_000471,0,0.0,2.0,81.0,18.21,1.0,0.0,2024-01-08
ecom_002921,0,0.0,0.0,8.0,85.52,0.0,0.0,2024-01-16
ecom_001905,1,0.0,2.0,218.0,137.59,0.0,0.0,2024-01-05
ecom_008876,1,0.0,2.0,9.0,11.08,0.0,0.0,2024-01-23
ecom_000801,0,0.0,2.0,59.0,213.6,1.0,0.0,2024-01-19
ecom_001487,0,0.0,2.0,4.0,0.0,0.0,0.0,2024-01-17
ecom_008441,1,0.0,1.0,1.0,118.57,0.0,0.0,2024-01-17
ecom_000227,1,0.0,2.0,46.0,0.0,1.0,0.0,2024-01-19
ecom_007890,0,0.0,1.0,117.0,39.5,1.0,0.0,2024-01-08
ecom_001128,0,0.0,2.0,35.0,0.0,0.0,0.0,2024-01-09
ecom_005070,0,0.0,0.0,40.0,23.62,1.0,0.0,2024-01-23
ecom_009166,1,0.0,0.0,62.0,73.05,1.0,0.0,2024-01-05
ecom_002208,1,0.0,0.0,1.0,49.02,0.0,0.0,2024-01-09
ecom_007993,0,0.0,2.0,48.0,0.0,0.0,0.0,2024-01-14
ecom_009842,0,0.0,0.0,1.0,41.39,0.0,0.0,2024-01-10
ecom_006559,1,0.0,0.0,11.0,31.89,0.0,0.0,2024-01-27
ecom_009921,0,0.0,2.0,129.0,20.04,1.0,0.0,2024-01-30
ecom_003153,0,0.0,0.0,41.0,96.9,1.0,0.0,2024-01-23
ecom_004441,0,0.0,0.0,75.0,25.13,1.0,0.0,2024-01-10
ecom_007505,1,0.0,1.0,42.0,0.0,1.0,0.0,2024-01-18
ecom_008957,0,0.0,2.0,1.0,40.3,0.0,0.0,2024-01-23
ecom_006215,1,0.0,2.0,138.0,31.02,1.0,0.0,2024-01-24
ecom_009598,0,0.0,2.0,184.0,33.4,1.0,0.0,2024-01-09
ecom_002144,0,0.0,2.0,43.0,0.0,1.0,0.0,2024-01-28
ecom_007411,1,0.0,2.0,110.0,0.0,1.0,0.0,2024-01-17
ecom_008929,0,0.0,2.0,18.0,0.0,0.0,0.0,2024-01-16
ecom_002374,1,0.0,2.0,37.0,22.0,1.0,0.0,2024-01-27
ecom_002577,0,0.0,2.0,50.0,53.32,1.0,0.0,2024-01-07
ecom_001632,1,0.0,0.0,43.0,0.0,1.0,0.0,2024-01-18
ecom_004832,0,0.0,0.0,74.0,329.7,1.0,0.0,2024-01-30
ecom_002298,1,0.0,2.0,50.0,0.0,1.0,0.0,2024-01-18
ecom_005033,0,0.0,0.0,24.0,0.0,0.0,0.0,2024-01-25
ecom_000156,0,0.0,2.0,83.0,26.83,0.0,0.0,2024-01-02
ecom_008046,1,0.0,0.0,6.0,26.25,0.0,0.0,2024-01-04
ecom_006706,1,0.0,2.0,5.0,52.43,0.0,0.0,2024-01-19
ecom_003349,0,0.0,0.0,1.0,14.84,0.0,0.0,2024-01-04
ecom_002879,1,0.0,0.0,49.0,31.49,1.0,0.0,2024-01-04
ecom_003413,0,0.0,2.0,73.0,29.81,1.0,0.0,2024-01-24
ecom_007768,0,0.0,2.0,147.0,50.26,1.0,0.0,2024-01-24
ecom_004189,1,0.0,2.0,12.0,19.43,0.0,0.0,2024-01-23
ecom_009610,1,0.0,0.0,18.0,19.02,0.0,1.0,2024-01-27
ecom_009734,0,0.0,0.0,61.0,55.04,1.0,0.0,2024-01-10
ecom_007251,0,0.0,1.0,19.0,32.83,0.0,0.0,2024-01-11
ecom_007613,0,0.0,2.0,77.0,75.04,1.0,0.0,2024-01-01
ecom_006919,1,0.0,2.0,43.0,14.0,1.0,0.0,2024-01-16
ecom_009681,0,0.0,0.0,58.0,0.0,1.0,0.0,2024-01-27
ecom_009671,1,0.0,2.0,34.0,10.23,1.0,0.0,2024-01-02
ecom_004794,1,1.0,0.0,12.0,0.0,0.0,0.0,2024-01-15
ecom_005654,1,0.0,0.0,18.0,29.24,0.0,0.0,2024-01-04
ecom_002495,1,0.0,2.0,63.0,67.59,1.0,0.0,2024-01-21
ecom_007304,1,0.0,2.0,89.0,0.0,1.0,1.0,2024-01-26
ecom_002372,1,0.0,0.0,31.0,59.86,1.0,0.0,2024-01-16
ecom_004091,0,0.0,2.0,77.0,0.0,0.0,0.0,2024-01-20
ecom_009471,1,0.0,2.0,81.0,45.26,1.0,0.0,2024-01-20
ecom_003461,0,0.0,0.0,132.0,0.0,1.0,0.0,2024-01-28
ecom_007006,1,0.0,0.0,70.0,0.0,0.0,1.0,2024-01-19
ecom_005391,1,0.0,2.0,42.0,89.66,1.0,0.0,2024-01-10
ecom_007172,1,0.0,1.0,13.0,40.1,0.0,1.0,2024-01-13
ecom_005696,0,0.0,1.0,86.0,14.56,1.0,0.0,2024-01-14
ecom_005664,1,0.0,2.0,55.0,112.18,1.0,0.0,2024-01-12
ecom_004503,0,0.0,2.0,199.0,38.5,1.0,0.0,2024-01-25
ecom_002550,0,0.0,1.0,40.0,0.0,1.0,0.0,2024-01-17
ecom_004715,1,0.0,0.0,132.0,259.62,1.0,0.0,2024-01-18
ecom_000847,0,0.0,0.0,174.0,0.0,1.0,0.0,2024-01-04
ecom_003344,1,0.0,2.0,30.0,47.54,0.0,0.0,2024-01-26
ecom_000938,0,0.0,1.0,3.0,27.81,0.0,0.0,2024-01-13
ecom_004825,1,0.0,0.0,10.0,17.37,1.0,0.0,2024-01-01
ecom_009693,1,0.0,1.0,1.0,0.0,1.0,0.0,2024-01-22
ecom_008863,1,1.0,0.0,10.0,61.32,0.0,0.0,2024-01-16
ecom_008610,0,0.0,0.0,14.0,68.99,0.0,0.0,2024-01-22
ecom_005354,1,0.0,0.0,26.0,31.58,0.0,0.0,2024-01-02
ecom_005477,0,0.0,0.0,6.0,0.0,0.0,0.0,2024-01-24
ecom_009723,0,0.0,2.0,87.0,41.31,1.0,0.0,2024-01-24
ecom_000756,0,0.0,2.0,17.0,24.46,0.0,0.0,2024-01-03
ecom_004750,1,0.0,2.0,26.0,12.82,0.0,0.0,2024-01-26
ecom_002644,0,0.0,1.0,108.0,20.93,1.0,0.0,2024-01-21
ecom_004162,0,0.0,1.0,189.0,79.51,1.0,0.0,2024-01-27
ecom_008648,0,0.0,0.0,52.0,0.0,1.0,0.0,2024-01-30
ecom_003165,0,0.0,0.0,108.0,11.84,1.0,0.0,2024-01-04
ecom_006497,1,0.0,1.0,131.0,0.0,1.0,0.0,2024-01-17
ecom_005987,0,0.0,0.0,90.0,13.59,1.0,0.0,2024-01-22
ecom_003873,1,0.0,2.0,38.0,34.18,0.0,0.0,2024-01-21
ecom_007751,1,0.0,2.0,23.0,0.0,0.0,0.0,2024-01-02
ecom_006523,0,0.0,1.0,38.0,48.17,1.0,0.0,2024-01-08
ecom_003418,0,0.0,1.0,1.0,135.09,0.0,0.0,2024-01-15
ecom_009904,1,0.0,1.0,123.0,11.0,0.0,0.0,2024-01-30
ecom_002061,1,0.0,0.0,7.0,15.12,0.0,0.0,2024-01-07
ecom_000549,1,0.0,2.0,21.0,64.11,0.0,0.0,2024-01-16
ecom_004453,1,0.0,0.0,344.0,38.87,1.0,0.0,2024-01-29
ecom_002812,0,0.0,0.0,22.0,80.07,0.0,0.0,2024-01-21
ecom_008777,0,1.0,2.0,31.0,0.0,1.0,0.0,2024-01-29
ecom_008995,1,0.0,2.0,57.0,32.3,1.0,0.0,2024-01-01
ecom_002549,0,0.0,0.0,137.0,0.0,1.0,0.0,2024-01-05
ecom_006069,0,0.0,2.0,9.0,84.38,1.0,0.0,2024-01-25
ecom_003169,1,1.0,2.0,40.0,27.95,1.0,0.0,2024-01-18
ecom_007054,0,0.0,0.0,151.0,142.41,1.0,0.0,2024-01-24
ecom_004828,0,0.0,2.0,13.0,34.41,0.0,0.0,2024-01-13
ecom_009570,1,0.0,1.0,156.0,24.03,1.0,0.0,2024-01-19
ecom_001259,1,0.0,1.0,6.0,0.0,0.0,0.0,2024-01-24
ecom_008712,1,0.0,0.0,21.0,6.28,0.0,1.0,2024-01-25
ecom_003661,1,0.0,1.0,76.0,31.18,1.0,0.0,2024-01-04
ecom_007922,1,0.0,1.0,6.0,6.83,0.0,0.0,2024-01-02
ecom_001024,1,1.0,0.0,165.0,62.38,0.0,0.0,2024-01-15
ecom_004965,0,0.0,1.0,4.0,0.0,0.0,0.0,2024-01-20
ecom_000752,0,0.0,2.0,32.0,93.78,1.0,0.0,2024-01-07
ecom_003942,1,0.0,2.0,1.0,51.61,0.0,0.0,2024-01-16
ecom_003710,0,0.0,2.0,8.0,17.4,0.0,0.0,2024-01-13
ecom_009960,0,0.0,2.0,6.0,21.76,0.0,1.0,2024-01-23
ecom_001951,0,0.0,2.0,133.0,85.0,1.0,0.0,2024-01-07
ecom_006314,1,1.0,1.0,31.0,0.0,1.0,0.0,2024-01-27
ecom_000351,1,0.0,2.0,50.0,0.0,1.0,0.0,2024-01-13
ecom_001511,1,0.0,2.0,68.0,52.72,1.0,0.0,2024-01-03
ecom_004829,0,0.0,1.0,33.0,20.8,0.0,0.0,2024-01-13
ecom_009616,1,0.0,2.0,97.0,45.23,1.0,0.0,2024-01-01
ecom_003746,0,0.0,2.0,44.0,20.11,1.0,0.0,2024-01-23
ecom_005799,0,0.0,2.0,46.0,19.51,1.0,0.0,2024-01-19
ecom_000701,0,0.0,0.0,3.0,82.46,0.0,0.0,2024-01-27
ecom_003693,1,0.0,1.0,33.0,11.21,1.0,0.0,2024-01-18
ecom_004614,0,0.0,0.0,2.0,43.17,0.0,1.0,2024-01-04
ecom_007213,1,0.0,0.0,37.0,16.19,1.0,0.0,2024-01-24
ecom_000561,0,0.0,0.0,67.0,61.61,1.0,0.0,2024-01-30
ecom_002318,1,0.0,0.0,85.0,27.23,1.0,0.0,2024-01-23
ecom_003098,0,0.0,0.0,1.0,0.0,1.0,0.0,2024-01-08
ecom_004838,1,0.0,2.0,85.0,15.84,1.0,0.0,2024-01-17
ecom_003150,1,0.0,2.0,67.0,48.4,0.0,0.0,2024-01-17
ecom_005608,1,0.0,1.0,101.0,9.64,1.0,0.0,2024-01-16
ecom_004299,1,0.0,2.0,10.0,58.2,0.0,0.0,2024-01-09
ecom_004618,1,0.0,0.0,38.0,57.24,1.0,0.0,2024-01-07
ecom_004074,1,0.0,0.0,224.0,23.19,1.0,0.0,2024-01-01
ecom_003994,0,0.0,0.0,90.0,146.02,0.0,0.0,2024-01-26
ecom_006373,1,0.0,0.0,22.0,0.0,0.0,0.0,2024-01-03
ecom_006167,0,0.0,1.0,81.0,92.34,1.0,0.0,2024-01-22
ecom_001047,1,0.0,0.0,244.0,0.0,1.0,0.0,2024-01-26
ecom_002939,0,0.0,2.0,8.0,0.0,0.0,0.0,2024-01-02
ecom_001808,0,0.0,0.0,20.0,16.74,0.0,0.0,2024-01-29
ecom_003166,0,0.0,1.0,19.0,14.92,0.0,0.0,2024-01-15
ecom_000414,1,0.0,0.0,32.0,29.8,1.0,0.0,2024-01-01
ecom_001340,1,0.0,0.0,75.0,0.0,1.0,0.0,2024-01-03
ecom_009371,0,0.0,0.0,82.0,83.25,1.0,0.0,2024-01-26
ecom_007740,1,0.0,1.0,100.0,42.22,1.0,0.0,2024-01-03
ecom_005060,1,0.0,2.0,38.0,59.82,1.0,0.0,2024-01-04
ecom_004633,0,0.0,0.0,15.0,45.13,0.0,0.0,2024-01-06
ecom_004609,0,0.0,2.0,20.0,80.82,0.0,0.0,2024-01-03
ecom_007366,1,0.0,0.0,52.0,230.36,1.0,0.0,2024-01-05
ecom_001469,0,0.0,0.0,57.0,5.83,1.0,0.0,2024-01-10
ecom_001710,1,0.0,0.0,35.0,11.2,0.0,0.0,2024-01-01
ecom_006270,1,0.0,2.0,16.0,86.08,0.0,0.0,2024-01-03
ecom_008732,0,0.0,2.0,15.0,0.0,0.0,0.0,2024-01-01
ecom_002271,1,0.0,2.0,69.0,8.26,1.0,0.0,2024-01-25
ecom_001583,1,0.0,2.0,136.0,0.0,1.0,0.0,2024-01-05
ecom_001412,0,0.0,0.0,68.0,0.0,1.0,0.0,2024-01-01
ecom_004111,0,0.0,2.0,56.0,25.86,1.0,0.0,2024-01-03
ecom_007652,0,0.0,2.0,40.0,15.66,0.0,0.0,2024-01-30
ecom_006693,0,0.0,2.0,16.0,75.88,0.0,0.0,2024-01-11
ecom_001722,1,0.0,2.0,1.0,43.67,0.0,0.0,2024-01-29
ecom_002024,1,0.0,2.0,175.0,0.0,1.0,0.0,2024-01-19
ecom_002212,1,0.0,1.0,83.0,0.0,1.0,1.0,2024-01-15
ecom_001507,0,0.0,0.0,10.0,96.55,0.0,0.0,2024-01-05
ecom_002622,1,0.0,1.0,9.0,15.8,1.0,0.0,2024-01-14
ecom_005290,1,0.0,2.0,11.0,75.33,0.0,0.0,2024-01-16
ecom_009128,0,0.0,1.0,58.0,71.67,0.0,0.0,2024-01-12
ecom_001321,0,0.0,2.0,1.0,17.72,0.0,0.0,2024-01-10
ecom_000842,0,0.0,0.0,59.0,28.37,1.0,0.0,2024-01-26
ecom_001146,1,0.0,1.0,99.0,0.0,1.0,0.0,2024-01-19
ecom_003624,1,0.0,2.0,56.0,44.09,1.0,1.0,2024-01-28
ecom_004280,1,0.0,0.0,66.0,20.01,1.0,0.0,2024-01-24
ecom_009010,0,0.0,1.0,83.0,0.0,0.0,0.0,2024-01-09
ecom_008986,0,0.0,0.0,52.0,10.41,1.0,0.0,2024-01-08
ecom_004681,1,0.0,1.0,8.0,52.22,0.0,0.0,2024-01-19
ecom_000463,1,0.0,1.0,16.0,50.14,0.0,0.0,2024-01-09
ecom_001754,1,0.0,1.0,1.0,0.0,0.0,0.0,2024-01-15
ecom_003936,1,0.0,1.0,23.0,15.83,0.0,0.0,2024-01-24
ecom_007933,1,0.0,0.0,22.0,44.16,0.0,0.0,2024-01-05
ecom_009460,0,0.0,2.0,14.0,36.4,0.0,0.0,2024-01-02
ecom_004401,0,0.0,2.0,15.0,25.62,0.0,0.0,2024-01-08
ecom_004700,0,0.0,2.0,63.0,14.54,1.0,0.0,2024-01-27
ecom_008991,1,0.0,2.0,30.0,37.04,0.0,0.0,2024-01-01
ecom_000378,0,0.0,0.0,38.0,25.27,1.0,0.0,2024-01-08
ecom_003106,1,0.0,0.0,153.0,30.8,1.0,1.0,2024-01-09
ecom_008215,0,0.0,2.0,16.0,0.0,0.0,0.0,2024-01-29
ecom_001335,0,0.0,1.0,35.0,26.31,1.0,0.0,2024-01-15
ecom_001223,1,0.0,0.0,32.0,43.97,0.0,0.0,2024-01-28
ecom_003848,1,0.0,1.0,107.0,0.0,1.0,0.0,2024-01-02
ecom_002716,0,0.0,2.0,29.0,44.71,0.0,0.0,2024-01-05
ecom_006837,0,0.0,2.0,80.0,10.62,1.0,0.0,2024-01-05
ecom_002952,0,0.0,2.0,14.0,10.62,0.0,0.0,2024-01-18
ecom_001350,1,0.0,0.0,14.0,50.59,0.0,0.0,2024-01-17
ecom_001082,1,0.0,1.0,43.0,0.0,0.0,0.0,2024-01-28
ecom_006453,1,0.0,2.0,60.0,91.66,1.0,0.0,2024-01-26
ecom_001811,1,0.0,2.0,49.0,14.34,1.0,0.0,2024-01-02
ecom_004121,1,0.0,0.0,69.0,73.47,1.0,0.0,2024-01-15
ecom_001351,0,0.0,0.0,10.0,13.8,0.0,0.0,2024-01-29
ecom_007817,1,0.0,2.0,46.0,231.74,1.0,0.0,2024-01-30
ecom_008796,1,0.0,2.0,4.0,16.81,0.0,0.0,2024-01-26
ecom_001894,0,0.0,2.0,85.0,10.05,1.0,0.0,2024-01-10
ecom_006639,0,0.0,1.0,24.0,0.0,0.0,0.0,2024-01-01
ecom_000565,1,0.0,1.0,27.0,43.35,0.0,0.0,2024-01-15
ecom_003903,0,0.0,0.0,31.0,0.0,1.0,0.0,2024-01-05
ecom_007100,0,0.0,0.0,6.0,0.0,1.0,1.0,2024-01-02
ecom_003673,1,0.0,2.0,22.0,0.0,1.0,0.0,2024-01-24
ecom_004366,1,0.0,2.0,64.0,108.8,1.0,0.0,2024-01-24
ecom_007545,0,0.0,2.0,6.0,36.11,0.0,0.0,2024-01-24
ecom_001212,1,0.0,1.0,107.0,87.11,1.0,0.0,2024-01-03
ecom_001189,0,0.0,0.0,6.0,35.26,0.0,0.0,2024-01-09
ecom_003955,0,0.0,1.0,50.0,52.05,1.0,0.0,2024-01-04
ecom_000898,0,0.0,2.0,127.0,37.92,1.0,0.0,2024-01-10
ecom_004786,0,0.0,0.0,32.0,47.29,1.0,0.0,2024-01-01
ecom_008092,1,0.0,2.0,3.0,42.36,0.0,0.0,2024-01-11
ecom_004602,0,0.0,0.0,38.0,0.0,0.0,0.0,2024-01-29
ecom_008896,1,0.0,1.0,92.0,17.87,1.0,0.0,2024-01-11
ecom_003454,0,1.0,2.0,47.0,20.88,1.0,0.0,2024-01-09
ecom_003609,0,0.0,1.0,2.0,149.57,0.0,0.0,2024-01-30
ecom_008157,1,1.0,2.0,8.0,15.52,0.0,0.0,2024-01-14
ecom_008765,0,0.0,2.0,58.0,146.07,1.0,0.0,2024-01-15
ecom_009677,1,0.0,2.0,60.0,0.0,1.0,0.0,2024-01-04
ecom_007572,1,0.0,0.0,86.0,0.0,1.0,0.0,2024-01-12
ecom_003909,1,0.0,2.0,35.0,71.69,1.0,0.0,2024-01-25
ecom_004028,0,0.0,0.0,49.0,23.74,1.0,0.0,2024-01-15
ecom_003931,0,0.0,2.0,174.0,20.6,1.0,0.0,2024-01-14
ecom_002332,0,0.0,2.0,52.0,13.31,0.0,0.0,2024-01-19
ecom_007302,0,0.0,2.0,53.0,30.08,1.0,0.0,2024-01-25
ecom_002262,0,0.0,2.0,101.0,18.28,1.0,0.0,2024-01-27
ecom_009260,0,0.0,0.0,22.0,29.05,0.0,0.0,2024-01-01
ecom_005781,0,0.0,0.0,97.0,4.01,1.0,0.0,2024-01-09
ecom_002595,1,0.0,2.0,6.0,0.0,0.0,0.0,2024-01-12
ecom_007200,1,0.0,1.0,62.0,0.0,1.0,0.0,2024-01-02
ecom_003593,0,0.0,0.0,7.0,0.0,0.0,0.0,2024-01-29
ecom_005216,1,0.0,1.0,3.0,96.78,0.0,0.0,2024-01-14
ecom_001030,0,0.0,0.0,1.0,54.82,0.0,0.0,2024-01-29
ecom_007433,1,0.0,2.0,206.0,16.44,1.0,0.0,2024-01-02
ecom_007877,1,0.0,1.0,12.0,0.0,0.0,0.0,2024-01-21
ecom_008823,0,0.0,2.0,65.0,28.73,1.0,0.0,2024-01-18
ecom_008236,1,0.0,0.0,52.0,50.78,1.0,0.0,2024-01-08
ecom_005733,0,0.0,2.0,60.0,45.04,1.0,0.0,2024-01-27
ecom_005378,0,0.0,2.0,218.0,29.44,0.0,0.0,2024-01-19
ecom_007762,1,1.0,0.0,33.0,158.57,1.0,0.0,2024-01-11
ecom_001755,0,0.0,1.0,11.0,0.0,0.0,0.0,2024-01-28
ecom_007355,1,0.0,1.0,56.0,43.98,1.0,0.0,2024-01-04
ecom_004161,0,0.0,2.0,69.0,101.98,1.0,0.0,2024-01-02
ecom_000231,0,0.0,0.0,47.0,0.0,1.0,0.0,2024-01-15
ecom_008104,0,0.0,2.0,62.0,36.46,1.0,0.0,2024-01-19
ecom_000110,0,0.0,2.0,59.0,0.0,1.0,0.0,2024-01-24
ecom_005457,1,0.0,2.0,10.0,24.34,0.0,0.0,2024-01-30
ecom_006708,0,0.0,1.0,87.0,19.3,1.0,0.0,2024-01-27
ecom_002514,1,0.0,0.0,9.0,0.0,0.0,0.0,2024-01-25
ecom_005961,1,0.0,0.0,3.0,166.84,0.0,0.0,2024-01-15
ecom_004279,1,0.0,2.0,91.0,30.49,1.0,0.0,2024-01-23
ecom_004720,0,0.0,1.0,58.0,15.87,1.0,0.0,2024-01-02
ecom_002917,1,0.0,2.0,32.0,41.55,1.0,0.0,2024-01-28
ecom_009390,0,0.0,0.0,143.0,95.8,1.0,0.0,2024-01-26
ecom_002992,1,0.0,2.0,58.0,0.0,1.0,0.0,2024-01-20
ecom_002317,1,0.0,1.0,56.0,16.91,1.0,0.0,2024-01-30
ecom_004847,0,0.0,2.0,23.0,0.0,1.0,0.0,2024-01-23
ecom_004292,1,0.0,2.0,153.0,96.27,1.0,0.0,2024-01-23
ecom_006991,1,0.0,2.0,23.0,14.11,0.0,0.0,2024-01-27
ecom_001515,1,0.0,0.0,64.0,86.44,1.0,0.0,2024-01-25
ecom_000216,1,0.0,0.0,43.0,34.46,1.0,0.0,2024-01-24
ecom_009213,1,0.0,0.0,46.0,85.83,1.0,0.0,2024-01-08
ecom_009061,1,0.0,0.0,21.0,22.69,0.0,0.0,2024-01-21
ecom_008417,0,0.0,1.0,115.0,60.24,1.0,0.0,2024-01-06
ecom_002263,0,0.0,2.0,70.0,0.0,1.0,0.0,2024-01-13
ecom_005326,1,0.0,2.0,148.0,0.0,1.0,0.0,2024-01-11
ecom_006840,0,0.0,1.0,86.0,16.53,1.0,0.0,2024-01-26
ecom_008498,1,0.0,1.0,10.0,0.0,0.0,0.0,2024-01-03
ecom_006010,0,0.0,2.0,61.0,42.4,1.0,0.0,2024-01-11
ecom_000893,0,0.0,2.0,29.0,135.88,0.0,0.0,2024-01-21
ecom_001490,1,0.0,2.0,70.0,91.39,1.0,0.0,2024-01-08
ecom_003003,0,0.0,0.0,21.0,26.06,0.0,0.0,2024-01-05
ecom_001850,1,0.0,2.0,66.0,33.01,1.0,0.0,2024-01-07
ecom_005199,0,0.0,2.0,87.0,0.0,1.0,0.0,2024-01-10
ecom_006380,0,0.0,2.0,56.0,56.71,1.0,0.0,2024-01-05
ecom_000324,1,0.0,1.0,74.0,66.07,0.0,0.0,2024-01-12
ecom_001215,0,0.0,0.0,23.0,13.35,0.0,0.0,2024-01-22
ecom_002899,1,0.0,1.0,73.0,53.55,1.0,0.0,2024-01-17
ecom_002933,0,0.0,0.0,50.0,28.49,1.0,0.0,2024-01-14
ecom_003658,1,0.0,2.0,47.0,22.01,1.0,0.0,2024-01-28
ecom_008678,0,0.0,0.0,136.0,6.99,1.0,0.0,2024-01-02
ecom_006673,1,0.0,0.0,65.0,2.04,0.0,0.0,2024-01-09
ecom_007972,1,0.0,1.0,86.0,0.0,1.0,0.0,2024-01-05
ecom_008586,0,0.0,2.0,28.0,26.99,0.0,0.0,2024-01-27
ecom_006169,1,0.0,0.0,86.0,68.54,1.0,0.0,2024-01-30
ecom_009724,0,0.0,2.0,49.0,0.0,1.0,0.0,2024-01-19
ecom_001129,1,0.0,1.0,144.0,38.25,1.0,0.0,2024-01-18
ecom_008856,0,0.0,1.0,34.0,11.37,1.0,0.0,2024-01-29
ecom_002918,0,0.0,1.0,198.0,0.0,1.0,0.0,2024-01-22
ecom_003902,0,0.0,2.0,25.0,0.0,0.0,0.0,2024-01-16
ecom_007947,0,0.0,0.0,9.0,29.82,1.0,0.0,2024-01-29
ecom_009097,0,0.0,1.0,39.0,0.0,1.0,0.0,2024-01-24
ecom_003827,0,0.0,2.0,31.0,0.0,1.0,0.0,2024-01-06
ecom_004923,0,0.0,0.0,70.0,0.0,1.0,0.0,2024-01-14
ecom_000208,1,0.0,2.0,61.0,6.29,1.0,0.0,2024-01-21
ecom_003254,0,0.0,1.0,24.0,4.32,0.0,0.0,2024-01-21
ecom_002795,1,0.0,0.0,18.0,34.84,0.0,0.0,2024-01-18
ecom_005106,0,0.0,2.0,16.0,14.88,0.0,0.0,2024-01-03
ecom_009011,1,0.0,2.0,112.0,24.87,1.0,0.0,2024-01-27
ecom_000798,1,0.0,0.0,155.0,0.0,1.0,0.0,2024-01-08
ecom_009105,0,0.0,2.0,57.0,0.0,0.0,0.0,2024-01-04
ecom_000734,0,0.0,0.0,35.0,0.0,1.0,0.0,2024-01-30
ecom_002244,0,0.0,2.0,54.0,61.03,0.0,0.0,2024-01-21
ecom_000178,1,0.0,2.0,22.0,28.34,0.0,0.0,2024-01-04
ecom_005830,0,1.0,1.0,6.0,29.11,0.0,0.0,2024-01-17
ecom_007008,1,0.0,1.0,22.0,39.14,0.0,0.0,2024-01-19
ecom_001174,0,0.0,2.0,50.0,0.0,1.0,0.0,2024-01-13
ecom_006642,0,0.0,0.0,21.0,96.52,0.0,0.0,2024-01-26
ecom_005848,0,0.0,2.0,18.0,71.52,0.0,0.0,2024-01-21
ecom_001831,0,0.0,2.0,17.0,0.0,0.0,0.0,2024-01-21
ecom_007995,0,1.0,0.0,118.0,18.26,0.0,0.0,2024-01-30
ecom_009279,0,0.0,0.0,43.0,0.0,1.0,0.0,2024-01-10
ecom_007897,1,0.0,1.0,132.0,21.84,1.0,1.0,2024-01-22
ecom_008597,1,1.0,0.0,56.0,21.39,1.0,1.0,2024-01-10
ecom_008522,0,0.0,2.0,16.0,0.0,0.0,0.0,2024-01-20
ecom_000198,1,1.0,0.0,9.0,19.19,0.0,0.0,2024-01-04
ecom_007928,0,0.0,0.0,133.0,0.0,1.0,1.0,2024-01-15
ecom_007076,0,0.0,2.0,167.0,33.86,1.0,0.0,2024-01-08
ecom_009284,0,0.0,0.0,33.0,0.0,1.0,0.0,2024-01-19
ecom_001097,1,0.0,0.0,13.0,29.16,0.0,0.0,2024-01-17
ecom_000548,1,0.0,1.0,26.0,41.31,0.0,1.0,2024-01-01
ecom_006908,0,0.0,1.0,31.0,11.84,1.0,0.0,2024-01-04
ecom_008229,1,0.0,0.0,4.0,77.88,0.0,0.0,2024-01-21
ecom_004706,1,0.0,0.0,13.0,29.07,0.0,0.0,2024-01-21
ecom_006912,1,0.0,2.0,208.0,0.0,1.0,0.0,2024-01-13
ecom_003369,1,0.0,2.0,18.0,34.76,0.0,0.0,2024-01-03
ecom_007583,0,0.0,2.0,56.0,17.94,1.0,0.0,2024-01-04
ecom_002532,0,0.0,2.0,373.0,42.11,1.0,0.0,2024-01-29
ecom_004055,1,1.0,0.0,59.0,0.0,1.0,0.0,2024-01-01
ecom_002314,0,0.0,2.0,1.0,44.13,0.0,0.0,2024-01-30
ecom_006653,0,0.0,2.0,16.0,11.18,0.0,0.0,2024-01-08
ecom_006885,0,0.0,0.0,34.0,0.0,1.0,0.0,2024-01-08
ecom_005937,1,0.0,0.0,32.0,29.77,1.0,1.0,2024-01-17
ecom_002815,1,0.0,0.0,42.0,0.0,1.0,0.0,2024-01-11
ecom_003437,1,0.0,1.0,72.0,35.92,1.0,0.0,2024-01-17
ecom_003880,1,0.0,1.0,21.0,19.78,0.0,0.0,2024-01-24
ecom_004157,1,0.0,2.0,90.0,122.45,1.0,0.0,2024-01-22
ecom_000066,1,0.0,0.0,16.0,23.26,0.0,0.0,2024-01-14
ecom_007866,1,0.0,0.0,10.0,0.0,1.0,0.0,2024-01-24
ecom_000616,1,0.0,1.0,40.0,25.36,1.0,0.0,2024-01-19
ecom_001118,1,0.0,1.0,49.0,26.56,1.0,1.0,2024-01-30
ecom_003260,0,0.0,0.0,4.0,10.09,0.0,0.0,2024-01-25
ecom_003401,1,0.0,0.0,26.0,136.57,0.0,0.0,2024-01-15
ecom_003692,0,0.0,0.0,65.0,32.92,1.0,0.0,2024-01-20
ecom_000937,1,0.0,2.0,83.0,58.85,1.0,0.0,2024-01-01
ecom_006604,1,0.0,0.0,4.0,20.69,1.0,0.0,2024-01-30
ecom_002572,0,0.0,0.0,17.0,33.32,0.0,0.0,2024-01-17
ecom_007536,0,0.0,2.0,181.0,27.86,1.0,0.0,2024-01-23
ecom_006324,1,0.0,0.0,13.0,32.4,0.0,0.0,2024-01-10
ecom_000622,0,0.0,2.0,3.0,50.59,0.0,0.0,2024-01-21
ecom_001681,1,0.0,1.0,98.0,16.15,1.0,0.0,2024-01-05
ecom_002126,0,0.0,0.0,53.0,71.91,1.0,0.0,2024-01-25
ecom_000787,0,0.0,2.0,108.0,0.0,1.0,0.0,2024-01-15
ecom_003332,0,0.0,0.0,53.0,0.0,1.0,0.0,2024-01-16
ecom_007236,1,0.0,0.0,15.0,33.84,0.0,0.0,2024-01-04
ecom_001092,1,0.0,0.0,28.0,107.76,0.0,0.0,2024-01-11
ecom_009103,0,0.0,0.0,2.0,32.67,0.0,0.0,2024-01-09
ecom_005020,1,0.0,1.0,60.0,23.76,1.0,0.0,2024-01-30
ecom_009353,1,0.0,2.0,88.0,0.0,1.0,0.0,2024-01-23
ecom_005944,0,0.0,2.0,32.0,33.23,1.0,1.0,2024-01-24
ecom_003280,1,0.0,2.0,18.0,11.33,0.0,0.0,2024-01-05
ecom_008186,1,0.0,2.0,40.0,30.57,1.0,0.0,2024-01-06
ecom_002201,0,0.0,2.0,91.0,40.63,1.0,0.0,2024-01-13
ecom_001160,1,1.0,0.0,5.0,21.44,0.0,0.0,2024-01-14
ecom_005581,0,0.0,1.0,154.0,32.6,1.0,0.0,2024-01-25
ecom_003592,0,0.0,2.0,35.0,0.0,1.0,0.0,2024-01-25
ecom_003952,0,0.0,2.0,228.0,9.12,1.0,1.0,2024-01-25
ecom_009691,1,0.0,2.0,47.0,0.0,1.0,0.0,2024-01-24
ecom_006247,0,0.0,2.0,23.0,23.13,0.0,0.0,2024-01-12
ecom_004153,0,0.0,1.0,107.0,0.0,1.0,0.0,2024-01-18
ecom_000478,1,0.0,0.0,56.0,92.48,1.0,0.0,2024-01-01
ecom_001352,1,0.0,1.0,92.0,38.36,1.0,0.0,2024-01-27
ecom_004309,0,1.0,0.0,44.0,49.48,0.0,1.0,2024-01-23
ecom_005698,0,0.0,1.0,38.0,19.57,1.0,0.0,2024-01-04
ecom_002647,1,0.0,1.0,44.0,15.57,0.0,0.0,2024-01-30
ecom_008460,0,0.0,2.0,37.0,0.0,0.0,0.0,2024-01-20
ecom_008198,0,0.0,2.0,109.0,22.15,1.0,0.0,2024-01-03
ecom_007689,1,0.0,0.0,20.0,60.33,0.0,0.0,2024-01-26
ecom_009257,1,0.0,1.0,31.0,19.11,1.0,1.0,2024-01-22
ecom_002589,1,1.0,0.0,39.0,95.01,1.0,0.0,2024-01-04
ecom_001033,0,0.0,2.0,170.0,19.0,1.0,0.0,2024-01-04
ecom_004686,0,0.0,0.0,187.0,28.83,1.0,1.0,2024-01-10
ecom_005011,1,0.0,1.0,14.0,24.34,0.0,0.0,2024-01-03
ecom_002598,0,0.0,0.0,19.0,20.83,0.0,0.0,2024-01-30
ecom_005819,0,0.0,0.0,137.0,22.13,1.0,0.0,2024-01-02
ecom_004608,1,0.0,2.0,28.0,80.49,0.0,0.0,2024-01-08
ecom_008470,1,0.0,1.0,61.0,0.0,1.0,1.0,2024-01-05
ecom_009040,1,0.0,2.0,38.0,13.2,1.0,0.0,2024-01-26
ecom_007450,0,0.0,0.0,17.0,38.78,0.0,0.0,2024-01-24
ecom_004671,1,0.0,0.0,17.0,52.17,0.0,0.0,2024-01-07
ecom_005583,0,0.0,2.0,90.0,37.87,1.0,0.0,2024-01-23
ecom_003717,1,0.0,1.0,158.0,13.92,1.0,0.0,2024-01-04
ecom_009327,1,0.0,1.0,193.0,27.87,1.0,0.0,2024-01-09
ecom_003928,1,0.0,1.0,45.0,15.32,1.0,0.0,2024-01-10
ecom_003617,0,0.0,2.0,119.0,20.28,1.0,0.0,2024-01-18
ecom_001425,1,1.0,2.0,34.0,67.88,1.0,0.0,2024-01-11
ecom_009378,0,0.0,0.0,25.0,26.43,0.0,0.0,2024-01-18
ecom_002919,0,0.0,1.0,50.0,24.2,1.0,0.0,2024-01-05
ecom_003819,1,0.0,0.0,38.0,9.46,1.0,1.0,2024-01-06
ecom_001871,1,0.0,2.0,29.0,0.0,0.0,0.0,2024-01-10
ecom_005487,1,0.0,1.0,36.0,80.79,1.0,0.0,2024-01-11
ecom_000480,1,0.0,0.0,2.0,0.0,0.0,0.0,2024-01-19
ecom_005972,0,0.0,2.0,10.0,54.51,0.0,0.0,2024-01-16
ecom_009600,0,0.0,1.0,2.0,29.9,0.0,0.0,2024-01-08
ecom_002888,0,0.0,0.0,16.0,14.6,0.0,0.0,2024-01-18
ecom_006686,0,0.0,2.0,194.0,191.88,1.0,0.0,2024-01-15
ecom_006315,1,0.0,2.0,39.0,30.53,1.0,0.0,2024-01-03
ecom_000527,1,0.0,2.0,35.0,41.99,1.0,0.0,2024-01-29
ecom_004129,1,0.0,2.0,20.0,18.38,0.0,1.0,2024-01-26
ecom_000722,1,0.0,2.0,90.0,21.19,1.0,0.0,2024-01-18
ecom_005120,1,0.0,2.0,20.0,45.28,0.0,0.0,2024-01-18
ecom_004722,1,0.0,2.0,87.0,0.0,1.0,0.0,2024-01-29
ecom_000220,1,0.0,1.0,27.0,0.0,0.0,0.0,2024-01-30
ecom_009188,1,0.0,0.0,147.0,0.0,1.0,0.0,2024-01-19
ecom_001935,1,0.0,1.0,108.0,28.46,0.0,0.0,2024-01-30
ecom_000344,1,0.0,2.0,45.0,65.12,1.0,0.0,2024-01-19
ecom_008332,0,0.0,2.0,36.0,12.0,1.0,0.0,2024-01-16
ecom_009674,0,0.0,2.0,28.0,42.29,0.0,0.0,2024-01-05
ecom_004483,0,0.0,1.0,13.0,0.0,0.0,0.0,2024-01-27
ecom_009706,0,1.0,1.0,45.0,22.96,1.0,0.0,2024-01-16
ecom_008486,0,0.0,1.0,21.0,0.0,0.0,0.0,2024-01-25
ecom_009216,0,0.0,1.0,25.0,97.17,0.0,0.0,2024-01-06
ecom_006903,1,0.0,2.0,103.0,0.0,1.0,0.0,2024-01-17
ecom_009154,0,0.0,2.0,24.0,0.0,0.0,1.0,2024-01-08
ecom_005960,1,0.0,0.0,91.0,24.47,1.0,0.0,2024-01-23
ecom_007034,0,0.0,1.0,11.0,0.0,0.0,0.0,2024-01-19
ecom_006051,1,0.0,1.0,61.0,13.84,0.0,0.0,2024-01-05
ecom_002391,0,0.0,1.0,3.0,11.26,0.0,0.0,2024-01-21
ecom_007181,0,0.0,2.0,46.0,69.9,1.0,0.0,2024-01-14
ecom_004328,0,0.0,1.0,130.0,22.03,1.0,0.0,2024-01-09
ecom_006452,0,0.0,1.0,76.0,10.78,1.0,0.0,2024-01-19
ecom_001983,1,1.0,2.0,10.0,0.0,0.0,0.0,2024-01-21
ecom_008246,0,0.0,2.0,56.0,34.0,1.0,0.0,2024-01-01
ecom_001554,0,0.0,1.0,85.0,39.13,1.0,0.0,2024-01-20
ecom_004850,0,0.0,2.0,90.0,0.0,0.0,0.0,2024-01-07
ecom_009095,0,0.0,1.0,54.0,41.92,1.0,0.0,2024-01-13
ecom_009922,0,0.0,2.0,77.0,20.21,1.0,0.0,2024-01-11
ecom_007532,0,0.0,2.0,38.0,18.06,1.0,0.0,2024-01-11
ecom_006853,1,0.0,2.0,34.0,0.0,1.0,0.0,2024-01-29
ecom_004641,1,0.0,0.0,69.0,74.41,1.0,0.0,2024-01-03
ecom_002881,0,0.0,2.0,15.0,15.8,1.0,0.0,2024-01-29
ecom_001677,1,0.0,1.0,14.0,23.01,0.0,0.0,2024-01-27
ecom_004885,1,0.0,1.0,45.0,0.0,1.0,0.0,2024-01-25
ecom_001964,1,0.0,0.0,47.0,50.89,1.0,0.0,2024-01-22
ecom_000901,1,0.0,2.0,36.0,65.48,1.0,0.0,2024-01-11
ecom_007130,1,1.0,0.0,53.0,34.68,1.0,0.0,2024-01-13
ecom_003068,1,0.0,2.0,7.0,62.01,0.0,0.0,2024-01-29
ecom_002296,1,0.0,2.0,13.0,34.61,0.0,0.0,2024-01-25
ecom_006237,1,0.0,0.0,78.0,16.54,1.0,0.0,2024-01-03
ecom_005862,1,0.0,0.0,52.0,36.42,1.0,0.0,2024-01-16
ecom_000296,1,0.0,0.0,106.0,13.34,1.0,0.0,2024-01-06
ecom_008778,1,1.0,0.0,2.0,28.36,0.0,0.0,2024-01-02
ecom_000057,1,0.0,1.0,273.0,58.18,1.0,0.0,2024-01-19
ecom_007242,0,0.0,1.0,141.0,35.39,1.0,0.0,2024-01-05
ecom_004385,0,0.0,2.0,211.0,17.16,1.0,0.0,2024-01-18
ecom_002984,0,0.0,1.0,53.0,0.0,1.0,0.0,2024-01-02
ecom_000027,0,0.0,1.0,4.0,0.0,0.0,0.0,2024-01-09
ecom_004407,1,0.0,0.0,70.0,36.72,1.0,0.0,2024-01-14
ecom_009877,1,0.0,2.0,26.0,104.34,0.0,0.0,2024-01-23
ecom_002676,1,0.0,0.0,16.0,0.0,0.0,0.0,2024-01-10
ecom_008545,0,0.0,1.0,16.0,38.44,0.0,0.0,2024-01-11
ecom_005262,0,0.0,2.0,49.0,74.18,1.0,0.0,2024-01-03
ecom_005841,0,0.0,0.0,86.0,53.87,1.0,0.0,2024-01-20
ecom_007021,0,0.0,0.0,66.0,6.02,1.0,0.0,2024-01-09
ecom_003248,1,1.0,0.0,74.0,14.84,1.0,0.0,2024-01-16
ecom_005667,1,0.0,0.0,38.0,0.0,1.0,0.0,2024-01-20
ecom_003884,0,0.0,2.0,48.0,130.91,1.0,0.0,2024-01-05
ecom_007663,0,0.0,0.0,12.0,21.54,0.0,0.0,2024-01-04
ecom_000295,1,0.0,1.0,6.0,27.47,0.0,0.0,2024-01-04
ecom_003161,1,0.0,0.0,92.0,84.76,1.0,0.0,2024-01-06
ecom_002580,1,0.0,2.0,14.0,23.9,0.0,0.0,2024-01-12
ecom_003870,1,0.0,1.0,52.0,0.0,1.0,0.0,2024-01-04
ecom_009210,1,0.0,2.0,45.0,0.0,1.0,0.0,2024-01-29
ecom_004404,1,0.0,2.0,103.0,66.67,1.0,0.0,2024-01-03
ecom_006952,1,0.0,0.0,7.0,35.82,0.0,0.0,2024-01-03
ecom_000648,1,0.0,2.0,132.0,13.5,1.0,0.0,2024-01-24
ecom_001370,1,0.0,2.0,263.0,154.3,1.0,0.0,2024-01-17
ecom_009855,0,0.0,2.0,20.0,10.16,0.0,0.0,2024-01-01
ecom_006992,0,0.0,0.0,170.0,6.53,1.0,0.0,2024-01-17
ecom_005532,0,0.0,0.0,13.0,50.22,0.0,0.0,2024-01-15
ecom_009620,1,0.0,2.0,33.0,53.26,0.0,0.0,2024-01-02
ecom_005708,1,0.0,2.0,25.0,9.09,0.0,0.0,2024-01-02
ecom_004209,0,1.0,2.0,92.0,57.16,0.0,0.0,2024-01-03
ecom_000681,1,1.0,1.0,3.0,36.94,0.0,0.0,2024-01-25
ecom_000434,0,0.0,0.0,87.0,0.0,0.0,0.0,2024-01-24
ecom_009309,1,0.0,2.0,183.0,14.97,1.0,0.0,2024-01-21
ecom_004824,0,0.0,0.0,41.0,0.0,1.0,0.0,2024-01-17
ecom_009761,1,0.0,0.0,13.0,90.7,0.0,0.0,2024-01-24
ecom_003159,1,0.0,2.0,80.0,36.29,1.0,0.0,2024-01-02
ecom_001489,0,0.0,1.0,64.0,17.83,1.0,0.0,2024-01-16
ecom_002987,1,1.0,0.0,73.0,0.0,1.0,0.0,2024-01-16
ecom_000812,1,0.0,2.0,37.0,39.21,0.0,0.0,2024-01-28
ecom_001882,1,0.0,2.0,149.0,0.0,0.0,0.0,2024-01-14
ecom_009267,0,0.0,2.0,89.0,27.89,1.0,0.0,2024-01-02
ecom_004936,1,0.0,1.0,67.0,16.6,1.0,0.0,2024-01-23
ecom_009935,0,0.0,2.0,174.0,31.23,0.0,0.0,2024-01-08
ecom_001940,0,1.0,1.0,20.0,19.71,0.0,0.0,2024-01-04
ecom_003296,0,0.0,2.0,109.0,35.43,1.0,0.0,2024-01-09
ecom_003534,1,0.0,1.0,42.0,20.11,1.0,0.0,2024-01-10
ecom_004525,0,0.0,2.0,75.0,19.8,1.0,0.0,2024-01-09
ecom_003729,0,0.0,0.0,19.0,82.47,0.0,1.0,2024-01-22
ecom_007015,0,0.0,0.0,14.0,55.88,0.0,0.0,2024-01-22
ecom_001612,0,0.0,0.0,80.0,53.59,1.0,0.0,2024-01-04
ecom_001181,1,0.0,2.0,2.0,76.38,0.0,0.0,2024-01-18
ecom_001375,1,0.0,2.0,32.0,15.71,0.0,0.0,2024-01-16
ecom_009224,0,0.0,0.0,46.0,28.71,1.0,0.0,2024-01-09
ecom_003946,0,0.0,1.0,22.0,0.0,0.0,0.0,2024-01-10
ecom_007210,0,0.0,0.0,42.0,15.89,0.0,0.0,2024-01-05
ecom_005211,0,0.0,2.0,18.0,0.0,0.0,0.0,2024-01-19
ecom_000063,1,0.0,0.0,60.0,37.79,1.0,0.0,2024-01-18
ecom_000626,0,0.0,0.0,41.0,12.1,1.0,0.0,2024-01-29
ecom_004421,0,0.0,2.0,46.0,60.91,1.0,0.0,2024-01-01
ecom_001669,0,1.0,1.0,76.0,8.75,1.0,0.0,2024-01-20
ecom_002112,0,1.0,2.0,157.0,27.26,1.0,0.0,2024-01-24
ecom_005804,0,0.0,0.0,81.0,23.23,1.0,0.0,2024-01-15
ecom_009763,0,0.0,1.0,16.0,27.0,0.0,0.0,2024-01-12
ecom_004032,1,0.0,2.0,24.0,69.67,0.0,0.0,2024-01-14
ecom_006545,1,0.0,2.0,26.0,0.0,0.0,1.0,2024-01-05
ecom_007948,1,0.0,0.0,9.0,36.16,1.0,0.0,2024-01-25
ecom_000084,0,0.0,0.0,46.0,8.54,1.0,0.0,2024-01-19
ecom_009180,0,0.0,2.0,2.0,19.79,0.0,0.0,2024-01-11
ecom_001462,1,0.0,2.0,31.0,0.0,1.0,0.0,2024-01-06
ecom_002283,1,0.0,1.0,49.0,0.0,1.0,0.0,2024-01-03
ecom_002887,0,0.0,2.0,18.0,106.97,0.0,0.0,2024-01-02
ecom_005834,0,0.0,2.0,48.0,70.74,1.0,0.0,2024-01-02
ecom_000684,0,0.0,1.0,44.0,0.0,1.0,0.0,2024-01-01
ecom_004469,1,0.0,2.0,47.0,32.79,0.0,0.0,2024-01-27
ecom_000418,1,0.0,0.0,35.0,69.3,1.0,0.0,2024-01-28
ecom_005228,1,0.0,0.0,40.0,15.29,1.0,0.0,2024-01-05
ecom_004253,0,0.0,0.0,23.0,0.0,0.0,0.0,2024-01-30
ecom_002709,1,0.0,1.0,2.0,14.52,0.0,0.0,2024-01-11
ecom_002357,0,0.0,2.0,109.0,23.1,1.0,0.0,2024-01-04
ecom_008059,0,0.0,2.0,57.0,0.0,0.0,0.0,2024-01-08
ecom_001366,0,0.0,0.0,17.0,0.0,0.0,0.0,2024-01-23
ecom_006277,0,0.0,0.0,30.0,132.11,0.0,0.0,2024-01-03
ecom_003916,0,0.0,0.0,49.0,87.9,1.0,0.0,2024-01-11
ecom_000293,1,0.0,1.0,25.0,9.61,0.0,0.0,2024-01-18
ecom_002639,1,0.0,2.0,31.0,37.77,0.0,0.0,2024-01-18
ecom_009458,1,0.0,0.0,21.0,51.76,0.0,0.0,2024-01-27
ecom_001506,0,0.0,2.0,14.0,0.0,0.0,0.0,2024-01-11
ecom_009037,0,0.0,0.0,12.0,14.9,0.0,0.0,2024-01-25
ecom_007393,0,0.0,2.0,66.0,14.71,1.0,0.0,2024-01-09
ecom_001634,1,0.0,0.0,90.0,33.61,1.0,0.0,2024-01-15
ecom_002457,0,0.0,0.0,40.0,94.83,1.0,1.0,2024-01-10
ecom_009891,1,0.0,1.0,47.0,60.39,1.0,0.0,2024-01-12
ecom_005558,0,0.0,0.0,16.0,8.39,0.0,0.0,2024-01-12
ecom_009751,0,0.0,0.0,63.0,53.47,0.0,0.0,2024-01-17
ecom_002300,1,0.0,0.0,13.0,60.18,0.0,0.0,2024-01-02
ecom_004537,0,0.0,2.0,51.0,15.12,1.0,0.0,2024-01-08
ecom_002938,0,0.0,0.0,33.0,74.21,1.0,0.0,2024-01-20
ecom_001563,1,0.0,2.0,59.0,0.0,1.0,1.0,2024-01-08
ecom_005689,1,1.0,2.0,43.0,15.95,1.0,0.0,2024-01-23
ecom_008658,1,1.0,0.0,35.0,15.11,1.0,0.0,2024-01-22
ecom_007517,0,0.0,2.0,74.0,88.81,1.0,0.0,2024-01-27
ecom_001979,0,0.0,0.0,56.0,0.0,1.0,0.0,2024-01-01
ecom_001883,0,0.0,0.0,41.0,11.55,1.0,0.0,2024-01-25
ecom_003803,0,0.0,2.0,28.0,24.89,0.0,1.0,2024-01-11
ecom_000438,0,0.0,1.0,105.0,0.0,1.0,0.0,2024-01-22
ecom_004635,0,0.0,0.0,157.0,50.28,1.0,0.0,2024-01-08
ecom_004528,0,0.0,1.0,11.0,0.0,0.0,0.0,2024-01-27
ecom_004332,0,0.0,2.0,50.0,21.62,1.0,1.0,2024-01-17
ecom_003573,0,0.0,2.0,26.0,0.0,0.0,0.0,2024-01-23
ecom_008741,0,0.0,1.0,23.0,0.0,0.0,0.0,2024-01-29
ecom_008911,0,0.0,0.0,28.0,0.0,0.0,0.0,2024-01-23
ecom_004817,0,0.0,1.0,71.0,0.0,0.0,0.0,2024-01-02
ecom_006435,0,0.0,0.0,23.0,81.01,0.0,0.0,2024-01-22
ecom_002986,0,0.0,1.0,48.0,69.09,1.0,0.0,2024-01-10
ecom_007838,0,0.0,0.0,31.0,32.72,1.0,0.0,2024-01-07
ecom_000704,1,0.0,0.0,169.0,42.57,1.0,0.0,2024-01-28
ecom_002280,0,0.0,0.0,86.0,13.81,1.0,0.0,2024-01-04
ecom_008734,1,0.0,2.0,103.0,56.63,1.0,0.0,2024-01-13
ecom_004147,1,1.0,0.0,7.0,27.82,0.0,0.0,2024-01-04
ecom_005412,1,0.0,0.0,23.0,0.0,0.0,0.0,2024-01-26
ecom_000373,0,0.0,1.0,7.0,19.32,0.0,0.0,2024-01-19
ecom_006405,0,0.0,0.0,3.0,0.0,0.0,0.0,2024-01-25
ecom_009223,1,0.0,1.0,25.0,47.61,0.0,0.0,2024-01-26
ecom_002585,0,0.0,0.0,24.0,53.07,0.0,0.0,2024-01-29
ecom_001332,1,0.0,2.0,109.0,58.12,1.0,0.0,2024-01-02
ecom_009572,0,0.0,0.0,2.0,74.62,0.0,0.0,2024-01-26
ecom_005282,0,0.0,0.0,8.0,0.0,0.0,0.0,2024-01-03
ecom_009131,1,1.0,1.0,54.0,53.34,1.0,0.0,2024-01-13
ecom_008315,1,0.0,2.0,13.0,0.0,0.0,0.0,2024-01-13
ecom_009809,0,0.0,0.0,77.0,12.26,1.0,1.0,2024-01-24
ecom_001784,1,0.0,0.0,1.0,115.64,0.0,0.0,2024-01-13
ecom_003182,1,0.0,0.0,72.0,21.99,1.0,0.0,2024-01-13
ecom_000494,0,0.0,2.0,61.0,38.6,1.0,0.0,2024-01-11
ecom_007363,0,0.0,2.0,48.0,98.8,1.0,0.0,2024-01-22
ecom_002860,0,0.0,0.0,36.0,27.79,1.0,0.0,2024-01-13
ecom_007929,0,0.0,1.0,33.0,52.87,1.0,0.0,2024-01-06
ecom_004041,1,0.0,0.0,30.0,24.52,0.0,0.0,2024-01-17
ecom_007178,0,0.0,2.0,2.0,0.0,0.0,1.0,2024-01-03
ecom_002897,1,0.0,2.0,37.0,18.18,1.0,1.0,2024-01-06
ecom_000366,1,0.0,2.0,72.0,45.33,1.0,0.0,2024-01-17
ecom_000849,0,0.0,0.0,73.0,0.0,1.0,0.0,2024-01-10
ecom_007440,0,0.0,0.0,2.0,14.72,0.0,0.0,2024-01-22
ecom_009454,0,0.0,0.0,8.0,49.95,0.0,0.0,2024-01-23
ecom_004301,0,0.0,0.0,112.0,67.31,1.0,0.0,2024-01-02
ecom_002653,0,0.0,1.0,69.0,3.28,1.0,0.0,2024-01-01
ecom_003503,1,0.0,2.0,72.0,36.56,1.0,0.0,2024-01-20
ecom_001541,1,0.0,0.0,107.0,0.0,0.0,0.0,2024-01-04
ecom_004165,1,0.0,1.0,36.0,53.15,0.0,0.0,2024-01-30
ecom_008866,0,0.0,2.0,1.0,0.0,0.0,0.0,2024-01-26
ecom_000322,0,0.0,0.0,102.0,21.07,1.0,0.0,2024-01-15
ecom_002031,1,0.0,0.0,2.0,95.02,1.0,0.0,2024-01-16
ecom_000813,0,0.0,0.0,23.0,0.0,0.0,0.0,2024-01-22
ecom_008939,0,0.0,0.0,23.0,61.45,0.0,0.0,2024-01-01
ecom_009375,1,0.0,0.0,121.0,0.0,1.0,0.0,2024-01-24
ecom_001079,0,1.0,0.0,38.0,28.67,0.0,0.0,2024-01-27
ecom_002226,0,0.0,2.0,56.0,0.0,1.0,0.0,2024-01-15
ecom_009136,0,0.0,1.0,12.0,0.0,0.0,0.0,2024-01-11
ecom_009531,1,0.0,2.0,27.0,11.54,0.0,0.0,2024-01-20
ecom_002705,1,0.0,0.0,47.0,21.91,0.0,0.0,2024-01-06
ecom_006824,1,0.0,0.0,40.0,0.0,1.0,0.0,2024-01-23
ecom_007556,1,0.0,1.0,23.0,93.7,0.0,0.0,2024-01-14
ecom_001164,1,0.0,0.0,10.0,0.0,0.0,1.0,2024-01-30
ecom_003261,1,0.0,2.0,54.0,0.0,1.0,0.0,2024-01-17
ecom_004687,1,0.0,0.0,9.0,220.93,0.0,0.0,2024-01-08
ecom_001450,1,0.0,1.0,3.0,48.7,0.0,0.0,2024-01-02
ecom_003862,1,0.0,1.0,11.0,112.94,0.0,0.0,2024-01-22
ecom_006103,0,0.0,1.0,44.0,0.0,1.0,0.0,2024-01-09
ecom_009215,0,0.0,0.0,24.0,0.0,0.0,0.0,2024-01-20
ecom_007120,1,1.0,2.0,13.0,0.0,0.0,0.0,2024-01-17
ecom_006398,0,0.0,0.0,52.0,0.0,1.0,0.0,2024-01-08
ecom_009588,1,0.0,2.0,107.0,8.01,1.0,0.0,2024-01-02
ecom_006214,1,0.0,2.0,93.0,18.86,1.0,0.0,2024-01-03
ecom_009645,1,0.0,0.0,35.0,22.41,1.0,0.0,2024-01-03
ecom_005336,0,0.0,1.0,1.0,15.18,0.0,0.0,2024-01-17
ecom_004056,0,1.0,1.0,12.0,71.49,0.0,0.0,2024-01-17
ecom_009511,1,0.0,1.0,60.0,0.0,1.0,0.0,2024-01-24
ecom_002999,0,0.0,2.0,34.0,38.59,1.0,0.0,2024-01-16
ecom_009024,0,0.0,0.0,1.0,20.86,0.0,0.0,2024-01-19
ecom_001231,1,0.0,2.0,34.0,30.04,1.0,1.0,2024-01-01
ecom_001514,0,0.0,0.0,7.0,0.0,0.0,0.0,2024-01-30
ecom_002313,1,0.0,1.0,35.0,91.15,1.0,0.0,2024-01-02
ecom_001451,0,0.0,2.0,10.0,4.01,0.0,0.0,2024-01-12
ecom_005267,1,0.0,2.0,64.0,0.0,1.0,1.0,2024-01-18
ecom_006131,1,0.0,0.0,128.0,15.97,0.0,0.0,2024-01-22
ecom_008531,0,0.0,0.0,29.0,31.98,0.0,0.0,2024-01-13
ecom_006464,1,0.0,2.0,72.0,20.81,1.0,0.0,2024-01-18
ecom_000838,0,0.0,2.0,54.0,11.44,0.0,0.0,2024-01-14
ecom_009915,0,0.0,0.0,35.0,21.44,1.0,0.0,2024-01-23
ecom_008261,1,0.0,2.0,6.0,69.81,0.0,0.0,2024-01-17
ecom_006414,1,0.0,1.0,81.0,13.59,1.0,0.0,2024-01-30
ecom_008504,1,0.0,0.0,122.0,16.67,1.0,0.0,2024-01-25
ecom_003567,1,1.0,1.0,114.0,55.14,1.0,0.0,2024-01-08
ecom_009264,0,0.0,1.0,39.0,24.71,1.0,0.0,2024-01-15
ecom_003087,0,0.0,2.0,166.0,14.13,1.0,0.0,2024-01-09
ecom_008643,0,0.0,0.0,193.0,0.0,1.0,0.0,2024-01-16
ecom_001714,1,0.0,1.0,1.0,5.99,0.0,0.0,2024-01-23
ecom_000339,0,0.0,2.0,21.0,18.15,0.0,0.0,2024-01-22
ecom_009563,1,0.0,0.0,163.0,0.0,1.0,1.0,2024-01-15
ecom_005942,1,0.0,2.0,108.0,26.98,1.0,0.0,2024-01-07
ecom_009869,1,0.0,2.0,38.0,25.35,1.0,0.0,2024-01-22
ecom_008102,1,0.0,2.0,147.0,246.2,1.0,0.0,2024-01-05
ecom_008488,0,0.0,2.0,103.0,16.32,1.0,0.0,2024-01-05
ecom_000588,0,0.0,0.0,68.0,0.0,1.0,0.0,2024-01-11
ecom_003365,1,0.0,0.0,46.0,16.43,1.0,0.0,2024-01-03
ecom_002670,0,0.0,0.0,104.0,14.69,1.0,0.0,2024-01-12
ecom_003589,1,0.0,0.0,38.0,84.81,1.0,0.0,2024-01-02
ecom_000034,1,0.0,0.0,74.0,0.0,1.0,1.0,2024-01-22
ecom_000028,0,0.0,1.0,16.0,0.0,0.0,0.0,2024-01-25
ecom_008553,0,0.0,1.0,48.0,12.09,1.0,0.0,2024-01-07
ecom_008117,0,0.0,1.0,36.0,22.53,1.0,0.0,2024-01-01
ecom_002170,0,0.0,0.0,44.0,235.07,1.0,0.0,2024-01-29
ecom_008377,1,1.0,1.0,47.0,0.0,1.0,0.0,2024-01-15
ecom_005620,0,0.0,2.0,22.0,9.26,1.0,0.0,2024-01-13
ecom_000889,1,0.0,1.0,7.0,0.0,0.0,0.0,2024-01-20
ecom_006489,0,0.0,2.0,78.0,69.22,1.0,0.0,2024-01-11
ecom_003322,0,0.0,0.0,42.0,34.24,0.0,0.0,2024-01-22
ecom_009396,0,0.0,0.0,35.0,30.31,1.0,0.0,2024-01-25
ecom_003514,0,0.0,2.0,15.0,0.0,0.0,1.0,2024-01-02
ecom_004420,1,0.0,2.0,11.0,0.0,0.0,0.0,2024-01-06
ecom_008351,1,0.0,2.0,80.0,0.0,1.0,0.0,2024-01-15
ecom_005361,1,0.0,2.0,77.0,59.39,1.0,0.0,2024-01-18
ecom_003733,1,0.0,2.0,147.0,17.43,1.0,1.0,2024-01-20
ecom_009463,1,0.0,2.0,40.0,0.0,1.0,0.0,2024-01-22
ecom_007081,1,0.0,2.0,71.0,25.13,1.0,0.0,2024-01-11
ecom_001654,0,0.0,0.0,28.0,0.0,0.0,0.0,2024-01-03
ecom_005032,0,0.0,1.0,64.0,0.0,1.0,0.0,2024-01-30
ecom_000223,1,0.0,1.0,23.0,14.03,0.0,0.0,2024-01-14
ecom_008625,0,0.0,2.0,110.0,22.9,1.0,0.0,2024-01-08
ecom_006194,0,0.0,2.0,30.0,0.0,0.0,0.0,2024-01-01
ecom_001590,0,0.0,1.0,5.0,40.52,0.0,0.0,2024-01-04
ecom_005982,1,0.0,2.0,26.0,94.74,0.0,0.0,2024-01-11
ecom_003256,1,0.0,1.0,11.0,18.56,0.0,0.0,2024-01-15
ecom_006680,1,0.0,0.0,9.0,16.05,0.0,0.0,2024-01-21
ecom_004770,1,0.0,1.0,79.0,48.86,1.0,0.0,2024-01-22
ecom_002181,1,0.0,0.0,22.0,23.73,0.0,0.0,2024-01-04
ecom_006803,0,0.0,2.0,1.0,0.0,0.0,0.0,2024-01-29
ecom_004913,0,0.0,2.0,78.0,199.32,1.0,0.0,2024-01-16
ecom_006786,1,0.0,2.0,149.0,0.0,1.0,0.0,2024-01-24
ecom_004789,1,0.0,2.0,63.0,22.69,1.0,1.0,2024-01-21
ecom_001209,1,0.0,2.0,98.0,0.0,1.0,0.0,2024-01-08
ecom_000421,1,0.0,1.0,35.0,42.84,1.0,0.0,2024-01-11
ecom_008740,0,0.0,2.0,215.0,82.44,1.0,0.0,2024-01-21
ecom_001706,1,0.0,2.0,86.0,13.32,1.0,0.0,2024-01-12
ecom_001158,0,1.0,0.0,38.0,62.02,0.0,0.0,2024-01-09
ecom_002306,0,0.0,2.0,16.0,40.05,0.0,0.0,2024-01-09
ecom_000273,1,0.0,2.0,168.0,26.31,1.0,0.0,2024-01-09
ecom_000171,0,0.0,0.0,125.0,0.0,1.0,0.0,2024-01-13
ecom_003956,1,0.0,2.0,12.0,58.96,1.0,0.0,2024-01-08
ecom_006696,1,0.0,1.0,15.0,0.0,0.0,0.0,2024-01-10
ecom_003188,1,0.0,2.0,30.0,54.89,0.0,0.0,2024-01-27
ecom_008132,0,0.0,2.0,23.0,21.72,0.0,0.0,2024-01-26
ecom_004808,0,0.0,0.0,65.0,13.04,1.0,0.0,2024-01-18
ecom_008083,0,0.0,0.0,534.0,0.0,1.0,0.0,2024-01-02
ecom_001564,1,1.0,0.0,14.0,34.78,0.0,0.0,2024-01-10
ecom_001782,0,0.0,1.0,54.0,34.12,1.0,1.0,2024-01-29
ecom_000843,1,0.0,0.0,196.0,0.0,1.0,0.0,2024-01-02
ecom_009345,1,0.0,1.0,26.0,58.12,0.0,0.0,2024-01-12
ecom_004461,1,0.0,2.0,48.0,25.2,1.0,0.0,2024-01-16
ecom_000904,1,0.0,0.0,39.0,91.9,0.0,0.0,2024-01-22
ecom_005911,1,0.0,1.0,53.0,86.67,1.0,0.0,2024-01-03
ecom_009950,1,0.0,2.0,1.0,0.0,0.0,0.0,2024-01-03
ecom_009297,1,0.0,0.0,98.0,9.4,0.0,0.0,2024-01-04
ecom_001547,0,0.0,2.0,115.0,0.0,1.0,0.0,2024-01-29
ecom_002080,0,0.0,1.0,17.0,69.87,1.0,0.0,2024-01-16
ecom_009881,1,0.0,0.0,21.0,0.0,0.0,0.0,2024-01-25
ecom_003985,0,0.0,0.0,5.0,13.5,0.0,0.0,2024-01-24
ecom_006389,1,0.0,2.0,96.0,151.6,1.0,1.0,2024-01-01
ecom_007579,0,0.0,1.0,11.0,18.66,0.0,0.0,2024-01-26
ecom_009245,0,0.0,0.0,56.0,0.0,1.0,0.0,2024-01-24
ecom_006567,1,0.0,1.0,56.0,172.94,1.0,0.0,2024-01-23
ecom_008206,0,0.0,0.0,80.0,17.48,1.0,0.0,2024-01-25
ecom_003820,1,0.0,0.0,26.0,0.0,1.0,1.0,2024-01-17
ecom_002646,1,0.0,0.0,66.0,0.0,1.0,0.0,2024-01-06
ecom_004454,1,0.0,2.0,166.0,0.0,1.0,0.0,2024-01-06
ecom_007159,0,0.0,0.0,97.0,0.0,1.0,0.0,2024-01-02
ecom_008221,0,0.0,0.0,1.0,7.39,0.0,0.0,2024-01-23
ecom_008596,1,0.0,1.0,201.0,35.6,1.0,0.0,2024-01-02
ecom_009589,1,0.0,0.0,103.0,0.0,1.0,0.0,2024-01-21
ecom_006071,1,0.0,2.0,91.0,0.0,1.0,0.0,2024-01-23
ecom_002155,0,0.0,0.0,33.0,15.43,1.0,0.0,2024-01-22
ecom_006712,0,0.0,2.0,199.0,51.23,1.0,0.0,2024-01-24
ecom_003715,0,0.0,1.0,95.0,26.96,0.0,1.0,2024-01-27
ecom_004057,0,0.0,1.0,1.0,67.96,0.0,0.0,2024-01-09
ecom_005952,0,0.0,2.0,25.0,8.71,0.0,0.0,2024-01-21
ecom_003102,1,0.0,2.0,48.0,17.8,1.0,0.0,2024-01-09
ecom_000558,1,0.0,1.0,8.0,41.64,0.0,0.0,2024-01-18
ecom_004610,1,0.0,2.0,77.0,65.2,1.0,0.0,2024-01-24
ecom_006978,0,0.0,0.0,9.0,58.24,0.0,0.0,2024-01-14
ecom_001436,0,0.0,1.0,133.0,61.77,1.0,0.0,2024-01-10
ecom_000507,1,0.0,0.0,15.0,0.0,0.0,1.0,2024-01-04
ecom_001869,0,0.0,2.0,188.0,0.0,1.0,0.0,2024-01-01
ecom_000755,0,0.0,0.0,45.0,20.84,1.0,0.0,2024-01-17
ecom_005419,1,0.0,2.0,42.0,227.37,1.0,0.0,2024-01-23
ecom_004050,0,0.0,0.0,128.0,0.0,0.0,0.0,2024-01-25
ecom_008089,0,0.0,2.0,60.0,20.34,1.0,0.0,2024-01-01
ecom_003836,1,0.0,0.0,63.0,0.0,1.0,0.0,2024-01-21
ecom_002118,0,1.0,0.0,84.0,45.38,1.0,0.0,2024-01-16
ecom_006152,0,0.0,2.0,90.0,0.0,1.0,0.0,2024-01-25
ecom_007808,0,0.0,0.0,125.0,110.38,1.0,1.0,2024-01-20
ecom_000501,1,0.0,0.0,66.0,36.48,1.0,0.0,2024-01-13
ecom_006259,0,1.0,0.0,53.0,28.97,1.0,0.0,2024-01-26
ecom_009743,0,0.0,1.0,114.0,25.2,1.0,0.0,2024-01-10
ecom_001539,1,0.0,0.0,111.0,34.86,1.0,1.0,2024-01-13
ecom_006141,0,0.0,2.0,125.0,0.0,1.0,0.0,2024-01-24
ecom_001211,1,0.0,2.0,25.0,12.95,1.0,0.0,2024-01-10
ecom_009122,1,0.0,2.0,58.0,16.88,1.0,0.0,2024-01-15
ecom_000672,1,0.0,2.0,3.0,30.99,0.0,0.0,2024-01-24
ecom_003377,1,0.0,0.0,114.0,32.22,1.0,0.0,2024-01-10
ecom_008783,0,0.0,2.0,171.0,166.92,1.0,0.0,2024-01-05
ecom_001464,0,0.0,2.0,35.0,0.0,1.0,0.0,2024-01-26
ecom_001192,0,0.0,2.0,9.0,17.58,0.0,0.0,2024-01-20
ecom_006984,0,0.0,2.0,98.0,19.16,1.0,0.0,2024-01-04
ecom_001872,0,0.0,0.0,70.0,48.53,1.0,0.0,2024-01-01
ecom_003590,1,0.0,1.0,14.0,0.0,0.0,0.0,2024-01-03
ecom_006726,1,1.0,1.0,84.0,4.88,1.0,0.0,2024-01-30
ecom_000505,1,0.0,0.0,42.0,0.0,1.0,0.0,2024-01-23
ecom_008118,1,1.0,0.0,61.0,0.0,1.0,0.0,2024-01-21
ecom_000506,0,1.0,0.0,12.0,41.4,0.0,1.0,2024-01-15
ecom_009449,0,0.0,2.0,13.0,0.0,0.0,0.0,2024-01-04
ecom_007131,0,0.0,2.0,39.0,40.25,1.0,0.0,2024-01-21
ecom_004807,0,0.0,2.0,2.0,28.11,0.0,0.0,2024-01-21
ecom_007303,1,0.0,0.0,101.0,31.89,0.0,0.0,2024-01-22
ecom_001773,0,0.0,0.0,16.0,61.91,0.0,0.0,2024-01-14
ecom_006854,1,0.0,0.0,25.0,43.82,0.0,0.0,2024-01-25
ecom_004906,1,0.0,1.0,188.0,33.38,1.0,0.0,2024-01-02
ecom_000797,1,1.0,2.0,141.0,68.08,1.0,0.0,2024-01-06
ecom_008785,1,0.0,2.0,28.0,0.0,0.0,0.0,2024-01-24
ecom_007070,0,0.0,0.0,8.0,39.67,0.0,0.0,2024-01-28
ecom_002829,1,0.0,1.0,1.0,12.68,0.0,0.0,2024-01-16
ecom_009319,1,1.0,0.0,20.0,0.0,0.0,0.0,2024-01-06
ecom_008737,1,0.0,1.0,8.0,8.45,0.0,0.0,2024-01-24
ecom_000312,0,0.0,1.0,9.0,47.92,0.0,0.0,2024-01-03
ecom_000746,0,0.0,2.0,114.0,114.54,1.0,1.0,2024-01-10
ecom_003569,1,1.0,2.0,25.0,83.5,0.0,1.0,2024-01-26
ecom_000790,1,0.0,0.0,22.0,0.0,0.0,0.0,2024-01-09
ecom_002476,0,0.0,0.0,6.0,0.0,0.0,0.0,2024-01-23
ecom_009325,0,0.0,2.0,17.0,23.1,0.0,0.0,2024-01-16
ecom_002570,0,0.0,2.0,30.0,0.0,0.0,0.0,2024-01-24
ecom_005286,0,0.0,2.0,6.0,40.44,0.0,0.0,2024-01-20
ecom_005215,0,0.0,0.0,14.0,62.18,0.0,0.0,2024-01-29
ecom_002163,0,0.0,0.0,145.0,59.62,1.0,0.0,2024-01-19
ecom_006577,1,0.0,2.0,47.0,11.5,1.0,0.0,2024-01-23
ecom_008449,1,1.0,0.0,67.0,14.64,1.0,0.0,2024-01-23
ecom_000380,0,0.0,0.0,7.0,5.7,0.0,0.0,2024-01-05
ecom_008508,0,0.0,2.0,2.0,0.0,0.0,0.0,2024-01-26
ecom_001292,1,0.0,1.0,113.0,47.9,1.0,0.0,2024-01-14
ecom_001912,0,0.0,2.0,3.0,162.0,1.0,0.0,2024-01-30
ecom_000599,0,1.0,0.0,24.0,29.19,0.0,0.0,2024-01-17
ecom_003892,0,0.0,2.0,24.0,0.0,0.0,0.0,2024-01-30
ecom_004141,1,0.0,0.0,40.0,0.0,1.0,0.0,2024-01-23
ecom_001652,1,0.0,2.0,51.0,0.0,0.0,1.0,2024-01-03
ecom_005224,0,0.0,1.0,39.0,0.0,1.0,0.0,2024-01-04
ecom_001893,0,0.0,0.0,24.0,0.0,0.0,0.0,2024-01-22
ecom_001944,1,0.0,0.0,40.0,64.8,1.0,0.0,2024-01-19
ecom_003395,0,0.0,2.0,40.0,82.52,1.0,0.0,2024-01-22
ecom_005479,0,0.0,2.0,222.0,8.95,1.0,0.0,2024-01-06
ecom_009769,0,0.0,2.0,177.0,0.0,1.0,0.0,2024-01-26
ecom_000375,0,0.0,0.0,75.0,33.8,1.0,0.0,2024-01-14
ecom_001966,1,0.0,0.0,62.0,0.0,1.0,0.0,2024-01-02
ecom_003957,1,0.0,2.0,37.0,107.1,0.0,0.0,2024-01-16
ecom_007135,1,0.0,2.0,20.0,0.0,0.0,0.0,2024-01-01
ecom_007478,1,0.0,2.0,20.0,49.64,0.0,0.0,2024-01-02
ecom_004505,0,0.0,0.0,78.0,55.8,1.0,0.0,2024-01-05
ecom_009580,1,0.0,0.0,175.0,50.71,1.0,0.0,2024-01-23
ecom_005288,1,0.0,1.0,64.0,3.37,1.0,1.0,2024-01-02
ecom_001471,0,0.0,0.0,130.0,75.04,1.0,0.0,2024-01-19
ecom_003346,1,0.0,1.0,202.0,24.39,1.0,0.0,2024-01-18
ecom_006253,1,0.0,2.0,11.0,7.54,0.0,0.0,2024-01-10
ecom_002853,0,0.0,0.0,32.0,43.48,1.0,0.0,2024-01-10
ecom_008988,1,0.0,0.0,10.0,110.27,0.0,0.0,2024-01-11
ecom_009775,1,0.0,1.0,114.0,3.1,1.0,0.0,2024-01-24
ecom_006459,1,0.0,1.0,78.0,110.33,1.0,0.0,2024-01-23
ecom_004062,0,0.0,1.0,383.0,27.96,0.0,0.0,2024-01-13
ecom_005863,1,0.0,2.0,13.0,189.64,0.0,0.0,2024-01-29
ecom_004306,0,0.0,0.0,60.0,67.95,1.0,1.0,2024-01-11
ecom_004877,0,0.0,1.0,14.0,21.97,0.0,0.0,2024-01-11
ecom_007249,0,0.0,2.0,7.0,17.81,0.0,0.0,2024-01-10
ecom_005273,0,1.0,0.0,182.0,41.2,1.0,0.0,2024-01-28
ecom_003990,1,0.0,0.0,4.0,24.09,0.0,0.0,2024-01-06
ecom_001049,0,0.0,2.0,26.0,0.0,0.0,0.0,2024-01-26
ecom_006175,1,0.0,1.0,9.0,19.76,0.0,0.0,2024-01-10
ecom_006926,1,0.0,1.0,71.0,0.0,1.0,0.0,2024-01-05
ecom_007864,1,0.0,0.0,52.0,23.45,1.0,0.0,2024-01-29
ecom_002035,1,0.0,0.0,1.0,65.76,0.0,0.0,2024-01-06
ecom_004039,1,0.0,0.0,60.0,7.74,1.0,0.0,2024-01-01
ecom_006875,1,0.0,0.0,21.0,65.05,0.0,0.0,2024-01-01
ecom_009354,0,1.0,0.0,1.0,26.27,0.0,0.0,2024-01-03
ecom_001972,0,0.0,0.0,13.0,51.78,0.0,0.0,2024-01-18
ecom_005072,0,0.0,0.0,82.0,0.0,1.0,0.0,2024-01-21
ecom_002099,1,0.0,0.0,139.0,7.75,1.0,0.0,2024-01-02
ecom_001499,1,0.0,2.0,10.0,0.0,0.0,0.0,2024-01-30
ecom_009612,1,0.0,2.0,22.0,37.99,0.0,0.0,2024-01-18
ecom_000652,1,0.0,1.0,32.0,0.0,1.0,0.0,2024-01-17
ecom_000170,1,0.0,0.0,82.0,61.26,1.0,0.0,2024-01-23
ecom_004085,1,0.0,2.0,5.0,56.04,0.0,0.0,2024-01-24
ecom_000242,1,0.0,2.0,68.0,0.0,1.0,0.0,2024-01-08
ecom_005710,0,0.0,2.0,22.0,0.0,0.0,0.0,2024-01-28
ecom_006972,0,0.0,0.0,25.0,10.71,0.0,0.0,2024-01-13
ecom_002756,0,0.0,1.0,23.0,0.0,0.0,0.0,2024-01-01
ecom_006884,0,0.0,0.0,40.0,90.04,1.0,0.0,2024-01-12
ecom_005446,0,0.0,0.0,38.0,0.0,1.0,1.0,2024-01-19
ecom_002076,0,0.0,1.0,8.0,33.39,0.0,0.0,2024-01-24
ecom_004103,0,0.0,2.0,158.0,38.63,1.0,0.0,2024-01-24
ecom_009559,0,0.0,2.0,38.0,154.88,0.0,0.0,2024-01-07
ecom_007571,1,0.0,2.0,17.0,13.83,0.0,0.0,2024-01-03
ecom_009466,0,0.0,2.0,318.0,0.0,1.0,0.0,2024-01-19
ecom_004894,1,0.0,1.0,116.0,11.23,0.0,0.0,2024-01-05
ecom_006692,0,0.0,2.0,22.0,13.75,0.0,0.0,2024-01-16
ecom_008054,0,0.0,0.0,1.0,12.52,0.0,1.0,2024-01-02
ecom_005389,0,0.0,0.0,30.0,7.46,0.0,0.0,2024-01-17
ecom_009373,0,0.0,2.0,6.0,0.0,0.0,0.0,2024-01-02
ecom_008021,0,0.0,0.0,97.0,0.0,1.0,0.0,2024-01-16
ecom_008604,1,0.0,0.0,29.0,0.0,1.0,0.0,2024-01-18
ecom_004480,1,0.0,2.0,17.0,21.23,1.0,0.0,2024-01-20
ecom_008326,0,0.0,2.0,143.0,71.67,1.0,1.0,2024-01-09
ecom_004078,1,0.0,0.0,33.0,0.0,1.0,0.0,2024-01-12
ecom_000640,0,0.0,2.0,35.0,118.21,1.0,0.0,2024-01-21
ecom_001270,0,0.0,2.0,78.0,88.38,1.0,0.0,2024-01-15
ecom_002778,1,0.0,1.0,73.0,0.0,1.0,0.0,2024-01-04
ecom_009497,1,0.0,0.0,103.0,41.0,0.0,0.0,2024-01-30
ecom_003861,0,0.0,1.0,18.0,45.3,0.0,0.0,2024-01-04
ecom_003480,1,0.0,0.0,57.0,0.0,1.0,0.0,2024-01-10
ecom_001534,0,0.0,1.0,143.0,0.0,1.0,0.0,2024-01-14
ecom_000325,0,0.0,2.0,16.0,65.95,0.0,0.0,2024-01-03
ecom_002338,1,0.0,1.0,91.0,40.05,1.0,0.0,2024-01-29
ecom_003980,1,0.0,1.0,99.0,35.42,1.0,0.0,2024-01-03
ecom_006877,1,0.0,2.0,33.0,32.01,1.0,0.0,2024-01-18
ecom_004054,1,0.0,2.0,1.0,287.26,0.0,0.0,2024-01-04
ecom_002237,0,0.0,0.0,29.0,0.0,0.0,0.0,2024-01-05
ecom_007106,1,0.0,0.0,53.0,0.0,1.0,0.0,2024-01-19
ecom_009668,1,0.0,1.0,23.0,97.24,0.0,0.0,2024-01-17
ecom_004745,0,0.0,0.0,88.0,15.82,1.0,0.0,2024-01-16
ecom_000864,1,0.0,2.0,80.0,0.0,1.0,0.0,2024-01-23
ecom_006203,0,0.0,2.0,15.0,0.0,0.0,0.0,2024-01-17
ecom_005508,0,0.0,2.0,1.0,0.0,0.0,0.0,2024-01-30
ecom_007429,1,0.0,2.0,1.0,144.58,0.0,0.0,2024-01-12
ecom_000371,0,0.0,0.0,18.0,32.99,0.0,0.0,2024-01-19
ecom_006296,1,0.0,2.0,6.0,0.0,0.0,0.0,2024-01-26
ecom_005551,1,0.0,2.0,25.0,79.85,0.0,0.0,2024-01-18
ecom_005723,0,0.0,1.0,9.0,0.0,0.0,0.0,2024-01-18
ecom_005899,0,0.0,0.0,134.0,0.0,1.0,0.0,2024-01-26
ecom_009287,1,0.0,2.0,32.0,10.03,0.0,0.0,2024-01-13
ecom_007871,0,0.0,2.0,74.0,56.34,1.0,0.0,2024-01-10
ecom_002364,0,0.0,0.0,1.0,0.0,0.0,0.0,2024-01-04
ecom_003213,0,0.0,0.0,20.0,0.0,0.0,0.0,2024-01-18
ecom_000911,0,0.0,0.0,77.0,12.84,1.0,0.0,2024-01-17
ecom_009047,1,0.0,2.0,78.0,17.61,1.0,0.0,2024-01-26
ecom_009790,0,0.0,2.0,42.0,18.54,1.0,0.0,2024-01-24
ecom_007289,0,0.0,2.0,95.0,0.0,1.0,0.0,2024-01-11
ecom_009958,1,1.0,0.0,22.0,68.09,0.0,0.0,2024-01-17
ecom_006536,0,0.0,0.0,213.0,0.0,1.0,0.0,2024-01-15
ecom_009192,1,0.0,1.0,47.0,7.95,1.0,0.0,2024-01-10
ecom_001423,1,0.0,2.0,60.0,12.42,0.0,0.0,2024-01-24
ecom_009807,1,0.0,0.0,66.0,0.0,1.0,0.0,2024-01-21
ecom_000479,0,0.0,2.0,152.0,28.41,1.0,0.0,2024-01-20
ecom_000662,0,0.0,1.0,94.0,26.94,0.0,0.0,2024-01-03
ecom_004476,1,0.0,2.0,63.0,74.16,1.0,0.0,2024-01-07
ecom_008982,1,0.0,2.0,82.0,23.27,1.0,0.0,2024-01-18
ecom_008077,1,0.0,0.0,7.0,24.14,0.0,0.0,2024-01-08
ecom_002988,0,0.0,2.0,73.0,41.82,1.0,0.0,2024-01-16
ecom_001119,1,0.0,2.0,30.0,0.0,0.0,0.0,2024-01-17
ecom_002776,1,0.0,2.0,114.0,13.28,1.0,0.0,2024-01-14
ecom_009835,0,0.0,2.0,121.0,43.39,1.0,0.0,2024-01-10
ecom_005003,0,0.0,2.0,17.0,76.82,0.0,0.0,2024-01-10
ecom_006649,1,1.0,0.0,65.0,15.6,1.0,0.0,2024-01-17
ecom_007254,0,0.0,2.0,22.0,13.89,0.0,0.0,2024-01-26
ecom_004427,1,0.0,2.0,57.0,60.18,1.0,0.0,2024-01-14
ecom_007431,0,0.0,0.0,38.0,11.16,1.0,0.0,2024-01-24
ecom_003981,0,0.0,2.0,54.0,0.0,1.0,0.0,2024-01-17
ecom_006351,0,0.0,0.0,90.0,0.0,0.0,0.0,2024-01-22
ecom_002893,1,0.0,2.0,213.0,46.08,1.0,0.0,2024-01-16
ecom_002669,1,0.0,0.0,37.0,0.0,1.0,0.0,2024-01-09
ecom_003977,1,0.0,0.0,117.0,47.74,1.0,0.0,2024-01-10
ecom_005259,0,0.0,1.0,20.0,59.24,0.0,1.0,2024-01-15
ecom_000279,1,0.0,1.0,51.0,0.0,1.0,0.0,2024-01-15
ecom_006730,0,0.0,0.0,104.0,22.46,1.0,0.0,2024-01-02
ecom_006104,0,0.0,0.0,1.0,0.0,0.0,0.0,2024-01-06
ecom_007020,0,0.0,0.0,45.0,0.0,1.0,0.0,2024-01-04
ecom_001694,0,0.0,2.0,103.0,16.68,1.0,0.0,2024-01-30
ecom_008912,1,0.0,2.0,88.0,63.83,0.0,0.0,2024-01-29
ecom_003479,0,0.0,0.0,106.0,0.0,1.0,1.0,2024-01-07
ecom_004416,0,0.0,2.0,34.0,34.45,1.0,0.0,2024-01-12
ecom_007592,1,0.0,0.0,6.0,7.45,0.0,0.0,2024-01-28
ecom_006282,0,0.0,1.0,49.0,35.2,1.0,0.0,2024-01-22
ecom_005603,1,0.0,2.0,65.0,111.72,1.0,0.0,2024-01-24
ecom_008619,0,0.0,2.0,166.0,17.06,1.0,0.0,2024-01-09
ecom_007780,1,0.0,0.0,88.0,0.0,1.0,0.0,2024-01-22
ecom_004296,1,0.0,2.0,102.0,0.0,1.0,0.0,2024-01-05
ecom_004593,0,0.0,1.0,50.0,26.26,1.0,0.0,2024-01-16
ecom_004844,1,0.0,0.0,13.0,35.17,0.0,0.0,2024-01-24
ecom_002209,0,0.0,2.0,11.0,46.08,0.0,0.0,2024-01-08
ecom_007605,1,0.0,0.0,68.0,34.81,1.0,1.0,2024-01-25
ecom_005501,1,0.0,2.0,53.0,68.36,1.0,0.0,2024-01-08
ecom_000184,0,1.0,0.0,130.0,96.66,1.0,0.0,2024-01-30
ecom_004800,1,0.0,0.0,42.0,0.0,1.0,0.0,2024-01-22
ecom_004845,1,0.0,1.0,21.0,41.12,0.0,0.0,2024-01-22
ecom_002350,0,0.0,0.0,20.0,37.8,0.0,0.0,2024-01-29
ecom_000553,0,0.0,2.0,11.0,37.59,0.0,0.0,2024-01-11
ecom_001397,1,0.0,2.0,39.0,0.0,1.0,0.0,2024-01-20
ecom_001384,0,0.0,1.0,28.0,0.0,0.0,0.0,2024-01-07
ecom_009182,1,0.0,1.0,7.0,39.4,0.0,0.0,2024-01-03
ecom_009817,1,0.0,0.0,1.0,98.24,0.0,0.0,2024-01-12
ecom_000297,0,0.0,0.0,24.0,82.76,0.0,1.0,2024-01-16
ecom_000443,0,1.0,1.0,3.0,136.55,0.0,0.0,2024-01-28
ecom_007338,1,0.0,1.0,63.0,0.0,1.0,0.0,2024-01-15
ecom_002077,0,0.0,1.0,14.0,19.56,0.0,0.0,2024-01-12
ecom_007815,1,0.0,1.0,53.0,11.46,1.0,0.0,2024-01-19
ecom_002229,1,0.0,0.0,23.0,73.28,0.0,0.0,2024-01-04
ecom_002842,1,1.0,1.0,3.0,0.0,0.0,0.0,2024-01-08
ecom_002537,1,0.0,2.0,16.0,13.24,0.0,0.0,2024-01-02
ecom_008145,1,0.0,0.0,29.0,0.0,0.0,0.0,2024-01-17
ecom_009536,0,0.0,2.0,31.0,44.42,1.0,0.0,2024-01-03
ecom_006443,0,0.0,0.0,164.0,21.79,1.0,0.0,2024-01-18
ecom_003367,1,0.0,2.0,108.0,32.86,1.0,0.0,2024-01-10
ecom_004486,0,0.0,0.0,15.0,9.91,0.0,0.0,2024-01-05
ecom_002578,1,1.0,0.0,12.0,17.92,0.0,0.0,2024-01-04
ecom_001131,1,0.0,2.0,61.0,0.0,1.0,0.0,2024-01-29
ecom_004818,0,0.0,0.0,14.0,0.0,0.0,0.0,2024-01-19
ecom_000320,1,0.0,2.0,99.0,132.42,1.0,0.0,2024-01-03
ecom_001371,1,0.0,2.0,10.0,0.0,0.0,0.0,2024-01-02
ecom_004042,0,0.0,2.0,6.0,33.4,0.0,0.0,2024-01-22
ecom_009125,0,0.0,0.0,54.0,22.24,1.0,0.0,2024-01-06
ecom_005145,1,0.0,2.0,10.0,9.95,0.0,0.0,2024-01-19
ecom_000907,1,0.0,2.0,14.0,19.97,1.0,0.0,2024-01-29
ecom_009426,0,0.0,0.0,37.0,0.0,1.0,0.0,2024-01-14
ecom_003950,0,0.0,0.0,5.0,27.16,0.0,0.0,2024-01-16
ecom_006145,1,0.0,2.0,29.0,25.1,0.0,0.0,2024-01-30
ecom_008886,1,0.0,2.0,78.0,40.37,1.0,0.0,2024-01-27
ecom_006695,1,0.0,2.0,71.0,0.0,1.0,0.0,2024-01-22
ecom_004977,0,0.0,2.0,23.0,0.0,0.0,0.0,2024-01-04
ecom_006092,0,0.0,2.0,66.0,0.0,1.0,0.0,2024-01-16
ecom_008408,1,0.0,2.0,138.0,23.49,1.0,0.0,2024-01-29
ecom_000926,0,0.0,0.0,63.0,78.14,1.0,0.0,2024-01-25
ecom_006143,0,0.0,1.0,4.0,24.85,0.0,0.0,2024-01-06
ecom_000015,0,0.0,2.0,118.0,0.0,1.0,0.0,2024-01-11
ecom_000143,0,0.0,0.0,15.0,51.59,0.0,0.0,2024-01-17
ecom_002363,0,0.0,2.0,20.0,0.0,1.0,0.0,2024-01-16
ecom_000129,0,0.0,1.0,32.0,101.67,1.0,1.0,2024-01-17
ecom_001161,0,0.0,0.0,22.0,31.74,0.0,0.0,2024-01-23
ecom_007551,0,0.0,2.0,21.0,24.31,0.0,0.0,2024-01-11
ecom_006129,1,0.0,0.0,12.0,0.0,0.0,0.0,2024-01-26
ecom_004665,1,0.0,0.0,209.0,0.0,1.0,0.0,2024-01-26
ecom_005660,0,0.0,1.0,53.0,332.7,1.0,0.0,2024-01-12
ecom_006460,0,0.0,0.0,33.0,18.57,1.0,0.0,2024-01-29
ecom_001876,0,0.0,0.0,122.0,12.73,1.0,0.0,2024-01-16
ecom_002488,1,0.0,0.0,20.0,30.19,0.0,0.0,2024-01-15
ecom_005327,1,1.0,1.0,29.0,29.46,0.0,1.0,2024-01-16
ecom_009361,1,0.0,2.0,61.0,48.84,1.0,0.0,2024-01-11
ecom_001182,1,0.0,1.0,228.0,53.46,1.0,0.0,2024-01-14
ecom_006135,1,0.0,2.0,180.0,12.46,1.0,0.0,2024-01-06
ecom_006377,0,0.0,2.0,2.0,0.0,0.0,0.0,2024-01-27
ecom_001170,0,0.0,1.0,17.0,20.72,0.0,1.0,2024-01-25
ecom_002182,0,0.0,0.0,9.0,65.35,0.0,0.0,2024-01-19
ecom_003371,0,0.0,0.0,33.0,49.97,1.0,0.0,2024-01-25
ecom_008040,1,0.0,1.0,31.0,89.54,0.0,0.0,2024-01-13
ecom_001859,0,0.0,1.0,97.0,10.26,1.0,0.0,2024-01-25
ecom_004860,1,0.0,1.0,43.0,60.0,1.0,0.0,2024-01-10
ecom_009255,1,0.0,0.0,36.0,32.69,1.0,1.0,2024-01-19
ecom_008345,0,0.0,2.0,1.0,33.42,0.0,0.0,2024-01-29
ecom_007347,0,1.0,0.0,40.0,158.87,1.0,0.0,2024-01-02
ecom_004864,1,0.0,1.0,6.0,39.23,0.0,0.0,2024-01-01
ecom_009886,0,0.0,2.0,29.0,6.78,1.0,0.0,2024-01-24
ecom_006388,1,0.0,1.0,183.0,28.02,1.0,0.0,2024-01-24
ecom_003121,0,0.0,2.0,100.0,0.0,1.0,0.0,2024-01-03
ecom_000387,1,0.0,2.0,58.0,49.29,1.0,0.0,2024-01-06
ecom_007785,0,0.0,2.0,97.0,29.75,1.0,0.0,2024-01-27
ecom_001032,0,1.0,0.0,277.0,0.0,1.0,0.0,2024-01-24
ecom_007852,0,0.0,2.0,53.0,0.0,1.0,1.0,2024-01-13
ecom_005418,0,0.0,2.0,103.0,93.21,1.0,1.0,2024-01-02
ecom_000931,0,0.0,2.0,1.0,18.68,0.0,0.0,2024-01-12
ecom_004019,0,0.0,2.0,79.0,0.0,1.0,0.0,2024-01-12
ecom_000691,1,0.0,2.0,101.0,115.37,0.0,0.0,2024-01-22
ecom_005298,1,0.0,2.0,8.0,134.34,0.0,0.0,2024-01-19
ecom_006658,0,0.0,2.0,18.0,0.0,0.0,0.0,2024-01-22
ecom_000829,1,0.0,0.0,22.0,0.0,0.0,0.0,2024-01-03
ecom_003498,0,0.0,1.0,74.0,29.31,1.0,1.0,2024-01-18
ecom_002081,0,0.0,0.0,34.0,56.96,1.0,0.0,2024-01-23
ecom_009440,0,0.0,0.0,12.0,0.0,0.0,0.0,2024-01-15
ecom_000044,0,0.0,0.0,165.0,0.0,1.0,1.0,2024-01-01
ecom_003939,0,0.0,0.0,82.0,18.92,1.0,0.0,2024-01-19
ecom_005257,0,0.0,1.0,3.0,13.55,0.0,0.0,2024-01-25
ecom_008437,0,0.0,1.0,28.0,86.85,0.0,1.0,2024-01-04
ecom_004319,0,0.0,1.0,143.0,28.0,1.0,1.0,2024-01-26
ecom_002965,0,0.0,2.0,26.0,78.51,0.0,0.0,2024-01-20
ecom_003969,1,0.0,2.0,86.0,30.4,1.0,1.0,2024-01-28
ecom_001187,0,0.0,2.0,5.0,21.08,0.0,0.0,2024-01-22
ecom_000284,1,0.0,2.0,8.0,0.0,0.0,1.0,2024-01-15
ecom_008873,1,0.0,2.0,1.0,26.43,0.0,0.0,2024-01-07
ecom_004159,0,0.0,2.0,83.0,61.6,1.0,0.0,2024-01-30
ecom_003092,0,0.0,0.0,7.0,29.5,0.0,0.0,2024-01-01
ecom_004556,1,0.0,2.0,29.0,62.24,0.0,0.0,2024-01-17
ecom_004584,0,0.0,1.0,66.0,51.42,1.0,0.0,2024-01-06
ecom_004323,1,0.0,1.0,41.0,56.56,1.0,0.0,2024-01-28
ecom_005504,1,0.0,0.0,25.0,0.0,0.0,0.0,2024-01-24
ecom_007074,0,0.0,2.0,34.0,0.0,1.0,0.0,2024-01-21
ecom_003364,1,0.0,1.0,54.0,33.99,1.0,0.0,2024-01-27
ecom_008025,1,0.0,2.0,4.0,0.0,0.0,0.0,2024-01-29
ecom_003195,1,0.0,0.0,128.0,35.86,1.0,0.0,2024-01-22
ecom_008810,1,0.0,1.0,34.0,0.0,1.0,0.0,2024-01-04
ecom_000969,0,0.0,0.0,26.0,35.16,0.0,0.0,2024-01-05
ecom_003734,1,0.0,0.0,29.0,50.79,0.0,0.0,2024-01-22
ecom_000925,1,0.0,2.0,41.0,50.92,1.0,0.0,2024-01-02
ecom_009496,0,0.0,0.0,17.0,49.21,0.0,0.0,2024-01-29
ecom_006451,1,0.0,1.0,97.0,45.55,1.0,0.0,2024-01-11
ecom_008797,1,0.0,0.0,4.0,12.11,0.0,0.0,2024-01-24
ecom_002851,0,0.0,0.0,13.0,37.55,0.0,0.0,2024-01-17
ecom_005180,1,0.0,2.0,38.0,0.0,1.0,0.0,2024-01-08
ecom_006723,1,0.0,0.0,35.0,26.4,1.0,0.0,2024-01-25
ecom_009322,1,1.0,0.0,8.0,26.11,0.0,0.0,2024-01-01
ecom_007810,0,0.0,2.0,7.0,0.0,0.0,0.0,2024-01-26
ecom_004471,1,0.0,2.0,10.0,81.09,0.0,0.0,2024-01-22
ecom_005168,0,1.0,2.0,25.0,57.24,1.0,0.0,2024-01-04
ecom_004348,0,0.0,2.0,16.0,39.76,0.0,0.0,2024-01-25
ecom_007903,1,0.0,0.0,111.0,12.65,1.0,0.0,2024-01-25
ecom_003626,0,0.0,0.0,78.0,99.46,0.0,0.0,2024-01-13
ecom_001789,1,0.0,0.0,10.0,0.0,0.0,0.0,2024-01-25
ecom_008293,1,0.0,0.0,98.0,47.84,1.0,0.0,2024-01-19
ecom_002059,1,0.0,2.0,15.0,14.96,0.0,0.0,2024-01-20
ecom_004013,1,0.0,2.0,11.0,0.0,1.0,0.0,2024-01-11
ecom_001902,0,0.0,2.0,6.0,12.46,0.0,0.0,2024-01-15
ecom_005573,0,0.0,1.0,49.0,3.36,1.0,0.0,2024-01-20
ecom_006925,0,0.0,1.0,120.0,34.95,1.0,0.0,2024-01-14
ecom_000075,0,0.0,2.0,34.0,0.0,1.0,1.0,2024-01-04
ecom_002345,1,0.0,1.0,19.0,41.73,0.0,0.0,2024-01-04
ecom_005484,1,0.0,2.0,28.0,65.27,0.0,0.0,2024-01-06
ecom_000430,0,1.0,2.0,104.0,0.0,1.0,0.0,2024-01-06
ecom_004586,1,0.0,0.0,8.0,30.83,0.0,0.0,2024-01-26
ecom_008099,1,1.0,2.0,114.0,55.56,1.0,0.0,2024-01-03
ecom_008457,1,0.0,1.0,41.0,28.49,1.0,0.0,2024-01-04
ecom_008156,1,0.0,2.0,17.0,0.0,0.0,0.0,2024-01-20
ecom_007893,0,0.0,2.0,46.0,26.14,1.0,0.0,2024-01-12
ecom_001553,1,0.0,2.0,176.0,0.0,1.0,0.0,2024-01-24
ecom_000240,1,0.0,2.0,63.0,82.87,1.0,0.0,2024-01-15
ecom_000783,0,0.0,1.0,88.0,34.16,1.0,0.0,2024-01-24
ecom_003066,1,0.0,0.0,58.0,89.72,1.0,0.0,2024-01-06
ecom_000977,0,0.0,0.0,9.0,36.89,0.0,0.0,2024-01-21
ecom_002941,0,0.0,2.0,177.0,37.2,1.0,0.0,2024-01-30
ecom_005377,0,0.0,2.0,51.0,34.41,1.0,0.0,2024-01-30
ecom_004730,0,0.0,1.0,24.0,0.0,0.0,0.0,2024-01-02
ecom_001620,1,0.0,0.0,138.0,0.0,1.0,0.0,2024-01-09
ecom_002146,0,0.0,0.0,94.0,59.73,1.0,0.0,2024-01-17
ecom_001801,0,0.0,0.0,72.0,0.0,0.0,0.0,2024-01-23
ecom_002095,1,0.0,2.0,69.0,0.0,1.0,0.0,2024-01-30
ecom_006074,0,0.0,2.0,32.0,84.76,1.0,0.0,2024-01-04
ecom_005245,1,0.0,1.0,122.0,12.77,1.0,0.0,2024-01-22
ecom_001357,1,1.0,0.0,8.0,33.49,0.0,1.0,2024-01-17
ecom_008063,0,0.0,2.0,62.0,55.43,1.0,0.0,2024-01-12
ecom_006050,0,0.0,0.0,7.0,72.85,0.0,0.0,2024-01-09
ecom_008368,1,0.0,0.0,43.0,481.09,1.0,0.0,2024-01-17
ecom_006017,1,0.0,1.0,196.0,0.0,1.0,0.0,2024-01-27
ecom_009931,1,0.0,1.0,42.0,35.95,1.0,0.0,2024-01-06
ecom_008769,0,0.0,1.0,60.0,68.89,1.0,0.0,2024-01-25
ecom_007503,0,0.0,0.0,1.0,40.8,0.0,0.0,2024-01-04
ecom_001609,1,0.0,2.0,75.0,20.51,1.0,0.0,2024-01-22
ecom_003096,0,0.0,0.0,93.0,23.89,0.0,0.0,2024-01-28
ecom_009771,1,0.0,1.0,11.0,47.92,0.0,0.0,2024-01-18
ecom_002415,1,0.0,2.0,129.0,0.0,1.0,1.0,2024-01-26
ecom_002017,0,0.0,2.0,93.0,0.0,1.0,0.0,2024-01-15
ecom_006018,0,0.0,0.0,23.0,0.0,0.0,0.0,2024-01-02
ecom_004125,1,0.0,2.0,141.0,27.84,1.0,0.0,2024-01-10
ecom_009802,1,0.0,0.0,3.0,36.76,0.0,0.0,2024-01-25
ecom_003246,1,1.0,2.0,120.0,31.34,1.0,0.0,2024-01-17
ecom_000124,0,0.0,0.0,152.0,15.5,1.0,0.0,2024-01-14
ecom_006425,1,1.0,0.0,32.0,12.87,1.0,0.0,2024-01-08
ecom_005308,1,0.0,2.0,25.0,7.43,0.0,0.0,2024-01-10
ecom_007463,1,0.0,0.0,45.0,0.0,1.0,1.0,2024-01-25
ecom_009157,1,0.0,2.0,12.0,36.99,0.0,0.0,2024-01-23
ecom_003341,0,0.0,1.0,90.0,13.86,1.0,0.0,2024-01-08
ecom_000598,0,0.0,2.0,20.0,33.25,0.0,0.0,2024-01-04
ecom_002123,1,0.0,2.0,8.0,92.9,0.0,0.0,2024-01-11
ecom_009498,1,0.0,1.0,1.0,0.0,0.0,0.0,2024-01-11
ecom_007685,0,0.0,2.0,35.0,4.3,0.0,0.0,2024-01-02
ecom_007049,0,0.0,0.0,6.0,8.82,1.0,1.0,2024-01-15
ecom_009661,1,0.0,2.0,69.0,55.2,1.0,0.0,2024-01-29
ecom_002197,0,0.0,2.0,72.0,18.54,1.0,0.0,2024-01-09
ecom_004051,0,0.0,0.0,7.0,4.76,0.0,0.0,2024-01-08
ecom_006054,0,0.0,0.0,12.0,34.71,0.0,0.0,2024-01-14
ecom_003362,0,0.0,2.0,4.0,55.58,0.0,0.0,2024-01-15
ecom_006851,1,0.0,2.0,139.0,0.0,1.0,0.0,2024-01-29
ecom_000725,1,0.0,2.0,103.0,0.0,1.0,0.0,2024-01-18
ecom_004934,0,0.0,0.0,22.0,76.3,0.0,0.0,2024-01-18
ecom_000978,1,0.0,0.0,15.0,12.1,0.0,0.0,2024-01-29
ecom_000808,0,0.0,2.0,4.0,34.95,0.0,0.0,2024-01-04
ecom_009603,0,0.0,0.0,40.0,12.92,1.0,0.0,2024-01-19
ecom_001475,1,0.0,1.0,1.0,92.56,0.0,0.0,2024-01-06
ecom_005935,0,0.0,1.0,56.0,22.55,1.0,0.0,2024-01-16
ecom_009036,0,0.0,2.0,14.0,55.13,0.0,0.0,2024-01-27
ecom_007335,0,0.0,0.0,54.0,26.85,1.0,0.0,2024-01-03
ecom_003962,0,0.0,0.0,131.0,18.25,1.0,0.0,2024-01-18
ecom_006422,0,0.0,0.0,10.0,44.47,0.0,0.0,2024-01-29
ecom_004905,0,0.0,2.0,15.0,0.0,0.0,0.0,2024-01-06
ecom_001235,0,0.0,0.0,20.0,18.98,0.0,0.0,2024-01-10
ecom_001225,0,0.0,1.0,22.0,0.0,0.0,0.0,2024-01-01
ecom_008049,1,0.0,2.0,17.0,0.0,0.0,0.0,2024-01-10
ecom_009278,0,0.0,0.0,105.0,0.0,1.0,0.0,2024-01-22
ecom_008671,0,0.0,1.0,16.0,210.33,0.0,0.0,2024-01-20
ecom_005229,0,0.0,0.0,49.0,34.63,1.0,0.0,2024-01-22
ecom_006950,1,0.0,0.0,26.0,23.92,0.0,0.0,2024-01-14
ecom_003217,0,0.0,2.0,177.0,38.37,1.0,0.0,2024-01-19
ecom_000287,0,0.0,2.0,49.0,73.9,1.0,0.0,2024-01-09
ecom_005023,1,1.0,0.0,19.0,0.0,0.0,0.0,2024-01-19
ecom_002966,1,0.0,2.0,6.0,121.49,0.0,0.0,2024-01-14
ecom_003164,0,0.0,0.0,17.0,0.0,0.0,0.0,2024-01-20
ecom_006003,0,0.0,2.0,12.0,56.96,0.0,0.0,2024-01-11
ecom_008887,1,0.0,0.0,85.0,27.48,1.0,0.0,2024-01-17
ecom_001657,1,0.0,2.0,71.0,6.48,1.0,0.0,2024-01-17
ecom_001975,0,0.0,2.0,22.0,0.0,1.0,0.0,2024-01-11
ecom_002397,1,0.0,1.0,1.0,29.37,0.0,0.0,2024-01-10
ecom_000452,1,0.0,0.0,172.0,41.15,0.0,0.0,2024-01-10
ecom_008030,0,0.0,2.0,117.0,58.69,1.0,0.0,2024-01-23
ecom_004696,0,0.0,2.0,189.0,0.0,1.0,0.0,2024-01-10
ecom_003681,0,0.0,1.0,63.0,44.12,1.0,0.0,2024-01-08
ecom_000422,1,0.0,2.0,45.0,0.0,1.0,0.0,2024-01-26
ecom_009725,0,0.0,0.0,16.0,21.33,0.0,0.0,2024-01-12
ecom_000657,0,0.0,2.0,19.0,0.0,0.0,0.0,2024-01-21
ecom_003301,1,0.0,0.0,46.0,0.0,1.0,0.0,2024-01-22
ecom_006394,0,0.0,0.0,33.0,35.76,1.0,0.0,2024-01-23
ecom_002845,0,0.0,0.0,4.0,0.0,0.0,0.0,2024-01-12
ecom_008291,1,0.0,1.0,25.0,10.72,0.0,0.0,2024-01-10
ecom_007497,0,0.0,2.0,41.0,0.0,1.0,0.0,2024-01-09
ecom_001001,0,0.0,0.0,10.0,64.58,0.0,0.0,2024-01-27
ecom_004198,0,0.0,2.0,103.0,111.82,1.0,0.0,2024-01-27
ecom_002418,1,0.0,2.0,125.0,67.36,1.0,0.0,2024-01-13
ecom_007482,0,0.0,0.0,57.0,29.43,1.0,0.0,2024-01-29
ecom_005706,1,0.0,0.0,55.0,0.0,1.0,0.0,2024-01-16
ecom_003847,1,0.0,0.0,17.0,23.48,0.0,1.0,2024-01-05
ecom_000961,0,0.0,1.0,45.0,111.14,1.0,0.0,2024-01-23
ecom_001580,0,0.0,2.0,149.0,75.74,1.0,0.0,2024-01-08
ecom_005007,1,0.0,0.0,15.0,27.28,0.0,0.0,2024-01-15
ecom_002206,1,0.0,1.0,85.0,25.47,1.0,0.0,2024-01-18
ecom_006312,1,0.0,0.0,59.0,135.24,0.0,0.0,2024-01-16
ecom_009562,1,0.0,0.0,17.0,32.42,0.0,0.0,2024-01-08
ecom_004231,1,0.0,0.0,1.0,80.93,0.0,0.0,2024-01-25
ecom_000757,0,0.0,2.0,179.0,0.0,1.0,0.0,2024-01-23
ecom_002284,1,0.0,2.0,30.0,9.15,0.0,0.0,2024-01-04
ecom_006663,0,0.0,0.0,23.0,40.55,0.0,0.0,2024-01-27
ecom_004755,1,0.0,2.0,84.0,84.27,1.0,0.0,2024-01-17
ecom_008211,1,0.0,2.0,5.0,198.08,0.0,0.0,2024-01-28
ecom_000807,1,0.0,2.0,10.0,39.36,0.0,0.0,2024-01-25
ecom_006575,1,0.0,0.0,1.0,4.42,1.0,0.0,2024-01-01
ecom_007719,0,0.0,2.0,134.0,75.32,1.0,0.0,2024-01-30
ecom_001956,1,0.0,0.0,103.0,2.67,1.0,0.0,2024-01-10
ecom_002445,0,0.0,1.0,1.0,104.94,0.0,1.0,2024-01-08
ecom_005875,1,0.0,2.0,57.0,20.31,1.0,0.0,2024-01-23
ecom_008163,1,0.0,1.0,19.0,0.0,0.0,0.0,2024-01-23
ecom_006138,0,0.0,2.0,36.0,0.0,1.0,0.0,2024-01-25
ecom_002402,0,0.0,0.0,27.0,115.36,0.0,0.0,2024-01-01
ecom_001073,1,0.0,2.0,60.0,16.03,1.0,0.0,2024-01-10
ecom_006557,0,0.0,1.0,37.0,59.62,1.0,0.0,2024-01-24
ecom_004240,1,0.0,2.0,2.0,0.0,0.0,0.0,2024-01-29
ecom_008509,1,0.0,2.0,77.0,0.0,1.0,0.0,2024-01-23
ecom_002091,1,0.0,2.0,99.0,20.7,1.0,0.0,2024-01-06
ecom_004527,1,0.0,1.0,32.0,60.64,1.0,0.0,2024-01-29
ecom_007202,0,0.0,0.0,63.0,0.0,1.0,0.0,2024-01-27
ecom_006795,0,0.0,0.0,24.0,48.56,0.0,0.0,2024-01-03
ecom_007237,0,0.0,0.0,69.0,27.02,1.0,0.0,2024-01-04
ecom_007422,0,0.0,0.0,6.0,38.44,0.0,0.0,2024-01-11
ecom_006849,0,0.0,2.0,32.0,137.11,1.0,0.0,2024-01-20
ecom_006836,1,0.0,2.0,42.0,11.3,1.0,0.0,2024-01-19
ecom_001003,1,0.0,1.0,11.0,10.68,0.0,0.0,2024-01-02
ecom_009099,1,0.0,0.0,30.0,23.11,0.0,0.0,2024-01-26
ecom_006562,0,0.0,0.0,43.0,15.75,1.0,0.0,2024-01-05
ecom_005614,1,0.0,2.0,30.0,28.45,0.0,0.0,2024-01-18
ecom_004651,1,0.0,2.0,21.0,16.61,0.0,0.0,2024-01-20
ecom_005313,1,0.0,0.0,202.0,26.24,1.0,0.0,2024-01-10
ecom_001485,1,0.0,0.0,27.0,4.69,0.0,0.0,2024-01-09
ecom_007607,0,0.0,0.0,12.0,4.96,0.0,1.0,2024-01-23
ecom_001411,0,0.0,2.0,121.0,0.0,1.0,0.0,2024-01-09
ecom_009303,1,0.0,0.0,37.0,70.42,1.0,0.0,2024-01-17
ecom_000709,1,0.0,0.0,87.0,60.06,1.0,0.0,2024-01-27
ecom_009806,0,0.0,0.0,40.0,19.68,1.0,0.0,2024-01-04
ecom_008042,1,0.0,0.0,69.0,0.0,1.0,0.0,2024-01-14
ecom_007211,0,0.0,2.0,55.0,47.95,0.0,0.0,2024-01-01
ecom_003076,1,1.0,1.0,85.0,0.0,1.0,0.0,2024-01-11
ecom_008314,1,0.0,1.0,14.0,0.0,0.0,0.0,2024-01-02
ecom_004101,0,0.0,1.0,31.0,46.48,0.0,0.0,2024-01-20
ecom_005114,0,0.0,2.0,35.0,42.47,1.0,0.0,2024-01-19
ecom_002722,1,0.0,2.0,27.0,0.0,0.0,0.0,2024-01-04
ecom_009359,1,1.0,0.0,207.0,26.3,1.0,0.0,2024-01-17
ecom_001268,0,0.0,2.0,103.0,24.55,1.0,0.0,2024-01-23
ecom_002462,1,0.0,2.0,36.0,49.57,1.0,1.0,2024-01-23
ecom_005464,1,0.0,2.0,13.0,22.14,0.0,0.0,2024-01-26
ecom_000268,1,0.0,2.0,59.0,0.0,1.0,0.0,2024-01-19
ecom_003580,1,0.0,2.0,50.0,32.12,1.0,0.0,2024-01-01
ecom_005349,1,0.0,2.0,149.0,32.16,1.0,0.0,2024-01-28
ecom_007290,0,0.0,2.0,31.0,0.0,1.0,0.0,2024-01-19
ecom_005157,0,0.0,2.0,24.0,32.52,0.0,0.0,2024-01-20
ecom_006601,0,0.0,0.0,59.0,15.41,1.0,0.0,2024-01-11
ecom_002821,0,0.0,0.0,16.0,20.82,0.0,0.0,2024-01-17
ecom_005807,1,1.0,0.0,13.0,10.96,0.0,0.0,2024-01-02
ecom_000589,0,1.0,0.0,94.0,0.0,1.0,0.0,2024-01-07
ecom_005955,0,0.0,2.0,43.0,0.0,1.0,1.0,2024-01-16
ecom_005254,1,0.0,0.0,63.0,48.33,1.0,0.0,2024-01-24
ecom_006661,0,0.0,2.0,111.0,7.71,1.0,0.0,2024-01-19
ecom_007656,1,0.0,1.0,21.0,52.56,0.0,0.0,2024-01-18
ecom_008725,0,1.0,0.0,26.0,0.0,0.0,0.0,2024-01-17
ecom_006896,0,0.0,2.0,107.0,20.53,1.0,0.0,2024-01-21
ecom_007594,1,0.0,2.0,204.0,69.74,1.0,0.0,2024-01-20
ecom_002028,0,0.0,2.0,32.0,0.0,1.0,0.0,2024-01-29
ecom_006818,0,0.0,1.0,43.0,37.94,1.0,0.0,2024-01-27
ecom_000677,1,1.0,0.0,27.0,0.0,0.0,0.0,2024-01-19
ecom_005763,1,0.0,0.0,131.0,27.45,1.0,0.0,2024-01-08
ecom_001232,1,0.0,0.0,1.0,0.0,0.0,0.0,2024-01-27
ecom_005296,1,0.0,2.0,18.0,66.58,0.0,0.0,2024-01-05
ecom_007103,0,0.0,2.0,238.0,66.3,0.0,0.0,2024-01-27
ecom_005034,0,0.0,0.0,47.0,27.24,1.0,0.0,2024-01-30
ecom_005452,1,0.0,2.0,11.0,53.58,1.0,0.0,2024-01-04
ecom_002432,1,0.0,0.0,76.0,0.0,1.0,0.0,2024-01-26
ecom_006319,0,0.0,0.0,29.0,15.7,0.0,0.0,2024-01-26
ecom_006119,1,0.0,2.0,110.0,0.0,1.0,1.0,2024-01-08
ecom_009158,1,0.0,1.0,46.0,0.0,1.0,0.0,2024-01-19
ecom_009953,0,0.0,0.0,4.0,0.0,0.0,1.0,2024-01-24
ecom_000896,1,0.0,2.0,174.0,11.48,1.0,0.0,2024-01-18
ecom_001611,1,0.0,2.0,48.0,0.0,1.0,0.0,2024-01-15
ecom_006474,1,0.0,1.0,6.0,0.0,1.0,0.0,2024-01-09
ecom_007661,1,0.0,2.0,40.0,54.03,1.0,0.0,2024-01-29
ecom_007460,1,1.0,0.0,43.0,0.0,1.0,0.0,2024-01-25
ecom_003806,0,0.0,2.0,36.0,16.38,1.0,0.0,2024-01-21
ecom_008273,1,0.0,2.0,74.0,24.57,1.0,0.0,2024-01-05
ecom_009451,0,0.0,1.0,15.0,20.72,0.0,0.0,2024-01-22
ecom_004701,1,1.0,0.0,80.0,55.19,1.0,0.0,2024-01-20
ecom_003961,1,0.0,2.0,224.0,30.46,0.0,0.0,2024-01-05
ecom_005417,0,0.0,2.0,79.0,18.66,1.0,0.0,2024-01-09
ecom_000890,0,0.0,1.0,17.0,49.85,0.0,0.0,2024-01-03
ecom_004999,0,0.0,2.0,6.0,194.97,1.0,0.0,2024-01-29
ecom_007506,1,0.0,2.0,97.0,27.33,1.0,1.0,2024-01-11
ecom_007881,1,0.0,2.0,32.0,44.25,1.0,0.0,2024-01-25
ecom_005095,0,0.0,2.0,16.0,0.0,0.0,0.0,2024-01-17
ecom_006932,0,0.0,0.0,8.0,46.52,1.0,1.0,2024-01-04
ecom_009617,1,0.0,2.0,242.0,21.28,1.0,0.0,2024-01-09
ecom_002799,1,0.0,2.0,33.0,45.33,1.0,0.0,2024-01-30
ecom_000584,1,0.0,1.0,279.0,11.44,1.0,0.0,2024-01-23
ecom_003268,0,0.0,1.0,24.0,0.0,0.0,0.0,2024-01-03
ecom_003932,0,0.0,2.0,65.0,0.0,1.0,0.0,2024-01-11
ecom_001260,0,0.0,2.0,14.0,98.35,0.0,1.0,2024-01-19
ecom_006205,0,0.0,0.0,14.0,53.4,0.0,0.0,2024-01-07
ecom_000310,1,0.0,0.0,42.0,0.0,1.0,0.0,2024-01-14
ecom_007789,1,1.0,1.0,64.0,41.48,1.0,1.0,2024-01-03
ecom_006458,0,1.0,0.0,93.0,0.0,1.0,1.0,2024-01-06
ecom_006206,1,0.0,2.0,2.0,232.2,0.0,0.0,2024-01-25
ecom_005882,0,0.0,2.0,48.0,12.49,0.0,0.0,2024-01-30
ecom_004668,1,0.0,2.0,62.0,21.98,1.0,0.0,2024-01-11
ecom_004298,1,0.0,2.0,19.0,0.0,0.0,0.0,2024-01-02
ecom_003783,1,0.0,0.0,15.0,0.0,0.0,0.0,2024-01-11
ecom_001008,0,0.0,2.0,123.0,17.12,1.0,0.0,2024-01-16
ecom_008354,0,0.0,2.0,71.0,16.35,1.0,0.0,2024-01-29
ecom_002185,0,0.0,1.0,6.0,24.65,0.0,0.0,2024-01-04
ecom_003623,1,0.0,2.0,150.0,0.0,1.0,0.0,2024-01-28
ecom_007039,1,0.0,0.0,4.0,215.51,0.0,0.0,2024-01-30
ecom_004922,0,0.0,0.0,5.0,23.23,0.0,1.0,2024-01-11
ecom_009673,0,0.0,1.0,162.0,24.1,1.0,1.0,2024-01-24
ecom_007950,1,0.0,0.0,49.0,18.04,1.0,0.0,2024-01-26
ecom_006125,1,1.0,0.0,14.0,14.7,0.0,0.0,2024-01-08
ecom_004756,0,0.0,0.0,10.0,14.84,0.0,0.0,2024-01-01
ecom_005074,1,0.0,0.0,47.0,37.91,1.0,0.0,2024-01-12
ecom_000090,1,0.0,2.0,23.0,29.15,0.0,0.0,2024-01-22
ecom_005974,0,0.0,1.0,8.0,0.0,0.0,0.0,2024-01-21
ecom_006418,1,0.0,0.0,68.0,0.0,1.0,0.0,2024-01-06
ecom_008640,1,0.0,2.0,92.0,0.0,1.0,0.0,2024-01-09
ecom_008690,0,1.0,0.0,36.0,49.85,1.0,0.0,2024-01-27
ecom_002117,1,0.0,0.0,42.0,125.72,1.0,0.0,2024-01-04
ecom_002937,0,0.0,0.0,52.0,0.0,1.0,0.0,2024-01-28
ecom_006842,1,1.0,2.0,107.0,17.69,1.0,0.0,2024-01-26
ecom_000983,0,0.0,0.0,4.0,75.81,0.0,0.0,2024-01-27
ecom_007260,1,1.0,0.0,95.0,0.0,1.0,0.0,2024-01-18
ecom_009985,0,0.0,0.0,55.0,0.0,1.0,0.0,2024-01-21
ecom_002925,1,0.0,2.0,20.0,17.75,0.0,0.0,2024-01-25
ecom_006061,1,0.0,2.0,6.0,0.0,0.0,0.0,2024-01-08
ecom_003214,0,0.0,0.0,21.0,16.45,0.0,0.0,2024-01-29
ecom_006447,0,1.0,0.0,5.0,61.22,0.0,0.0,2024-01-28
ecom_006779,1,0.0,1.0,126.0,19.33,1.0,0.0,2024-01-08
ecom_007038,1,0.0,2.0,89.0,123.62,1.0,0.0,2024-01-11
ecom_005663,0,0.0,0.0,56.0,31.55,1.0,0.0,2024-01-26
ecom_000627,0,0.0,2.0,10.0,7.92,0.0,0.0,2024-01-05
ecom_008008,0,0.0,2.0,81.0,58.74,1.0,0.0,2024-01-24
ecom_005125,1,0.0,2.0,7.0,8.96,1.0,0.0,2024-01-04
ecom_004765,1,1.0,0.0,4.0,25.18,0.0,0.0,2024-01-25
ecom_008143,0,0.0,0.0,24.0,4.29,0.0,1.0,2024-01-13
ecom_009594,1,0.0,0.0,141.0,40.66,1.0,0.0,2024-01-30
ecom_001269,0,0.0,0.0,75.0,31.99,1.0,0.0,2024-01-30
ecom_000128,1,0.0,1.0,4.0,24.14,0.0,0.0,2024-01-30
ecom_006112,0,0.0,2.0,25.0,36.89,0.0,0.0,2024-01-18
ecom_001711,0,0.0,1.0,75.0,19.91,1.0,0.0,2024-01-26
ecom_007862,1,0.0,0.0,16.0,0.0,0.0,0.0,2024-01-03
ecom_004235,0,0.0,0.0,83.0,0.0,1.0,0.0,2024-01-25
ecom_005192,0,0.0,2.0,192.0,43.11,1.0,0.0,2024-01-24
ecom_002398,1,0.0,2.0,37.0,0.0,1.0,0.0,2024-01-13
ecom_005434,1,0.0,0.0,46.0,0.0,1.0,0.0,2024-01-24
ecom_006057,1,0.0,0.0,21.0,0.0,0.0,0.0,2024-01-10
ecom_009318,1,0.0,2.0,21.0,27.27,0.0,0.0,2024-01-28
ecom_001186,1,0.0,2.0,34.0,10.73,1.0,0.0,2024-01-17
ecom_006013,0,0.0,1.0,21.0,41.48,0.0,0.0,2024-01-15
ecom_009793,1,0.0,0.0,5.0,7.83,0.0,1.0,2024-01-06
ecom_006014,1,0.0,1.0,10.0,0.0,1.0,0.0,2024-01-01
ecom_001977,0,0.0,2.0,156.0,0.0,1.0,0.0,2024-01-04
ecom_009887,1,0.0,0.0,8.0,0.0,0.0,0.0,2024-01-30
ecom_004247,0,1.0,1.0,54.0,31.4,1.0,0.0,2024-01-01
ecom_007672,0,0.0,0.0,21.0,0.0,0.0,1.0,2024-01-21
ecom_000915,0,0.0,0.0,24.0,29.59,0.0,0.0,2024-01-13
ecom_001305,1,0.0,2.0,65.0,0.0,1.0,0.0,2024-01-09
ecom_005455,1,0.0,2.0,5.0,174.37,0.0,0.0,2024-01-23
ecom_003049,0,0.0,0.0,36.0,30.93,1.0,0.0,2024-01-13
ecom_009521,0,0.0,0.0,84.0,101.6,1.0,0.0,2024-01-28
ecom_001273,0,0.0,1.0,34.0,48.5,1.0,0.0,2024-01-23
ecom_008055,0,0.0,0.0,1.0,14.25,0.0,0.0,2024-01-03
ecom_002796,0,0.0,2.0,29.0,22.11,0.0,0.0,2024-01-11
ecom_001398,1,0.0,1.0,15.0,61.99,0.0,0.0,2024-01-07
ecom_003358,1,0.0,0.0,67.0,19.42,1.0,0.0,2024-01-30
ecom_000183,1,0.0,2.0,70.0,43.55,1.0,0.0,2024-01-29
ecom_006867,1,0.0,2.0,34.0,44.69,1.0,1.0,2024-01-19
ecom_005695,0,0.0,1.0,48.0,38.68,0.0,0.0,2024-01-27
ecom_008835,1,0.0,0.0,63.0,45.46,1.0,0.0,2024-01-15
ecom_009626,0,0.0,0.0,137.0,0.0,1.0,0.0,2024-01-27
ecom_006170,1,0.0,1.0,3.0,27.21,1.0,0.0,2024-01-22
ecom_006987,0,0.0,2.0,1.0,32.65,0.0,0.0,2024-01-04
ecom_004567,1,0.0,1.0,166.0,36.99,0.0,0.0,2024-01-03
ecom_008955,1,0.0,0.0,110.0,32.28,1.0,0.0,2024-01-09
ecom_002656,1,0.0,1.0,55.0,12.75,1.0,0.0,2024-01-05
ecom_008309,0,0.0,0.0,36.0,48.29,1.0,0.0,2024-01-06
ecom_006857,1,1.0,0.0,168.0,28.67,1.0,0.0,2024-01-11
ecom_001961,1,0.0,2.0,5.0,20.69,0.0,0.0,2024-01-04
ecom_006383,1,0.0,2.0,67.0,72.48,1.0,0.0,2024-01-23
ecom_008853,0,0.0,2.0,409.0,61.72,1.0,0.0,2024-01-03
ecom_009973,0,0.0,0.0,30.0,56.67,0.0,0.0,2024-01-05
ecom_001251,0,0.0,0.0,67.0,9.54,1.0,0.0,2024-01-19
ecom_003176,1,0.0,2.0,97.0,30.08,1.0,1.0,2024-01-03
ecom_007760,0,0.0,0.0,66.0,24.65,1.0,0.0,2024-01-17
ecom_005013,1,0.0,0.0,6.0,0.0,0.0,0.0,2024-01-15
ecom_009705,1,0.0,1.0,132.0,13.07,1.0,0.0,2024-01-12
ecom_006539,1,0.0,1.0,53.0,43.31,1.0,0.0,2024-01-05
ecom_003289,0,0.0,0.0,29.0,31.2,0.0,0.0,2024-01-14
ecom_006448,0,0.0,2.0,58.0,17.68,0.0,0.0,2024-01-18
ecom_008726,1,0.0,2.0,87.0,0.0,1.0,0.0,2024-01-10
ecom_007611,1,0.0,2.0,88.0,0.0,1.0,0.0,2024-01-01
ecom_006275,0,0.0,0.0,21.0,78.76,1.0,0.0,2024-01-07
ecom_006887,1,0.0,2.0,38.0,0.0,1.0,0.0,2024-01-07
ecom_001051,1,0.0,0.0,17.0,18.02,0.0,0.0,2024-01-23
ecom_004069,1,0.0,1.0,52.0,140.92,1.0,1.0,2024-01-11
ecom_006022,1,0.0,0.0,132.0,91.73,1.0,0.0,2024-01-01
ecom_005552,1,0.0,2.0,180.0,0.0,1.0,0.0,2024-01-26
ecom_000272,1,1.0,2.0,16.0,61.26,0.0,0.0,2024-01-05
ecom_002042,0,0.0,0.0,10.0,0.0,0.0,0.0,2024-01-11
ecom_004763,1,0.0,2.0,76.0,0.0,1.0,0.0,2024-01-25
ecom_008997,1,0.0,0.0,197.0,0.0,1.0,0.0,2024-01-11
ecom_005204,0,1.0,2.0,33.0,0.0,1.0,1.0,2024-01-15
ecom_009509,0,0.0,0.0,232.0,17.19,1.0,0.0,2024-01-04
ecom_001086,0,0.0,0.0,46.0,0.0,1.0,0.0,2024-01-23
ecom_008373,0,0.0,2.0,42.0,114.88,1.0,0.0,2024-01-04
ecom_007732,0,0.0,0.0,193.0,0.0,1.0,0.0,2024-01-25
ecom_007515,1,0.0,2.0,81.0,0.0,1.0,0.0,2024-01-10
ecom_006678,0,0.0,0.0,1.0,25.03,1.0,0.0,2024-01-03
ecom_004322,0,0.0,2.0,15.0,151.05,0.0,0.0,2024-01-14
ecom_006946,0,0.0,2.0,23.0,62.94,0.0,0.0,2024-01-23
ecom_007747,1,0.0,2.0,28.0,8.88,0.0,0.0,2024-01-29
ecom_006772,1,0.0,2.0,32.0,0.0,1.0,0.0,2024-01-27
ecom_005518,0,0.0,0.0,86.0,0.0,1.0,0.0,2024-01-15
ecom_005117,1,0.0,2.0,5.0,120.79,1.0,0.0,2024-01-23
ecom_006179,1,0.0,0.0,16.0,38.76,0.0,0.0,2024-01-21
ecom_004709,0,0.0,1.0,3.0,55.8,0.0,0.0,2024-01-13
ecom_008121,0,0.0,2.0,139.0,27.9,1.0,0.0,2024-01-04
ecom_005969,1,0.0,1.0,36.0,40.08,1.0,0.0,2024-01-20
ecom_006784,0,0.0,2.0,12.0,65.49,1.0,0.0,2024-01-30
ecom_003478,1,0.0,2.0,2.0,37.56,0.0,0.0,2024-01-05
ecom_008414,0,0.0,2.0,164.0,41.13,1.0,0.0,2024-01-23
ecom_003924,1,0.0,0.0,60.0,45.69,1.0,0.0,2024-01-05
ecom_001748,0,0.0,2.0,6.0,36.77,1.0,0.0,2024-01-17
ecom_000732,1,0.0,2.0,81.0,357.14,1.0,0.0,2024-01-10
ecom_002553,0,0.0,0.0,9.0,72.65,1.0,0.0,2024-01-08
ecom_005458,1,0.0,2.0,9.0,45.89,0.0,0.0,2024-01-07
ecom_005873,0,0.0,0.0,55.0,38.47,1.0,0.0,2024-01-10
ecom_002662,1,0.0,0.0,28.0,33.09,1.0,0.0,2024-01-07
ecom_009398,0,0.0,1.0,128.0,38.88,1.0,0.0,2024-01-26
ecom_006455,0,1.0,2.0,24.0,105.51,0.0,0.0,2024-01-16
ecom_003113,0,0.0,2.0,56.0,50.74,1.0,0.0,2024-01-16
ecom_003303,1,0.0,0.0,41.0,46.09,1.0,0.0,2024-01-29
ecom_001344,0,0.0,2.0,62.0,26.05,1.0,0.0,2024-01-02
ecom_001690,0,0.0,0.0,68.0,10.69,1.0,0.0,2024-01-09
ecom_007180,1,0.0,2.0,56.0,54.43,0.0,0.0,2024-01-20
ecom_006499,1,0.0,2.0,178.0,0.0,1.0,0.0,2024-01-23
ecom_003308,0,0.0,0.0,11.0,24.34,0.0,0.0,2024-01-24
ecom_001504,0,0.0,2.0,202.0,20.64,1.0,0.0,2024-01-16
ecom_001806,1,0.0,1.0,46.0,13.65,1.0,0.0,2024-01-22
ecom_008469,0,0.0,0.0,71.0,0.0,1.0,0.0,2024-01-05
ecom_005369,0,0.0,1.0,21.0,131.49,0.0,0.0,2024-01-10
ecom_003791,0,0.0,0.0,43.0,6.3,0.0,0.0,2024-01-01
ecom_009520,0,0.0,2.0,61.0,0.0,1.0,0.0,2024-01-12
ecom_007329,0,1.0,1.0,24.0,0.0,0.0,0.0,2024-01-20
ecom_005909,1,0.0,1.0,21.0,116.45,0.0,0.0,2024-01-24
ecom_006825,0,0.0,2.0,39.0,14.52,1.0,0.0,2024-01-23
ecom_007263,1,0.0,2.0,182.0,0.0,1.0,0.0,2024-01-06
ecom_001848,1,0.0,2.0,25.0,0.0,0.0,0.0,2024-01-03
ecom_004512,0,0.0,0.0,54.0,0.0,1.0,0.0,2024-01-19
ecom_002431,0,0.0,0.0,9.0,0.0,0.0,0.0,2024-01-08
ecom_004660,1,0.0,1.0,124.0,0.0,1.0,0.0,2024-01-05
ecom_008885,0,0.0,2.0,16.0,30.63,0.0,0.0,2024-01-28
ecom_005584,0,0.0,2.0,75.0,43.19,1.0,0.0,2024-01-16
ecom_000142,0,0.0,0.0,3.0,28.48,0.0,0.0,2024-01-29
ecom_008760,0,0.0,2.0,67.0,0.0,0.0,0.0,2024-01-03
ecom_009211,1,0.0,2.0,261.0,38.99,1.0,0.0,2024-01-13
ecom_005264,0,0.0,2.0,20.0,0.0,0.0,0.0,2024-01-02
ecom_003409,0,0.0,0.0,1.0,0.0,1.0,0.0,2024-01-12
ecom_001117,0,1.0,1.0,61.0,26.4,1.0,0.0,2024-01-03
ecom_001756,0,0.0,2.0,20.0,0.0,0.0,0.0,2024-01-24
ecom_000497,1,0.0,0.0,60.0,0.0,1.0,0.0,2024-01-22
ecom_008031,0,0.0,0.0,46.0,0.0,1.0,0.0,2024-01-24
ecom_000870,0,0.0,2.0,95.0,5.96,1.0,0.0,2024-01-15
ecom_003357,0,0.0,0.0,136.0,55.6,1.0,0.0,2024-01-17
ecom_000912,0,0.0,2.0,408.0,51.08,1.0,0.0,2024-01-18
ecom_000721,1,0.0,2.0,91.0,13.5,1.0,0.0,2024-01-03
ecom_002805,1,0.0,0.0,4.0,0.0,0.0,0.0,2024-01-15
ecom_009943,1,0.0,0.0,31.0,17.65,1.0,0.0,2024-01-30
ecom_000886,0,0.0,1.0,3.0,4.95,0.0,0.0,2024-01-15
ecom_009592,0,0.0,0.0,12.0,18.39,0.0,0.0,2024-01-30
ecom_006587,1,0.0,0.0,93.0,83.86,1.0,0.0,2024-01-05
ecom_008100,0,0.0,2.0,182.0,31.65,1.0,0.0,2024-01-26
ecom_001520,0,0.0,0.0,1.0,36.01,1.0,1.0,2024-01-05
ecom_008689,1,0.0,0.0,57.0,48.85,1.0,0.0,2024-01-15
ecom_002746,1,0.0,2.0,42.0,46.87,1.0,0.0,2024-01-27
ecom_006700,1,0.0,0.0,52.0,38.57,1.0,0.0,2024-01-30
ecom_005775,1,1.0,0.0,45.0,9.41,1.0,0.0,2024-01-02
ecom_000314,0,0.0,2.0,23.0,7.17,0.0,0.0,2024-01-25
ecom_001799,0,0.0,2.0,24.0,0.0,0.0,1.0,2024-01-22
ecom_000327,1,1.0,1.0,22.0,123.77,0.0,0.0,2024-01-07
ecom_005642,0,0.0,0.0,48.0,2.89,1.0,0.0,2024-01-29
ecom_004204,1,0.0,2.0,47.0,0.0,1.0,0.0,2024-01-11
ecom_003129,0,0.0,0.0,9.0,50.76,0.0,0.0,2024-01-17
ecom_006860,0,0.0,2.0,18.0,62.6,0.0,0.0,2024-01-12
ecom_009905,1,0.0,2.0,30.0,0.0,0.0,1.0,2024-01-18
ecom_003968,1,0.0,2.0,187.0,0.0,1.0,0.0,2024-01-13
ecom_005743,0,0.0,2.0,120.0,60.15,1.0,0.0,2024-01-20
ecom_006226,1,0.0,1.0,24.0,35.59,0.0,0.0,2024-01-13
ecom_001973,0,0.0,2.0,157.0,0.0,0.0,0.0,2024-01-16
ecom_000336,1,0.0,2.0,1.0,70.16,0.0,0.0,2024-01-21
ecom_002764,1,0.0,1.0,48.0,40.99,1.0,0.0,2024-01-28
ecom_007660,0,0.0,2.0,252.0,0.0,1.0,0.0,2024-01-15
ecom_000275,0,0.0,1.0,69.0,45.84,1.0,0.0,2024-01-20
ecom_002985,1,0.0,0.0,9.0,30.29,0.0,0.0,2024-01-10
ecom_005646,0,1.0,2.0,72.0,0.0,1.0,0.0,2024-01-09
ecom_005849,1,0.0,1.0,29.0,10.1,0.0,0.0,2024-01-28
ecom_003477,1,0.0,1.0,114.0,38.01,1.0,0.0,2024-01-18
ecom_007558,0,0.0,1.0,45.0,42.04,1.0,0.0,2024-01-18
ecom_003558,0,0.0,0.0,85.0,50.06,1.0,0.0,2024-01-23
ecom_002809,0,0.0,2.0,15.0,0.0,0.0,0.0,2024-01-02
ecom_009113,1,0.0,1.0,1.0,19.07,0.0,0.0,2024-01-24
ecom_004861,1,0.0,2.0,74.0,9.02,1.0,0.0,2024-01-14
ecom_006586,0,0.0,0.0,152.0,42.47,1.0,0.0,2024-01-16
ecom_003416,1,0.0,0.0,36.0,94.55,1.0,0.0,2024-01-01
ecom_000307,0,0.0,0.0,9.0,42.54,0.0,0.0,2024-01-09
ecom_003908,0,0.0,0.0,60.0,9.3,1.0,0.0,2024-01-20
ecom_000348,0,0.0,0.0,4.0,54.46,0.0,0.0,2024-01-16
ecom_000826,1,0.0,0.0,56.0,92.46,0.0,0.0,2024-01-16
ecom_009501,0,0.0,1.0,5.0,89.61,0.0,0.0,2024-01-17
ecom_004482,1,0.0,2.0,11.0,0.0,0.0,0.0,2024-01-23
ecom_006576,1,0.0,2.0,1.0,0.0,1.0,0.0,2024-01-06
ecom_003682,1,0.0,2.0,47.0,9.35,1.0,0.0,2024-01-18
ecom_005876,1,0.0,1.0,15.0,21.04,0.0,0.0,2024-01-10
ecom_008387,1,0.0,2.0,6.0,45.31,0.0,0.0,2024-01-17
ecom_002053,1,0.0,1.0,48.0,37.06,1.0,0.0,2024-01-26
ecom_000071,0,0.0,1.0,21.0,4.14,0.0,0.0,2024-01-16
ecom_005507,1,0.0,2.0,87.0,18.83,1.0,0.0,2024-01-25
ecom_008514,0,0.0,0.0,1.0,34.16,0.0,0.0,2024-01-24
ecom_007510,1,0.0,1.0,57.0,38.83,1.0,0.0,2024-01-01
ecom_008151,0,0.0,1.0,47.0,8.6,1.0,0.0,2024-01-07
ecom_001666,1,0.0,1.0,83.0,4.99,1.0,0.0,2024-01-18
ecom_007861,1,0.0,0.0,6.0,75.25,0.0,0.0,2024-01-23
ecom_009159,1,0.0,2.0,61.0,22.66,1.0,0.0,2024-01-07
ecom_005688,1,0.0,0.0,8.0,0.0,0.0,0.0,2024-01-04
ecom_001445,0,0.0,2.0,134.0,65.43,1.0,0.0,2024-01-22
ecom_005227,1,0.0,2.0,21.0,8.32,0.0,0.0,2024-01-13
ecom_006982,1,0.0,2.0,5.0,39.98,0.0,0.0,2024-01-28
ecom_001695,0,0.0,0.0,76.0,19.84,1.0,0.0,2024-01-13
ecom_002892,0,0.0,2.0,10.0,38.52,0.0,0.0,2024-01-24
ecom_001574,1,0.0,2.0,38.0,0.0,1.0,0.0,2024-01-25
ecom_003203,1,0.0,2.0,37.0,0.0,1.0,0.0,2024-01-17
ecom_004405,1,0.0,0.0,25.0,49.59,1.0,0.0,2024-01-03
ecom_001630,1,0.0,0.0,9.0,139.32,0.0,0.0,2024-01-06
ecom_008380,0,0.0,0.0,74.0,0.0,1.0,0.0,2024-01-30
ecom_001881,1,0.0,0.0,85.0,10.99,1.0,0.0,2024-01-08
ecom_008821,1,0.0,0.0,76.0,0.0,1.0,0.0,2024-01-16
ecom_006463,0,0.0,0.0,49.0,24.01,1.0,0.0,2024-01-03
ecom_000848,0,0.0,2.0,104.0,73.98,0.0,0.0,2024-01-17
ecom_009923,0,0.0,1.0,49.0,35.93,1.0,0.0,2024-01-02
ecom_006188,0,0.0,0.0,41.0,0.0,1.0,0.0,2024-01-02
ecom_005869,1,0.0,2.0,11.0,27.25,0.0,0.0,2024-01-08
ecom_002877,0,0.0,2.0,153.0,0.0,1.0,0.0,2024-01-29
ecom_000186,1,0.0,2.0,32.0,0.0,1.0,0.0,2024-01-09
ecom_003779,0,0.0,0.0,37.0,249.26,1.0,0.0,2024-01-28
ecom_001830,0,0.0,0.0,10.0,52.22,0.0,0.0,2024-01-16
ecom_008325,1,0.0,2.0,30.0,111.06,0.0,0.0,2024-01-07
ecom_009241,1,0.0,2.0,4.0,15.63,0.0,1.0,2024-01-23
ecom_006378,1,0.0,1.0,16.0,57.31,0.0,0.0,2024-01-07
ecom_001234,1,0.0,0.0,70.0,66.79,0.0,0.0,2024-01-06
ecom_006964,1,0.0,1.0,140.0,121.01,1.0,1.0,2024-01-22
ecom_003915,1,0.0,2.0,56.0,123.95,0.0,0.0,2024-01-25
ecom_000446,0,0.0,2.0,18.0,0.0,0.0,0.0,2024-01-14
ecom_000844,0,0.0,2.0,97.0,10.3,1.0,0.0,2024-01-13
ecom_008062,1,0.0,2.0,196.0,23.51,0.0,0.0,2024-01-06
ecom_005402,1,0.0,0.0,29.0,0.0,0.0,0.0,2024-01-09
ecom_002440,0,0.0,0.0,19.0,41.95,0.0,0.0,2024-01-14
ecom_003103,1,0.0,0.0,22.0,27.78,0.0,0.0,2024-01-30
ecom_008585,0,0.0,1.0,130.0,0.0,1.0,0.0,2024-01-01
ecom_006791,1,0.0,0.0,4.0,62.7,0.0,0.0,2024-01-03
ecom_005650,0,1.0,0.0,20.0,69.71,0.0,0.0,2024-01-03
ecom_001294,1,1.0,2.0,38.0,26.33,1.0,0.0,2024-01-15
ecom_005079,1,0.0,2.0,64.0,0.0,1.0,0.0,2024-01-18
ecom_009016,1,0.0,1.0,101.0,0.0,1.0,0.0,2024-01-05
ecom_005067,0,0.0,2.0,155.0,27.45,1.0,0.0,2024-01-10
ecom_003442,1,0.0,0.0,1.0,7.92,0.0,0.0,2024-01-17
ecom_008451,0,0.0,2.0,81.0,36.37,1.0,0.0,2024-01-30
ecom_007273,1,0.0,2.0,21.0,21.45,0.0,0.0,2024-01-25
ecom_006105,0,0.0,1.0,63.0,16.24,1.0,0.0,2024-01-27
ecom_000776,1,0.0,2.0,132.0,43.88,1.0,0.0,2024-01-13
ecom_009716,1,0.0,1.0,8.0,33.55,1.0,0.0,2024-01-29
ecom_002153,1,0.0,0.0,13.0,36.08,1.0,1.0,2024-01-21
ecom_004920,1,0.0,0.0,2.0,24.91,1.0,0.0,2024-01-20
ecom_005360,1,0.0,2.0,140.0,0.0,1.0,0.0,2024-01-09
ecom_009735,1,0.0,0.0,202.0,19.66,1.0,0.0,2024-01-17
ecom_005957,1,0.0,2.0,69.0,0.0,1.0,0.0,2024-01-06
ecom_008411,0,0.0,1.0,49.0,50.23,1.0,0.0,2024-01-09
ecom_008432,0,0.0,2.0,45.0,37.07,1.0,1.0,2024-01-23
ecom_003183,0,0.0,0.0,103.0,9.48,1.0,0.0,2024-01-15
ecom_006792,1,1.0,2.0,16.0,173.54,0.0,0.0,2024-01-20
ecom_003199,1,0.0,0.0,105.0,0.0,1.0,0.0,2024-01-16
ecom_009369,1,0.0,2.0,24.0,78.83,0.0,0.0,2024-01-05
ecom_001289,0,0.0,0.0,102.0,0.0,1.0,0.0,2024-01-09
ecom_004581,0,0.0,2.0,6.0,38.94,0.0,0.0,2024-01-07
ecom_006192,0,0.0,1.0,21.0,37.92,0.0,0.0,2024-01-02
ecom_008935,1,0.0,2.0,64.0,0.0,1.0,0.0,2024-01-26
ecom_007149,0,0.0,2.0,162.0,54.17,1.0,0.0,2024-01-02
ecom_009846,1,0.0,2.0,29.0,19.96,0.0,0.0,2024-01-17
ecom_004106,0,0.0,2.0,51.0,12.17,1.0,0.0,2024-01-24
ecom_004126,0,0.0,2.0,46.0,0.0,1.0,0.0,2024-01-23
ecom_008300,1,1.0,0.0,30.0,109.31,0.0,0.0,2024-01-27
ecom_003966,0,0.0,2.0,138.0,69.09,1.0,0.0,2024-01-06
ecom_001879,0,0.0,2.0,36.0,45.55,1.0,0.0,2024-01-27
ecom_008496,0,1.0,0.0,34.0,63.92,1.0,0.0,2024-01-18
ecom_009299,0,0.0,0.0,16.0,39.22,0.0,0.0,2024-01-15
ecom_006348,1,0.0,2.0,22.0,47.14,0.0,0.0,2024-01-08
ecom_003587,0,0.0,1.0,53.0,11.24,1.0,1.0,2024-01-03
ecom_007372,0,0.0,1.0,33.0,56.97,1.0,0.0,2024-01-12
ecom_003865,1,0.0,1.0,31.0,62.14,1.0,1.0,2024-01-29
ecom_008487,1,0.0,1.0,30.0,19.24,0.0,0.0,2024-01-06
ecom_004131,1,0.0,0.0,43.0,0.0,0.0,0.0,2024-01-27
ecom_001036,0,0.0,0.0,207.0,44.81,1.0,0.0,2024-01-16
ecom_000636,0,0.0,2.0,109.0,0.0,1.0,0.0,2024-01-30
ecom_006153,1,0.0,2.0,105.0,0.0,0.0,1.0,2024-01-06
ecom_004134,0,0.0,0.0,60.0,46.91,0.0,0.0,2024-01-29
ecom_005338,0,0.0,2.0,260.0,81.08,1.0,0.0,2024-01-10
ecom_001083,0,0.0,0.0,180.0,11.32,1.0,0.0,2024-01-11
ecom_000861,0,0.0,2.0,58.0,60.55,1.0,0.0,2024-01-05
ecom_000903,0,0.0,0.0,56.0,64.34,1.0,0.0,2024-01-25
ecom_000191,0,0.0,1.0,45.0,25.61,1.0,0.0,2024-01-16
ecom_000109,1,0.0,0.0,137.0,32.56,1.0,0.0,2024-01-13
ecom_004455,1,0.0,1.0,152.0,65.63,1.0,0.0,2024-01-04
ecom_001942,0,0.0,0.0,113.0,46.51,1.0,0.0,2024-01-01
ecom_005856,1,0.0,0.0,50.0,38.36,1.0,0.0,2024-01-09
ecom_004331,0,0.0,1.0,80.0,83.46,1.0,0.0,2024-01-18
ecom_008541,0,0.0,1.0,35.0,21.59,0.0,0.0,2024-01-08
ecom_002040,1,0.0,2.0,153.0,0.0,1.0,0.0,2024-01-17
ecom_007331,0,0.0,1.0,233.0,79.49,1.0,0.0,2024-01-09
ecom_007317,0,0.0,2.0,255.0,55.83,1.0,0.0,2024-01-28
ecom_007779,0,0.0,2.0,9.0,39.41,0.0,0.0,2024-01-13
ecom_004659,0,0.0,2.0,11.0,14.47,0.0,0.0,2024-01-24
ecom_007313,1,0.0,0.0,117.0,88.31,1.0,0.0,2024-01-28
ecom_002775,1,0.0,2.0,1.0,47.49,0.0,0.0,2024-01-15
ecom_004145,1,1.0,0.0,5.0,52.14,1.0,0.0,2024-01-20
ecom_002323,0,0.0,0.0,53.0,0.0,0.0,0.0,2024-01-06
ecom_000762,1,0.0,1.0,107.0,0.0,1.0,0.0,2024-01-25
ecom_002617,0,0.0,1.0,9.0,22.42,0.0,0.0,2024-01-08
ecom_002411,1,0.0,2.0,1.0,0.0,0.0,0.0,2024-01-11
ecom_001094,1,0.0,0.0,39.0,31.63,0.0,0.0,2024-01-01
ecom_006173,1,0.0,1.0,94.0,18.15,1.0,0.0,2024-01-25
ecom_007048,0,0.0,0.0,31.0,22.98,1.0,0.0,2024-01-01
ecom_009272,0,0.0,2.0,27.0,9.35,0.0,0.0,2024-01-11
ecom_003135,1,0.0,0.0,23.0,23.11,0.0,0.0,2024-01-18
ecom_007787,0,0.0,0.0,202.0,0.0,1.0,0.0,2024-01-09
ecom_005040,1,0.0,0.0,82.0,42.94,1.0,0.0,2024-01-18
ecom_003805,1,0.0,0.0,8.0,5.79,0.0,0.0,2024-01-20
ecom_000884,1,1.0,0.0,143.0,14.83,1.0,0.0,2024-01-29
ecom_002654,0,0.0,1.0,9.0,66.3,0.0,0.0,2024-01-30
ecom_005921,0,0.0,1.0,167.0,18.5,0.0,0.0,2024-01-03
ecom_006187,0,0.0,1.0,37.0,8.63,1.0,0.0,2024-01-06
ecom_008085,1,0.0,0.0,45.0,0.0,1.0,0.0,2024-01-11
ecom_006742,1,0.0,2.0,15.0,78.28,0.0,0.0,2024-01-13
ecom_007626,1,0.0,2.0,69.0,95.3,1.0,0.0,2024-01-27
ecom_005680,1,0.0,2.0,79.0,0.0,1.0,0.0,2024-01-20
ecom_007007,1,0.0,2.0,24.0,0.0,0.0,0.0,2024-01-19
ecom_009686,0,0.0,2.0,9.0,23.79,0.0,0.0,2024-01-07
ecom_002202,1,0.0,1.0,47.0,371.9,1.0,0.0,2024-01-16
ecom_006107,0,0.0,2.0,41.0,0.0,1.0,0.0,2024-01-03
ecom_006417,0,0.0,0.0,31.0,0.0,1.0,0.0,2024-01-21
ecom_001262,1,0.0,0.0,5.0,27.97,0.0,0.0,2024-01-08
ecom_008379,1,0.0,1.0,59.0,25.73,0.0,0.0,2024-01-10
ecom_000975,1,0.0,0.0,75.0,45.05,1.0,0.0,2024-01-24
ecom_005831,1,0.0,0.0,67.0,6.32,1.0,0.0,2024-01-01
ecom_004925,1,0.0,0.0,1.0,0.0,0.0,0.0,2024-01-15
ecom_000941,0,0.0,2.0,131.0,7.32,1.0,0.0,2024-01-19
ecom_004723,1,0.0,2.0,187.0,0.0,1.0,0.0,2024-01-27
ecom_002387,1,0.0,1.0,108.0,104.18,1.0,0.0,2024-01-22
ecom_009728,1,0.0,1.0,172.0,47.86,1.0,0.0,2024-01-20
ecom_005021,0,0.0,1.0,50.0,16.66,1.0,0.0,2024-01-10
ecom_004391,1,0.0,1.0,7.0,17.38,0.0,0.0,2024-01-11
ecom_005148,1,0.0,0.0,32.0,20.59,1.0,0.0,2024-01-06
ecom_003221,0,0.0,1.0,52.0,16.53,1.0,0.0,2024-01-10
ecom_003882,0,0.0,2.0,39.0,6.83,1.0,0.0,2024-01-02
ecom_009438,1,0.0,2.0,6.0,7.66,0.0,0.0,2024-01-29
ecom_006624,1,1.0,0.0,48.0,17.74,1.0,0.0,2024-01-18
ecom_005918,1,0.0,0.0,34.0,69.63,1.0,0.0,2024-01-06
ecom_002789,1,0.0,0.0,34.0,20.08,0.0,0.0,2024-01-30
ecom_000944,0,0.0,0.0,84.0,97.43,0.0,0.0,2024-01-17
ecom_008908,1,0.0,0.0,6.0,36.55,0.0,0.0,2024-01-06
ecom_001857,1,1.0,2.0,30.0,9.9,1.0,0.0,2024-01-29
ecom_009080,1,0.0,1.0,41.0,12.11,1.0,0.0,2024-01-22
ecom_004108,0,0.0,0.0,17.0,50.11,0.0,0.0,2024-01-03
ecom_008513,1,0.0,0.0,8.0,68.62,0.0,0.0,2024-01-08
ecom_003255,1,0.0,1.0,1.0,0.0,0.0,0.0,2024-01-29
ecom_002690,1,0.0,0.0,23.0,26.05,0.0,0.0,2024-01-13
ecom_009512,1,0.0,2.0,106.0,44.14,1.0,0.0,2024-01-09
ecom_006961,0,0.0,0.0,81.0,0.0,1.0,0.0,2024-01-15
ecom_001319,1,0.0,2.0,40.0,0.0,1.0,0.0,2024-01-02
ecom_008882,1,0.0,2.0,12.0,106.18,0.0,0.0,2024-01-19
ecom_009880,1,0.0,2.0,32.0,0.0,1.0,0.0,2024-01-12
ecom_005162,1,0.0,2.0,1.0,64.13,0.0,0.0,2024-01-22
ecom_005829,1,0.0,1.0,130.0,0.0,1.0,0.0,2024-01-22
ecom_007953,0,0.0,0.0,47.0,0.0,1.0,0.0,2024-01-03
ecom_005958,1,0.0,0.0,74.0,0.0,1.0,0.0,2024-01-20
ecom_009271,1,0.0,2.0,11.0,4.03,0.0,0.0,2024-01-29
ecom_003475,0,1.0,0.0,110.0,20.5,1.0,0.0,2024-01-02
ecom_003505,0,1.0,0.0,27.0,13.88,0.0,0.0,2024-01-21
ecom_004749,0,0.0,2.0,22.0,20.0,0.0,0.0,2024-01-05
ecom_002477,0,1.0,2.0,5.0,49.85,0.0,0.0,2024-01-10
ecom_009490,1,0.0,0.0,20.0,0.0,0.0,0.0,2024-01-18
ecom_006615,0,1.0,0.0,131.0,10.39,1.0,0.0,2024-01-14
ecom_007413,0,0.0,0.0,31.0,0.0,1.0,0.0,2024-01-10
ecom_007586,0,0.0,2.0,20.0,0.0,0.0,0.0,2024-01-02
ecom_005344,1,0.0,2.0,62.0,11.13,1.0,0.0,2024-01-17
ecom_009863,1,0.0,0.0,36.0,8.49,0.0,0.0,2024-01-25
ecom_007111,0,0.0,0.0,60.0,28.22,1.0,0.0,2024-01-18
ecom_001874,1,1.0,1.0,35.0,0.0,0.0,1.0,2024-01-11
ecom_008516,0,0.0,0.0,170.0,57.47,1.0,1.0,2024-01-28
ecom_005270,0,0.0,2.0,80.0,0.0,1.0,0.0,2024-01-11
ecom_005096,0,0.0,2.0,84.0,55.8,1.0,0.0,2024-01-10
ecom_002904,1,0.0,2.0,3.0,0.0,0.0,0.0,2024-01-08
ecom_000570,1,0.0,2.0,63.0,99.06,1.0,0.0,2024-01-30
ecom_001448,0,0.0,2.0,73.0,17.99,0.0,0.0,2024-01-22
ecom_005964,0,0.0,2.0,117.0,41.66,0.0,0.0,2024-01-01
ecom_006242,1,0.0,1.0,26.0,12.04,0.0,0.0,2024-01-11
ecom_006347,0,0.0,2.0,47.0,29.44,1.0,0.0,2024-01-07
ecom_007874,1,0.0,2.0,22.0,23.59,0.0,0.0,2024-01-15
ecom_009816,1,0.0,0.0,106.0,71.11,1.0,0.0,2024-01-05
ecom_003226,1,0.0,0.0,139.0,25.79,1.0,0.0,2024-01-04
ecom_009744,0,0.0,0.0,26.0,68.93,0.0,0.0,2024-01-11
ecom_003978,0,1.0,2.0,26.0,0.0,0.0,0.0,2024-01-12
ecom_004383,1,0.0,2.0,41.0,52.18,1.0,0.0,2024-01-28
ecom_007856,0,0.0,1.0,44.0,15.91,1.0,0.0,2024-01-24
ecom_003539,0,0.0,1.0,15.0,0.0,0.0,0.0,2024-01-10
ecom_005682,1,0.0,0.0,9.0,28.93,1.0,0.0,2024-01-09
ecom_002827,1,0.0,2.0,2.0,72.74,0.0,0.0,2024-01-22
ecom_007658,1,1.0,0.0,125.0,0.0,1.0,0.0,2024-01-03
ecom_004996,1,1.0,1.0,15.0,14.74,0.0,0.0,2024-01-02
ecom_001338,1,0.0,0.0,117.0,32.62,1.0,0.0,2024-01-25
ecom_003262,0,0.0,0.0,84.0,58.67,1.0,0.0,2024-01-12
ecom_006386,1,0.0,2.0,54.0,140.58,1.0,0.0,2024-01-11
ecom_007951,0,0.0,0.0,182.0,0.0,1.0,0.0,2024-01-23
ecom_000650,0,0.0,2.0,35.0,0.0,1.0,0.0,2024-01-09
ecom_002902,0,0.0,2.0,25.0,68.51,1.0,0.0,2024-01-18
ecom_002258,0,1.0,0.0,124.0,12.95,1.0,1.0,2024-01-19
ecom_007402,1,0.0,2.0,69.0,56.47,1.0,0.0,2024-01-29
ecom_003521,0,0.0,1.0,78.0,19.35,1.0,0.0,2024-01-23
ecom_002730,1,0.0,0.0,60.0,47.11,0.0,0.0,2024-01-11
ecom_005496,0,0.0,2.0,36.0,12.14,1.0,0.0,2024-01-04
ecom_004478,0,0.0,2.0,9.0,0.0,0.0,0.0,2024-01-01
ecom_001596,0,0.0,2.0,95.0,37.36,0.0,0.0,2024-01-24
ecom_007066,0,0.0,0.0,111.0,42.14,1.0,0.0,2024-01-01
ecom_002584,1,0.0,1.0,38.0,91.13,0.0,0.0,2024-01-11
ecom_005441,1,0.0,2.0,147.0,15.78,1.0,0.0,2024-01-14
ecom_003196,1,0.0,2.0,7.0,34.26,0.0,0.0,2024-01-04
ecom_008523,0,0.0,2.0,9.0,27.14,0.0,0.0,2024-01-09
ecom_007682,0,0.0,1.0,96.0,40.92,1.0,0.0,2024-01-23
ecom_005376,0,0.0,0.0,192.0,20.04,1.0,0.0,2024-01-07
ecom_001258,1,0.0,1.0,38.0,0.0,1.0,0.0,2024-01-24
ecom_005277,0,0.0,0.0,16.0,20.33,1.0,0.0,2024-01-26
ecom_000991,1,0.0,2.0,41.0,26.71,1.0,0.0,2024-01-17
ecom_003504,1,0.0,2.0,8.0,21.75,0.0,0.0,2024-01-27
ecom_000113,1,0.0,0.0,112.0,39.9,0.0,0.0,2024-01-02
ecom_000919,1,0.0,2.0,45.0,7.82,1.0,0.0,2024-01-10
ecom_002509,1,0.0,2.0,27.0,30.52,0.0,0.0,2024-01-12
ecom_009404,1,0.0,2.0,123.0,22.92,1.0,0.0,2024-01-20
ecom_000165,0,0.0,0.0,2.0,19.02,1.0,0.0,2024-01-17
ecom_005263,1,0.0,2.0,131.0,19.36,1.0,0.0,2024-01-02
ecom_004603,0,0.0,0.0,2.0,121.58,0.0,0.0,2024-01-21
ecom_000949,1,0.0,0.0,51.0,23.7,1.0,0.0,2024-01-18
ecom_004594,1,0.0,2.0,120.0,13.54,1.0,0.0,2024-01-14
ecom_005727,1,0.0,0.0,51.0,7.83,1.0,0.0,2024-01-17
ecom_003770,0,0.0,2.0,106.0,15.45,1.0,0.0,2024-01-19
ecom_002506,0,0.0,2.0,21.0,0.0,0.0,0.0,2024-01-04
ecom_005107,1,0.0,2.0,81.0,28.86,1.0,0.0,2024-01-16
ecom_002850,1,0.0,1.0,65.0,31.05,1.0,0.0,2024-01-14
ecom_006485,1,0.0,2.0,15.0,31.57,0.0,1.0,2024-01-04
ecom_005362,0,0.0,2.0,11.0,34.91,0.0,0.0,2024-01-23
ecom_007442,0,0.0,2.0,18.0,105.83,1.0,0.0,2024-01-10
ecom_004446,1,0.0,2.0,89.0,66.1,0.0,0.0,2024-01-22
ecom_004460,0,0.0,2.0,43.0,29.03,1.0,0.0,2024-01-18
ecom_009513,1,0.0,2.0,5.0,38.03,0.0,0.0,2024-01-13
ecom_002505,0,0.0,1.0,22.0,0.0,0.0,0.0,2024-01-26
ecom_001114,0,0.0,2.0,4.0,23.2,0.0,1.0,2024-01-27
ecom_008397,1,0.0,2.0,9.0,64.05,0.0,0.0,2024-01-14
ecom_000298,0,0.0,1.0,71.0,90.9,1.0,0.0,2024-01-07
ecom_001675,0,0.0,0.0,96.0,0.0,1.0,0.0,2024-01-11
ecom_003347,0,0.0,1.0,38.0,36.84,1.0,0.0,2024-01-21
ecom_002735,1,0.0,0.0,35.0,15.31,0.0,0.0,2024-01-20
ecom_007819,1,0.0,0.0,148.0,0.0,1.0,0.0,2024-01-23
ecom_004988,1,0.0,0.0,12.0,0.0,0.0,0.0,2024-01-15
ecom_009894,0,0.0,0.0,101.0,33.29,0.0,0.0,2024-01-05
ecom_005817,1,0.0,0.0,40.0,47.83,1.0,0.0,2024-01-15
ecom_004325,0,0.0,0.0,29.0,41.29,0.0,0.0,2024-01-08
ecom_006719,0,0.0,2.0,30.0,13.44,1.0,0.0,2024-01-21
ecom_008786,0,0.0,0.0,19.0,28.86,0.0,0.0,2024-01-29
ecom_004550,1,0.0,2.0,130.0,36.82,1.0,1.0,2024-01-22
ecom_008572,1,0.0,0.0,60.0,52.88,1.0,0.0,2024-01-10
ecom_007847,1,0.0,0.0,110.0,32.99,1.0,0.0,2024-01-29
ecom_002103,1,0.0,2.0,31.0,49.43,1.0,0.0,2024-01-01
ecom_005813,1,0.0,2.0,121.0,47.88,1.0,0.0,2024-01-29
ecom_009104,1,0.0,0.0,39.0,0.0,1.0,1.0,2024-01-13
ecom_007453,0,0.0,0.0,20.0,0.0,0.0,0.0,2024-01-10
ecom_001837,0,0.0,1.0,32.0,20.0,1.0,1.0,2024-01-08
ecom_007902,1,0.0,2.0,3.0,79.13,0.0,0.0,2024-01-18
ecom_008318,0,0.0,2.0,79.0,66.57,1.0,0.0,2024-01-09
ecom_008723,0,0.0,0.0,38.0,13.27,1.0,0.0,2024-01-13
ecom_000607,0,0.0,0.0,45.0,35.19,0.0,0.0,2024-01-07
ecom_008374,0,0.0,2.0,96.0,52.87,1.0,0.0,2024-01-30
ecom_001093,1,0.0,0.0,111.0,0.0,1.0,0.0,2024-01-25
ecom_006387,0,0.0,0.0,2.0,60.36,0.0,0.0,2024-01-30
ecom_006505,0,0.0,2.0,33.0,44.49,1.0,0.0,2024-01-11
ecom_008964,0,1.0,0.0,11.0,24.02,0.0,0.0,2024-01-10
ecom_004487,0,0.0,0.0,12.0,63.69,0.0,0.0,2024-01-27
ecom_000160,1,0.0,1.0,53.0,0.0,1.0,0.0,2024-01-11
ecom_000203,0,0.0,2.0,146.0,22.29,1.0,0.0,2024-01-09
ecom_007040,0,0.0,0.0,123.0,0.0,1.0,1.0,2024-01-13
ecom_005893,1,0.0,2.0,46.0,11.34,1.0,0.0,2024-01-18
ecom_004933,0,0.0,2.0,26.0,0.0,0.0,0.0,2024-01-04
ecom_002934,0,0.0,0.0,100.0,25.91,1.0,0.0,2024-01-30
ecom_007322,1,0.0,2.0,74.0,22.5,1.0,0.0,2024-01-15
ecom_002435,1,0.0,2.0,45.0,0.0,1.0,0.0,2024-01-17
ecom_001230,0,0.0,1.0,3.0,20.21,0.0,0.0,2024-01-12
ecom_008675,0,0.0,0.0,119.0,50.92,1.0,0.0,2024-01-22
ecom_003046,0,0.0,1.0,25.0,0.0,0.0,0.0,2024-01-15
ecom_009654,1,0.0,1.0,30.0,11.24,0.0,1.0,2024-01-17
ecom_008419,0,0.0,0.0,53.0,31.03,1.0,0.0,2024-01-13
ecom_007666,0,0.0,0.0,59.0,0.0,1.0,0.0,2024-01-07
ecom_006407,1,0.0,0.0,23.0,0.0,0.0,0.0,2024-01-02
ecom_004251,0,0.0,2.0,46.0,19.07,1.0,0.0,2024-01-16
ecom_005577,1,0.0,0.0,14.0,20.62,1.0,0.0,2024-01-02
ecom_003293,0,0.0,2.0,16.0,160.98,0.0,1.0,2024-01-02
ecom_004034,1,0.0,0.0,104.0,24.37,1.0,0.0,2024-01-13
ecom_008112,1,0.0,0.0,12.0,70.21,0.0,1.0,2024-01-09
ecom_004290,0,0.0,0.0,124.0,19.25,1.0,1.0,2024-01-01
ecom_004334,1,0.0,2.0,41.0,47.52,1.0,0.0,2024-01-15
ecom_005931,0,0.0,2.0,158.0,11.13,1.0,0.0,2024-01-09
ecom_003877,0,0.0,0.0,67.0,45.28,0.0,0.0,2024-01-04
ecom_005428,1,0.0,2.0,23.0,0.0,0.0,0.0,2024-01-05
ecom_004753,0,0.0,2.0,65.0,0.0,1.0,1.0,2024-01-26
ecom_004886,0,0.0,0.0,80.0,43.98,1.0,1.0,2024-01-13
ecom_000857,0,0.0,2.0,92.0,63.4,1.0,1.0,2024-01-14
ecom_008233,1,0.0,0.0,35.0,23.74,1.0,0.0,2024-01-22
ecom_008375,1,0.0,2.0,54.0,45.64,1.0,0.0,2024-01-19
ecom_002561,1,0.0,0.0,1.0,24.53,0.0,0.0,2024-01-07
ecom_003801,0,0.0,0.0,11.0,104.97,0.0,0.0,2024-01-11
ecom_002640,1,0.0,2.0,54.0,72.5,1.0,0.0,2024-01-16
ecom_009663,1,0.0,2.0,25.0,0.0,0.0,0.0,2024-01-28
ecom_004490,1,0.0,2.0,17.0,0.0,0.0,0.0,2024-01-15
ecom_002347,0,0.0,0.0,72.0,66.9,1.0,0.0,2024-01-10
ecom_000649,1,0.0,0.0,27.0,31.21,0.0,0.0,2024-01-21
ecom_002781,0,0.0,2.0,45.0,33.95,1.0,0.0,2024-01-11
ecom_005652,1,0.0,0.0,3.0,0.0,0.0,0.0,2024-01-12
ecom_008543,1,0.0,0.0,15.0,56.42,0.0,0.0,2024-01-14
ecom_008677,0,0.0,2.0,19.0,37.88,0.0,1.0,2024-01-28
ecom_006433,1,0.0,0.0,4.0,0.0,0.0,0.0,2024-01-08
ecom_000615,1,0.0,2.0,76.0,0.0,0.0,0.0,2024-01-09
ecom_008448,0,0.0,0.0,39.0,38.55,1.0,0.0,2024-01-22
ecom_002575,0,0.0,0.0,30.0,39.22,0.0,0.0,2024-01-01
ecom_000053,1,0.0,1.0,21.0,52.23,0.0,0.0,2024-01-17
ecom_003340,1,0.0,0.0,50.0,30.99,1.0,0.0,2024-01-15
ecom_007037,0,0.0,2.0,47.0,103.78,0.0,0.0,2024-01-23
ecom_001705,0,0.0,0.0,30.0,0.0,0.0,0.0,2024-01-17
ecom_009060,0,0.0,0.0,83.0,0.0,1.0,0.0,2024-01-29
ecom_009352,0,1.0,1.0,24.0,11.95,0.0,0.0,2024-01-15
ecom_001493,0,0.0,2.0,17.0,0.0,0.0,0.0,2024-01-19
ecom_009963,1,0.0,0.0,18.0,14.63,0.0,1.0,2024-01-16
ecom_005632,1,0.0,2.0,18.0,39.39,0.0,0.0,2024-01-12
ecom_000803,1,0.0,0.0,26.0,37.68,0.0,0.0,2024-01-23
ecom_004953,1,0.0,0.0,119.0,16.05,1.0,0.0,2024-01-08
ecom_006933,0,0.0,0.0,6.0,203.93,0.0,0.0,2024-01-17
ecom_007104,0,0.0,0.0,5.0,42.16,0.0,0.0,2024-01-23
ecom_000990,1,0.0,0.0,160.0,10.84,1.0,0.0,2024-01-27
ecom_002774,0,0.0,0.0,113.0,47.24,1.0,1.0,2024-01-17
ecom_007470,0,1.0,2.0,34.0,43.26,1.0,0.0,2024-01-04
ecom_006419,1,0.0,1.0,1.0,27.09,1.0,0.0,2024-01-21
ecom_003513,0,0.0,0.0,13.0,0.0,0.0,0.0,2024-01-24
ecom_005478,1,0.0,0.0,79.0,42.59,1.0,0.0,2024-01-13
ecom_008400,1,0.0,0.0,100.0,98.13,1.0,0.0,2024-01-17
ecom_000219,1,0.0,0.0,19.0,5.19,1.0,0.0,2024-01-10
ecom_006969,0,0.0,0.0,106.0,16.81,1.0,0.0,2024-01-10
ecom_001288,0,0.0,2.0,53.0,28.68,0.0,0.0,2024-01-11
ecom_003163,0,0.0,2.0,77.0,83.81,1.0,0.0,2024-01-02
ecom_004678,0,0.0,2.0,83.0,41.02,0.0,0.0,2024-01-10
ecom_002618,0,0.0,0.0,10.0,10.97,0.0,0.0,2024-01-12
ecom_003612,0,0.0,0.0,61.0,44.1,1.0,0.0,2024-01-04
ecom_000043,0,0.0,2.0,21.0,0.0,0.0,0.0,2024-01-19
ecom_008094,0,0.0,0.0,211.0,63.61,1.0,0.0,2024-01-09
ecom_008372,0,0.0,2.0,48.0,12.35,1.0,0.0,2024-01-04
ecom_003792,1,0.0,0.0,138.0,0.0,1.0,0.0,2024-01-11
ecom_003571,1,0.0,2.0,29.0,60.48,0.0,1.0,2024-01-09
ecom_009980,1,1.0,1.0,50.0,0.0,1.0,0.0,2024-01-11
ecom_001503,1,0.0,2.0,66.0,38.81,1.0,0.0,2024-01-18
ecom_005556,0,0.0,2.0,11.0,0.0,0.0,0.0,2024-01-02
ecom_009830,1,0.0,2.0,18.0,0.0,0.0,0.0,2024-01-11
ecom_003439,0,1.0,2.0,4.0,0.0,0.0,0.0,2024-01-24
ecom_001892,1,0.0,2.0,62.0,14.29,1.0,0.0,2024-01-22
ecom_009323,0,0.0,1.0,121.0,29.37,1.0,0.0,2024-01-13
ecom_005255,0,0.0,1.0,1.0,5.88,0.0,0.0,2024-01-15
ecom_001955,1,1.0,0.0,60.0,74.31,1.0,0.0,2024-01-24
ecom_005167,0,0.0,1.0,24.0,17.58,0.0,0.0,2024-01-19
ecom_004814,0,0.0,2.0,69.0,80.71,1.0,0.0,2024-01-25
ecom_006264,1,0.0,1.0,35.0,131.71,1.0,0.0,2024-01-05
ecom_001505,0,0.0,0.0,73.0,0.0,0.0,0.0,2024-01-19
ecom_000670,0,0.0,2.0,1.0,0.0,0.0,0.0,2024-01-23
ecom_008907,1,0.0,0.0,1.0,49.38,0.0,0.0,2024-01-13
ecom_007055,0,0.0,0.0,12.0,5.74,0.0,0.0,2024-01-23
ecom_000897,0,0.0,2.0,93.0,62.47,1.0,0.0,2024-01-10
ecom_006178,0,0.0,0.0,3.0,0.0,0.0,0.0,2024-01-15
ecom_002666,1,0.0,0.0,79.0,21.08,0.0,0.0,2024-01-30
ecom_003193,0,0.0,2.0,130.0,0.0,1.0,0.0,2024-01-24
ecom_002890,0,0.0,1.0,14.0,32.7,0.0,1.0,2024-01-12
ecom_007773,0,0.0,2.0,21.0,0.0,0.0,0.0,2024-01-25
ecom_002621,1,0.0,0.0,6.0,0.0,1.0,0.0,2024-01-19
ecom_006008,0,0.0,2.0,36.0,31.94,1.0,0.0,2024-01-10
ecom_005956,0,0.0,2.0,317.0,0.0,1.0,0.0,2024-01-06
ecom_000002,1,0.0,1.0,71.0,247.15,1.0,0.0,2024-01-04
ecom_002370,0,0.0,1.0,24.0,12.1,1.0,0.0,2024-01-24
ecom_007914,1,0.0,0.0,9.0,39.11,0.0,1.0,2024-01-25
ecom_001769,0,0.0,2.0,187.0,30.28,1.0,0.0,2024-01-18
ecom_008506,0,0.0,1.0,37.0,51.45,1.0,0.0,2024-01-03
ecom_006025,1,0.0,2.0,41.0,42.49,1.0,0.0,2024-01-19
ecom_000531,1,1.0,2.0,8.0,23.35,0.0,1.0,2024-01-18
ecom_008724,0,0.0,2.0,37.0,6.78,1.0,0.0,2024-01-17
ecom_008649,1,0.0,0.0,33.0,22.17,1.0,1.0,2024-01-21
ecom_007873,1,0.0,2.0,98.0,0.0,0.0,0.0,2024-01-09
ecom_008890,0,0.0,2.0,110.0,0.0,1.0,0.0,2024-01-28
ecom_003120,0,0.0,0.0,95.0,23.02,0.0,0.0,2024-01-15
ecom_009022,1,0.0,0.0,159.0,16.8,1.0,1.0,2024-01-03
ecom_000731,1,0.0,2.0,39.0,19.36,0.0,0.0,2024-01-24
ecom_003406,0,0.0,2.0,17.0,35.71,0.0,0.0,2024-01-04
ecom_002339,1,0.0,0.0,117.0,11.46,1.0,0.0,2024-01-11
ecom_005967,0,0.0,1.0,58.0,123.66,1.0,0.0,2024-01-24
ecom_006580,0,0.0,2.0,52.0,48.41,1.0,0.0,2024-01-05
ecom_002565,1,0.0,0.0,18.0,56.03,1.0,0.0,2024-01-30
ecom_007726,1,0.0,0.0,132.0,0.0,1.0,0.0,2024-01-05
ecom_007820,0,0.0,1.0,4.0,49.93,0.0,0.0,2024-01-18
ecom_006713,0,0.0,0.0,26.0,0.0,0.0,0.0,2024-01-27
ecom_006995,1,0.0,1.0,96.0,43.1,1.0,0.0,2024-01-02
ecom_006942,0,0.0,2.0,12.0,21.4,0.0,0.0,2024-01-03
ecom_007794,1,0.0,0.0,8.0,17.69,0.0,0.0,2024-01-29
ecom_008975,1,0.0,0.0,12.0,56.34,0.0,0.0,2024-01-28
ecom_001255,0,0.0,2.0,87.0,69.56,1.0,0.0,2024-01-02
ecom_002104,0,0.0,0.0,158.0,39.75,1.0,0.0,2024-01-16
ecom_006734,0,0.0,2.0,13.0,27.61,0.0,0.0,2024-01-29
ecom_009778,0,0.0,0.0,229.0,20.42,1.0,0.0,2024-01-17
ecom_006224,0,0.0,1.0,24.0,0.0,0.0,0.0,2024-01-09
ecom_009150,0,0.0,0.0,6.0,92.77,0.0,0.0,2024-01-29
ecom_004994,1,0.0,1.0,2.0,39.72,0.0,0.0,2024-01-21
ecom_008969,0,0.0,2.0,34.0,80.95,1.0,0.0,2024-01-19
ecom_006839,0,0.0,2.0,2.0,17.06,0.0,0.0,2024-01-01
ecom_005057,1,0.0,2.0,73.0,34.05,1.0,0.0,2024-01-25
ecom_005846,0,0.0,2.0,43.0,26.42,1.0,0.0,2024-01-30
ecom_004434,1,0.0,0.0,53.0,73.97,0.0,0.0,2024-01-09
ecom_003484,0,0.0,0.0,131.0,109.16,1.0,0.0,2024-01-17
ecom_009493,1,1.0,0.0,43.0,19.33,0.0,0.0,2024-01-02
ecom_005318,1,0.0,2.0,48.0,11.14,0.0,0.0,2024-01-03
ecom_003816,0,0.0,0.0,52.0,23.95,1.0,0.0,2024-01-11
ecom_005729,0,0.0,0.0,37.0,15.85,1.0,0.0,2024-01-22
ecom_008903,0,0.0,0.0,33.0,0.0,1.0,0.0,2024-01-25
ecom_007840,1,0.0,0.0,48.0,27.04,1.0,0.0,2024-01-15
ecom_009889,0,0.0,0.0,6.0,22.4,1.0,0.0,2024-01-21
ecom_001621,0,0.0,2.0,75.0,88.64,1.0,0.0,2024-01-02
ecom_009423,1,0.0,2.0,109.0,20.42,1.0,0.0,2024-01-25
ecom_006307,1,0.0,0.0,22.0,23.36,1.0,0.0,2024-01-08
ecom_009304,0,0.0,2.0,77.0,24.45,1.0,0.0,2024-01-09
ecom_008902,0,0.0,2.0,34.0,63.4,0.0,0.0,2024-01-27
ecom_001096,0,0.0,2.0,33.0,6.35,1.0,1.0,2024-01-28
ecom_008057,1,0.0,1.0,66.0,68.25,1.0,0.0,2024-01-01
ecom_009481,1,0.0,0.0,30.0,87.39,0.0,0.0,2024-01-17
ecom_002463,0,0.0,2.0,6.0,26.9,0.0,0.0,2024-01-10
ecom_008289,1,0.0,0.0,26.0,14.55,0.0,0.0,2024-01-26
ecom_001788,1,1.0,0.0,124.0,0.0,1.0,0.0,2024-01-26
ecom_000250,1,0.0,2.0,38.0,34.83,1.0,0.0,2024-01-08
ecom_009926,0,0.0,1.0,18.0,0.0,0.0,0.0,2024-01-24
ecom_006191,1,0.0,2.0,10.0,0.0,0.0,0.0,2024-01-01
ecom_009650,1,0.0,0.0,30.0,37.77,0.0,0.0,2024-01-18
ecom_000192,1,1.0,1.0,2.0,98.27,0.0,0.0,2024-01-19
ecom_000820,1,0.0,0.0,207.0,30.34,1.0,0.0,2024-01-14
ecom_009627,0,0.0,0.0,11.0,30.69,1.0,0.0,2024-01-28
ecom_005714,1,0.0,2.0,188.0,9.51,1.0,0.0,2024-01-30
ecom_007195,0,0.0,2.0,45.0,44.53,1.0,0.0,2024-01-12
ecom_005715,0,0.0,0.0,77.0,30.89,1.0,0.0,2024-01-19
ecom_004400,0,0.0,2.0,65.0,22.26,1.0,0.0,2024-01-29
ecom_009290,0,0.0,1.0,29.0,82.63,0.0,1.0,2024-01-18
ecom_005388,0,0.0,0.0,10.0,128.73,0.0,0.0,2024-01-07
ecom_004166,0,0.0,2.0,87.0,11.64,1.0,0.0,2024-01-04
ecom_004951,1,0.0,2.0,1.0,5.01,0.0,0.0,2024-01-11
ecom_002687,1,0.0,2.0,93.0,174.19,1.0,0.0,2024-01-13
ecom_004390,0,1.0,0.0,2.0,71.33,0.0,0.0,2024-01-07
ecom_005860,0,0.0,2.0,127.0,0.0,1.0,0.0,2024-01-09
ecom_005981,0,0.0,0.0,6.0,0.0,0.0,0.0,2024-01-28
ecom_004927,0,0.0,2.0,29.0,34.8,0.0,0.0,2024-01-13
ecom_006735,0,0.0,2.0,35.0,19.47,1.0,0.0,2024-01-05
ecom_002607,0,0.0,1.0,1.0,83.41,0.0,0.0,2024-01-24
ecom_007466,1,1.0,0.0,44.0,33.84,1.0,0.0,2024-01-12
ecom_000238,1,0.0,0.0,7.0,50.8,0.0,0.0,2024-01-21
ecom_004015,1,1.0,0.0,7.0,40.06,0.0,0.0,2024-01-11
ecom_009262,1,0.0,0.0,10.0,25.78,0.0,0.0,2024-01-20
ecom_002977,1,1.0,0.0,42.0,51.53,1.0,0.0,2024-01-27
ecom_005712,0,0.0,0.0,143.0,131.71,1.0,0.0,2024-01-02
ecom_009856,0,0.0,2.0,4.0,39.23,0.0,0.0,2024-01-19
ecom_005473,0,0.0,0.0,6.0,30.27,1.0,0.0,2024-01-08
ecom_000945,0,0.0,0.0,66.0,14.65,0.0,0.0,2024-01-03
ecom_008251,1,0.0,0.0,33.0,17.17,1.0,0.0,2024-01-27
ecom_007681,1,0.0,2.0,69.0,99.35,1.0,1.0,2024-01-13
ecom_005097,0,0.0,0.0,46.0,0.0,1.0,0.0,2024-01-16
ecom_006805,1,0.0,0.0,6.0,131.52,0.0,0.0,2024-01-17
ecom_005803,1,0.0,0.0,16.0,16.54,0.0,0.0,2024-01-18
ecom_003552,0,0.0,2.0,74.0,14.2,1.0,0.0,2024-01-09
ecom_009969,0,0.0,2.0,1.0,35.82,0.0,0.0,2024-01-29
ecom_003360,0,0.0,1.0,14.0,55.25,0.0,0.0,2024-01-14
ecom_008249,0,0.0,2.0,37.0,23.72,1.0,0.0,2024-01-29
ecom_002410,0,0.0,1.0,126.0,42.82,1.0,0.0,2024-01-25
ecom_004507,0,0.0,2.0,120.0,0.0,0.0,0.0,2024-01-16
ecom_008462,1,0.0,2.0,56.0,148.18,1.0,0.0,2024-01-19
ecom_003982,0,0.0,0.0,1.0,67.8,1.0,1.0,2024-01-20
ecom_000146,1,0.0,0.0,54.0,47.5,1.0,0.0,2024-01-19
ecom_006648,0,0.0,0.0,33.0,31.11,1.0,0.0,2024-01-14
ecom_002294,0,0.0,0.0,46.0,10.59,1.0,0.0,2024-01-12
ecom_002253,1,0.0,1.0,110.0,0.0,1.0,0.0,2024-01-24
ecom_003611,0,0.0,2.0,82.0,0.0,1.0,0.0,2024-01-30
ecom_005353,0,0.0,0.0,91.0,0.0,0.0,1.0,2024-01-09
ecom_001736,0,0.0,0.0,51.0,23.22,1.0,0.0,2024-01-16
ecom_007915,1,0.0,0.0,50.0,12.21,1.0,0.0,2024-01-22
ecom_007659,0,1.0,0.0,23.0,34.15,0.0,0.0,2024-01-25
ecom_000114,0,0.0,0.0,39.0,21.12,1.0,0.0,2024-01-22
ecom_008860,1,0.0,2.0,104.0,34.83,1.0,0.0,2024-01-08
ecom_005649,0,0.0,1.0,54.0,24.88,1.0,0.0,2024-01-24
ecom_009844,0,0.0,0.0,19.0,16.42,1.0,0.0,2024-01-30
ecom_000498,0,0.0,0.0,42.0,0.0,1.0,0.0,2024-01-22
ecom_007822,1,0.0,1.0,187.0,76.06,1.0,0.0,2024-01-26
ecom_000720,1,0.0,2.0,17.0,0.0,0.0,0.0,2024-01-23
ecom_007258,0,0.0,2.0,6.0,23.1,0.0,1.0,2024-01-06
ecom_008843,0,0.0,0.0,7.0,23.61,0.0,0.0,2024-01-23
ecom_005730,1,0.0,1.0,113.0,41.39,1.0,0.0,2024-01-26
ecom_003089,1,0.0,2.0,72.0,34.21,1.0,0.0,2024-01-01
ecom_007226,1,0.0,2.0,18.0,58.6,0.0,0.0,2024-01-15
ecom_007306,1,0.0,2.0,63.0,25.25,1.0,0.0,2024-01-25
ecom_006508,0,0.0,2.0,12.0,0.0,0.0,0.0,2024-01-20
ecom_000596,0,0.0,2.0,127.0,30.61,1.0,0.0,2024-01-01
ecom_009092,0,0.0,0.0,84.0,11.53,1.0,0.0,2024-01-09
ecom_006095,0,0.0,2.0,10.0,0.0,1.0,0.0,2024-01-24
ecom_006053,0,0.0,2.0,46.0,0.0,1.0,0.0,2024-01-26
ecom_005164,1,0.0,0.0,16.0,49.15,1.0,0.0,2024-01-02
ecom_001647,0,0.0,2.0,8.0,61.42,0.0,0.0,2024-01-01
ecom_008167,1,0.0,2.0,1.0,10.01,0.0,0.0,2024-01-25
ecom_006920,0,0.0,2.0,11.0,24.99,0.0,0.0,2024-01-07
ecom_002700,1,0.0,2.0,35.0,22.2,1.0,1.0,2024-01-01
ecom_008203,0,0.0,0.0,76.0,9.68,1.0,0.0,2024-01-20
ecom_001700,0,0.0,0.0,48.0,0.0,1.0,0.0,2024-01-30
ecom_008943,1,0.0,0.0,100.0,22.63,1.0,0.0,2024-01-04
ecom_005404,1,0.0,2.0,71.0,120.07,1.0,0.0,2024-01-21
ecom_007219,1,0.0,2.0,17.0,60.27,0.0,0.0,2024-01-13
ecom_007502,1,0.0,0.0,7.0,0.0,0.0,0.0,2024-01-18
ecom_002942,0,0.0,2.0,46.0,10.52,0.0,0.0,2024-01-15
ecom_006301,0,0.0,0.0,156.0,35.81,1.0,0.0,2024-01-08
ecom_000086,1,1.0,1.0,79.0,0.0,1.0,0.0,2024-01-08
ecom_002308,1,0.0,0.0,114.0,18.11,1.0,0.0,2024-01-18
ecom_002677,1,0.0,0.0,46.0,28.22,1.0,1.0,2024-01-30
ecom_008216,0,0.0,2.0,157.0,23.98,1.0,0.0,2024-01-04
ecom_007729,1,0.0,0.0,120.0,30.77,1.0,0.0,2024-01-01
ecom_002594,0,0.0,2.0,63.0,51.51,1.0,0.0,2024-01-16
ecom_005884,0,0.0,1.0,67.0,0.0,1.0,0.0,2024-01-26
ecom_001029,0,0.0,2.0,28.0,48.07,1.0,0.0,2024-01-19
ecom_000136,0,0.0,2.0,85.0,0.0,1.0,0.0,2024-01-04
ecom_006831,1,0.0,0.0,1.0,49.84,0.0,0.0,2024-01-23
ecom_007814,1,0.0,2.0,91.0,0.0,1.0,0.0,2024-01-03
ecom_002854,0,0.0,2.0,97.0,116.47,1.0,0.0,2024-01-21
ecom_004409,1,0.0,1.0,28.0,0.0,0.0,0.0,2024-01-06
ecom_001200,1,0.0,1.0,92.0,23.16,1.0,0.0,2024-01-25
ecom_004717,0,0.0,0.0,65.0,25.7,1.0,0.0,2024-01-04
ecom_009517,0,0.0,2.0,14.0,20.46,0.0,0.0,2024-01-25
ecom_006594,1,0.0,2.0,99.0,18.81,1.0,0.0,2024-01-12
ecom_000566,0,0.0,2.0,14.0,0.0,0.0,0.0,2024-01-11
ecom_007328,0,0.0,1.0,54.0,14.85,1.0,0.0,2024-01-01
ecom_005430,1,0.0,0.0,18.0,17.16,0.0,0.0,2024-01-16
ecom_003927,0,0.0,0.0,87.0,73.38,1.0,0.0,2024-01-06
ecom_006055,1,0.0,2.0,1.0,210.06,0.0,0.0,2024-01-26
ecom_007589,1,0.0,2.0,7.0,33.54,0.0,0.0,2024-01-15
ecom_007122,1,1.0,0.0,17.0,62.9,1.0,0.0,2024-01-23
ecom_006572,0,0.0,0.0,11.0,16.17,0.0,0.0,2024-01-13
ecom_006535,0,0.0,2.0,7.0,37.11,0.0,0.0,2024-01-02
ecom_008913,0,0.0,0.0,79.0,0.0,1.0,0.0,2024-01-04
ecom_008275,1,0.0,0.0,40.0,14.88,1.0,0.0,2024-01-25
ecom_002330,1,0.0,2.0,32.0,19.04,1.0,0.0,2024-01-18
ecom_003515,1,0.0,0.0,23.0,53.19,0.0,0.0,2024-01-03
ecom_002187,0,0.0,2.0,2.0,0.0,0.0,1.0,2024-01-11
ecom_000195,0,0.0,1.0,15.0,0.0,0.0,0.0,2024-01-29
ecom_007257,1,0.0,2.0,21.0,0.0,1.0,0.0,2024-01-24
ecom_005666,0,0.0,0.0,12.0,98.19,0.0,0.0,2024-01-27
ecom_005059,1,0.0,0.0,88.0,28.68,1.0,0.0,2024-01-06
ecom_000802,0,0.0,2.0,3.0,33.58,0.0,0.0,2024-01-02
ecom_008848,0,0.0,2.0,77.0,97.63,1.0,0.0,2024-01-08
ecom_009928,1,0.0,1.0,70.0,0.0,1.0,0.0,2024-01-18
ecom_002068,0,0.0,0.0,17.0,35.21,0.0,0.0,2024-01-26
ecom_009082,0,0.0,2.0,34.0,34.28,1.0,0.0,2024-01-02
ecom_008744,0,0.0,0.0,208.0,0.0,1.0,0.0,2024-01-19
ecom_000644,0,0.0,0.0,1.0,12.98,1.0,0.0,2024-01-25
ecom_009374,1,0.0,1.0,20.0,0.0,0.0,0.0,2024-01-16
ecom_005103,1,1.0,0.0,163.0,31.65,1.0,1.0,2024-01-27
ecom_005460,0,0.0,0.0,83.0,276.35,1.0,0.0,2024-01-05
ecom_001637,1,0.0,1.0,16.0,82.26,0.0,0.0,2024-01-30
ecom_000120,1,0.0,2.0,14.0,0.0,0.0,1.0,2024-01-04
ecom_002981,1,0.0,2.0,99.0,37.91,1.0,0.0,2024-01-03
ecom_005069,0,0.0,2.0,19.0,13.99,0.0,0.0,2024-01-08
ecom_003074,1,0.0,2.0,47.0,18.55,1.0,0.0,2024-01-03
ecom_008927,0,0.0,1.0,65.0,39.76,1.0,0.0,2024-01-08
ecom_003278,0,0.0,0.0,1.0,65.58,0.0,0.0,2024-01-10
ecom_002135,1,0.0,1.0,14.0,9.2,0.0,0.0,2024-01-16
ecom_008941,1,0.0,0.0,1.0,25.57,0.0,0.0,2024-01-02
ecom_004970,1,0.0,0.0,9.0,0.0,0.0,0.0,2024-01-18
ecom_006195,0,0.0,2.0,2.0,48.81,1.0,0.0,2024-01-28
ecom_000134,1,1.0,0.0,3.0,0.0,1.0,0.0,2024-01-27
ecom_007731,1,0.0,0.0,5.0,44.17,0.0,0.0,2024-01-11
ecom_005324,1,1.0,2.0,9.0,87.39,0.0,0.0,2024-01-30
ecom_009640,0,0.0,2.0,1.0,37.45,0.0,0.0,2024-01-17
ecom_006160,1,0.0,2.0,29.0,39.06,1.0,0.0,2024-01-29
ecom_002559,0,0.0,1.0,39.0,0.0,1.0,0.0,2024-01-15
ecom_000062,0,0.0,1.0,12.0,20.12,0.0,0.0,2024-01-18
ecom_001358,1,0.0,2.0,6.0,17.62,0.0,0.0,2024-01-15
ecom_006725,0,0.0,2.0,21.0,59.24,0.0,0.0,2024-01-24
ecom_002467,1,0.0,0.0,13.0,64.4,0.0,0.0,2024-01-16
ecom_000679,1,0.0,0.0,116.0,15.05,1.0,0.0,2024-01-04
ecom_006797,1,1.0,1.0,40.0,50.09,0.0,0.0,2024-01-18
ecom_000741,0,0.0,0.0,83.0,49.17,0.0,1.0,2024-01-28
ecom_005307,1,0.0,0.0,147.0,14.84,1.0,0.0,2024-01-19
ecom_007627,0,0.0,1.0,368.0,0.0,1.0,0.0,2024-01-28
ecom_003641,1,0.0,0.0,49.0,16.77,1.0,1.0,2024-01-08
ecom_000444,1,0.0,0.0,43.0,116.37,1.0,0.0,2024-01-15
ecom_008140,1,0.0,0.0,264.0,31.44,1.0,0.0,2024-01-15
ecom_003258,0,0.0,2.0,86.0,58.83,1.0,0.0,2024-01-30
ecom_004663,1,0.0,0.0,29.0,42.71,0.0,0.0,2024-01-30
ecom_001873,1,0.0,2.0,77.0,69.27,1.0,0.0,2024-01-01
ecom_006366,0,0.0,0.0,48.0,266.76,1.0,0.0,2024-01-12
ecom_002596,1,0.0,0.0,122.0,31.99,1.0,0.0,2024-01-25
ecom_001717,1,0.0,1.0,83.0,0.0,1.0,0.0,2024-01-09
ecom_002912,1,0.0,2.0,116.0,28.89,1.0,1.0,2024-01-10
ecom_002843,1,0.0,0.0,46.0,22.28,1.0,0.0,2024-01-17
ecom_004027,0,0.0,2.0,12.0,0.0,0.0,0.0,2024-01-04
ecom_005488,0,0.0,2.0,20.0,51.34,0.0,0.0,2024-01-17
ecom_008634,0,0.0,0.0,178.0,10.25,0.0,1.0,2024-01-02
ecom_008037,0,0.0,2.0,16.0,18.95,0.0,0.0,2024-01-05
ecom_009232,0,0.0,2.0,37.0,41.76,1.0,0.0,2024-01-23
ecom_000489,1,0.0,0.0,33.0,0.0,1.0,0.0,2024-01-05
ecom_000493,0,0.0,2.0,40.0,46.48,1.0,0.0,2024-01-26
ecom_000690,0,0.0,0.0,9.0,63.91,1.0,0.0,2024-01-12
ecom_003821,0,0.0,0.0,126.0,8.64,1.0,0.0,2024-01-08
ecom_000602,1,0.0,1.0,41.0,38.41,1.0,0.0,2024-01-01
ecom_001911,0,1.0,0.0,22.0,58.06,1.0,0.0,2024-01-02
ecom_001014,1,0.0,0.0,84.0,60.48,1.0,0.0,2024-01-19
ecom_006156,1,0.0,0.0,89.0,71.54,1.0,0.0,2024-01-10
ecom_001993,0,0.0,1.0,165.0,58.67,1.0,0.0,2024-01-30
ecom_005769,0,0.0,2.0,39.0,47.72,1.0,0.0,2024-01-14
ecom_003757,0,0.0,0.0,5.0,29.38,0.0,0.0,2024-01-16
ecom_002366,1,0.0,0.0,16.0,13.65,1.0,0.0,2024-01-26
ecom_005283,0,0.0,0.0,34.0,25.78,1.0,0.0,2024-01-09
ecom_004370,0,0.0,2.0,68.0,34.55,1.0,0.0,2024-01-30
ecom_006883,1,0.0,0.0,25.0,0.0,0.0,0.0,2024-01-03
ecom_007011,1,0.0,0.0,199.0,0.0,1.0,0.0,2024-01-10
ecom_001361,0,0.0,1.0,69.0,61.88,1.0,1.0,2024-01-22
ecom_008461,1,0.0,0.0,188.0,73.65,1.0,0.0,2024-01-21
ecom_001526,0,0.0,0.0,58.0,45.34,1.0,0.0,2024-01-30
ecom_001327,1,0.0,2.0,40.0,0.0,1.0,0.0,2024-01-24
ecom_008507,0,0.0,0.0,17.0,26.1,0.0,0.0,2024-01-30
ecom_009031,1,0.0,2.0,1.0,16.42,0.0,0.0,2024-01-04
ecom_001551,0,0.0,0.0,1.0,60.24,0.0,0.0,2024-01-08
ecom_007769,1,0.0,0.0,41.0,30.09,1.0,0.0,2024-01-20
ecom_009908,0,0.0,0.0,99.0,42.17,1.0,0.0,2024-01-18
ecom_001337,1,0.0,1.0,16.0,83.44,0.0,0.0,2024-01-09
ecom_003901,1,0.0,2.0,57.0,103.99,1.0,1.0,2024-01-18
ecom_003010,0,0.0,0.0,118.0,23.51,1.0,0.0,2024-01-11
ecom_005041,1,0.0,2.0,96.0,0.0,0.0,0.0,2024-01-01
ecom_008825,0,0.0,1.0,28.0,108.28,0.0,0.0,2024-01-01
ecom_002250,0,0.0,2.0,1.0,23.6,0.0,0.0,2024-01-30
ecom_006533,1,0.0,0.0,5.0,148.13,0.0,0.0,2024-01-26
ecom_005039,0,0.0,2.0,24.0,45.77,0.0,0.0,2024-01-28
ecom_002346,0,0.0,2.0,35.0,39.97,1.0,0.0,2024-01-01
ecom_009282,1,0.0,0.0,50.0,77.82,1.0,0.0,2024-01-18
ecom_005485,1,0.0,0.0,20.0,24.06,0.0,0.0,2024-01-27
ecom_002784,1,0.0,0.0,243.0,0.0,1.0,0.0,2024-01-01
ecom_005119,0,0.0,0.0,10.0,65.4,0.0,0.0,2024-01-29
ecom_007550,1,0.0,2.0,1.0,13.15,1.0,0.0,2024-01-17
ecom_005555,1,0.0,0.0,66.0,33.99,1.0,1.0,2024-01-22
ecom_005599,0,0.0,2.0,7.0,0.0,0.0,0.0,2024-01-15
ecom_007630,1,0.0,0.0,24.0,37.85,0.0,0.0,2024-01-14
ecom_000150,1,0.0,2.0,79.0,62.79,1.0,0.0,2024-01-25
ecom_002804,1,0.0,0.0,115.0,27.6,1.0,0.0,2024-01-16
ecom_005874,1,0.0,2.0,33.0,54.36,1.0,0.0,2024-01-21
ecom_002086,0,0.0,1.0,118.0,46.77,1.0,0.0,2024-01-10
ecom_003751,0,0.0,2.0,16.0,10.93,0.0,0.0,2024-01-26
ecom_005612,1,0.0,2.0,3.0,0.0,0.0,0.0,2024-01-16
ecom_002259,0,0.0,0.0,101.0,15.56,1.0,1.0,2024-01-22
ecom_004017,1,0.0,2.0,55.0,36.97,1.0,0.0,2024-01-28
ecom_006113,0,0.0,1.0,5.0,0.0,0.0,0.0,2024-01-03
ecom_006058,1,0.0,2.0,28.0,45.03,0.0,0.0,2024-01-23
ecom_002424,0,0.0,0.0,37.0,10.03,1.0,0.0,2024-01-22
ecom_008034,1,0.0,1.0,84.0,19.47,1.0,0.0,2024-01-09
ecom_003856,0,0.0,2.0,49.0,0.0,1.0,0.0,2024-01-10
ecom_000859,0,1.0,0.0,15.0,22.23,0.0,0.0,2024-01-29
ecom_008170,1,0.0,1.0,21.0,9.16,1.0,0.0,2024-01-28
ecom_007591,1,0.0,2.0,40.0,23.16,1.0,0.0,2024-01-24
ecom_008097,0,0.0,0.0,279.0,13.56,1.0,0.0,2024-01-17
ecom_007320,1,0.0,0.0,3.0,38.13,0.0,0.0,2024-01-30
ecom_008563,1,0.0,2.0,16.0,57.35,0.0,0.0,2024-01-05
ecom_004739,0,0.0,2.0,55.0,16.24,0.0,0.0,2024-01-06
ecom_008594,1,0.0,2.0,78.0,25.5,1.0,0.0,2024-01-26
ecom_004462,0,0.0,0.0,8.0,59.19,0.0,0.0,2024-01-12
ecom_005528,1,0.0,2.0,18.0,0.0,0.0,0.0,2024-01-14
ecom_001364,1,0.0,2.0,105.0,10.53,1.0,0.0,2024-01-02
ecom_001779,0,0.0,0.0,18.0,8.42,0.0,0.0,2024-01-29
ecom_009221,1,1.0,2.0,75.0,63.7,1.0,0.0,2024-01-01
ecom_004785,0,0.0,0.0,33.0,18.47,0.0,1.0,2024-01-18
ecom_006334,1,0.0,0.0,41.0,74.51,1.0,0.0,2024-01-15
ecom_001818,1,0.0,0.0,57.0,0.0,1.0,0.0,2024-01-24
ecom_007799,0,0.0,2.0,21.0,24.81,0.0,0.0,2024-01-19
ecom_004937,0,0.0,2.0,72.0,12.94,1.0,0.0,2024-01-07
ecom_002704,0,0.0,0.0,21.0,0.0,0.0,0.0,2024-01-30
ecom_005285,0,0.0,2.0,28.0,51.79,0.0,0.0,2024-01-07
ecom_000175,1,0.0,0.0,22.0,35.08,0.0,0.0,2024-01-28
ecom_007481,0,0.0,2.0,86.0,89.88,1.0,0.0,2024-01-09
ecom_002093,0,0.0,1.0,5.0,36.36,0.0,0.0,2024-01-15
ecom_008750,0,0.0,0.0,4.0,50.4,0.0,0.0,2024-01-04
ecom_003491,0,0.0,2.0,13.0,45.03,0.0,1.0,2024-01-01
ecom_001920,1,1.0,2.0,55.0,7.81,0.0,0.0,2024-01-09
ecom_000082,1,0.0,1.0,11.0,111.49,0.0,0.0,2024-01-23
ecom_000816,1,0.0,2.0,18.0,63.5,0.0,1.0,2024-01-25
ecom_008601,0,0.0,0.0,13.0,29.64,0.0,0.0,2024-01-01
ecom_007354,0,0.0,2.0,32.0,83.42,0.0,0.0,2024-01-18
ecom_004396,1,0.0,2.0,1.0,74.09,0.0,0.0,2024-01-08
ecom_009181,1,0.0,2.0,83.0,0.0,1.0,0.0,2024-01-16
ecom_005568,1,0.0,2.0,44.0,9.89,1.0,0.0,2024-01-19
ecom_000283,1,0.0,2.0,43.0,101.38,1.0,1.0,2024-01-25
ecom_004120,0,0.0,2.0,1.0,25.19,0.0,0.0,2024-01-03
ecom_007480,0,0.0,0.0,25.0,23.0,0.0,0.0,2024-01-05
ecom_000609,1,0.0,2.0,38.0,37.08,0.0,0.0,2024-01-13
ecom_002915,0,0.0,1.0,39.0,0.0,1.0,0.0,2024-01-09
ecom_001813,0,0.0,2.0,74.0,46.15,1.0,0.0,2024-01-26
ecom_001271,1,0.0,0.0,215.0,0.0,1.0,0.0,2024-01-01
ecom_005924,0,0.0,0.0,31.0,77.95,1.0,0.0,2024-01-25
ecom_009595,0,0.0,2.0,62.0,0.0,1.0,0.0,2024-01-12
ecom_002994,0,0.0,1.0,67.0,0.0,1.0,0.0,2024-01-30
ecom_007109,1,0.0,1.0,37.0,27.69,1.0,0.0,2024-01-02
ecom_008613,1,0.0,0.0,11.0,0.0,0.0,0.0,2024-01-23
ecom_007356,1,0.0,1.0,151.0,21.9,0.0,0.0,2024-01-19
ecom_002642,1,1.0,1.0,10.0,10.44,0.0,0.0,2024-01-10
ecom_006553,0,0.0,0.0,96.0,90.89,1.0,0.0,2024-01-02
ecom_004508,1,0.0,2.0,5.0,38.22,0.0,0.0,2024-01-08
ecom_002305,0,0.0,0.0,13.0,58.62,0.0,0.0,2024-01-18
ecom_006502,1,0.0,1.0,114.0,18.9,1.0,1.0,2024-01-19
ecom_006260,1,0.0,0.0,152.0,21.75,1.0,0.0,2024-01-13
ecom_004195,1,0.0,2.0,28.0,57.63,0.0,0.0,2024-01-10
ecom_005562,1,0.0,2.0,8.0,58.17,1.0,0.0,2024-01-10
ecom_004840,1,0.0,0.0,52.0,51.21,1.0,0.0,2024-01-01
ecom_004655,0,0.0,2.0,5.0,14.17,0.0,0.0,2024-01-29
ecom_008147,0,0.0,2.0,24.0,37.88,0.0,0.0,2024-01-07
ecom_004168,0,1.0,2.0,23.0,20.63,0.0,0.0,2024-01-21
ecom_003849,1,0.0,0.0,23.0,0.0,0.0,0.0,2024-01-13
ecom_009847,0,0.0,1.0,43.0,9.02,1.0,0.0,2024-01-29
ecom_008401,1,0.0,0.0,85.0,131.9,1.0,0.0,2024-01-23
ecom_005253,0,0.0,1.0,58.0,36.48,1.0,0.0,2024-01-08
ecom_007884,1,0.0,0.0,9.0,31.07,0.0,0.0,2024-01-07
ecom_005533,1,0.0,2.0,3.0,7.93,0.0,0.0,2024-01-18
ecom_002414,0,0.0,2.0,37.0,44.51,1.0,0.0,2024-01-16
ecom_003554,1,0.0,2.0,16.0,42.26,0.0,0.0,2024-01-02
ecom_004691,1,0.0,0.0,62.0,40.25,1.0,0.0,2024-01-23
ecom_004498,1,0.0,1.0,89.0,58.78,1.0,0.0,2024-01-25
ecom_002195,1,0.0,2.0,179.0,108.13,1.0,0.0,2024-01-25
ecom_005045,1,0.0,2.0,98.0,39.11,1.0,0.0,2024-01-18
ecom_002600,0,0.0,0.0,89.0,25.22,0.0,0.0,2024-01-30
ecom_001518,0,0.0,0.0,104.0,0.0,1.0,0.0,2024-01-19
ecom_004764,1,0.0,2.0,91.0,0.0,1.0,0.0,2024-01-10
ecom_004314,1,0.0,2.0,73.0,22.46,1.0,0.0,2024-01-09
ecom_003366,1,0.0,0.0,122.0,34.27,1.0,0.0,2024-01-10
ecom_006065,1,0.0,0.0,39.0,0.0,1.0,0.0,2024-01-16
ecom_006582,0,0.0,0.0,36.0,9.54,1.0,0.0,2024-01-22
ecom_002633,1,0.0,1.0,116.0,0.0,1.0,0.0,2024-01-01
ecom_007337,1,0.0,1.0,9.0,31.67,0.0,0.0,2024-01-23
ecom_005633,1,0.0,0.0,22.0,34.35,0.0,0.0,2024-01-15
ecom_009168,1,0.0,2.0,100.0,18.44,1.0,0.0,2024-01-21
ecom_008789,1,0.0,0.0,29.0,7.25,0.0,0.0,2024-01-23
ecom_002434,1,0.0,2.0,141.0,41.28,1.0,0.0,2024-01-16
ecom_008277,0,0.0,0.0,53.0,102.55,1.0,0.0,2024-01-22
ecom_006758,1,0.0,0.0,219.0,140.05,0.0,0.0,2024-01-11
ecom_006611,1,0.0,1.0,289.0,0.0,1.0,0.0,2024-01-16
ecom_004520,1,0.0,1.0,17.0,0.0,0.0,0.0,2024-01-18
ecom_005587,1,0.0,2.0,78.0,62.03,1.0,0.0,2024-01-07
ecom_003545,0,0.0,2.0,58.0,0.0,1.0,0.0,2024-01-17
ecom_005965,1,0.0,0.0,114.0,30.33,1.0,0.0,2024-01-25
ecom_005992,0,0.0,2.0,24.0,9.37,0.0,0.0,2024-01-15
ecom_008805,0,0.0,1.0,4.0,19.46,0.0,0.0,2024-01-09
ecom_005531,1,0.0,0.0,4.0,34.24,0.0,0.0,2024-01-06
ecom_005444,1,0.0,2.0,4.0,61.76,0.0,0.0,2024-01-23
ecom_000517,0,0.0,1.0,18.0,0.0,0.0,0.0,2024-01-16
ecom_006110,0,0.0,2.0,54.0,126.21,1.0,0.0,2024-01-23
ecom_006864,0,0.0,0.0,1.0,0.0,0.0,0.0,2024-01-04
ecom_007960,1,0.0,0.0,77.0,52.98,1.0,0.0,2024-01-06
ecom_001415,1,0.0,0.0,6.0,26.52,0.0,0.0,2024-01-23
ecom_004664,0,0.0,0.0,116.0,37.43,1.0,0.0,2024-01-22
ecom_004456,1,0.0,2.0,14.0,12.82,0.0,0.0,2024-01-30
ecom_002761,0,0.0,2.0,74.0,0.0,1.0,0.0,2024-01-11
ecom_004855,1,0.0,1.0,115.0,105.96,1.0,0.0,2024-01-10
ecom_000127,1,0.0,2.0,11.0,56.59,0.0,0.0,2024-01-12
ecom_003474,1,0.0,2.0,74.0,0.0,1.0,0.0,2024-01-21
ecom_007969,1,0.0,0.0,188.0,0.0,1.0,0.0,2024-01-05
ecom_004310,1,0.0,1.0,12.0,18.03,0.0,0.0,2024-01-02
ecom_002438,1,0.0,0.0,7.0,36.67,0.0,0.0,2024-01-24
ecom_003765,1,0.0,0.0,1.0,22.61,0.0,0.0,2024-01-18
ecom_006876,0,0.0,2.0,11.0,25.88,0.0,0.0,2024-01-22
ecom_005896,1,0.0,2.0,42.0,0.0,1.0,0.0,2024-01-18
ecom_005840,1,0.0,2.0,47.0,67.3,1.0,0.0,2024-01-10
ecom_008842,1,1.0,2.0,59.0,26.01,1.0,0.0,2024-01-20
ecom_009770,1,0.0,2.0,173.0,59.09,1.0,0.0,2024-01-29
ecom_001473,0,0.0,0.0,23.0,30.51,0.0,0.0,2024-01-27
ecom_004821,1,0.0,0.0,10.0,20.08,0.0,0.0,2024-01-24
ecom_006915,0,0.0,1.0,5.0,6.42,0.0,0.0,2024-01-24
ecom_003560,1,0.0,0.0,39.0,15.65,1.0,0.0,2024-01-30
ecom_003951,0,0.0,0.0,60.0,49.95,0.0,0.0,2024-01-01
ecom_000049,1,0.0,1.0,252.0,29.26,1.0,0.0,2024-01-30
ecom_005437,1,0.0,0.0,90.0,14.46,1.0,0.0,2024-01-20
ecom_009897,0,0.0,0.0,4.0,33.9,0.0,1.0,2024-01-09
ecom_000887,1,0.0,0.0,111.0,11.3,1.0,1.0,2024-01-01
ecom_002616,1,0.0,0.0,4.0,0.0,0.0,0.0,2024-01-19
ecom_000516,0,0.0,1.0,22.0,113.32,0.0,0.0,2024-01-02
ecom_003168,1,0.0,1.0,135.0,147.99,1.0,1.0,2024-01-23
ecom_002949,0,0.0,2.0,22.0,51.02,0.0,0.0,2024-01-07
ecom_001424,1,0.0,1.0,15.0,23.16,0.0,0.0,2024-01-22
ecom_000139,0,0.0,2.0,2.0,0.0,0.0,0.0,2024-01-16
ecom_001924,1,0.0,2.0,89.0,107.94,1.0,0.0,2024-01-08
ecom_002378,1,0.0,1.0,134.0,0.0,1.0,0.0,2024-01-19
ecom_003197,0,0.0,0.0,85.0,13.46,1.0,0.0,2024-01-01
ecom_005131,1,0.0,2.0,8.0,45.48,0.0,0.0,2024-01-08
ecom_000112,1,0.0,2.0,109.0,0.0,1.0,1.0,2024-01-23
ecom_004559,1,0.0,1.0,190.0,40.88,1.0,0.0,2024-01-25
ecom_004595,0,0.0,0.0,102.0,0.0,1.0,0.0,2024-01-12
ecom_007997,1,1.0,0.0,10.0,18.77,1.0,0.0,2024-01-26
ecom_003250,0,0.0,0.0,9.0,138.3,0.0,0.0,2024-01-18
ecom_004690,0,0.0,1.0,5.0,46.37,0.0,0.0,2024-01-30
ecom_008115,1,0.0,2.0,140.0,17.12,0.0,0.0,2024-01-08
ecom_007767,0,0.0,0.0,69.0,76.34,0.0,0.0,2024-01-23
ecom_004546,1,0.0,2.0,41.0,0.0,1.0,0.0,2024-01-17
ecom_007084,0,0.0,0.0,31.0,15.54,1.0,0.0,2024-01-01
ecom_003277,0,0.0,0.0,252.0,14.63,1.0,0.0,2024-01-08
ecom_007542,0,0.0,2.0,37.0,38.33,0.0,0.0,2024-01-29
ecom_006593,0,0.0,1.0,88.0,16.41,0.0,0.0,2024-01-02
ecom_004068,1,0.0,2.0,159.0,0.0,1.0,0.0,2024-01-22
ecom_004408,0,0.0,0.0,24.0,17.04,0.0,0.0,2024-01-22
ecom_008644,0,0.0,2.0,11.0,89.01,0.0,0.0,2024-01-30
ecom_008588,1,0.0,2.0,70.0,13.78,1.0,0.0,2024-01-27
ecom_007384,1,0.0,1.0,48.0,20.14,0.0,1.0,2024-01-18
ecom_003222,1,0.0,0.0,21.0,49.25,0.0,0.0,2024-01-08
ecom_008210,1,0.0,2.0,50.0,14.03,1.0,0.0,2024-01-08
ecom_000451,0,0.0,0.0,67.0,27.47,1.0,0.0,2024-01-28
ecom_003731,0,0.0,2.0,92.0,28.47,1.0,0.0,2024-01-07
ecom_008953,1,0.0,1.0,1.0,90.92,0.0,0.0,2024-01-08
ecom_004986,0,0.0,0.0,39.0,8.21,1.0,0.0,2024-01-22
ecom_003663,0,1.0,0.0,10.0,47.25,0.0,0.0,2024-01-27
ecom_002763,0,0.0,0.0,86.0,36.2,1.0,0.0,2024-01-01
ecom_000658,0,0.0,2.0,52.0,27.82,0.0,1.0,2024-01-07
ecom_007678,1,0.0,0.0,76.0,42.88,1.0,0.0,2024-01-18
ecom_007676,1,0.0,2.0,6.0,110.43,0.0,0.0,2024-01-25
ecom_004620,1,0.0,2.0,114.0,17.99,0.0,0.0,2024-01-20
ecom_000999,1,0.0,1.0,19.0,3.93,0.0,0.0,2024-01-26
ecom_000389,1,0.0,0.0,50.0,28.62,0.0,0.0,2024-01-26
ecom_003407,0,0.0,0.0,15.0,47.21,0.0,0.0,2024-01-09
ecom_001476,0,0.0,2.0,74.0,29.13,1.0,0.0,2024-01-25
ecom_002240,0,0.0,2.0,71.0,0.0,1.0,1.0,2024-01-23
ecom_002386,1,1.0,0.0,16.0,26.32,0.0,0.0,2024-01-10
ecom_009139,0,1.0,0.0,40.0,0.0,1.0,0.0,2024-01-15
ecom_000992,0,0.0,2.0,132.0,68.3,1.0,0.0,2024-01-12
ecom_004997,0,0.0,2.0,55.0,10.78,1.0,0.0,2024-01-11
ecom_003922,0,0.0,0.0,54.0,0.0,1.0,0.0,2024-01-05
ecom_002972,1,0.0,1.0,26.0,45.16,1.0,0.0,2024-01-06
ecom_003386,1,0.0,2.0,41.0,13.15,1.0,0.0,2024-01-28
ecom_007885,0,0.0,0.0,15.0,60.8,0.0,1.0,2024-01-06
ecom_008812,1,0.0,0.0,25.0,0.0,0.0,0.0,2024-01-04
ecom_004769,1,0.0,2.0,25.0,9.9,1.0,1.0,2024-01-29
ecom_001293,0,0.0,0.0,24.0,14.03,0.0,0.0,2024-01-02
ecom_001824,0,0.0,0.0,114.0,12.05,1.0,0.0,2024-01-30
ecom_002873,1,0.0,2.0,37.0,0.0,1.0,0.0,2024-01-17
ecom_004173,0,0.0,2.0,1.0,0.0,0.0,0.0,2024-01-29
ecom_002535,0,0.0,2.0,49.0,40.86,1.0,0.0,2024-01-09
ecom_009132,0,0.0,2.0,92.0,15.25,1.0,0.0,2024-01-20
ecom_001907,1,0.0,1.0,107.0,0.0,1.0,0.0,2024-01-10
ecom_000042,0,0.0,0.0,45.0,42.22,1.0,0.0,2024-01-12
ecom_009491,0,0.0,0.0,1.0,0.0,0.0,0.0,2024-01-26
ecom_000368,1,0.0,2.0,12.0,0.0,0.0,0.0,2024-01-23
ecom_001151,1,0.0,2.0,48.0,0.0,1.0,0.0,2024-01-03
ecom_007752,0,0.0,0.0,19.0,0.0,0.0,0.0,2024-01-10
ecom_006358,0,0.0,0.0,25.0,0.0,1.0,0.0,2024-01-26
ecom_005912,0,0.0,0.0,59.0,0.0,1.0,0.0,2024-01-08
ecom_006507,0,1.0,0.0,294.0,67.88,1.0,0.0,2024-01-16
ecom_007525,1,0.0,1.0,32.0,9.86,1.0,0.0,2024-01-09
ecom_004160,1,0.0,1.0,31.0,13.47,0.0,0.0,2024-01-27
ecom_004287,0,0.0,0.0,179.0,96.72,0.0,0.0,2024-01-21
ecom_007775,1,0.0,1.0,62.0,18.09,1.0,0.0,2024-01-12
ecom_006714,1,0.0,2.0,16.0,0.0,0.0,0.0,2024-01-04
ecom_000174,0,0.0,2.0,189.0,19.28,1.0,0.0,2024-01-08
ecom_001903,1,0.0,0.0,90.0,0.0,1.0,0.0,2024-01-13
ecom_001099,0,0.0,0.0,98.0,72.16,1.0,0.0,2024-01-09
ecom_008114,0,0.0,2.0,39.0,30.52,0.0,0.0,2024-01-06
ecom_003408,1,0.0,2.0,33.0,8.92,1.0,0.0,2024-01-03
ecom_001538,0,0.0,2.0,18.0,0.0,1.0,0.0,2024-01-08
ecom_002292,1,0.0,2.0,80.0,91.8,1.0,0.0,2024-01-04
ecom_009300,1,1.0,0.0,235.0,49.73,1.0,0.0,2024-01-18
ecom_001363,1,0.0,2.0,30.0,0.0,0.0,0.0,2024-01-11
ecom_007188,1,1.0,2.0,49.0,190.23,1.0,0.0,2024-01-23
ecom_006627,1,0.0,2.0,35.0,51.37,0.0,0.0,2024-01-12
ecom_005260,1,0.0,1.0,97.0,13.36,1.0,0.0,2024-01-09
ecom_006815,0,1.0,0.0,9.0,0.0,0.0,0.0,2024-01-10
ecom_009461,0,0.0,2.0,52.0,19.68,1.0,0.0,2024-01-01
ecom_000680,1,0.0,0.0,101.0,40.21,1.0,0.0,2024-01-30
ecom_009315,1,0.0,0.0,31.0,30.53,1.0,0.0,2024-01-12
ecom_009298,1,0.0,0.0,77.0,50.93,0.0,0.0,2024-01-28
ecom_003664,0,0.0,1.0,15.0,58.02,0.0,0.0,2024-01-18
ecom_001661,1,0.0,2.0,85.0,18.04,0.0,0.0,2024-01-17
ecom_000508,0,0.0,1.0,42.0,50.71,1.0,0.0,2024-01-23
ecom_000166,0,0.0,2.0,28.0,15.14,0.0,0.0,2024-01-27
ecom_005497,1,0.0,2.0,2.0,17.7,0.0,0.0,2024-01-24
ecom_008299,0,0.0,0.0,97.0,0.0,1.0,0.0,2024-01-02
ecom_001006,1,0.0,2.0,26.0,36.56,0.0,0.0,2024-01-23
ecom_009739,0,0.0,1.0,9.0,48.61,0.0,0.0,2024-01-01
ecom_001914,0,0.0,0.0,28.0,156.88,0.0,0.0,2024-01-13
ecom_003494,0,0.0,1.0,36.0,44.19,1.0,0.0,2024-01-28
ecom_009633,1,0.0,2.0,9.0,47.68,0.0,0.0,2024-01-18
ecom_009750,0,0.0,0.0,14.0,12.77,0.0,0.0,2024-01-10
ecom_006444,0,0.0,1.0,51.0,30.78,1.0,0.0,2024-01-19
ecom_004990,1,0.0,2.0,26.0,0.0,0.0,0.0,2024-01-13
ecom_002536,1,0.0,0.0,1.0,0.0,0.0,0.0,2024-01-17
ecom_001104,1,0.0,2.0,1.0,32.93,0.0,0.0,2024-01-24
ecom_003875,0,0.0,1.0,135.0,91.16,1.0,0.0,2024-01-17
ecom_007523,0,0.0,2.0,162.0,0.0,1.0,0.0,2024-01-02
ecom_001752,1,0.0,1.0,12.0,96.7,0.0,0.0,2024-01-23
ecom_005310,0,0.0,0.0,21.0,24.91,0.0,0.0,2024-01-07
ecom_007296,1,0.0,0.0,101.0,34.31,1.0,0.0,2024-01-02
ecom_002916,1,0.0,2.0,8.0,0.0,0.0,0.0,2024-01-10
ecom_008974,0,1.0,0.0,65.0,50.93,1.0,0.0,2024-01-17
ecom_005754,0,0.0,0.0,5.0,55.1,0.0,1.0,2024-01-13
ecom_000152,0,0.0,1.0,5.0,20.32,0.0,0.0,2024-01-25
ecom_007690,1,0.0,2.0,35.0,191.84,1.0,0.0,2024-01-04
ecom_005679,0,0.0,2.0,490.0,0.0,1.0,0.0,2024-01-21
ecom_003907,1,0.0,0.0,138.0,73.4,1.0,0.0,2024-01-09
ecom_009135,0,0.0,0.0,87.0,6.25,1.0,0.0,2024-01-20
ecom_002552,1,0.0,0.0,111.0,0.0,1.0,0.0,2024-01-02
ecom_002773,1,0.0,2.0,45.0,23.37,1.0,0.0,2024-01-10
ecom_006098,1,0.0,0.0,11.0,12.48,0.0,0.0,2024-01-07
ecom_003551,0,0.0,2.0,63.0,40.87,1.0,0.0,2024-01-08
ecom_003722,1,0.0,2.0,19.0,86.19,0.0,0.0,2024-01-30
ecom_009870,1,0.0,1.0,159.0,57.24,1.0,0.0,2024-01-13
ecom_000520,0,0.0,2.0,33.0,79.06,1.0,0.0,2024-01-28
ecom_008033,0,0.0,2.0,28.0,115.55,0.0,0.0,2024-01-17
ecom_004538,0,0.0,0.0,117.0,0.0,1.0,1.0,2024-01-12
ecom_006778,0,0.0,2.0,9.0,98.64,0.0,0.0,2024-01-26
ecom_001822,1,0.0,1.0,94.0,14.18,1.0,0.0,2024-01-19
ecom_004086,0,0.0,2.0,11.0,44.49,0.0,1.0,2024-01-05
ecom_006148,1,0.0,1.0,26.0,0.0,1.0,0.0,2024-01-28
ecom_008742,0,0.0,2.0,141.0,41.68,1.0,0.0,2024-01-09
ecom_009472,0,0.0,2.0,68.0,95.59,1.0,0.0,2024-01-26
ecom_007741,0,0.0,2.0,62.0,58.94,1.0,0.0,2024-01-05
ecom_000309,1,0.0,0.0,18.0,46.83,0.0,0.0,2024-01-17
ecom_007720,0,0.0,2.0,91.0,46.43,1.0,0.0,2024-01-02
ecom_008222,1,0.0,1.0,8.0,66.32,0.0,0.0,2024-01-01
ecom_008656,0,0.0,0.0,57.0,18.87,1.0,0.0,2024-01-01
ecom_003599,1,0.0,0.0,105.0,0.0,1.0,0.0,2024-01-28
ecom_003622,1,0.0,2.0,25.0,3.4,0.0,0.0,2024-01-15
ecom_003811,0,0.0,2.0,75.0,48.06,1.0,1.0,2024-01-23
ecom_003450,1,0.0,2.0,24.0,30.57,0.0,0.0,2024-01-26
ecom_004591,0,0.0,2.0,41.0,0.0,1.0,0.0,2024-01-03
ecom_000205,0,0.0,2.0,31.0,0.0,1.0,0.0,2024-01-10
ecom_009840,0,0.0,2.0,40.0,10.23,1.0,0.0,2024-01-10
ecom_001135,0,0.0,0.0,21.0,55.61,0.0,0.0,2024-01-18
ecom_009384,0,0.0,2.0,57.0,33.87,1.0,0.0,2024-01-04
ecom_002749,0,0.0,0.0,53.0,12.62,1.0,0.0,2024-01-09
ecom_003613,0,0.0,2.0,28.0,32.25,0.0,1.0,2024-01-16
ecom_000305,0,0.0,0.0,2.0,39.38,0.0,0.0,2024-01-07
ecom_001849,0,0.0,2.0,16.0,62.97,0.0,0.0,2024-01-15
ecom_007669,0,0.0,0.0,2.0,32.64,0.0,0.0,2024-01-09
ecom_001988,0,0.0,0.0,42.0,14.75,1.0,0.0,2024-01-29
ecom_003240,1,0.0,0.0,69.0,25.16,1.0,0.0,2024-01-22
ecom_002798,1,0.0,0.0,98.0,2.97,1.0,0.0,2024-01-29
ecom_004515,0,0.0,0.0,125.0,0.0,1.0,0.0,2024-01-11
ecom_005630,0,0.0,0.0,220.0,0.0,1.0,0.0,2024-01-15
ecom_009372,1,0.0,2.0,15.0,10.3,0.0,0.0,2024-01-27
ecom_003109,1,0.0,0.0,114.0,56.26,1.0,0.0,2024-01-10
ecom_004939,1,0.0,0.0,91.0,15.64,1.0,1.0,2024-01-24
ecom_004059,0,0.0,2.0,45.0,39.0,0.0,0.0,2024-01-12
ecom_001987,1,0.0,0.0,29.0,16.57,0.0,0.0,2024-01-15
ecom_007157,1,0.0,0.0,20.0,69.85,0.0,0.0,2024-01-13
ecom_008874,0,0.0,0.0,2.0,25.8,0.0,0.0,2024-01-25
ecom_006613,1,0.0,2.0,60.0,38.98,0.0,0.0,2024-01-20
ecom_000383,1,0.0,0.0,22.0,15.84,0.0,0.0,2024-01-29
ecom_005634,1,0.0,0.0,109.0,0.0,1.0,0.0,2024-01-23
ecom_004307,1,1.0,0.0,29.0,0.0,0.0,0.0,2024-01-30
ecom_003388,0,0.0,2.0,12.0,18.03,0.0,0.0,2024-01-05
ecom_003156,1,0.0,2.0,55.0,31.28,1.0,0.0,2024-01-27
ecom_009995,0,0.0,0.0,83.0,24.84,0.0,0.0,2024-01-18
ecom_002727,0,1.0,0.0,4.0,89.97,0.0,0.0,2024-01-05
ecom_006333,1,0.0,2.0,41.0,7.92,1.0,0.0,2024-01-18
ecom_009899,1,0.0,2.0,153.0,39.14,1.0,0.0,2024-01-17
ecom_008751,0,0.0,0.0,25.0,0.0,0.0,0.0,2024-01-20
ecom_008302,1,0.0,2.0,188.0,16.62,1.0,0.0,2024-01-16
ecom_006037,0,0.0,2.0,2.0,0.0,1.0,0.0,2024-01-24
ecom_003832,0,0.0,2.0,10.0,11.02,0.0,0.0,2024-01-08
ecom_008917,1,0.0,2.0,28.0,28.72,0.0,0.0,2024-01-15
ecom_004776,0,0.0,2.0,34.0,0.0,1.0,0.0,2024-01-19
ecom_004276,0,0.0,1.0,8.0,0.0,0.0,0.0,2024-01-29
ecom_000253,0,0.0,2.0,12.0,21.75,0.0,0.0,2024-01-08
ecom_007895,0,0.0,2.0,54.0,8.8,1.0,0.0,2024-01-18
ecom_009590,0,0.0,2.0,131.0,0.0,1.0,0.0,2024-01-27
ecom_007288,1,0.0,1.0,36.0,24.03,1.0,0.0,2024-01-18
ecom_000278,1,0.0,0.0,45.0,219.74,1.0,0.0,2024-01-21
ecom_003252,1,0.0,0.0,13.0,21.13,0.0,1.0,2024-01-26
ecom_002480,1,0.0,1.0,134.0,19.62,1.0,0.0,2024-01-01
ecom_000289,0,0.0,2.0,72.0,24.09,1.0,0.0,2024-01-22
ecom_006086,0,0.0,1.0,109.0,245.28,1.0,0.0,2024-01-25
ecom_003075,0,0.0,1.0,196.0,5.58,1.0,0.0,2024-01-11
ecom_008123,0,0.0,0.0,14.0,86.64,0.0,1.0,2024-01-18
ecom_007598,0,0.0,1.0,17.0,22.39,1.0,0.0,2024-01-07
ecom_006403,1,0.0,2.0,132.0,0.0,1.0,0.0,2024-01-20
ecom_005089,1,0.0,0.0,102.0,10.33,0.0,0.0,2024-01-10
ecom_007283,0,0.0,0.0,33.0,24.61,1.0,0.0,2024-01-30
ecom_009717,1,0.0,1.0,43.0,29.68,1.0,1.0,2024-01-13
ecom_008402,1,0.0,0.0,62.0,106.94,0.0,0.0,2024-01-12
ecom_006121,1,0.0,1.0,97.0,45.55,1.0,0.0,2024-01-02
ecom_007754,0,0.0,1.0,18.0,132.79,0.0,0.0,2024-01-03
ecom_000270,1,0.0,0.0,143.0,205.13,1.0,0.0,2024-01-09
ecom_006009,0,0.0,2.0,13.0,0.0,0.0,1.0,2024-01-12
ecom_004570,1,0.0,2.0,18.0,0.0,0.0,0.0,2024-01-13
ecom_009116,0,0.0,0.0,65.0,0.0,1.0,0.0,2024-01-27
ecom_009803,1,0.0,0.0,6.0,61.68,0.0,0.0,2024-01-09
ecom_002971,1,0.0,0.0,7.0,0.0,0.0,0.0,2024-01-25
ecom_006193,1,0.0,2.0,29.0,21.91,0.0,0.0,2024-01-24
ecom_008768,1,0.0,1.0,46.0,145.62,1.0,0.0,2024-01-03
ecom_004207,1,0.0,1.0,4.0,32.11,0.0,0.0,2024-01-11
ecom_003218,0,0.0,0.0,124.0,22.14,0.0,1.0,2024-01-23
ecom_001391,0,0.0,2.0,46.0,16.12,1.0,0.0,2024-01-13
ecom_003975,0,1.0,0.0,52.0,0.0,1.0,0.0,2024-01-30
ecom_004316,0,0.0,1.0,3.0,0.0,0.0,0.0,2024-01-02
ecom_007959,1,0.0,0.0,117.0,31.6,1.0,0.0,2024-01-25
ecom_007344,1,0.0,1.0,170.0,59.67,1.0,0.0,2024-01-07
ecom_007448,1,0.0,0.0,3.0,0.0,0.0,0.0,2024-01-12
ecom_000083,1,0.0,0.0,46.0,65.33,1.0,0.0,2024-01-02
ecom_000873,1,0.0,0.0,1.0,133.77,0.0,0.0,2024-01-09
ecom_009605,0,0.0,2.0,42.0,78.1,0.0,0.0,2024-01-07
ecom_007635,1,0.0,2.0,76.0,15.74,1.0,0.0,2024-01-28
ecom_004557,0,0.0,1.0,45.0,0.0,0.0,0.0,2024-01-01
ecom_004500,0,0.0,2.0,7.0,41.94,0.0,0.0,2024-01-26
ecom_004647,1,0.0,0.0,12.0,0.0,1.0,0.0,2024-01-03
ecom_002038,0,1.0,0.0,13.0,30.39,0.0,1.0,2024-01-12
ecom_009694,1,0.0,0.0,17.0,0.0,0.0,0.0,2024-01-04
ecom_006909,1,1.0,0.0,53.0,113.27,1.0,0.0,2024-01-26
ecom_002450,1,0.0,2.0,41.0,88.88,1.0,0.0,2024-01-10
ecom_003954,1,0.0,2.0,82.0,58.19,1.0,0.0,2024-01-21
ecom_002329,0,0.0,0.0,22.0,46.37,1.0,0.0,2024-01-29
ecom_009124,1,0.0,0.0,7.0,151.84,0.0,0.0,2024-01-14
ecom_007044,1,0.0,2.0,41.0,0.0,1.0,0.0,2024-01-14
ecom_005042,0,0.0,2.0,32.0,120.45,1.0,0.0,2024-01-18
ecom_009364,1,0.0,0.0,55.0,47.17,1.0,0.0,2024-01-14
ecom_004746,1,0.0,0.0,6.0,5.04,0.0,0.0,2024-01-10
ecom_009367,0,0.0,0.0,105.0,0.0,1.0,0.0,2024-01-13
ecom_009402,0,0.0,2.0,28.0,0.0,0.0,0.0,2024-01-16
ecom_006491,0,0.0,0.0,57.0,0.0,1.0,0.0,2024-01-28
ecom_006637,0,0.0,0.0,74.0,73.67,1.0,0.0,2024-01-23
ecom_007225,1,0.0,2.0,24.0,11.43,0.0,0.0,2024-01-02
ecom_002401,1,0.0,2.0,57.0,0.0,1.0,1.0,2024-01-24
ecom_005520,0,0.0,1.0,36.0,21.21,1.0,0.0,2024-01-04
ecom_001216,1,0.0,0.0,30.0,12.37,0.0,0.0,2024-01-13
ecom_008695,1,0.0,0.0,206.0,65.1,0.0,0.0,2024-01-19
ecom_006020,1,0.0,1.0,29.0,0.0,0.0,0.0,2024-01-25
ecom_006865,0,0.0,0.0,62.0,58.43,0.0,0.0,2024-01-15
ecom_001064,1,0.0,2.0,12.0,75.09,0.0,0.0,2024-01-11
ecom_003786,1,0.0,0.0,18.0,31.87,0.0,0.0,2024-01-05
ecom_004410,1,0.0,2.0,14.0,0.0,0.0,0.0,2024-01-05
ecom_006859,1,0.0,2.0,344.0,65.92,1.0,0.0,2024-01-08
ecom_006760,0,0.0,2.0,19.0,15.02,0.0,0.0,2024-01-05
ecom_005523,1,0.0,0.0,45.0,70.45,1.0,0.0,2024-01-08
ecom_005996,1,0.0,0.0,47.0,157.7,1.0,0.0,2024-01-04
ecom_008833,0,0.0,2.0,46.0,0.0,1.0,0.0,2024-01-13
ecom_005888,0,0.0,0.0,100.0,0.0,1.0,0.0,2024-01-02
ecom_002161,1,1.0,0.0,39.0,0.0,0.0,0.0,2024-01-29
ecom_003008,1,1.0,0.0,3.0,9.25,0.0,0.0,2024-01-26
ecom_001105,0,0.0,2.0,112.0,23.41,1.0,0.0,2024-01-09
ecom_006654,0,0.0,0.0,50.0,31.58,1.0,0.0,2024-01-18
ecom_000692,0,0.0,2.0,407.0,13.07,1.0,0.0,2024-01-22
ecom_009957,0,0.0,2.0,31.0,12.37,1.0,0.0,2024-01-29
ecom_004956,0,0.0,2.0,131.0,54.66,1.0,0.0,2024-01-15
ecom_006597,1,0.0,2.0,16.0,8.12,0.0,0.0,2024-01-30
ecom_008480,1,0.0,2.0,255.0,0.0,1.0,0.0,2024-01-03
ecom_004369,1,0.0,2.0,152.0,0.0,1.0,0.0,2024-01-13
ecom_002765,1,0.0,2.0,60.0,0.0,1.0,0.0,2024-01-16
ecom_003929,0,0.0,1.0,183.0,52.53,0.0,1.0,2024-01-03
ecom_007134,0,0.0,0.0,12.0,0.0,0.0,0.0,2024-01-12
ecom_008735,0,0.0,2.0,1.0,181.2,0.0,0.0,2024-01-03
ecom_007530,0,1.0,0.0,29.0,43.3,0.0,0.0,2024-01-15
ecom_007528,0,0.0,1.0,131.0,0.0,1.0,1.0,2024-01-08
ecom_000628,0,0.0,2.0,81.0,116.43,1.0,0.0,2024-01-09
ecom_002451,1,0.0,1.0,5.0,40.47,0.0,0.0,2024-01-01
ecom_006239,0,0.0,2.0,21.0,16.85,0.0,1.0,2024-01-15
ecom_007012,1,0.0,0.0,172.0,35.55,1.0,0.0,2024-01-11
ecom_003824,0,0.0,0.0,29.0,88.59,0.0,0.0,2024-01-29
ecom_008977,1,0.0,2.0,118.0,0.0,1.0,0.0,2024-01-10
ecom_002652,0,0.0,2.0,61.0,92.82,1.0,0.0,2024-01-06
ecom_009107,1,0.0,2.0,3.0,0.0,1.0,0.0,2024-01-17
ecom_003743,1,0.0,0.0,3.0,36.95,0.0,0.0,2024-01-26
ecom_002176,0,0.0,2.0,3.0,0.0,0.0,0.0,2024-01-04
ecom_009906,1,1.0,2.0,45.0,52.62,1.0,0.0,2024-01-03
ecom_009263,0,0.0,2.0,24.0,0.0,0.0,0.0,2024-01-16
ecom_003318,0,0.0,2.0,92.0,0.0,1.0,1.0,2024-01-20
ecom_006343,0,0.0,2.0,43.0,83.64,1.0,0.0,2024-01-18
ecom_002787,0,0.0,0.0,71.0,35.93,1.0,0.0,2024-01-22
ecom_004105,0,0.0,0.0,17.0,0.0,0.0,0.0,2024-01-05
ecom_006355,0,0.0,1.0,18.0,100.56,0.0,0.0,2024-01-30
ecom_001676,1,0.0,0.0,62.0,31.65,1.0,0.0,2024-01-19
ecom_003947,0,0.0,1.0,10.0,29.41,0.0,0.0,2024-01-26
ecom_004444,0,0.0,0.0,31.0,67.67,1.0,1.0,2024-01-27
ecom_002936,1,0.0,2.0,73.0,18.36,1.0,0.0,2024-01-18
ecom_009005,1,0.0,0.0,4.0,0.0,1.0,0.0,2024-01-09
ecom_007766,1,0.0,2.0,100.0,44.39,1.0,0.0,2024-01-02
ecom_005722,1,0.0,2.0,24.0,22.98,0.0,0.0,2024-01-29
ecom_007441,0,0.0,0.0,1.0,8.19,0.0,0.0,2024-01-27
ecom_002503,1,0.0,0.0,52.0,0.0,1.0,0.0,2024-01-02
ecom_008482,1,1.0,0.0,69.0,10.77,1.0,0.0,2024-01-29
ecom_002369,1,0.0,0.0,43.0,0.0,1.0,0.0,2024-01-10
ecom_004967,0,0.0,1.0,90.0,9.43,1.0,0.0,2024-01-04
ecom_005883,1,0.0,0.0,40.0,23.28,1.0,0.0,2024-01-02
ecom_002217,1,1.0,2.0,35.0,21.52,1.0,0.0,2024-01-26
ecom_005847,1,0.0,0.0,82.0,70.61,1.0,0.0,2024-01-15
ecom_002218,1,0.0,1.0,96.0,8.36,1.0,1.0,2024-01-01
ecom_003326,1,0.0,0.0,23.0,11.85,0.0,0.0,2024-01-06
ecom_006733,1,0.0,1.0,6.0,0.0,0.0,0.0,2024-01-26
ecom_003583,1,0.0,2.0,37.0,27.36,1.0,0.0,2024-01-03
ecom_009824,1,0.0,2.0,46.0,13.28,1.0,0.0,2024-01-04
ecom_003619,0,0.0,0.0,20.0,23.73,0.0,0.0,2024-01-04
ecom_007707,1,0.0,0.0,20.0,40.35,0.0,0.0,2024-01-02
ecom_006432,0,0.0,0.0,41.0,0.0,1.0,0.0,2024-01-08
ecom_003115,0,0.0,1.0,91.0,323.24,1.0,0.0,2024-01-26
ecom_000085,1,0.0,2.0,26.0,39.83,0.0,0.0,2024-01-05
ecom_005973,0,0.0,2.0,25.0,97.5,0.0,0.0,2024-01-25
ecom_002801,0,0.0,0.0,91.0,41.76,1.0,0.0,2024-01-24
ecom_003671,1,1.0,0.0,54.0,0.0,1.0,0.0,2024-01-08
ecom_003667,1,0.0,2.0,15.0,48.07,0.0,0.0,2024-01-21
ecom_009794,0,0.0,2.0,71.0,26.07,1.0,0.0,2024-01-05
ecom_005158,1,0.0,0.0,6.0,24.15,0.0,0.0,2024-01-03
ecom_005725,1,0.0,0.0,71.0,53.65,1.0,0.0,2024-01-28
ecom_004590,0,0.0,2.0,26.0,10.25,0.0,0.0,2024-01-03
ecom_002019,0,0.0,2.0,185.0,0.0,1.0,1.0,2024-01-19
ecom_007831,1,0.0,2.0,47.0,45.21,1.0,0.0,2024-01-01
ecom_002525,0,0.0,1.0,73.0,22.12,1.0,0.0,2024-01-22
ecom_008286,0,0.0,0.0,160.0,41.81,1.0,0.0,2024-01-29
ecom_009206,0,0.0,2.0,46.0,0.0,1.0,0.0,2024-01-30
ecom_003212,0,0.0,1.0,105.0,167.17,0.0,0.0,2024-01-25
ecom_000519,1,0.0,0.0,104.0,27.22,1.0,0.0,2024-01-17
ecom_005366,1,0.0,1.0,88.0,49.62,1.0,1.0,2024-01-30
ecom_006762,0,0.0,1.0,48.0,72.53,1.0,0.0,2024-01-07
ecom_002895,0,0.0,2.0,32.0,0.0,0.0,0.0,2024-01-08
ecom_000244,1,0.0,0.0,1.0,0.0,0.0,0.0,2024-01-19
ecom_005930,1,0.0,0.0,44.0,81.46,0.0,0.0,2024-01-28
ecom_004714,0,0.0,2.0,36.0,95.63,1.0,0.0,2024-01-28
ecom_009567,1,0.0,1.0,1.0,0.0,0.0,0.0,2024-01-26
ecom_003425,1,0.0,2.0,145.0,40.92,1.0,0.0,2024-01-04
ecom_006931,0,0.0,0.0,39.0,43.57,1.0,0.0,2024-01-20
ecom_006720,0,0.0,0.0,55.0,94.65,1.0,0.0,2024-01-11
ecom_007410,0,0.0,0.0,168.0,28.82,1.0,0.0,2024-01-30
ecom_006177,1,0.0,2.0,68.0,33.9,1.0,0.0,2024-01-04
ecom_007250,1,0.0,1.0,73.0,50.47,1.0,1.0,2024-01-14
ecom_005509,0,0.0,2.0,37.0,0.0,1.0,0.0,2024-01-08
ecom_002001,1,0.0,2.0,7.0,18.36,0.0,0.0,2024-01-29
ecom_000885,1,0.0,0.0,36.0,22.48,1.0,0.0,2024-01-16
ecom_000869,1,0.0,1.0,25.0,34.18,0.0,0.0,2024-01-17
ecom_009688,0,0.0,0.0,11.0,48.58,1.0,0.0,2024-01-15
ecom_005720,1,0.0,2.0,45.0,280.18,1.0,0.0,2024-01-13
ecom_000356,0,0.0,0.0,50.0,0.0,0.0,0.0,2024-01-13
ecom_009907,0,1.0,0.0,16.0,10.89,0.0,0.0,2024-01-01
ecom_005451,1,0.0,0.0,35.0,47.29,1.0,0.0,2024-01-12
ecom_008193,0,0.0,2.0,230.0,0.0,1.0,0.0,2024-01-25
ecom_006438,1,0.0,2.0,1.0,33.07,0.0,0.0,2024-01-24
ecom_007704,0,0.0,2.0,4.0,16.65,1.0,0.0,2024-01-16
ecom_001275,1,0.0,2.0,116.0,56.42,1.0,0.0,2024-01-30
ecom_001890,1,0.0,2.0,1.0,67.44,0.0,0.0,2024-01-14
ecom_008686,0,0.0,2.0,30.0,14.63,0.0,0.0,2024-01-11
ecom_006568,1,1.0,0.0,305.0,32.57,1.0,0.0,2024-01-20
ecom_009623,1,0.0,0.0,69.0,16.77,1.0,0.0,2024-01-01
ecom_003563,1,1.0,1.0,78.0,48.57,1.0,0.0,2024-01-12
ecom_005787,1,0.0,0.0,52.0,55.35,1.0,0.0,2024-01-08
ecom_004958,1,0.0,2.0,97.0,52.8,1.0,0.0,2024-01-21
ecom_001546,0,0.0,2.0,212.0,173.48,1.0,0.0,2024-01-15
ecom_002380,1,0.0,2.0,11.0,28.52,0.0,0.0,2024-01-01
ecom_003823,0,0.0,0.0,5.0,0.0,0.0,0.0,2024-01-11
ecom_003232,1,0.0,2.0,146.0,0.0,0.0,0.0,2024-01-23
ecom_008399,0,0.0,0.0,62.0,31.67,1.0,0.0,2024-01-23
ecom_003306,0,0.0,0.0,44.0,14.44,1.0,0.0,2024-01-27
ecom_000492,1,0.0,2.0,1.0,0.0,0.0,0.0,2024-01-10
ecom_003499,1,0.0,1.0,20.0,66.44,0.0,0.0,2024-01-08
ecom_006664,1,0.0,0.0,120.0,32.72,1.0,0.0,2024-01-29
ecom_001116,1,0.0,0.0,39.0,0.0,1.0,0.0,2024-01-22
ecom_005637,1,0.0,1.0,46.0,28.08,1.0,0.0,2024-01-28
ecom_008774,1,0.0,2.0,4.0,30.99,1.0,0.0,2024-01-22
ecom_006146,1,0.0,2.0,5.0,17.9,0.0,0.0,2024-01-26
ecom_009867,0,0.0,2.0,7.0,0.0,0.0,0.0,2024-01-25
ecom_008775,1,0.0,2.0,355.0,0.0,0.0,0.0,2024-01-22
ecom_006707,0,0.0,2.0,23.0,0.0,0.0,0.0,2024-01-14
ecom_009948,0,0.0,1.0,28.0,13.65,0.0,0.0,2024-01-28
ecom_007965,1,0.0,1.0,22.0,157.45,0.0,0.0,2024-01-08
ecom_003645,0,0.0,2.0,2.0,0.0,0.0,0.0,2024-01-20
ecom_002500,0,0.0,0.0,51.0,35.69,1.0,0.0,2024-01-21
ecom_005677,1,0.0,2.0,11.0,9.36,0.0,0.0,2024-01-15
ecom_005241,0,0.0,2.0,56.0,66.06,1.0,0.0,2024-01-25
ecom_006518,0,0.0,2.0,160.0,50.63,0.0,0.0,2024-01-19
ecom_002783,1,0.0,2.0,100.0,60.15,1.0,0.0,2024-01-29
ecom_006158,1,0.0,2.0,70.0,28.88,1.0,0.0,2024-01-10
ecom_003809,1,0.0,2.0,120.0,0.0,1.0,0.0,2024-01-04
ecom_009428,1,1.0,0.0,11.0,12.23,0.0,0.0,2024-01-25
ecom_009524,0,1.0,2.0,57.0,38.36,1.0,0.0,2024-01-01
ecom_008599,1,1.0,0.0,44.0,41.67,1.0,0.0,2024-01-05
ecom_001696,1,0.0,2.0,271.0,31.19,1.0,0.0,2024-01-24
ecom_005685,1,0.0,2.0,8.0,12.96,0.0,0.0,2024-01-01
ecom_008367,0,0.0,2.0,7.0,0.0,1.0,0.0,2024-01-30
ecom_005939,0,1.0,1.0,41.0,8.31,1.0,0.0,2024-01-17
ecom_002052,0,0.0,2.0,65.0,14.11,1.0,0.0,2024-01-19
ecom_001776,0,0.0,2.0,237.0,34.42,1.0,0.0,2024-01-15
ecom_006560,1,0.0,0.0,20.0,14.67,0.0,0.0,2024-01-22
ecom_003313,1,0.0,1.0,66.0,0.0,1.0,0.0,2024-01-20
ecom_004781,1,0.0,1.0,174.0,38.03,1.0,0.0,2024-01-26
ecom_008538,0,0.0,2.0,69.0,55.83,1.0,0.0,2024-01-04
ecom_006781,1,0.0,1.0,99.0,0.0,1.0,0.0,2024-01-27
ecom_001592,1,1.0,0.0,4.0,88.51,0.0,0.0,2024-01-11
ecom_001723,0,0.0,1.0,75.0,32.19,1.0,0.0,2024-01-06
ecom_000215,0,0.0,0.0,1.0,11.53,0.0,0.0,2024-01-04
ecom_006326,0,0.0,0.0,7.0,88.87,0.0,0.0,2024-01-13
ecom_008256,1,0.0,2.0,5.0,9.31,0.0,0.0,2024-01-04
ecom_000490,0,0.0,1.0,17.0,16.59,0.0,0.0,2024-01-10
ecom_009133,0,0.0,0.0,80.0,13.99,1.0,0.0,2024-01-10
ecom_003483,1,0.0,2.0,21.0,30.16,0.0,0.0,2024-01-25
ecom_005102,0,0.0,0.0,13.0,0.0,0.0,0.0,2024-01-05
ecom_005187,1,0.0,1.0,102.0,41.56,1.0,0.0,2024-01-23
ecom_003431,0,0.0,0.0,68.0,14.57,1.0,0.0,2024-01-24
ecom_009198,0,0.0,2.0,1.0,19.23,1.0,0.0,2024-01-16
ecom_007710,0,0.0,0.0,110.0,18.44,1.0,0.0,2024-01-03
ecom_005513,0,0.0,2.0,35.0,58.06,1.0,0.0,2024-01-07
ecom_000025,0,0.0,0.0,14.0,8.85,0.0,0.0,2024-01-26
ecom_003512,1,0.0,2.0,40.0,0.0,1.0,0.0,2024-01-12
ecom_002409,1,0.0,0.0,11.0,91.68,0.0,1.0,2024-01-17
ecom_003270,0,0.0,1.0,296.0,23.22,1.0,0.0,2024-01-02
ecom_005209,0,0.0,2.0,1.0,8.93,0.0,0.0,2024-01-17
ecom_008711,1,1.0,0.0,72.0,78.6,1.0,0.0,2024-01-16
ecom_001552,0,0.0,0.0,41.0,17.72,0.0,0.0,2024-01-21
ecom_009197,1,1.0,0.0,151.0,0.0,1.0,0.0,2024-01-07
ecom_008621,0,1.0,0.0,29.0,0.0,0.0,0.0,2024-01-24
ecom_003871,0,1.0,1.0,43.0,59.05,1.0,0.0,2024-01-04
ecom_003402,1,1.0,1.0,14.0,13.45,0.0,0.0,2024-01-01
ecom_004529,0,0.0,2.0,7.0,11.59,0.0,0.0,2024-01-16
ecom_000979,1,0.0,2.0,35.0,0.0,1.0,0.0,2024-01-18
ecom_002655,1,0.0,2.0,12.0,38.69,0.0,0.0,2024-01-05
ecom_001847,0,0.0,0.0,3.0,129.05,0.0,0.0,2024-01-04
ecom_007964,1,0.0,0.0,18.0,0.0,1.0,0.0,2024-01-30
ecom_008240,1,0.0,2.0,43.0,46.84,1.0,0.0,2024-01-14
ecom_007145,0,1.0,0.0,84.0,32.62,1.0,0.0,2024-01-08
ecom_007299,1,0.0,0.0,103.0,0.0,1.0,0.0,2024-01-30
ecom_005721,1,0.0,1.0,27.0,17.47,0.0,0.0,2024-01-04
ecom_000515,0,0.0,2.0,57.0,78.92,1.0,0.0,2024-01-13
ecom_008745,0,0.0,2.0,162.0,13.83,1.0,0.0,2024-01-30
ecom_008297,0,0.0,2.0,31.0,16.5,1.0,0.0,2024-01-04
ecom_001102,1,0.0,0.0,31.0,111.39,0.0,0.0,2024-01-13
ecom_003276,0,0.0,2.0,65.0,25.26,1.0,0.0,2024-01-07
ecom_007217,0,0.0,0.0,2.0,0.0,0.0,0.0,2024-01-11
ecom_007389,1,0.0,0.0,143.0,0.0,1.0,0.0,2024-01-20
ecom_009077,0,0.0,1.0,75.0,24.06,1.0,0.0,2024-01-11
ecom_008337,0,0.0,0.0,98.0,0.0,1.0,0.0,2024-01-22
ecom_003996,1,0.0,0.0,148.0,0.0,1.0,0.0,2024-01-23
ecom_000194,1,0.0,2.0,4.0,24.2,0.0,0.0,2024-01-24
ecom_004711,1,0.0,1.0,6.0,0.0,0.0,0.0,2024-01-26
ecom_000643,1,0.0,0.0,73.0,80.09,0.0,0.0,2024-01-16
ecom_009089,0,0.0,0.0,7.0,13.61,0.0,0.0,2024-01-15
ecom_003285,0,0.0,2.0,31.0,22.71,1.0,0.0,2024-01-06
ecom_003116,1,0.0,1.0,250.0,47.72,1.0,0.0,2024-01-15
ecom_006476,0,0.0,0.0,41.0,15.43,1.0,0.0,2024-01-03
ecom_003575,1,0.0,0.0,28.0,30.71,1.0,0.0,2024-01-25
ecom_009023,1,0.0,0.0,10.0,15.89,0.0,0.0,2024-01-27
ecom_004320,0,0.0,0.0,4.0,118.89,0.0,0.0,2024-01-27
ecom_009992,0,0.0,2.0,4.0,19.02,0.0,1.0,2024-01-03
ecom_002207,1,0.0,0.0,24.0,0.0,0.0,1.0,2024-01-02
ecom_004552,0,0.0,1.0,35.0,0.0,1.0,0.0,2024-01-05
ecom_007316,1,0.0,0.0,13.0,0.0,0.0,0.0,2024-01-02
ecom_003718,1,0.0,2.0,16.0,0.0,0.0,1.0,2024-01-10
ecom_000972,1,0.0,2.0,150.0,24.47,1.0,0.0,2024-01-16
ecom_004579,0,0.0,0.0,12.0,0.0,0.0,1.0,2024-01-30
ecom_000719,0,0.0,0.0,10.0,0.0,0.0,0.0,2024-01-03
ecom_009017,1,1.0,2.0,11.0,48.83,0.0,0.0,2024-01-29
ecom_006155,0,0.0,2.0,75.0,49.42,1.0,1.0,2024-01-04
ecom_009430,0,0.0,2.0,15.0,46.17,0.0,0.0,2024-01-06
ecom_003896,0,0.0,2.0,14.0,40.12,0.0,0.0,2024-01-06
ecom_002803,0,0.0,0.0,7.0,39.35,0.0,0.0,2024-01-13
ecom_002566,0,0.0,1.0,9.0,19.64,0.0,0.0,2024-01-04
ecom_004025,0,0.0,0.0,77.0,24.18,1.0,0.0,2024-01-11
ecom_006198,1,0.0,1.0,9.0,24.53,0.0,0.0,2024-01-28
ecom_000032,1,0.0,2.0,75.0,17.13,1.0,0.0,2024-01-18
ecom_008307,0,0.0,1.0,45.0,0.0,1.0,1.0,2024-01-15
ecom_008831,1,0.0,2.0,65.0,0.0,1.0,0.0,2024-01-02
ecom_009818,1,0.0,2.0,3.0,47.08,0.0,0.0,2024-01-03
ecom_004063,0,0.0,1.0,50.0,20.19,1.0,0.0,2024-01-05
ecom_008948,0,0.0,2.0,147.0,0.0,1.0,0.0,2024-01-08
ecom_005540,1,0.0,2.0,24.0,63.87,0.0,0.0,2024-01-25
ecom_001697,1,0.0,1.0,32.0,24.53,1.0,0.0,2024-01-05
ecom_002792,0,0.0,2.0,7.0,0.0,0.0,0.0,2024-01-30
ecom_002222,0,0.0,2.0,2.0,148.92,0.0,0.0,2024-01-06
ecom_005818,1,0.0,2.0,23.0,0.0,1.0,0.0,2024-01-13
ecom_009662,0,0.0,2.0,22.0,65.34,1.0,0.0,2024-01-29
ecom_003764,1,0.0,0.0,135.0,146.91,1.0,1.0,2024-01-04
ecom_003866,1,0.0,2.0,70.0,7.73,0.0,0.0,2024-01-27
ecom_006421,1,0.0,0.0,10.0,0.0,0.0,0.0,2024-01-19
ecom_009399,1,0.0,2.0,32.0,10.46,1.0,1.0,2024-01-03
ecom_008938,1,0.0,0.0,10.0,17.41,1.0,0.0,2024-01-14
ecom_006671,1,0.0,0.0,57.0,0.0,1.0,1.0,2024-01-22
ecom_007978,0,0.0,1.0,39.0,23.38,1.0,0.0,2024-01-23
ecom_003758,1,0.0,0.0,121.0,57.91,1.0,0.0,2024-01-23
ecom_009774,1,0.0,1.0,37.0,14.32,1.0,0.0,2024-01-16
ecom_003227,0,1.0,2.0,57.0,44.5,1.0,0.0,2024-01-20
ecom_007802,1,0.0,1.0,56.0,125.25,1.0,0.0,2024-01-06
ecom_003923,0,0.0,2.0,77.0,21.97,1.0,0.0,2024-01-28
ecom_003904,1,0.0,0.0,23.0,22.09,0.0,0.0,2024-01-01
ecom_002277,0,0.0,2.0,109.0,82.58,1.0,0.0,2024-01-18
ecom_006810,0,0.0,1.0,19.0,25.27,0.0,0.0,2024-01-01
ecom_001401,0,0.0,2.0,106.0,34.25,1.0,1.0,2024-01-05
ecom_000739,0,0.0,0.0,9.0,23.07,0.0,0.0,2024-01-01
ecom_004266,0,0.0,2.0,106.0,199.24,1.0,0.0,2024-01-10
ecom_009861,0,0.0,2.0,195.0,8.08,1.0,1.0,2024-01-26
ecom_007352,1,1.0,0.0,21.0,32.79,0.0,1.0,2024-01-11
ecom_007518,1,0.0,0.0,74.0,70.25,1.0,0.0,2024-01-15
ecom_003851,0,0.0,0.0,5.0,0.0,0.0,0.0,2024-01-30
ecom_008631,1,1.0,0.0,39.0,95.06,1.0,0.0,2024-01-26
ecom_002661,0,0.0,0.0,19.0,0.0,1.0,0.0,2024-01-02
ecom_006504,0,0.0,0.0,13.0,26.37,0.0,0.0,2024-01-16
ecom_009799,1,0.0,0.0,98.0,30.61,1.0,0.0,2024-01-25
ecom_000674,0,0.0,0.0,73.0,8.34,1.0,1.0,2024-01-04
ecom_007105,0,0.0,2.0,111.0,0.0,1.0,0.0,2024-01-30
ecom_006360,0,0.0,2.0,49.0,37.28,1.0,0.0,2024-01-20
ecom_003841,0,0.0,0.0,79.0,0.0,1.0,0.0,2024-01-04
ecom_001815,0,0.0,2.0,186.0,20.56,1.0,0.0,2024-01-15
ecom_009489,1,0.0,0.0,45.0,50.19,1.0,0.0,2024-01-18
ecom_009838,0,0.0,0.0,3.0,13.42,0.0,0.0,2024-01-22
ecom_009201,1,0.0,1.0,26.0,0.0,0.0,0.0,2024-01-27
ecom_004653,0,0.0,2.0,23.0,10.73,1.0,0.0,2024-01-30
ecom_008692,0,0.0,0.0,141.0,14.62,1.0,0.0,2024-01-03
ecom_002100,1,0.0,0.0,108.0,0.0,1.0,0.0,2024-01-17
ecom_007711,1,0.0,1.0,424.0,0.0,1.0,0.0,2024-01-29
ecom_001673,0,0.0,0.0,60.0,157.24,1.0,0.0,2024-01-09
ecom_002101,1,0.0,1.0,69.0,16.11,1.0,0.0,2024-01-13
ecom_004213,0,0.0,0.0,125.0,27.8,1.0,0.0,2024-01-18
ecom_006958,0,0.0,0.0,85.0,6.34,1.0,0.0,2024-01-07
ecom_001548,1,0.0,0.0,28.0,30.29,0.0,0.0,2024-01-16
ecom_009550,0,0.0,0.0,5.0,154.11,0.0,0.0,2024-01-19
ecom_003323,0,0.0,1.0,1.0,0.0,0.0,0.0,2024-01-24
ecom_009583,1,0.0,2.0,35.0,61.68,1.0,0.0,2024-01-20
ecom_000355,0,0.0,2.0,2.0,42.98,0.0,0.0,2024-01-01
ecom_005184,0,0.0,2.0,6.0,34.71,1.0,0.0,2024-01-20
ecom_001461,0,0.0,0.0,38.0,0.0,1.0,0.0,2024-01-23
ecom_007624,0,0.0,1.0,89.0,19.76,1.0,0.0,2024-01-21
ecom_009385,1,0.0,1.0,56.0,11.72,1.0,0.0,2024-01-26
ecom_003220,0,1.0,2.0,27.0,9.12,0.0,0.0,2024-01-28
ecom_000939,1,0.0,0.0,11.0,0.0,0.0,0.0,2024-01-17
ecom_005147,0,0.0,2.0,24.0,17.97,0.0,0.0,2024-01-09
ecom_005923,1,0.0,0.0,10.0,0.0,0.0,0.0,2024-01-30
ecom_007883,1,0.0,1.0,47.0,42.91,1.0,0.0,2024-01-24
ecom_001751,0,0.0,2.0,143.0,0.0,1.0,0.0,2024-01-22
ecom_009468,0,0.0,0.0,1.0,9.61,0.0,0.0,2024-01-24
ecom_007597,0,0.0,0.0,91.0,42.3,1.0,0.0,2024-01-24
ecom_001772,0,0.0,0.0,55.0,0.0,1.0,1.0,2024-01-05
ecom_001196,0,0.0,0.0,35.0,0.0,1.0,0.0,2024-01-20
ecom_001878,1,0.0,1.0,74.0,53.49,1.0,0.0,2024-01-04
ecom_002668,1,0.0,0.0,36.0,64.87,1.0,0.0,2024-01-07
ecom_003171,0,0.0,0.0,3.0,0.0,0.0,0.0,2024-01-23
ecom_002016,0,0.0,0.0,202.0,0.0,1.0,0.0,2024-01-05
ecom_002005,0,0.0,2.0,30.0,0.0,0.0,0.0,2024-01-09
ecom_008272,1,0.0,2.0,71.0,37.08,1.0,0.0,2024-01-23
ecom_003893,1,0.0,2.0,36.0,23.71,1.0,0.0,2024-01-21
ecom_009991,1,0.0,0.0,5.0,17.99,0.0,0.0,2024-01-18
ecom_003237,0,0.0,0.0,43.0,387.16,1.0,0.0,2024-01-25
ecom_004424,1,0.0,2.0,19.0,27.88,0.0,0.0,2024-01-17
ecom_004744,0,0.0,2.0,51.0,24.98,1.0,0.0,2024-01-12
ecom_002078,1,0.0,2.0,20.0,41.98,0.0,0.0,2024-01-13
ecom_005219,1,0.0,1.0,16.0,61.74,0.0,0.0,2024-01-28
ecom_000396,0,0.0,0.0,61.0,36.57,1.0,0.0,2024-01-18
ecom_002788,0,0.0,1.0,101.0,13.24,1.0,0.0,2024-01-25
ecom_008877,1,0.0,2.0,68.0,0.0,1.0,0.0,2024-01-27
ecom_008638,0,0.0,2.0,60.0,21.14,1.0,0.0,2024-01-25
ecom_004072,0,0.0,1.0,69.0,23.38,1.0,0.0,2024-01-15
ecom_005574,1,0.0,1.0,33.0,30.83,1.0,0.0,2024-01-17
ecom_008369,1,0.0,1.0,30.0,0.0,0.0,0.0,2024-01-29
ecom_009507,0,0.0,0.0,19.0,21.51,0.0,0.0,2024-01-06
ecom_005355,1,0.0,2.0,9.0,0.0,0.0,0.0,2024-01-24
ecom_007233,1,0.0,1.0,81.0,0.0,1.0,0.0,2024-01-14
ecom_009483,1,0.0,2.0,64.0,11.47,1.0,0.0,2024-01-26
ecom_006820,0,0.0,0.0,21.0,0.0,0.0,0.0,2024-01-19
ecom_001519,1,0.0,0.0,15.0,45.08,0.0,0.0,2024-01-25
ecom_008196,1,0.0,2.0,17.0,34.81,0.0,0.0,2024-01-24
ecom_001378,0,0.0,0.0,14.0,33.41,0.0,0.0,2024-01-04
ecom_005672,0,1.0,2.0,89.0,7.7,1.0,0.0,2024-01-17
ecom_001023,0,0.0,1.0,66.0,279.54,1.0,0.0,2024-01-17
ecom_002587,1,0.0,2.0,54.0,10.02,1.0,0.0,2024-01-28
ecom_007042,1,0.0,0.0,63.0,9.21,1.0,0.0,2024-01-17
ecom_005621,1,0.0,2.0,84.0,42.77,1.0,0.0,2024-01-05
ecom_007637,1,0.0,0.0,1.0,0.0,0.0,0.0,2024-01-05
ecom_005008,1,1.0,1.0,53.0,25.41,1.0,0.0,2024-01-08
ecom_002857,0,0.0,2.0,149.0,13.59,1.0,0.0,2024-01-07
ecom_008254,1,0.0,0.0,12.0,40.38,0.0,0.0,2024-01-06
ecom_005771,1,0.0,0.0,27.0,21.75,0.0,0.0,2024-01-17
ecom_005842,1,0.0,1.0,91.0,0.0,1.0,0.0,2024-01-16
ecom_008027,1,0.0,0.0,21.0,32.67,1.0,0.0,2024-01-15
ecom_005832,1,0.0,0.0,21.0,86.24,0.0,1.0,2024-01-04
ecom_001629,0,0.0,2.0,172.0,19.14,1.0,0.0,2024-01-11
ecom_004888,1,0.0,1.0,33.0,27.48,1.0,0.0,2024-01-05
ecom_004526,1,0.0,1.0,11.0,17.57,0.0,0.0,2024-01-25
ecom_003523,1,0.0,0.0,110.0,58.97,1.0,0.0,2024-01-20
ecom_005904,1,0.0,2.0,1.0,0.0,0.0,0.0,2024-01-08
ecom_007781,0,0.0,1.0,12.0,58.13,0.0,0.0,2024-01-09
ecom_003607,0,0.0,0.0,86.0,0.0,1.0,0.0,2024-01-26
ecom_009418,1,0.0,2.0,53.0,164.32,1.0,0.0,2024-01-22
ecom_005220,0,0.0,1.0,21.0,28.43,0.0,0.0,2024-01-11
ecom_000234,1,0.0,1.0,99.0,33.5,1.0,0.0,2024-01-18
ecom_007755,1,0.0,0.0,218.0,13.01,1.0,1.0,2024-01-23
ecom_003796,1,0.0,0.0,38.0,0.0,1.0,0.0,2024-01-05
ecom_004118,0,0.0,2.0,27.0,11.35,0.0,0.0,2024-01-29
ecom_006318,1,0.0,2.0,53.0,22.53,1.0,0.0,2024-01-11
ecom_005001,0,0.0,2.0,10.0,22.49,0.0,0.0,2024-01-27
ecom_003800,1,0.0,2.0,101.0,22.67,1.0,0.0,2024-01-03
ecom_007809,1,0.0,0.0,82.0,11.44,1.0,0.0,2024-01-23
ecom_003899,0,0.0,1.0,20.0,46.91,0.0,0.0,2024-01-16
ecom_005024,0,0.0,0.0,32.0,0.0,1.0,0.0,2024-01-26
ecom_001948,0,0.0,2.0,31.0,72.91,1.0,0.0,2024-01-16
ecom_006361,1,0.0,0.0,114.0,0.0,1.0,0.0,2024-01-06
ecom_000470,1,0.0,1.0,209.0,10.18,0.0,0.0,2024-01-22
ecom_009944,1,1.0,0.0,117.0,28.46,1.0,0.0,2024-01-05
ecom_003492,0,0.0,2.0,10.0,3.78,0.0,0.0,2024-01-22
ecom_006091,0,0.0,2.0,153.0,8.18,1.0,0.0,2024-01-27
ecom_002671,1,0.0,2.0,17.0,5.81,0.0,0.0,2024-01-15
ecom_009800,0,0.0,1.0,149.0,25.64,1.0,0.0,2024-01-25
ecom_002224,1,0.0,0.0,201.0,39.89,1.0,0.0,2024-01-04
ecom_001106,1,0.0,0.0,47.0,77.35,1.0,0.0,2024-01-11
ecom_002188,1,0.0,0.0,26.0,0.0,0.0,0.0,2024-01-05
ecom_000818,0,0.0,0.0,40.0,0.0,1.0,0.0,2024-01-17
ecom_005571,1,0.0,2.0,42.0,42.67,1.0,0.0,2024-01-02
ecom_004523,1,0.0,2.0,115.0,152.11,1.0,0.0,2024-01-23
ecom_005793,1,0.0,1.0,3.0,13.55,0.0,0.0,2024-01-21
ecom_009381,1,0.0,2.0,145.0,56.9,1.0,1.0,2024-01-25
ecom_008780,0,0.0,2.0,31.0,34.67,1.0,0.0,2024-01-12
ecom_007459,1,0.0,0.0,31.0,94.58,1.0,0.0,2024-01-24
ecom_002624,0,0.0,1.0,27.0,17.18,0.0,0.0,2024-01-16
ecom_007094,1,0.0,2.0,7.0,28.69,0.0,0.0,2024-01-26
ecom_009392,1,0.0,2.0,7.0,136.97,0.0,0.0,2024-01-26
ecom_009916,0,0.0,2.0,33.0,0.0,1.0,0.0,2024-01-01
ecom_009119,0,0.0,0.0,213.0,0.0,1.0,0.0,2024-01-19
ecom_000888,0,0.0,2.0,2.0,28.55,1.0,0.0,2024-01-05
ecom_002437,0,0.0,0.0,4.0,31.2,0.0,0.0,2024-01-12
ecom_006056,0,0.0,2.0,29.0,0.0,0.0,0.0,2024-01-22
ecom_007064,0,0.0,2.0,137.0,8.96,1.0,0.0,2024-01-17
ecom_000817,1,0.0,2.0,36.0,0.0,1.0,0.0,2024-01-12
ecom_008934,1,0.0,2.0,15.0,13.71,0.0,0.0,2024-01-13
ecom_003414,1,0.0,2.0,20.0,0.0,0.0,0.0,2024-01-09
ecom_006352,0,0.0,2.0,23.0,29.98,0.0,0.0,2024-01-19
ecom_002341,1,0.0,2.0,95.0,0.0,1.0,0.0,2024-01-26
ecom_009029,1,0.0,0.0,18.0,97.13,0.0,0.0,2024-01-08
ecom_003167,1,0.0,0.0,17.0,0.0,0.0,0.0,2024-01-28
ecom_001809,0,0.0,0.0,26.0,17.19,0.0,0.0,2024-01-15
ecom_008035,0,0.0,0.0,13.0,43.05,0.0,0.0,2024-01-04
ecom_001264,1,1.0,0.0,19.0,12.31,0.0,1.0,2024-01-29
ecom_005086,1,0.0,0.0,54.0,0.0,1.0,0.0,2024-01-06
ecom_009675,1,0.0,2.0,28.0,13.73,1.0,0.0,2024-01-29
ecom_005835,1,0.0,0.0,103.0,0.0,1.0,0.0,2024-01-07
ecom_005194,1,0.0,2.0,73.0,29.61,1.0,0.0,2024-01-05
ecom_004449,1,0.0,2.0,9.0,41.18,0.0,0.0,2024-01-26
ecom_004945,1,0.0,2.0,25.0,15.69,0.0,0.0,2024-01-25
ecom_004045,1,0.0,0.0,4.0,20.63,0.0,0.0,2024-01-05
ecom_006503,1,0.0,0.0,33.0,41.28,0.0,0.0,2024-01-20
ecom_003702,1,0.0,1.0,90.0,0.0,1.0,0.0,2024-01-19
ecom_001035,0,0.0,2.0,1.0,52.31,0.0,0.0,2024-01-18
ecom_009256,1,0.0,0.0,80.0,0.0,1.0,0.0,2024-01-14
ecom_005590,1,0.0,0.0,14.0,0.0,1.0,0.0,2024-01-29
ecom_001228,0,0.0,2.0,46.0,13.97,0.0,0.0,2024-01-14
ecom_009999,1,0.0,0.0,49.0,0.0,1.0,0.0,2024-01-07
ecom_006811,0,0.0,1.0,83.0,23.45,1.0,0.0,2024-01-28
ecom_005141,1,0.0,1.0,22.0,21.98,0.0,0.0,2024-01-10
ecom_000052,0,0.0,1.0,7.0,25.88,0.0,0.0,2024-01-07
ecom_009067,1,1.0,0.0,43.0,5.34,1.0,0.0,2024-01-19
ecom_008395,1,0.0,1.0,43.0,0.0,1.0,0.0,2024-01-12
ecom_000159,1,0.0,2.0,41.0,22.31,1.0,0.0,2024-01-06
ecom_007552,1,0.0,0.0,73.0,0.0,1.0,0.0,2024-01-20
ecom_001587,0,0.0,0.0,23.0,88.07,0.0,0.0,2024-01-23
ecom_001589,1,0.0,2.0,50.0,21.59,1.0,0.0,2024-01-03
ecom_009841,1,0.0,1.0,29.0,54.76,0.0,0.0,2024-01-12
ecom_009328,1,0.0,0.0,119.0,41.7,0.0,0.0,2024-01-24
ecom_006930,1,0.0,1.0,14.0,20.45,0.0,0.0,2024-01-17
ecom_006596,0,0.0,1.0,69.0,15.17,0.0,0.0,2024-01-19
ecom_006174,0,0.0,0.0,3.0,37.15,0.0,0.0,2024-01-17
ecom_008098,1,0.0,0.0,29.0,10.41,0.0,1.0,2024-01-29
ecom_003858,0,0.0,2.0,134.0,43.76,1.0,0.0,2024-01-08
ecom_009814,0,0.0,0.0,40.0,30.57,1.0,0.0,2024-01-30
ecom_006691,0,0.0,2.0,39.0,0.0,1.0,0.0,2024-01-22
ecom_002828,1,0.0,0.0,69.0,35.76,1.0,0.0,2024-01-08
ecom_000436,0,0.0,2.0,312.0,90.11,1.0,0.0,2024-01-01
ecom_008274,0,0.0,2.0,76.0,0.0,1.0,0.0,2024-01-17
ecom_008168,1,0.0,2.0,13.0,0.0,0.0,0.0,2024-01-05
ecom_003878,0,0.0,0.0,85.0,21.02,1.0,0.0,2024-01-22
ecom_001588,0,1.0,0.0,25.0,122.43,1.0,0.0,2024-01-09
ecom_002780,0,0.0,2.0,47.0,0.0,1.0,0.0,2024-01-02
ecom_008981,1,0.0,1.0,2.0,94.53,0.0,0.0,2024-01-21
ecom_008561,1,0.0,2.0,97.0,26.61,1.0,0.0,2024-01-09
ecom_005686,1,0.0,1.0,28.0,17.81,0.0,0.0,2024-01-27
ecom_003965,1,0.0,2.0,5.0,5.42,0.0,0.0,2024-01-02
ecom_004727,0,1.0,0.0,7.0,11.05,0.0,0.0,2024-01-21
ecom_000973,0,0.0,0.0,1.0,0.0,0.0,0.0,2024-01-08
ecom_001238,0,0.0,1.0,27.0,19.23,0.0,0.0,2024-01-22
ecom_002951,0,0.0,0.0,50.0,15.52,0.0,0.0,2024-01-05
ecom_002342,0,0.0,0.0,133.0,0.0,1.0,0.0,2024-01-30
ecom_006520,0,0.0,2.0,461.0,0.0,1.0,0.0,2024-01-30
ecom_007310,0,0.0,1.0,99.0,78.31,1.0,0.0,2024-01-27
ecom_006046,1,0.0,0.0,123.0,0.0,1.0,0.0,2024-01-18
ecom_002158,1,1.0,0.0,88.0,34.11,1.0,0.0,2024-01-11
ecom_009288,1,0.0,0.0,4.0,98.63,0.0,0.0,2024-01-01
ecom_006589,1,0.0,0.0,31.0,10.4,1.0,0.0,2024-01-25
ecom_001497,0,0.0,0.0,76.0,11.36,1.0,0.0,2024-01-17
ecom_004545,1,1.0,0.0,9.0,0.0,1.0,0.0,2024-01-02
ecom_006465,1,0.0,1.0,9.0,0.0,0.0,0.0,2024-01-30
ecom_004257,1,0.0,1.0,71.0,64.93,1.0,0.0,2024-01-26
ecom_002422,0,0.0,0.0,103.0,40.28,1.0,0.0,2024-01-16
ecom_008564,0,0.0,0.0,91.0,35.06,1.0,0.0,2024-01-29
ecom_005185,0,0.0,1.0,9.0,34.27,0.0,0.0,2024-01-09
ecom_005647,0,0.0,2.0,54.0,57.76,1.0,0.0,2024-01-23
ecom_000357,1,1.0,1.0,63.0,128.79,1.0,0.0,2024-01-27
ecom_005242,1,0.0,2.0,28.0,0.0,0.0,0.0,2024-01-22
ecom_008011,1,0.0,2.0,238.0,96.68,1.0,0.0,2024-01-28
ecom_009240,1,0.0,1.0,199.0,107.41,1.0,0.0,2024-01-10
ecom_002092,0,0.0,2.0,118.0,5.77,1.0,0.0,2024-01-30
ecom_005409,1,0.0,2.0,7.0,30.96,0.0,0.0,2024-01-25
ecom_002015,1,0.0,0.0,97.0,57.85,1.0,0.0,2024-01-20
ecom_009059,0,0.0,0.0,19.0,42.04,0.0,0.0,2024-01-08
ecom_004044,1,0.0,1.0,25.0,9.65,0.0,0.0,2024-01-24
ecom_000187,0,0.0,0.0,14.0,44.24,1.0,0.0,2024-01-23
ecom_006858,1,0.0,1.0,18.0,95.77,0.0,0.0,2024-01-20
ecom_003655,0,0.0,2.0,269.0,37.41,1.0,0.0,2024-01-26
ecom_003426,1,0.0,0.0,13.0,185.6,1.0,0.0,2024-01-22
ecom_007194,1,0.0,0.0,81.0,24.61,1.0,0.0,2024-01-26
ecom_001381,1,0.0,2.0,47.0,0.0,1.0,0.0,2024-01-10
ecom_007468,0,0.0,2.0,39.0,0.0,1.0,0.0,2024-01-26
ecom_000413,0,0.0,2.0,54.0,0.0,0.0,0.0,2024-01-17
ecom_005037,1,0.0,2.0,103.0,30.23,1.0,0.0,2024-01-28
ecom_004897,0,1.0,1.0,34.0,43.57,1.0,0.0,2024-01-29
ecom_003336,0,0.0,0.0,116.0,0.0,1.0,0.0,2024-01-07
ecom_003606,0,0.0,1.0,12.0,11.31,0.0,0.0,2024-01-10
ecom_003175,0,0.0,2.0,140.0,0.0,1.0,0.0,2024-01-29
ecom_002241,0,0.0,2.0,14.0,0.0,0.0,0.0,2024-01-25
ecom_009708,1,0.0,2.0,77.0,6.18,1.0,0.0,2024-01-03
ecom_007796,0,0.0,0.0,67.0,54.32,1.0,0.0,2024-01-13
ecom_000256,1,0.0,0.0,21.0,69.93,0.0,0.0,2024-01-05
ecom_008620,0,0.0,0.0,7.0,15.22,0.0,0.0,2024-01-29
ecom_000200,0,0.0,2.0,40.0,38.94,1.0,0.0,2024-01-20
ecom_002235,1,1.0,0.0,18.0,20.97,0.0,0.0,2024-01-08
ecom_004743,1,0.0,1.0,67.0,212.56,1.0,0.0,2024-01-18
ecom_001767,1,0.0,0.0,37.0,0.0,1.0,0.0,2024-01-12
ecom_004236,0,0.0,2.0,60.0,0.0,1.0,0.0,2024-01-03
ecom_006729,0,0.0,1.0,83.0,30.35,1.0,0.0,2024-01-16
ecom_008450,0,0.0,2.0,39.0,50.99,1.0,0.0,2024-01-02
ecom_007277,0,0.0,2.0,75.0,37.37,1.0,0.0,2024-01-10
ecom_001572,0,0.0,0.0,101.0,32.67,1.0,0.0,2024-01-17
ecom_000024,0,0.0,1.0,33.0,59.57,0.0,0.0,2024-01-18
ecom_003363,0,0.0,2.0,79.0,0.0,1.0,0.0,2024-01-17
ecom_001088,0,0.0,0.0,9.0,15.65,0.0,0.0,2024-01-14
ecom_004674,1,0.0,1.0,55.0,0.0,1.0,0.0,2024-01-01
ecom_002694,1,0.0,2.0,41.0,0.0,1.0,0.0,2024-01-13
ecom_007582,0,0.0,1.0,12.0,9.52,0.0,0.0,2024-01-23
ecom_003398,0,0.0,1.0,41.0,100.24,1.0,0.0,2024-01-27
ecom_003559,1,0.0,2.0,110.0,0.0,0.0,0.0,2024-01-30
ecom_009156,0,0.0,1.0,29.0,116.44,0.0,0.0,2024-01-14
ecom_002841,0,0.0,1.0,20.0,6.98,0.0,0.0,2024-01-30
ecom_002311,0,0.0,1.0,331.0,92.1,1.0,0.0,2024-01-23
ecom_008333,1,0.0,0.0,52.0,20.3,1.0,0.0,2024-01-18
ecom_003234,0,0.0,2.0,51.0,17.51,1.0,0.0,2024-01-18
ecom_004152,0,0.0,0.0,7.0,41.64,1.0,0.0,2024-01-11
ecom_001309,0,0.0,0.0,277.0,5.73,1.0,0.0,2024-01-28
ecom_000695,0,0.0,2.0,3.0,0.0,0.0,0.0,2024-01-02
ecom_009859,1,0.0,1.0,24.0,21.16,0.0,0.0,2024-01-11
ecom_003752,0,0.0,2.0,31.0,59.04,1.0,1.0,2024-01-05
ecom_006337,1,0.0,1.0,24.0,0.0,0.0,0.0,2024-01-04
ecom_001227,0,0.0,0.0,7.0,58.75,0.0,0.0,2024-01-29
ecom_001999,1,0.0,2.0,41.0,29.65,1.0,0.0,2024-01-22
ecom_000276,1,0.0,0.0,32.0,47.22,1.0,0.0,2024-01-07
ecom_008176,0,0.0,0.0,43.0,27.82,1.0,0.0,2024-01-19
ecom_007664,1,0.0,1.0,26.0,0.0,0.0,0.0,2024-01-10
ecom_005929,1,0.0,2.0,60.0,0.0,1.0,0.0,2024-01-29
ecom_002953,1,0.0,0.0,16.0,0.0,0.0,0.0,2024-01-03
ecom_003637,1,0.0,2.0,115.0,46.68,1.0,0.0,2024-01-26
ecom_003906,1,0.0,1.0,4.0,18.14,0.0,0.0,2024-01-30
ecom_004778,0,0.0,2.0,80.0,0.0,1.0,0.0,2024-01-19
ecom_005845,1,0.0,0.0,44.0,28.99,1.0,0.0,2024-01-11
ecom_009698,0,0.0,0.0,161.0,171.34,1.0,0.0,2024-01-19
ecom_004117,1,1.0,0.0,48.0,58.21,1.0,0.0,2024-01-02
ecom_007030,0,0.0,0.0,36.0,24.12,1.0,0.0,2024-01-11
ecom_001137,1,0.0,2.0,151.0,49.04,1.0,0.0,2024-01-02
ecom_002767,0,0.0,0.0,41.0,19.04,1.0,0.0,2024-01-26
ecom_002334,1,0.0,2.0,33.0,8.57,1.0,1.0,2024-01-10
ecom_007706,0,0.0,1.0,31.0,150.36,1.0,0.0,2024-01-18
ecom_000942,0,0.0,2.0,111.0,0.0,1.0,0.0,2024-01-05
ecom_007662,0,0.0,2.0,1.0,0.0,0.0,0.0,2024-01-02
ecom_002490,1,0.0,2.0,68.0,77.24,1.0,0.0,2024-01-24
ecom_009679,1,0.0,0.0,46.0,28.69,0.0,0.0,2024-01-04
ecom_006290,1,0.0,2.0,4.0,0.0,0.0,0.0,2024-01-30
ecom_004935,0,0.0,0.0,31.0,22.22,1.0,0.0,2024-01-18
ecom_003935,0,0.0,0.0,7.0,24.25,0.0,0.0,2024-01-07
ecom_006956,1,0.0,2.0,51.0,10.0,1.0,0.0,2024-01-01
ecom_002384,1,1.0,0.0,89.0,19.6,1.0,0.0,2024-01-11
ecom_000115,0,0.0,0.0,65.0,18.44,1.0,0.0,2024-01-02
ecom_001863,0,0.0,0.0,28.0,0.0,1.0,0.0,2024-01-13
ecom_009976,1,0.0,0.0,30.0,73.72,0.0,0.0,2024-01-11
ecom_003119,0,0.0,0.0,17.0,0.0,0.0,0.0,2024-01-17
ecom_004258,1,0.0,2.0,12.0,3.82,0.0,0.0,2024-01-03
ecom_006705,1,1.0,0.0,56.0,0.0,1.0,0.0,2024-01-17
ecom_000902,0,0.0,1.0,12.0,0.0,0.0,0.0,2024-01-05
ecom_002819,0,0.0,1.0,288.0,44.24,1.0,0.0,2024-01-15
ecom_003822,0,0.0,1.0,24.0,37.59,0.0,0.0,2024-01-02
ecom_008161,1,0.0,2.0,95.0,0.0,1.0,0.0,2024-01-04
ecom_006890,1,0.0,2.0,18.0,0.0,0.0,0.0,2024-01-22
ecom_009090,1,0.0,1.0,48.0,8.41,1.0,0.0,2024-01-03
ecom_004699,0,0.0,2.0,28.0,0.0,0.0,0.0,2024-01-29
ecom_008918,0,0.0,2.0,107.0,23.2,1.0,0.0,2024-01-28
ecom_003802,0,0.0,2.0,81.0,38.16,1.0,0.0,2024-01-26
ecom_006068,0,0.0,2.0,69.0,25.37,1.0,0.0,2024-01-04
ecom_005810,0,0.0,0.0,11.0,0.0,0.0,0.0,2024-01-23
ecom_003536,0,0.0,0.0,51.0,22.61,1.0,0.0,2024-01-11
ecom_003825,1,0.0,1.0,38.0,0.0,1.0,0.0,2024-01-28
ecom_008642,1,0.0,0.0,119.0,0.0,1.0,0.0,2024-01-10
ecom_008608,0,0.0,2.0,28.0,0.0,0.0,0.0,2024-01-29
ecom_004810,1,0.0,2.0,12.0,0.0,0.0,0.0,2024-01-23
ecom_001946,0,0.0,0.0,111.0,26.47,1.0,0.0,2024-01-17
ecom_008600,1,0.0,0.0,67.0,0.0,1.0,0.0,2024-01-22
ecom_007136,1,1.0,0.0,3.0,37.72,0.0,0.0,2024-01-18
ecom_005335,1,0.0,0.0,81.0,54.52,0.0,1.0,2024-01-09
ecom_003488,0,0.0,2.0,97.0,20.86,1.0,1.0,2024-01-08
ecom_001610,1,1.0,2.0,80.0,105.37,1.0,0.0,2024-01-08
ecom_007461,0,0.0,2.0,215.0,39.38,0.0,0.0,2024-01-28
ecom_008473,0,0.0,2.0,1.0,26.46,0.0,0.0,2024-01-09
ecom_004677,1,0.0,0.0,13.0,22.32,0.0,0.0,2024-01-20
ecom_004959,1,0.0,0.0,92.0,35.94,1.0,0.0,2024-01-29
ecom_005867,0,0.0,0.0,6.0,0.0,0.0,0.0,2024-01-29
ecom_008763,1,0.0,0.0,241.0,0.0,1.0,0.0,2024-01-28
ecom_004761,0,0.0,0.0,61.0,27.12,1.0,0.0,2024-01-30
ecom_002194,1,1.0,1.0,34.0,45.21,1.0,0.0,2024-01-21
ecom_008003,1,0.0,1.0,36.0,0.0,1.0,1.0,2024-01-30
ecom_005701,1,0.0,1.0,59.0,23.64,1.0,0.0,2024-01-16
ecom_005113,1,0.0,0.0,2.0,6.97,0.0,0.0,2024-01-24
ecom_000557,0,0.0,0.0,13.0,15.03,0.0,0.0,2024-01-30
ecom_008065,0,0.0,0.0,21.0,20.58,0.0,0.0,2024-01-03
ecom_005139,1,0.0,0.0,332.0,175.25,1.0,0.0,2024-01-26
ecom_001207,1,0.0,2.0,30.0,0.0,0.0,0.0,2024-01-11
ecom_007033,1,0.0,0.0,106.0,0.0,1.0,0.0,2024-01-28
ecom_007309,0,0.0,2.0,13.0,0.0,0.0,0.0,2024-01-17
ecom_001510,1,0.0,0.0,46.0,25.06,1.0,0.0,2024-01-15
ecom_006769,0,0.0,2.0,15.0,116.0,0.0,0.0,2024-01-20
ecom_003829,0,0.0,1.0,71.0,6.11,1.0,0.0,2024-01-19
ecom_003732,0,0.0,2.0,8.0,0.0,1.0,0.0,2024-01-24
ecom_007957,0,0.0,1.0,38.0,0.0,1.0,0.0,2024-01-09
ecom_003211,0,0.0,2.0,41.0,42.13,1.0,0.0,2024-01-30
ecom_003630,1,0.0,1.0,15.0,36.2,0.0,0.0,2024-01-06
ecom_001708,1,0.0,1.0,50.0,84.6,1.0,0.0,2024-01-01
ecom_001845,1,0.0,2.0,178.0,36.51,1.0,0.0,2024-01-29
ecom_000266,1,0.0,1.0,31.0,134.24,0.0,0.0,2024-01-05
ecom_005985,0,0.0,2.0,183.0,17.69,1.0,0.0,2024-01-13
ecom_001140,0,0.0,0.0,60.0,0.0,1.0,0.0,2024-01-19
ecom_003162,0,0.0,1.0,13.0,18.16,0.0,0.0,2024-01-01
ecom_006207,1,0.0,1.0,32.0,11.0,1.0,0.0,2024-01-11
ecom_002046,0,0.0,2.0,38.0,36.51,1.0,0.0,2024-01-08
ecom_003730,1,0.0,0.0,18.0,58.38,0.0,0.0,2024-01-10
ecom_001909,0,0.0,0.0,37.0,5.59,1.0,0.0,2024-01-13
ecom_007307,1,0.0,2.0,30.0,38.96,0.0,0.0,2024-01-16
ecom_002660,0,0.0,2.0,30.0,51.97,0.0,0.0,2024-01-12
ecom_000656,0,0.0,2.0,90.0,14.66,0.0,0.0,2024-01-17
ecom_006660,1,0.0,0.0,57.0,22.98,1.0,0.0,2024-01-17
ecom_001307,1,0.0,0.0,12.0,0.0,0.0,0.0,2024-01-21
ecom_009429,1,0.0,1.0,98.0,7.87,1.0,0.0,2024-01-28
ecom_000998,0,0.0,0.0,301.0,19.67,1.0,0.0,2024-01-09
ecom_007432,1,0.0,2.0,23.0,56.45,0.0,0.0,2024-01-10
ecom_002834,0,0.0,2.0,14.0,49.3,0.0,0.0,2024-01-26
ecom_009178,0,0.0,2.0,117.0,38.14,1.0,0.0,2024-01-30
ecom_005880,0,0.0,1.0,11.0,0.0,0.0,0.0,2024-01-10
ecom_001237,0,0.0,0.0,219.0,41.51,1.0,0.0,2024-01-03
ecom_002151,1,1.0,0.0,66.0,0.0,1.0,0.0,2024-01-18
ecom_007919,0,0.0,2.0,60.0,102.91,1.0,0.0,2024-01-20
ecom_009695,1,0.0,0.0,170.0,15.43,1.0,0.0,2024-01-17
ecom_007189,1,0.0,2.0,11.0,69.26,0.0,0.0,2024-01-09
ecom_008303,0,0.0,2.0,120.0,0.0,1.0,0.0,2024-01-26
ecom_006578,0,0.0,0.0,29.0,0.0,0.0,0.0,2024-01-24
ecom_005091,1,0.0,2.0,72.0,65.46,1.0,0.0,2024-01-17
ecom_002186,0,0.0,2.0,23.0,6.56,0.0,0.0,2024-01-09
ecom_001134,1,0.0,2.0,6.0,46.29,1.0,0.0,2024-01-02
ecom_005004,0,0.0,1.0,60.0,0.0,1.0,1.0,2024-01-14
ecom_007974,1,0.0,1.0,26.0,29.22,0.0,0.0,2024-01-16
ecom_001303,1,1.0,2.0,71.0,30.32,1.0,0.0,2024-01-09
ecom_008468,0,0.0,2.0,236.0,0.0,1.0,0.0,2024-01-12
ecom_001627,1,0.0,1.0,116.0,87.98,1.0,0.0,2024-01-04
ecom_009281,1,0.0,1.0,28.0,17.67,0.0,0.0,2024-01-19
ecom_001522,0,0.0,2.0,212.0,45.85,1.0,0.0,2024-01-09
ecom_009810,0,0.0,2.0,25.0,13.74,0.0,1.0,2024-01-08
ecom_000358,0,0.0,0.0,37.0,41.7,1.0,0.0,2024-01-10
ecom_000138,0,0.0,0.0,5.0,10.99,1.0,0.0,2024-01-15
ecom_000299,0,0.0,2.0,22.0,19.58,0.0,0.0,2024-01-30
ecom_001556,1,0.0,0.0,19.0,9.04,0.0,0.0,2024-01-20
ecom_005099,0,0.0,1.0,18.0,16.63,0.0,0.0,2024-01-04
ecom_000382,0,0.0,1.0,202.0,15.75,1.0,0.0,2024-01-03
ecom_008312,0,0.0,2.0,294.0,13.66,1.0,0.0,2024-01-23
ecom_006948,1,0.0,0.0,13.0,0.0,0.0,0.0,2024-01-11
ecom_004857,1,0.0,1.0,44.0,158.05,0.0,0.0,2024-01-18
ecom_003180,1,0.0,1.0,6.0,100.01,0.0,0.0,2024-01-12
ecom_001439,1,0.0,0.0,48.0,74.63,1.0,0.0,2024-01-04
ecom_007269,0,0.0,0.0,1.0,0.0,0.0,0.0,2024-01-04
ecom_005673,0,0.0,2.0,299.0,0.0,1.0,0.0,2024-01-29
ecom_000946,1,0.0,0.0,36.0,17.24,1.0,0.0,2024-01-19
ecom_002390,1,0.0,2.0,8.0,0.0,0.0,0.0,2024-01-25
ecom_005498,1,0.0,0.0,29.0,0.0,0.0,0.0,2024-01-18
ecom_007073,1,0.0,0.0,309.0,25.3,1.0,0.0,2024-01-30
ecom_009230,1,0.0,2.0,10.0,19.72,0.0,0.0,2024-01-17
ecom_002721,0,0.0,1.0,127.0,0.0,1.0,0.0,2024-01-24
ecom_001932,1,0.0,1.0,93.0,90.44,1.0,0.0,2024-01-22
ecom_007423,1,0.0,2.0,89.0,43.15,1.0,0.0,2024-01-23
ecom_003236,0,0.0,1.0,100.0,51.54,1.0,0.0,2024-01-13
ecom_003140,0,0.0,2.0,68.0,28.11,1.0,0.0,2024-01-05
ecom_004163,1,0.0,1.0,64.0,0.0,1.0,0.0,2024-01-08
ecom_008888,0,1.0,0.0,113.0,89.08,1.0,0.0,2024-01-30
ecom_003807,1,0.0,0.0,58.0,23.26,1.0,0.0,2024-01-11
ecom_009479,1,1.0,1.0,61.0,84.94,1.0,0.0,2024-01-21
ecom_006983,0,1.0,2.0,17.0,21.79,0.0,0.0,2024-01-17
ecom_008904,0,0.0,0.0,14.0,44.71,0.0,0.0,2024-01-18
ecom_009722,1,0.0,1.0,96.0,0.0,1.0,0.0,2024-01-08
ecom_004154,1,0.0,0.0,10.0,0.0,1.0,0.0,2024-01-17
ecom_004172,0,0.0,2.0,134.0,41.98,1.0,0.0,2024-01-25
ecom_000796,0,0.0,0.0,148.0,93.14,1.0,0.0,2024-01-14
ecom_002416,1,0.0,1.0,28.0,4.87,0.0,0.0,2024-01-13
ecom_007170,1,0.0,2.0,2.0,51.49,0.0,0.0,2024-01-28
ecom_006139,0,0.0,0.0,65.0,0.0,0.0,0.0,2024-01-04
ecom_000785,1,0.0,2.0,80.0,12.72,1.0,0.0,2024-01-23
ecom_007067,0,0.0,1.0,82.0,34.22,1.0,0.0,2024-01-18
ecom_003158,0,0.0,0.0,9.0,0.0,0.0,0.0,2024-01-28
ecom_000123,1,0.0,0.0,3.0,61.24,0.0,0.0,2024-01-17
ecom_009457,1,0.0,2.0,10.0,32.73,0.0,0.0,2024-01-28
ecom_009246,1,0.0,1.0,2.0,43.3,0.0,0.0,2024-01-04
ecom_002172,0,0.0,0.0,1.0,84.08,0.0,0.0,2024-01-04
ecom_002169,0,0.0,0.0,227.0,30.75,1.0,0.0,2024-01-13
ecom_006880,1,0.0,2.0,95.0,0.0,1.0,0.0,2024-01-30
ecom_004009,1,0.0,0.0,146.0,21.75,1.0,0.0,2024-01-15
ecom_009296,0,0.0,1.0,83.0,0.0,1.0,0.0,2024-01-08
ecom_004340,0,0.0,1.0,4.0,0.0,0.0,0.0,2024-01-04
ecom_000910,1,0.0,0.0,31.0,0.0,1.0,0.0,2024-01-19
ecom_006268,0,0.0,0.0,108.0,0.0,0.0,1.0,2024-01-20
ecom_007771,0,0.0,2.0,127.0,0.0,1.0,1.0,2024-01-19
ecom_002309,1,0.0,1.0,73.0,20.27,1.0,0.0,2024-01-24
ecom_009658,0,0.0,2.0,108.0,17.08,1.0,0.0,2024-01-22
ecom_003634,0,0.0,1.0,137.0,14.68,1.0,0.0,2024-01-03
ecom_001257,0,0.0,0.0,220.0,23.56,1.0,0.0,2024-01-20
ecom_006591,0,0.0,1.0,10.0,107.26,0.0,0.0,2024-01-25
ecom_004458,1,0.0,1.0,126.0,70.5,1.0,0.0,2024-01-16
ecom_006133,1,0.0,2.0,27.0,13.32,1.0,0.0,2024-01-03
ecom_001178,1,0.0,0.0,171.0,96.62,1.0,0.0,2024-01-10
ecom_004652,1,0.0,1.0,42.0,15.67,1.0,0.0,2024-01-11
ecom_006218,1,0.0,2.0,57.0,2.23,1.0,0.0,2024-01-19
ecom_003650,0,0.0,0.0,21.0,0.0,0.0,0.0,2024-01-23
ecom_000442,0,0.0,2.0,24.0,17.46,0.0,0.0,2024-01-20
ecom_003415,1,1.0,0.0,113.0,39.77,1.0,0.0,2024-01-16
ecom_001399,0,0.0,2.0,33.0,19.68,1.0,0.0,2024-01-05
ecom_001457,1,0.0,2.0,4.0,12.09,0.0,0.0,2024-01-02
ecom_007524,0,0.0,2.0,27.0,35.06,0.0,0.0,2024-01-30
ecom_005744,1,0.0,1.0,102.0,16.1,1.0,0.0,2024-01-13
ecom_001054,1,0.0,0.0,59.0,18.83,1.0,0.0,2024-01-23
ecom_008998,1,0.0,0.0,135.0,25.67,1.0,0.0,2024-01-12
ecom_003275,1,0.0,2.0,53.0,0.0,1.0,0.0,2024-01-25
ecom_001463,1,0.0,0.0,68.0,0.0,1.0,0.0,2024-01-12
ecom_003699,1,0.0,2.0,110.0,34.2,1.0,0.0,2024-01-09
ecom_003759,1,0.0,0.0,22.0,0.0,0.0,0.0,2024-01-24
ecom_000929,0,0.0,1.0,17.0,15.26,0.0,0.0,2024-01-08
ecom_005511,0,0.0,0.0,89.0,0.0,1.0,0.0,2024-01-09
ecom_006468,1,0.0,0.0,2.0,0.0,0.0,0.0,2024-01-05
ecom_008412,1,0.0,1.0,5.0,66.12,0.0,1.0,2024-01-01
ecom_001829,1,1.0,0.0,21.0,24.54,0.0,0.0,2024-01-24
ecom_002928,1,0.0,0.0,86.0,53.49,1.0,0.0,2024-01-05
ecom_008295,1,1.0,1.0,123.0,23.64,1.0,0.0,2024-01-12
ecom_006538,1,0.0,2.0,3.0,13.49,0.0,0.0,2024-01-04
ecom_004221,0,0.0,1.0,22.0,0.0,0.0,0.0,2024-01-12
ecom_003546,0,0.0,1.0,21.0,0.0,0.0,0.0,2024-01-01
ecom_005598,0,0.0,2.0,13.0,0.0,0.0,0.0,2024-01-04
ecom_008937,1,1.0,1.0,8.0,6.21,0.0,0.0,2024-01-19
ecom_007318,0,0.0,0.0,38.0,0.0,1.0,0.0,2024-01-04
ecom_008350,1,0.0,2.0,16.0,18.44,0.0,0.0,2024-01-26
ecom_002011,0,0.0,2.0,131.0,0.0,1.0,0.0,2024-01-05
ecom_000913,0,0.0,0.0,44.0,21.26,1.0,0.0,2024-01-22
ecom_008248,0,0.0,2.0,9.0,19.8,0.0,0.0,2024-01-11
ecom_007265,1,0.0,1.0,6.0,32.93,0.0,0.0,2024-01-23
ecom_003219,0,0.0,2.0,45.0,0.0,1.0,0.0,2024-01-20
ecom_002606,1,0.0,1.0,1.0,145.81,0.0,1.0,2024-01-20
ecom_003264,1,0.0,1.0,33.0,0.0,1.0,0.0,2024-01-13
ecom_004928,0,1.0,2.0,46.0,0.0,1.0,0.0,2024-01-02
ecom_008661,0,0.0,2.0,44.0,0.0,1.0,0.0,2024-01-09
ecom_006564,1,0.0,1.0,37.0,35.38,1.0,0.0,2024-01-03
ecom_008129,0,0.0,0.0,66.0,0.0,1.0,0.0,2024-01-09
ecom_000006,0,0.0,2.0,219.0,11.63,1.0,0.0,2024-01-19
ecom_002980,1,0.0,0.0,26.0,23.33,0.0,0.0,2024-01-09
ecom_006583,0,0.0,1.0,5.0,55.93,0.0,0.0,2024-01-11
ecom_003361,0,0.0,0.0,89.0,94.48,1.0,0.0,2024-01-23
ecom_004774,1,0.0,2.0,125.0,0.0,1.0,0.0,2024-01-22
ecom_001943,1,0.0,2.0,25.0,116.57,0.0,0.0,2024-01-26
ecom_007452,1,0.0,2.0,9.0,69.45,0.0,0.0,2024-01-28
ecom_005499,1,0.0,2.0,123.0,13.34,1.0,0.0,2024-01-10
ecom_001635,1,0.0,0.0,29.0,0.0,0.0,0.0,2024-01-09
ecom_001141,0,0.0,2.0,51.0,38.26,0.0,0.0,2024-01-29
ecom_002041,0,0.0,0.0,19.0,31.81,1.0,0.0,2024-01-21
ecom_006703,1,0.0,1.0,52.0,23.12,1.0,0.0,2024-01-13
ecom_007818,0,0.0,0.0,91.0,50.3,1.0,0.0,2024-01-01
ecom_002070,0,0.0,0.0,20.0,26.72,0.0,0.0,2024-01-14
ecom_003134,1,0.0,0.0,52.0,32.31,1.0,0.0,2024-01-08
ecom_005160,0,1.0,2.0,2.0,0.0,0.0,0.0,2024-01-18
ecom_008331,0,0.0,1.0,171.0,33.26,1.0,0.0,2024-01-08
ecom_005275,0,0.0,0.0,31.0,0.0,1.0,0.0,2024-01-10
ecom_002242,0,0.0,0.0,61.0,69.9,1.0,0.0,2024-01-17
ecom_001474,0,0.0,1.0,24.0,0.0,0.0,0.0,2024-01-13
ecom_008590,1,0.0,1.0,19.0,0.0,0.0,0.0,2024-01-19
ecom_001889,0,0.0,2.0,66.0,112.84,1.0,0.0,2024-01-16
ecom_003435,1,0.0,0.0,44.0,32.12,1.0,0.0,2024-01-09
ecom_007593,0,0.0,2.0,31.0,47.51,1.0,0.0,2024-01-22
ecom_007745,0,0.0,2.0,168.0,23.2,1.0,0.0,2024-01-01
ecom_003705,1,1.0,0.0,204.0,0.0,0.0,0.0,2024-01-16
ecom_002021,1,0.0,0.0,123.0,0.0,1.0,0.0,2024-01-16
ecom_004020,1,0.0,1.0,127.0,0.0,1.0,0.0,2024-01-10
ecom_008830,1,0.0,1.0,30.0,0.0,0.0,0.0,2024-01-06
ecom_008443,0,0.0,2.0,34.0,0.0,1.0,0.0,2024-01-26
ecom_003500,1,0.0,0.0,38.0,26.9,1.0,0.0,2024-01-12
ecom_002658,0,0.0,2.0,9.0,0.0,0.0,0.0,2024-01-03
ecom_008456,1,0.0,1.0,14.0,36.56,0.0,0.0,2024-01-22
ecom_006888,0,0.0,1.0,9.0,0.0,0.0,0.0,2024-01-26
ecom_001130,0,0.0,2.0,31.0,8.59,1.0,0.0,2024-01-12
ecom_005557,1,0.0,2.0,47.0,28.93,1.0,1.0,2024-01-07
ecom_007358,1,0.0,0.0,13.0,50.54,0.0,0.0,2024-01-20
ecom_001819,1,1.0,1.0,250.0,128.76,1.0,0.0,2024-01-25
ecom_007538,1,0.0,1.0,5.0,0.0,0.0,0.0,2024-01-21
ecom_009386,0,0.0,1.0,207.0,18.77,1.0,0.0,2024-01-06
ecom_004318,1,0.0,2.0,22.0,17.95,0.0,0.0,2024-01-17
ecom_009604,1,0.0,0.0,136.0,8.57,1.0,0.0,2024-01-05
ecom_004144,0,0.0,0.0,190.0,57.37,1.0,1.0,2024-01-03
ecom_004669,0,0.0,0.0,42.0,6.67,0.0,0.0,2024-01-18
ecom_001236,1,1.0,1.0,239.0,68.11,1.0,1.0,2024-01-14
ecom_005476,1,1.0,0.0,36.0,8.72,1.0,0.0,2024-01-13
ecom_009836,0,0.0,2.0,70.0,19.65,1.0,0.0,2024-01-19
ecom_001856,1,0.0,1.0,25.0,0.0,0.0,0.0,2024-01-15
ecom_002282,0,0.0,2.0,2.0,99.5,0.0,0.0,2024-01-02
ecom_008693,0,0.0,0.0,63.0,85.09,1.0,0.0,2024-01-30
ecom_009320,1,0.0,1.0,50.0,67.7,1.0,0.0,2024-01-20
ecom_004093,1,0.0,0.0,62.0,66.34,1.0,0.0,2024-01-16
ecom_007061,1,0.0,0.0,159.0,19.26,1.0,1.0,2024-01-07
ecom_005200,0,0.0,1.0,7.0,129.43,1.0,0.0,2024-01-19
ecom_006401,1,1.0,0.0,21.0,17.52,1.0,0.0,2024-01-10
ecom_009929,0,0.0,1.0,2.0,25.57,0.0,0.0,2024-01-22
ecom_003421,1,0.0,2.0,15.0,40.33,0.0,0.0,2024-01-06
ecom_009269,0,0.0,1.0,18.0,20.74,0.0,0.0,2024-01-08
ecom_000386,1,1.0,0.0,25.0,19.73,0.0,0.0,2024-01-07
ecom_008548,1,0.0,2.0,33.0,0.0,1.0,0.0,2024-01-08
ecom_001628,0,0.0,2.0,52.0,31.6,1.0,0.0,2024-01-25
ecom_003585,0,0.0,1.0,11.0,33.21,0.0,0.0,2024-01-19
ecom_007412,0,0.0,0.0,52.0,0.0,1.0,0.0,2024-01-28
ecom_002714,0,0.0,2.0,47.0,68.89,0.0,0.0,2024-01-12
ecom_007171,0,0.0,2.0,23.0,106.15,0.0,0.0,2024-01-19
ecom_008435,1,0.0,1.0,135.0,0.0,1.0,0.0,2024-01-22
ecom_009321,0,0.0,0.0,150.0,36.67,1.0,0.0,2024-01-27
ecom_005659,0,0.0,2.0,47.0,48.51,1.0,0.0,2024-01-13
ecom_003189,1,0.0,2.0,89.0,0.0,1.0,0.0,2024-01-08
ecom_009968,0,1.0,0.0,17.0,0.0,0.0,0.0,2024-01-05
ecom_004305,0,0.0,2.0,18.0,0.0,1.0,0.0,2024-01-24
ecom_000909,1,1.0,2.0,1.0,85.94,0.0,0.0,2024-01-24
ecom_005385,0,0.0,2.0,19.0,54.09,0.0,0.0,2024-01-01
ecom_001996,1,0.0,2.0,52.0,15.72,1.0,0.0,2024-01-05
ecom_001866,1,0.0,2.0,163.0,21.96,1.0,0.0,2024-01-23
ecom_001842,0,0.0,2.0,3.0,64.1,0.0,0.0,2024-01-09
ecom_002497,0,0.0,2.0,79.0,268.16,1.0,0.0,2024-01-25
ecom_000201,1,0.0,2.0,14.0,82.25,0.0,0.0,2024-01-12
ecom_007905,0,0.0,0.0,11.0,0.0,0.0,0.0,2024-01-29
ecom_007724,0,0.0,1.0,11.0,9.97,0.0,0.0,2024-01-21
ecom_005054,0,1.0,0.0,1.0,0.0,0.0,0.0,2024-01-24
ecom_005889,0,0.0,0.0,1.0,19.43,0.0,0.0,2024-01-24
ecom_004006,1,0.0,1.0,66.0,0.0,1.0,0.0,2024-01-26
ecom_009901,0,0.0,0.0,8.0,11.09,0.0,0.0,2024-01-16
ecom_002702,0,0.0,0.0,29.0,0.0,0.0,0.0,2024-01-17
ecom_003449,1,0.0,2.0,132.0,22.81,1.0,0.0,2024-01-18
ecom_000331,0,1.0,2.0,230.0,15.06,1.0,0.0,2024-01-23
ecom_007139,0,0.0,0.0,89.0,56.76,1.0,0.0,2024-01-15
ecom_008960,1,1.0,0.0,42.0,44.41,1.0,0.0,2024-01-19
ecom_009819,0,0.0,2.0,74.0,23.15,1.0,0.0,2024-01-22
ecom_007176,0,0.0,2.0,1.0,82.47,0.0,0.0,2024-01-09
ecom_002459,1,0.0,0.0,99.0,130.2,1.0,0.0,2024-01-05
ecom_001774,1,0.0,1.0,74.0,0.0,1.0,0.0,2024-01-02
ecom_006628,1,0.0,1.0,348.0,14.74,1.0,0.0,2024-01-12
ecom_007596,1,0.0,0.0,19.0,150.12,0.0,0.0,2024-01-21
ecom_007986,0,0.0,0.0,24.0,20.46,0.0,0.0,2024-01-06
ecom_002686,1,0.0,2.0,116.0,93.92,1.0,0.0,2024-01-01
ecom_009147,0,0.0,1.0,107.0,0.0,1.0,0.0,2024-01-05
ecom_000989,1,0.0,2.0,24.0,0.0,0.0,0.0,2024-01-11
ecom_009046,0,0.0,2.0,185.0,19.39,1.0,0.0,2024-01-22
ecom_008348,0,0.0,2.0,19.0,0.0,1.0,0.0,2024-01-20
ecom_008875,1,0.0,2.0,79.0,84.08,1.0,1.0,2024-01-03
ecom_008550,1,0.0,0.0,157.0,8.88,0.0,0.0,2024-01-23
ecom_005806,0,0.0,0.0,32.0,6.75,1.0,0.0,2024-01-25
ecom_008733,1,0.0,1.0,100.0,18.67,1.0,0.0,2024-01-30
ecom_008697,1,0.0,0.0,12.0,0.0,0.0,0.0,2024-01-27
ecom_006574,1,0.0,2.0,28.0,95.06,0.0,0.0,2024-01-03
ecom_003052,1,0.0,1.0,1.0,27.2,0.0,0.0,2024-01-16
ecom_008637,1,0.0,2.0,167.0,44.17,1.0,0.0,2024-01-16
ecom_005462,1,0.0,0.0,48.0,0.0,1.0,0.0,2024-01-24
ecom_000173,0,0.0,2.0,1.0,75.69,0.0,0.0,2024-01-01
ecom_004954,1,0.0,1.0,28.0,0.0,0.0,0.0,2024-01-01
ecom_004615,1,0.0,1.0,11.0,4.61,0.0,0.0,2024-01-12
ecom_003321,0,0.0,2.0,12.0,103.03,0.0,0.0,2024-01-01
ecom_007065,0,1.0,0.0,194.0,0.0,1.0,0.0,2024-01-10
ecom_006246,1,0.0,1.0,120.0,0.0,0.0,0.0,2024-01-03
ecom_006745,1,0.0,2.0,176.0,31.92,1.0,0.0,2024-01-18
ecom_003372,1,0.0,0.0,30.0,23.97,1.0,0.0,2024-01-19
ecom_006048,1,0.0,2.0,52.0,0.0,0.0,0.0,2024-01-18
ecom_003311,0,0.0,0.0,28.0,27.62,0.0,0.0,2024-01-16
ecom_007416,1,0.0,0.0,56.0,26.46,1.0,0.0,2024-01-24
ecom_007293,0,0.0,0.0,70.0,0.0,1.0,0.0,2024-01-12
ecom_007584,1,0.0,2.0,77.0,42.87,1.0,0.0,2024-01-19
ecom_009377,0,0.0,2.0,142.0,0.0,1.0,0.0,2024-01-25
ecom_008811,1,0.0,1.0,93.0,0.0,1.0,0.0,2024-01-25
ecom_008160,1,0.0,2.0,87.0,10.35,1.0,0.0,2024-01-10
ecom_004679,1,0.0,2.0,49.0,0.0,1.0,0.0,2024-01-25
ecom_003403,0,1.0,0.0,20.0,0.0,0.0,0.0,2024-01-16
ecom_000018,1,0.0,0.0,23.0,0.0,0.0,0.0,2024-01-18
ecom_003691,0,0.0,0.0,54.0,0.0,1.0,0.0,2024-01-09
ecom_008654,0,0.0,0.0,10.0,45.73,0.0,0.0,2024-01-06
ecom_004096,0,0.0,2.0,80.0,48.2,1.0,0.0,2024-01-30
ecom_003628,0,0.0,0.0,19.0,114.44,0.0,0.0,2024-01-10
ecom_008862,1,0.0,2.0,27.0,0.0,0.0,0.0,2024-01-25
ecom_002174,1,0.0,0.0,32.0,93.2,1.0,0.0,2024-01-01
ecom_001356,0,0.0,0.0,5.0,63.67,0.0,0.0,2024-01-20
ecom_005002,0,0.0,0.0,33.0,0.0,1.0,0.0,2024-01-23
ecom_007391,1,0.0,2.0,47.0,26.35,1.0,0.0,2024-01-16
ecom_006922,0,0.0,2.0,16.0,0.0,0.0,0.0,2024-01-04
ecom_005823,1,0.0,2.0,28.0,56.37,0.0,0.0,2024-01-20
ecom_009502,0,0.0,2.0,89.0,97.35,1.0,0.0,2024-01-15
ecom_005670,1,0.0,0.0,2.0,0.0,0.0,0.0,2024-01-01
ecom_003112,1,0.0,2.0,3.0,8.35,0.0,0.0,2024-01-25
ecom_000182,1,0.0,2.0,128.0,54.64,1.0,0.0,2024-01-08
ecom_003642,1,0.0,1.0,1.0,66.63,0.0,0.0,2024-01-24
ecom_008857,1,0.0,2.0,1.0,16.8,0.0,0.0,2024-01-04
ecom_001812,1,0.0,2.0,23.0,12.21,0.0,0.0,2024-01-18
ecom_007875,1,0.0,1.0,52.0,0.0,1.0,0.0,2024-01-03
ecom_008497,0,0.0,0.0,104.0,15.23,1.0,0.0,2024-01-20
ecom_004912,0,0.0,0.0,127.0,20.49,1.0,0.0,2024-01-14
ecom_005668,1,0.0,2.0,3.0,31.35,0.0,0.0,2024-01-15
ecom_008542,1,1.0,1.0,14.0,35.02,0.0,0.0,2024-01-19
ecom_001800,0,0.0,2.0,211.0,10.07,1.0,0.0,2024-01-01
ecom_009251,0,0.0,0.0,7.0,91.86,0.0,0.0,2024-01-03
ecom_002429,1,0.0,2.0,62.0,65.47,1.0,0.0,2024-01-24
ecom_005482,0,0.0,0.0,66.0,31.74,0.0,0.0,2024-01-09
ecom_006761,1,0.0,0.0,13.0,26.8,0.0,0.0,2024-01-21
ecom_009839,1,0.0,2.0,18.0,21.9,1.0,0.0,2024-01-25
ecom_009635,1,0.0,2.0,68.0,0.0,1.0,0.0,2024-01-16
ecom_001968,1,0.0,0.0,72.0,4.75,1.0,0.0,2024-01-12
ecom_008339,1,1.0,0.0,81.0,0.0,1.0,0.0,2024-01-28
ecom_008141,0,0.0,0.0,38.0,12.81,1.0,0.0,2024-01-22
ecom_007696,0,0.0,0.0,3.0,31.95,0.0,0.0,2024-01-28
ecom_007541,0,0.0,2.0,51.0,35.75,1.0,0.0,2024-01-29
ecom_004987,1,0.0,2.0,180.0,79.2,1.0,0.0,2024-01-12
ecom_009756,1,0.0,2.0,126.0,66.01,1.0,0.0,2024-01-23
ecom_004650,1,0.0,2.0,118.0,36.32,1.0,0.0,2024-01-09
ecom_001159,0,0.0,1.0,40.0,38.08,0.0,0.0,2024-01-16
ecom_001213,0,0.0,0.0,26.0,39.79,0.0,0.0,2024-01-02
ecom_007336,1,0.0,0.0,51.0,22.13,1.0,1.0,2024-01-10
ecom_001325,1,0.0,1.0,151.0,21.46,1.0,0.0,2024-01-20
ecom_007512,1,0.0,2.0,24.0,21.01,1.0,0.0,2024-01-27
ecom_007580,0,0.0,2.0,113.0,32.51,1.0,0.0,2024-01-18
ecom_004796,1,0.0,1.0,10.0,86.99,0.0,0.0,2024-01-29
ecom_006796,0,0.0,0.0,170.0,28.74,1.0,0.0,2024-01-22
ecom_005808,0,0.0,1.0,18.0,175.3,0.0,0.0,2024-01-02
ecom_005943,0,0.0,2.0,15.0,14.75,0.0,0.0,2024-01-09
ecom_009283,1,0.0,0.0,14.0,0.0,0.0,0.0,2024-01-11
ecom_008144,0,0.0,0.0,26.0,0.0,0.0,0.0,2024-01-20
ecom_001455,1,0.0,2.0,53.0,35.91,1.0,0.0,2024-01-09
ecom_005410,1,0.0,2.0,16.0,60.05,0.0,0.0,2024-01-30
ecom_007129,1,0.0,0.0,46.0,0.0,1.0,0.0,2024-01-17
ecom_008892,0,0.0,1.0,44.0,220.16,1.0,0.0,2024-01-05
ecom_004962,1,0.0,2.0,86.0,53.73,1.0,0.0,2024-01-03
ecom_002800,0,0.0,2.0,12.0,0.0,0.0,0.0,2024-01-30
ecom_001644,1,0.0,0.0,117.0,109.35,1.0,0.0,2024-01-11
ecom_002140,1,0.0,0.0,163.0,34.68,1.0,0.0,2024-01-18
ecom_004536,0,0.0,2.0,206.0,105.25,1.0,0.0,2024-01-13
ecom_004457,0,0.0,2.0,114.0,0.0,1.0,0.0,2024-01-09
ecom_008951,1,0.0,2.0,51.0,0.0,1.0,0.0,2024-01-16
ecom_005586,1,0.0,1.0,186.0,20.24,1.0,0.0,2024-01-03
ecom_004378,1,0.0,1.0,54.0,8.78,1.0,0.0,2024-01-19
ecom_000729,1,0.0,1.0,81.0,49.59,1.0,0.0,2024-01-20
ecom_004357,0,0.0,2.0,1.0,0.0,0.0,0.0,2024-01-14
ecom_007748,1,0.0,1.0,37.0,25.1,1.0,0.0,2024-01-04
ecom_006716,1,0.0,2.0,1.0,0.0,0.0,0.0,2024-01-16
ecom_001936,0,0.0,0.0,6.0,0.0,0.0,0.0,2024-01-07
ecom_003793,1,0.0,0.0,117.0,12.75,1.0,0.0,2024-01-03
ecom_003736,0,0.0,0.0,112.0,55.46,0.0,0.0,2024-01-18
ecom_002261,0,0.0,0.0,7.0,28.29,0.0,0.0,2024-01-10
ecom_004005,1,0.0,2.0,134.0,27.33,1.0,0.0,2024-01-02
ecom_001110,1,0.0,2.0,65.0,25.42,1.0,0.0,2024-01-29
ecom_009028,1,0.0,2.0,18.0,8.68,0.0,0.0,2024-01-17
ecom_005480,0,0.0,0.0,92.0,41.85,1.0,0.0,2024-01-18
ecom_002998,1,0.0,1.0,103.0,60.62,1.0,0.0,2024-01-18
ecom_002394,1,0.0,2.0,30.0,120.5,0.0,0.0,2024-01-29
ecom_001185,1,1.0,0.0,66.0,0.0,1.0,0.0,2024-01-01
ecom_002007,0,0.0,2.0,2.0,66.87,0.0,0.0,2024-01-01
ecom_000193,0,0.0,1.0,4.0,0.0,0.0,0.0,2024-01-09
ecom_005611,1,0.0,0.0,70.0,0.0,1.0,0.0,2024-01-14
ecom_002901,1,0.0,0.0,33.0,0.0,1.0,0.0,2024-01-16
ecom_000578,0,1.0,0.0,126.0,38.09,1.0,0.0,2024-01-10
ecom_006219,0,0.0,2.0,86.0,0.0,1.0,0.0,2024-01-12
ecom_005525,1,0.0,2.0,39.0,56.51,1.0,0.0,2024-01-25
ecom_000771,0,0.0,2.0,4.0,0.0,0.0,0.0,2024-01-16
ecom_007839,1,0.0,0.0,17.0,0.0,1.0,1.0,2024-01-18
ecom_002395,0,0.0,0.0,18.0,25.46,0.0,0.0,2024-01-17
ecom_001478,1,0.0,2.0,17.0,34.82,0.0,0.0,2024-01-27
ecom_001846,0,0.0,0.0,94.0,85.14,1.0,0.0,2024-01-26
ecom_009108,0,0.0,2.0,2.0,16.2,0.0,0.0,2024-01-07
ecom_004274,0,0.0,0.0,136.0,70.53,1.0,1.0,2024-01-28
ecom_003740,1,1.0,0.0,81.0,0.0,1.0,0.0,2024-01-29
ecom_004600,0,0.0,2.0,7.0,19.65,0.0,1.0,2024-01-28
ecom_008087,0,1.0,2.0,62.0,101.02,1.0,0.0,2024-01-24
ecom_008710,0,0.0,0.0,15.0,0.0,0.0,0.0,2024-01-18
ecom_006676,1,0.0,0.0,6.0,25.3,0.0,1.0,2024-01-11
ecom_006375,1,0.0,0.0,5.0,33.47,0.0,0.0,2024-01-04
ecom_008124,0,0.0,0.0,92.0,44.88,1.0,0.0,2024-01-29
ecom_009538,0,0.0,1.0,48.0,17.66,0.0,0.0,2024-01-24
ecom_004915,0,0.0,2.0,32.0,17.42,1.0,0.0,2024-01-15
ecom_002073,0,0.0,0.0,21.0,0.0,0.0,0.0,2024-01-26
ecom_004754,0,0.0,1.0,33.0,14.87,1.0,0.0,2024-01-30
ecom_001896,0,0.0,0.0,22.0,34.58,0.0,0.0,2024-01-22
ecom_008552,0,0.0,0.0,9.0,52.65,0.0,0.0,2024-01-19
ecom_006702,0,0.0,0.0,12.0,13.44,0.0,0.0,2024-01-10
ecom_006317,0,0.0,1.0,144.0,0.0,1.0,0.0,2024-01-12
ecom_003659,1,0.0,2.0,25.0,13.96,0.0,0.0,2024-01-27
ecom_006581,1,0.0,0.0,100.0,25.57,1.0,0.0,2024-01-15
ecom_002379,1,0.0,2.0,32.0,0.0,1.0,0.0,2024-01-01
ecom_001447,1,0.0,1.0,8.0,154.5,0.0,0.0,2024-01-08
ecom_000342,1,0.0,0.0,38.0,38.18,1.0,0.0,2024-01-12
ecom_005127,0,1.0,0.0,157.0,0.0,1.0,0.0,2024-01-19
ecom_003136,1,0.0,0.0,28.0,0.0,0.0,0.0,2024-01-24
ecom_002527,1,0.0,0.0,8.0,54.23,0.0,0.0,2024-01-29
ecom_000727,0,0.0,2.0,77.0,15.83,1.0,0.0,2024-01-17
ecom_004577,1,0.0,2.0,5.0,61.95,0.0,0.0,2024-01-24
ecom_000976,1,0.0,2.0,18.0,0.0,0.0,0.0,2024-01-08
ecom_008391,1,0.0,2.0,5.0,9.61,1.0,0.0,2024-01-12
ecom_005443,1,0.0,0.0,9.0,31.19,0.0,0.0,2024-01-21
ecom_009034,1,1.0,0.0,38.0,0.0,1.0,0.0,2024-01-19
ecom_003516,1,0.0,2.0,28.0,19.28,0.0,0.0,2024-01-25
ecom_007975,1,0.0,0.0,34.0,9.76,1.0,0.0,2024-01-16
ecom_009787,0,0.0,2.0,124.0,32.2,1.0,0.0,2024-01-30
ecom_003940,0,0.0,0.0,107.0,64.64,1.0,1.0,2024-01-11
ecom_001299,1,0.0,2.0,62.0,33.65,1.0,0.0,2024-01-05
ecom_009764,1,0.0,2.0,21.0,24.19,0.0,0.0,2024-01-04
ecom_001348,1,0.0,0.0,28.0,0.0,0.0,0.0,2024-01-06
ecom_000660,0,0.0,1.0,61.0,32.78,0.0,0.0,2024-01-17
ecom_005886,0,0.0,2.0,34.0,15.58,0.0,0.0,2024-01-18
ecom_001492,0,0.0,2.0,2.0,62.32,0.0,0.0,2024-01-22
ecom_009946,0,0.0,0.0,59.0,0.0,1.0,0.0,2024-01-26
ecom_004589,0,0.0,1.0,20.0,82.44,0.0,0.0,2024-01-01
ecom_008530,1,0.0,0.0,26.0,19.21,1.0,1.0,2024-01-19
ecom_005154,1,0.0,0.0,94.0,56.83,1.0,0.0,2024-01-22
ecom_002315,0,0.0,2.0,114.0,24.58,0.0,0.0,2024-01-26
ecom_009614,0,0.0,2.0,3.0,79.78,0.0,0.0,2024-01-08
ecom_009577,1,0.0,0.0,17.0,0.0,0.0,0.0,2024-01-05
ecom_007024,1,0.0,1.0,37.0,64.36,1.0,0.0,2024-01-04
ecom_001085,0,0.0,2.0,28.0,47.26,0.0,0.0,2024-01-27
ecom_002524,0,0.0,2.0,125.0,11.61,1.0,0.0,2024-01-28
ecom_008968,1,0.0,2.0,8.0,42.92,0.0,0.0,2024-01-17
ecom_005374,0,0.0,2.0,11.0,20.36,1.0,0.0,2024-01-27
ecom_003198,1,0.0,2.0,1.0,50.52,0.0,0.0,2024-01-19
ecom_005751,1,0.0,2.0,34.0,0.0,1.0,0.0,2024-01-28
ecom_004008,0,0.0,2.0,17.0,23.43,0.0,1.0,2024-01-18
ecom_005717,0,0.0,2.0,51.0,36.32,1.0,1.0,2024-01-30
ecom_006657,0,0.0,0.0,32.0,35.18,1.0,0.0,2024-01-17
ecom_009357,0,0.0,0.0,40.0,0.0,1.0,0.0,2024-01-14
ecom_008790,0,0.0,0.0,13.0,116.09,0.0,0.0,2024-01-02
ecom_000067,1,0.0,0.0,25.0,36.45,0.0,0.0,2024-01-23
ecom_007923,0,0.0,2.0,47.0,15.06,1.0,0.0,2024-01-10
ecom_000040,0,0.0,2.0,36.0,78.52,1.0,0.0,2024-01-23
ecom_002269,1,0.0,2.0,29.0,29.57,0.0,0.0,2024-01-03
ecom_002381,1,0.0,2.0,90.0,43.77,1.0,0.0,2024-01-23
ecom_007341,0,0.0,0.0,44.0,13.07,1.0,0.0,2024-01-24
ecom_009961,0,0.0,2.0,40.0,0.0,1.0,0.0,2024-01-29
ecom_004916,1,0.0,0.0,40.0,0.0,1.0,0.0,2024-01-01
ecom_005322,0,0.0,2.0,27.0,41.29,1.0,0.0,2024-01-20
ecom_005773,0,0.0,0.0,5.0,346.14,0.0,0.0,2024-01-12
ecom_006232,1,0.0,2.0,30.0,29.8,0.0,0.0,2024-01-26
ecom_006963,1,0.0,0.0,69.0,181.34,1.0,0.0,2024-01-26
ecom_003447,0,0.0,2.0,15.0,15.34,0.0,0.0,2024-01-10
ecom_006816,1,0.0,2.0,39.0,17.37,1.0,0.0,2024-01-28
ecom_002367,1,0.0,0.0,8.0,6.47,0.0,0.0,2024-01-16
ecom_007981,1,0.0,0.0,81.0,13.08,1.0,0.0,2024-01-10
ecom_008166,0,0.0,0.0,78.0,0.0,1.0,0.0,2024-01-30
ecom_002512,0,1.0,2.0,24.0,0.0,0.0,0.0,2024-01-30
ecom_009619,1,0.0,0.0,3.0,92.77,0.0,0.0,2024-01-11
ecom_002723,0,1.0,0.0,11.0,55.22,0.0,0.0,2024-01-24
ecom_005948,0,0.0,1.0,68.0,0.0,1.0,0.0,2024-01-24
ecom_009185,0,0.0,2.0,34.0,20.76,1.0,0.0,2024-01-10
ecom_009004,0,1.0,2.0,139.0,20.75,1.0,0.0,2024-01-08
ecom_001143,0,0.0,0.0,121.0,16.65,1.0,0.0,2024-01-22
ecom_009736,1,0.0,1.0,48.0,0.0,1.0,0.0,2024-01-20
ecom_007222,0,0.0,2.0,31.0,0.0,1.0,0.0,2024-01-24
ecom_008292,1,0.0,1.0,26.0,16.39,0.0,0.0,2024-01-06
ecom_009220,1,0.0,2.0,95.0,46.3,0.0,0.0,2024-01-16
ecom_004728,1,0.0,2.0,2.0,99.07,0.0,1.0,2024-01-09
ecom_005494,1,0.0,0.0,13.0,20.67,0.0,0.0,2024-01-16
ecom_005755,1,0.0,1.0,9.0,28.67,1.0,0.0,2024-01-26
ecom_007562,1,0.0,0.0,1.0,49.43,0.0,0.0,2024-01-09
ecom_003789,0,0.0,2.0,49.0,34.04,1.0,0.0,2024-01-01
ecom_002220,1,0.0,0.0,66.0,96.74,1.0,0.0,2024-01-07
ecom_005075,0,0.0,0.0,98.0,0.0,1.0,0.0,2024-01-03
ecom_002331,1,0.0,2.0,102.0,0.0,1.0,0.0,2024-01-01
ecom_005394,0,0.0,0.0,415.0,13.09,1.0,0.0,2024-01-05
ecom_007439,0,0.0,0.0,1.0,17.8,0.0,0.0,2024-01-15
ecom_008067,0,0.0,1.0,61.0,32.81,1.0,0.0,2024-01-17
ecom_007090,0,0.0,0.0,41.0,28.82,1.0,0.0,2024-01-26
ecom_009336,0,0.0,1.0,35.0,106.71,1.0,0.0,2024-01-10
ecom_004088,1,0.0,2.0,21.0,23.74,0.0,0.0,2024-01-14
ecom_001967,1,0.0,0.0,40.0,0.0,1.0,0.0,2024-01-19
ecom_009363,0,0.0,2.0,129.0,23.3,1.0,0.0,2024-01-29
ecom_009796,1,0.0,2.0,5.0,53.16,0.0,0.0,2024-01-15
ecom_006757,0,0.0,1.0,8.0,0.0,0.0,0.0,2024-01-15
ecom_009586,0,0.0,0.0,37.0,37.74,1.0,0.0,2024-01-13
ecom_004365,0,0.0,0.0,205.0,17.95,1.0,0.0,2024-01-30
ecom_006999,0,0.0,1.0,142.0,36.03,1.0,0.0,2024-01-26
ecom_000423,1,0.0,2.0,3.0,0.0,0.0,0.0,2024-01-14
ecom_000280,1,0.0,2.0,57.0,49.09,1.0,0.0,2024-01-29
ecom_001904,1,0.0,2.0,232.0,41.23,0.0,0.0,2024-01-25
ecom_000595,0,0.0,0.0,119.0,37.73,1.0,0.0,2024-01-21
ecom_008579,1,0.0,1.0,24.0,0.0,0.0,0.0,2024-01-12
ecom_003917,0,0.0,0.0,1.0,26.18,0.0,0.0,2024-01-12
ecom_006142,1,0.0,2.0,13.0,105.26,0.0,0.0,2024-01-08
ecom_005661,0,0.0,1.0,100.0,0.0,1.0,0.0,2024-01-04
ecom_005778,0,0.0,2.0,2.0,19.97,0.0,0.0,2024-01-05
ecom_003618,0,0.0,0.0,108.0,89.62,1.0,0.0,2024-01-20
ecom_006845,0,0.0,2.0,13.0,34.1,0.0,0.0,2024-01-30
ecom_000839,0,0.0,2.0,120.0,63.83,1.0,0.0,2024-01-17
ecom_004596,1,0.0,1.0,16.0,17.69,0.0,0.0,2024-01-23
ecom_007496,1,0.0,0.0,50.0,0.0,1.0,0.0,2024-01-19
ecom_000141,0,0.0,1.0,65.0,17.84,1.0,0.0,2024-01-09
ecom_002597,0,0.0,1.0,177.0,0.0,0.0,0.0,2024-01-03
ecom_006701,1,0.0,0.0,69.0,49.2,1.0,1.0,2024-01-22
ecom_007756,1,0.0,2.0,66.0,36.77,1.0,0.0,2024-01-07
ecom_001377,0,0.0,2.0,59.0,21.36,1.0,0.0,2024-01-10
ecom_003674,1,0.0,2.0,144.0,55.87,0.0,0.0,2024-01-28
ecom_008770,1,0.0,0.0,23.0,20.66,0.0,0.0,2024-01-09
ecom_009895,1,0.0,0.0,72.0,8.21,0.0,0.0,2024-01-29
ecom_006362,0,0.0,0.0,94.0,0.0,1.0,0.0,2024-01-16
ecom_004741,0,0.0,2.0,47.0,11.72,1.0,0.0,2024-01-28
ecom_003808,0,0.0,0.0,10.0,41.31,0.0,0.0,2024-01-26
ecom_001138,1,0.0,1.0,123.0,32.94,1.0,0.0,2024-01-10
ecom_002257,1,0.0,1.0,23.0,38.58,0.0,0.0,2024-01-11
ecom_007865,1,0.0,0.0,7.0,28.57,0.0,0.0,2024-01-21
ecom_001787,0,0.0,2.0,33.0,133.18,1.0,0.0,2024-01-20
ecom_003938,0,0.0,0.0,16.0,28.46,0.0,0.0,2024-01-03
ecom_009316,0,0.0,2.0,40.0,29.49,1.0,0.0,2024-01-19
ecom_004646,1,0.0,2.0,7.0,53.71,0.0,0.0,2024-01-08
ecom_000459,0,0.0,0.0,73.0,36.14,1.0,0.0,2024-01-27
ecom_006115,0,0.0,0.0,8.0,0.0,1.0,0.0,2024-01-02
ecom_009542,1,0.0,2.0,4.0,22.56,0.0,0.0,2024-01-12
ecom_000948,0,0.0,2.0,178.0,20.88,0.0,0.0,2024-01-05
ecom_003700,1,0.0,1.0,11.0,15.35,0.0,0.0,2024-01-04
ecom_001336,0,0.0,1.0,80.0,62.32,1.0,0.0,2024-01-04
ecom_006370,0,0.0,2.0,130.0,14.38,1.0,0.0,2024-01-16
ecom_004628,1,1.0,0.0,23.0,54.45,0.0,0.0,2024-01-25
ecom_006286,1,0.0,1.0,18.0,13.14,1.0,0.0,2024-01-30
ecom_005925,0,0.0,2.0,11.0,6.49,0.0,0.0,2024-01-09
ecom_005934,1,0.0,0.0,68.0,58.03,1.0,0.0,2024-01-03
ecom_006040,0,0.0,2.0,37.0,37.9,1.0,0.0,2024-01-12
ecom_000441,0,0.0,1.0,152.0,17.08,1.0,0.0,2024-01-29
ecom_006659,0,0.0,2.0,29.0,48.73,0.0,0.0,2024-01-26
ecom_001602,1,1.0,0.0,139.0,21.79,1.0,0.0,2024-01-17
ecom_002238,0,0.0,0.0,101.0,29.71,1.0,1.0,2024-01-03
ecom_000639,1,0.0,0.0,24.0,0.0,0.0,0.0,2024-01-28
ecom_009820,0,0.0,2.0,88.0,66.46,1.0,0.0,2024-01-23
ecom_003830,0,0.0,2.0,35.0,133.25,1.0,1.0,2024-01-03
ecom_009395,0,0.0,0.0,78.0,18.98,1.0,0.0,2024-01-28
ecom_006144,1,0.0,1.0,41.0,54.85,1.0,0.0,2024-01-09
ecom_007985,0,0.0,1.0,95.0,13.91,1.0,0.0,2024-01-12
ecom_009052,0,0.0,0.0,65.0,34.38,1.0,0.0,2024-01-16
ecom_006344,1,0.0,0.0,23.0,10.09,0.0,0.0,2024-01-30
ecom_002501,0,0.0,0.0,22.0,63.74,0.0,0.0,2024-01-26
ecom_001958,0,0.0,0.0,19.0,43.64,1.0,0.0,2024-01-17
ecom_001070,0,0.0,0.0,84.0,19.6,1.0,0.0,2024-01-25
ecom_000155,1,0.0,0.0,5.0,20.26,0.0,0.0,2024-01-01
ecom_002295,0,0.0,0.0,1.0,14.89,0.0,0.0,2024-01-04
ecom_009801,1,0.0,2.0,95.0,98.11,1.0,0.0,2024-01-29
ecom_004578,1,0.0,2.0,107.0,21.83,1.0,0.0,2024-01-09
ecom_001089,0,0.0,2.0,11.0,37.15,0.0,0.0,2024-01-01
ecom_006049,0,0.0,0.0,109.0,62.25,1.0,0.0,2024-01-09
ecom_006415,0,0.0,2.0,148.0,0.0,1.0,0.0,2024-01-08
ecom_002940,0,0.0,2.0,62.0,0.0,1.0,0.0,2024-01-09
ecom_000723,1,0.0,2.0,45.0,45.65,1.0,0.0,2024-01-19
ecom_004384,1,0.0,2.0,27.0,0.0,0.0,0.0,2024-01-06
ecom_000930,0,0.0,0.0,22.0,34.55,0.0,1.0,2024-01-02
ecom_002909,0,0.0,0.0,38.0,26.12,1.0,0.0,2024-01-03
ecom_007845,0,0.0,0.0,7.0,0.0,0.0,0.0,2024-01-25
ecom_006763,1,0.0,0.0,9.0,34.85,0.0,0.0,2024-01-28
ecom_008388,0,0.0,1.0,35.0,7.58,1.0,0.0,2024-01-04
ecom_006416,1,0.0,2.0,11.0,13.67,0.0,0.0,2024-01-10
ecom_000895,0,0.0,2.0,78.0,113.3,1.0,0.0,2024-01-26
ecom_003247,1,0.0,2.0,34.0,56.56,0.0,0.0,2024-01-13
ecom_002326,1,0.0,0.0,63.0,27.68,1.0,0.0,2024-01-04
ecom_007096,0,0.0,0.0,47.0,22.6,1.0,0.0,2024-01-04
ecom_009505,1,0.0,2.0,49.0,23.09,1.0,0.0,2024-01-16
ecom_007581,1,0.0,2.0,19.0,23.78,0.0,0.0,2024-01-30
ecom_009742,1,0.0,0.0,5.0,0.0,0.0,0.0,2024-01-20
ecom_005038,0,0.0,0.0,80.0,11.42,1.0,0.0,2024-01-12
ecom_006450,1,0.0,0.0,1.0,55.54,0.0,0.0,2024-01-28
ecom_004136,1,0.0,2.0,165.0,0.0,0.0,0.0,2024-01-19
ecom_009248,0,0.0,0.0,86.0,29.53,1.0,0.0,2024-01-15
ecom_001715,0,0.0,2.0,23.0,0.0,0.0,0.0,2024-01-06
ecom_001698,0,0.0,0.0,211.0,24.3,1.0,0.0,2024-01-01
ecom_009690,1,0.0,0.0,110.0,0.0,1.0,0.0,2024-01-06
ecom_009549,0,0.0,0.0,41.0,15.91,0.0,0.0,2024-01-11
ecom_009971,1,0.0,0.0,12.0,14.72,0.0,0.0,2024-01-04
ecom_008224,1,0.0,2.0,6.0,26.77,0.0,0.0,2024-01-05
ecom_003831,1,0.0,2.0,22.0,37.53,0.0,0.0,2024-01-04
ecom_006299,0,0.0,0.0,24.0,39.71,0.0,0.0,2024-01-17
ecom_003348,0,0.0,2.0,6.0,53.57,0.0,0.0,2024-01-26
ecom_009518,0,0.0,2.0,26.0,62.59,0.0,0.0,2024-01-25
ecom_000985,1,0.0,2.0,6.0,29.31,1.0,0.0,2024-01-09
ecom_001821,1,0.0,0.0,17.0,0.0,0.0,0.0,2024-01-24
ecom_004571,0,0.0,2.0,31.0,54.29,0.0,0.0,2024-01-16
ecom_000587,0,0.0,2.0,12.0,51.3,0.0,0.0,2024-01-10
ecom_009757,0,0.0,0.0,160.0,60.61,1.0,0.0,2024-01-22
ecom_005077,1,0.0,2.0,189.0,7.15,1.0,0.0,2024-01-25
ecom_007782,0,0.0,0.0,22.0,60.01,0.0,0.0,2024-01-22
ecom_008323,0,0.0,1.0,3.0,51.05,0.0,0.0,2024-01-22
ecom_009522,1,0.0,1.0,110.0,44.68,1.0,0.0,2024-01-12
ecom_009967,1,0.0,1.0,6.0,82.27,0.0,0.0,2024-01-16
ecom_005483,1,0.0,2.0,2.0,9.73,0.0,0.0,2024-01-23
ecom_007746,1,0.0,2.0,31.0,0.0,1.0,0.0,2024-01-10
ecom_009280,0,0.0,0.0,184.0,11.39,1.0,0.0,2024-01-09
ecom_005514,0,0.0,0.0,32.0,369.64,1.0,0.0,2024-01-01
ecom_009527,1,0.0,1.0,34.0,27.44,1.0,0.0,2024-01-16
ecom_008871,1,0.0,2.0,40.0,0.0,1.0,0.0,2024-01-04
ecom_005553,0,0.0,0.0,52.0,27.77,1.0,0.0,2024-01-17
ecom_003557,1,0.0,2.0,180.0,54.66,1.0,0.0,2024-01-21
ecom_001395,0,1.0,2.0,1.0,42.51,0.0,0.0,2024-01-17
ecom_000264,0,0.0,2.0,148.0,76.4,1.0,0.0,2024-01-07
ecom_003547,0,0.0,0.0,42.0,55.4,1.0,0.0,2024-01-30
ecom_006844,1,0.0,2.0,78.0,20.11,1.0,0.0,2024-01-04
ecom_007628,1,0.0,2.0,6.0,22.01,0.0,0.0,2024-01-22
ecom_006788,0,0.0,0.0,146.0,17.47,1.0,0.0,2024-01-16
ecom_003069,1,0.0,1.0,8.0,29.35,0.0,0.0,2024-01-16
ecom_005025,0,0.0,2.0,63.0,0.0,1.0,0.0,2024-01-09
ecom_008396,0,0.0,1.0,174.0,20.01,1.0,0.0,2024-01-10
ecom_003864,1,0.0,2.0,10.0,27.97,0.0,0.0,2024-01-22
ecom_009072,1,0.0,0.0,1.0,0.0,0.0,0.0,2024-01-25
ecom_002400,1,1.0,1.0,56.0,0.0,1.0,0.0,2024-01-27
ecom_006274,1,0.0,0.0,21.0,0.0,1.0,0.0,2024-01-11
ecom_008484,1,0.0,2.0,48.0,61.64,1.0,0.0,2024-01-21
ecom_003711,1,0.0,0.0,177.0,0.0,1.0,0.0,2024-01-10
ecom_000246,0,0.0,1.0,90.0,25.34,1.0,0.0,2024-01-02
ecom_001594,1,0.0,2.0,236.0,0.0,1.0,0.0,2024-01-02
ecom_009682,0,0.0,2.0,9.0,36.06,0.0,0.0,2024-01-11
ecom_001529,1,0.0,2.0,45.0,71.68,1.0,0.0,2024-01-13
ecom_008223,1,0.0,2.0,29.0,56.69,0.0,0.0,2024-01-16
ecom_000923,1,0.0,2.0,26.0,108.73,0.0,0.0,2024-01-30
ecom_007553,0,0.0,2.0,89.0,173.7,1.0,0.0,2024-01-16
ecom_004364,1,0.0,2.0,31.0,17.62,1.0,0.0,2024-01-15
ecom_000669,0,0.0,0.0,20.0,42.89,0.0,0.0,2024-01-13
ecom_003604,0,0.0,1.0,154.0,18.15,1.0,0.0,2024-01-03
ecom_005108,0,0.0,1.0,119.0,15.46,1.0,0.0,2024-01-23
ecom_001910,0,0.0,0.0,29.0,8.93,0.0,0.0,2024-01-17
ecom_008344,0,0.0,0.0,50.0,22.84,1.0,0.0,2024-01-03
ecom_005248,1,0.0,2.0,161.0,0.0,0.0,0.0,2024-01-16
ecom_007183,0,0.0,0.0,111.0,11.29,1.0,0.0,2024-01-25
ecom_003958,0,0.0,1.0,18.0,14.4,0.0,0.0,2024-01-03
ecom_006957,0,0.0,0.0,83.0,62.86,1.0,0.0,2024-01-19
ecom_006026,0,0.0,2.0,39.0,29.73,1.0,0.0,2024-01-12
ecom_005643,0,0.0,0.0,3.0,22.18,0.0,0.0,2024-01-01
ecom_002696,1,1.0,1.0,91.0,8.37,1.0,0.0,2024-01-23
ecom_002591,1,0.0,0.0,147.0,86.61,1.0,1.0,2024-01-29
ecom_005906,1,0.0,0.0,55.0,26.76,1.0,0.0,2024-01-30
ecom_001781,0,0.0,0.0,210.0,0.0,0.0,0.0,2024-01-12
ecom_006509,0,0.0,0.0,32.0,12.84,1.0,0.0,2024-01-06
ecom_003013,0,0.0,0.0,117.0,114.89,1.0,0.0,2024-01-01
ecom_007133,0,0.0,1.0,168.0,35.58,1.0,0.0,2024-01-04
ecom_002307,0,0.0,0.0,52.0,46.3,1.0,0.0,2024-01-23
ecom_007276,0,0.0,0.0,9.0,26.38,0.0,0.0,2024-01-15
ecom_003690,0,0.0,2.0,23.0,0.0,1.0,0.0,2024-01-01
ecom_000687,0,1.0,1.0,51.0,0.0,1.0,0.0,2024-01-19
ecom_006011,1,0.0,2.0,5.0,0.0,0.0,0.0,2024-01-20
ecom_007071,1,0.0,1.0,55.0,17.88,0.0,0.0,2024-01-11
ecom_000612,0,0.0,2.0,43.0,39.27,1.0,0.0,2024-01-10
ecom_007167,0,0.0,2.0,20.0,10.53,0.0,0.0,2024-01-28
ecom_009205,1,0.0,0.0,114.0,73.04,1.0,0.0,2024-01-09
ecom_003200,0,0.0,0.0,156.0,28.21,1.0,0.0,2024-01-12
ecom_002267,1,0.0,0.0,31.0,25.69,1.0,0.0,2024-01-16
ecom_009781,0,0.0,0.0,48.0,0.0,1.0,0.0,2024-01-30
ecom_006629,0,0.0,2.0,20.0,15.16,0.0,0.0,2024-01-06
ecom_004135,1,0.0,0.0,46.0,159.17,1.0,0.0,2024-01-29
ecom_001898,1,0.0,2.0,92.0,45.21,1.0,0.0,2024-01-04
ecom_009530,1,0.0,2.0,84.0,22.97,1.0,0.0,2024-01-22
ecom_008153,0,0.0,0.0,82.0,21.05,1.0,0.0,2024-01-14
ecom_000258,1,0.0,2.0,43.0,0.0,1.0,0.0,2024-01-29
ecom_002924,0,0.0,0.0,31.0,9.1,1.0,0.0,2024-01-12
ecom_009424,1,0.0,1.0,36.0,39.94,1.0,0.0,2024-01-02
ecom_004943,1,0.0,0.0,75.0,60.2,1.0,0.0,2024-01-24
ecom_002822,0,0.0,2.0,10.0,15.44,0.0,0.0,2024-01-04
ecom_006529,1,0.0,2.0,69.0,57.87,1.0,0.0,2024-01-18
ecom_003339,0,0.0,2.0,8.0,60.9,0.0,0.0,2024-01-08
ecom_003525,1,0.0,2.0,13.0,17.77,0.0,0.0,2024-01-09
ecom_004563,0,0.0,2.0,45.0,71.44,1.0,0.0,2024-01-19
ecom_009656,0,0.0,2.0,76.0,51.94,1.0,0.0,2024-01-17
ecom_007908,0,0.0,0.0,7.0,0.0,0.0,0.0,2024-01-26
ecom_005329,0,0.0,1.0,53.0,10.82,1.0,0.0,2024-01-26
ecom_005223,0,0.0,1.0,78.0,35.48,1.0,0.0,2024-01-08
ecom_002285,0,0.0,2.0,156.0,0.0,1.0,1.0,2024-01-08
ecom_006063,1,0.0,1.0,39.0,18.09,1.0,0.0,2024-01-05
ecom_004654,0,0.0,2.0,11.0,20.05,0.0,0.0,2024-01-09
ecom_005000,0,0.0,2.0,14.0,60.32,0.0,0.0,2024-01-01
ecom_006710,0,0.0,2.0,61.0,40.31,1.0,0.0,2024-01-01
ecom_009324,0,0.0,1.0,73.0,39.79,1.0,0.0,2024-01-12
ecom_000484,0,0.0,0.0,72.0,20.14,1.0,0.0,2024-01-21
ecom_002211,1,0.0,0.0,1.0,16.02,0.0,1.0,2024-01-10
ecom_005416,0,0.0,0.0,261.0,195.87,1.0,0.0,2024-01-05
ecom_007563,1,0.0,2.0,85.0,85.04,1.0,0.0,2024-01-22
ecom_002555,0,0.0,0.0,21.0,0.0,0.0,0.0,2024-01-06
ecom_000007,0,0.0,0.0,25.0,157.74,0.0,0.0,2024-01-22
ecom_003657,0,0.0,1.0,15.0,22.29,0.0,0.0,2024-01-27
ecom_006411,0,0.0,1.0,11.0,56.18,0.0,0.0,2024-01-16
ecom_009164,0,0.0,2.0,8.0,17.1,0.0,0.0,2024-01-04
ecom_004874,1,0.0,0.0,55.0,13.06,1.0,1.0,2024-01-24
ecom_004402,1,0.0,2.0,10.0,56.21,0.0,1.0,2024-01-26
ecom_008916,1,0.0,0.0,19.0,20.35,0.0,0.0,2024-01-02
ecom_005546,0,1.0,2.0,6.0,0.0,0.0,0.0,2024-01-14
ecom_005297,0,0.0,2.0,78.0,0.0,1.0,0.0,2024-01-26
ecom_002426,0,0.0,2.0,19.0,31.38,0.0,0.0,2024-01-23
ecom_006744,1,0.0,2.0,24.0,28.04,0.0,0.0,2024-01-08
ecom_001814,1,1.0,0.0,14.0,0.0,0.0,0.0,2024-01-04
ecom_006822,1,0.0,2.0,46.0,66.76,1.0,0.0,2024-01-17
ecom_009625,1,0.0,2.0,228.0,33.17,1.0,0.0,2024-01-09
ecom_002274,1,0.0,2.0,6.0,49.62,1.0,1.0,2024-01-11
ecom_001011,0,0.0,0.0,62.0,116.38,1.0,0.0,2024-01-24
ecom_001577,1,0.0,0.0,53.0,33.78,1.0,0.0,2024-01-10
ecom_007264,0,0.0,0.0,119.0,20.64,1.0,0.0,2024-01-12
ecom_001067,0,0.0,0.0,16.0,20.71,0.0,0.0,2024-01-21
ecom_001991,1,1.0,0.0,27.0,0.0,0.0,0.0,2024-01-24
ecom_003970,1,0.0,1.0,34.0,12.57,0.0,1.0,2024-01-09
ecom_009073,0,0.0,2.0,100.0,36.6,1.0,0.0,2024-01-17
ecom_005879,1,0.0,2.0,36.0,21.62,1.0,0.0,2024-01-18
ecom_008430,1,0.0,2.0,13.0,0.0,0.0,0.0,2024-01-24
ecom_004542,0,0.0,2.0,98.0,37.23,1.0,0.0,2024-01-22
ecom_009326,1,0.0,2.0,16.0,22.69,0.0,0.0,2024-01-04
ecom_007193,1,0.0,2.0,2.0,0.0,0.0,0.0,2024-01-13
ecom_003867,0,0.0,0.0,20.0,0.0,0.0,0.0,2024-01-06
ecom_009415,1,0.0,0.0,9.0,0.0,0.0,0.0,2024-01-30
ecom_006823,1,1.0,1.0,29.0,0.0,0.0,0.0,2024-01-17
ecom_003048,1,0.0,2.0,4.0,8.94,0.0,0.0,2024-01-10
ecom_000781,0,0.0,2.0,60.0,4.72,1.0,0.0,2024-01-24
ecom_006747,1,0.0,0.0,56.0,26.64,1.0,1.0,2024-01-22
ecom_002675,1,0.0,2.0,26.0,87.66,0.0,0.0,2024-01-02
ecom_001749,1,0.0,0.0,17.0,46.94,0.0,0.0,2024-01-17
ecom_006222,0,0.0,0.0,122.0,0.0,1.0,0.0,2024-01-09
ecom_007946,1,0.0,0.0,1.0,23.12,0.0,0.0,2024-01-17
ecom_002791,1,0.0,1.0,33.0,34.63,1.0,0.0,2024-01-09
ecom_006519,1,0.0,2.0,9.0,54.66,0.0,0.0,2024-01-17
ecom_005774,0,0.0,0.0,48.0,37.47,1.0,0.0,2024-01-26
ecom_006357,1,0.0,2.0,5.0,31.18,0.0,0.0,2024-01-01
ecom_004979,0,0.0,1.0,45.0,8.27,0.0,0.0,2024-01-19
ecom_007588,1,0.0,2.0,8.0,5.64,1.0,0.0,2024-01-30
ecom_001091,1,0.0,0.0,85.0,30.14,0.0,0.0,2024-01-18
ecom_006526,1,1.0,2.0,15.0,63.15,1.0,0.0,2024-01-30
ecom_009607,0,0.0,0.0,39.0,16.86,1.0,0.0,2024-01-20
ecom_004627,0,0.0,1.0,7.0,18.98,0.0,1.0,2024-01-21
ecom_002324,0,0.0,1.0,17.0,16.88,0.0,0.0,2024-01-28
ecom_006534,0,0.0,2.0,47.0,164.99,1.0,0.0,2024-01-30
ecom_008971,0,0.0,2.0,73.0,26.09,1.0,0.0,2024-01-15
ecom_005055,1,0.0,2.0,184.0,11.75,1.0,0.0,2024-01-07
ecom_002608,0,0.0,1.0,11.0,72.79,0.0,0.0,2024-01-25
ecom_009020,1,0.0,2.0,41.0,61.57,1.0,0.0,2024-01-20
ecom_002290,0,0.0,1.0,107.0,51.54,1.0,0.0,2024-01-01
ecom_001727,1,0.0,0.0,211.0,0.0,1.0,0.0,2024-01-30
ecom_000610,0,0.0,2.0,136.0,0.0,1.0,0.0,2024-01-25
ecom_004666,0,0.0,2.0,15.0,64.87,0.0,0.0,2024-01-25
ecom_008051,1,0.0,1.0,15.0,19.22,0.0,0.0,2024-01-12
ecom_005413,0,0.0,0.0,29.0,8.22,0.0,0.0,2024-01-23
ecom_000343,1,0.0,2.0,134.0,0.0,1.0,0.0,2024-01-12
ecom_004683,0,0.0,2.0,6.0,62.07,0.0,0.0,2024-01-24
ecom_008784,0,0.0,2.0,9.0,14.35,0.0,0.0,2024-01-16
ecom_003750,1,0.0,2.0,15.0,126.32,0.0,0.0,2024-01-30
ecom_008453,0,0.0,1.0,26.0,34.64,0.0,0.0,2024-01-12
ecom_009307,0,0.0,0.0,6.0,0.0,0.0,0.0,2024-01-26
ecom_005999,1,0.0,2.0,40.0,20.51,1.0,0.0,2024-01-16
ecom_003215,0,0.0,2.0,87.0,0.0,1.0,0.0,2024-01-19
ecom_000097,0,0.0,2.0,56.0,32.71,1.0,0.0,2024-01-10
ecom_007387,0,0.0,1.0,130.0,58.26,1.0,0.0,2024-01-26
ecom_007665,0,0.0,1.0,71.0,31.82,1.0,0.0,2024-01-25
ecom_005176,1,0.0,2.0,2.0,16.5,0.0,0.0,2024-01-06
ecom_007279,1,0.0,0.0,2.0,0.0,0.0,1.0,2024-01-04
ecom_006165,0,0.0,0.0,13.0,39.14,0.0,0.0,2024-01-24
ecom_001537,0,0.0,1.0,125.0,0.0,1.0,0.0,2024-01-30
ecom_003588,1,0.0,1.0,52.0,10.26,1.0,0.0,2024-01-10
ecom_009442,1,0.0,0.0,44.0,0.0,1.0,0.0,2024-01-05
ecom_006985,1,0.0,2.0,5.0,108.47,0.0,0.0,2024-01-21
ecom_003648,0,0.0,2.0,1.0,18.25,0.0,0.0,2024-01-14
ecom_002657,0,0.0,2.0,43.0,0.0,1.0,0.0,2024-01-02
ecom_009826,0,0.0,1.0,14.0,0.0,0.0,0.0,2024-01-02
ecom_001517,0,0.0,0.0,92.0,45.83,1.0,0.0,2024-01-23
ecom_005061,1,0.0,2.0,22.0,0.0,0.0,0.0,2024-01-16
ecom_009349,1,0.0,1.0,34.0,46.8,0.0,0.0,2024-01-03
ecom_004624,1,0.0,0.0,25.0,17.69,0.0,0.0,2024-01-14
ecom_004272,0,0.0,0.0,28.0,34.47,0.0,0.0,2024-01-12
ecom_003669,0,0.0,1.0,21.0,256.25,0.0,0.0,2024-01-24
ecom_006566,0,0.0,2.0,8.0,20.0,0.0,0.0,2024-01-18
ecom_005800,1,0.0,2.0,83.0,0.0,1.0,0.0,2024-01-05
ecom_002090,0,0.0,2.0,34.0,24.85,1.0,0.0,2024-01-12
ecom_007097,0,0.0,1.0,50.0,55.12,1.0,0.0,2024-01-30
ecom_006171,1,0.0,0.0,56.0,0.0,1.0,0.0,2024-01-12
ecom_000572,0,0.0,2.0,116.0,17.56,1.0,0.0,2024-01-16
ecom_009558,0,0.0,0.0,187.0,37.2,1.0,0.0,2024-01-25
ecom_004688,1,0.0,1.0,6.0,0.0,0.0,0.0,2024-01-03
ecom_009074,0,0.0,2.0,60.0,66.37,0.0,0.0,2024-01-05
ecom_003062,1,0.0,2.0,31.0,9.17,1.0,0.0,2024-01-10
ecom_009293,1,0.0,2.0,175.0,79.28,0.0,0.0,2024-01-14
ecom_006470,1,0.0,2.0,5.0,48.45,0.0,0.0,2024-01-16
ecom_007160,1,0.0,1.0,107.0,16.98,1.0,0.0,2024-01-09
ecom_006633,1,0.0,0.0,1.0,0.0,0.0,0.0,2024-01-16
ecom_008491,1,0.0,0.0,23.0,59.9,0.0,0.0,2024-01-11
ecom_007925,0,1.0,2.0,14.0,40.74,0.0,0.0,2024-01-13
ecom_007345,0,0.0,0.0,177.0,0.0,1.0,0.0,2024-01-15
ecom_006304,1,0.0,1.0,82.0,0.0,1.0,0.0,2024-01-11
ecom_007900,1,0.0,1.0,153.0,60.83,1.0,0.0,2024-01-30
ecom_009439,1,0.0,0.0,19.0,42.01,0.0,1.0,2024-01-19
ecom_008185,0,0.0,2.0,84.0,0.0,1.0,0.0,2024-01-18
ecom_004479,1,0.0,2.0,187.0,28.25,1.0,0.0,2024-01-10
ecom_004948,1,0.0,1.0,16.0,37.57,0.0,1.0,2024-01-07
ecom_005976,0,0.0,1.0,140.0,182.52,1.0,0.0,2024-01-21
ecom_000370,0,0.0,0.0,4.0,0.0,0.0,0.0,2024-01-06
ecom_001938,1,0.0,2.0,5.0,0.0,0.0,1.0,2024-01-06
ecom_002352,1,0.0,1.0,42.0,0.0,1.0,0.0,2024-01-23
ecom_007127,0,0.0,2.0,50.0,66.02,1.0,0.0,2024-01-15
ecom_001753,1,0.0,2.0,8.0,25.69,0.0,0.0,2024-01-04
ecom_003670,1,0.0,0.0,183.0,49.32,1.0,1.0,2024-01-14
ecom_007298,1,0.0,2.0,32.0,22.66,0.0,0.0,2024-01-02
ecom_003652,0,1.0,0.0,61.0,54.4,1.0,0.0,2024-01-08
ecom_005201,0,0.0,0.0,59.0,14.85,1.0,0.0,2024-01-22
ecom_007909,0,0.0,2.0,57.0,28.51,1.0,0.0,2024-01-14
ecom_002361,1,0.0,2.0,19.0,23.02,0.0,0.0,2024-01-15
ecom_004260,1,0.0,0.0,53.0,37.17,1.0,0.0,2024-01-14
ecom_005432,1,0.0,2.0,49.0,153.66,1.0,0.0,2024-01-18
ecom_006285,0,0.0,1.0,22.0,55.19,0.0,0.0,2024-01-25
ecom_004991,1,0.0,0.0,63.0,128.26,1.0,0.0,2024-01-10
ecom_007600,0,0.0,2.0,31.0,0.0,1.0,0.0,2024-01-06
ecom_009462,1,0.0,1.0,123.0,56.25,1.0,0.0,2024-01-17
ecom_003737,0,0.0,2.0,17.0,56.95,1.0,0.0,2024-01-15
ecom_007520,0,0.0,0.0,156.0,30.32,1.0,0.0,2024-01-22
ecom_008559,0,0.0,2.0,100.0,62.4,1.0,0.0,2024-01-23
ecom_008926,0,0.0,0.0,196.0,16.99,1.0,0.0,2024-01-22
ecom_009990,0,0.0,2.0,20.0,8.97,0.0,0.0,2024-01-16
ecom_005591,0,0.0,2.0,22.0,33.73,0.0,0.0,2024-01-21
ecom_001171,0,0.0,2.0,72.0,25.0,1.0,0.0,2024-01-19
ecom_007370,1,0.0,0.0,117.0,50.66,1.0,0.0,2024-01-01
ecom_007937,0,0.0,2.0,34.0,7.22,1.0,0.0,2024-01-23
ecom_008086,0,0.0,1.0,56.0,0.0,1.0,0.0,2024-01-17
ecom_001422,1,0.0,2.0,72.0,13.1,1.0,0.0,2024-01-24
ecom_006782,1,0.0,2.0,15.0,22.47,1.0,0.0,2024-01-08
ecom_009443,0,0.0,2.0,2.0,0.0,0.0,0.0,2024-01-07
ecom_008139,0,0.0,0.0,55.0,35.44,1.0,0.0,2024-01-03
ecom_009350,1,1.0,0.0,325.0,0.0,1.0,0.0,2024-01-24
ecom_008018,1,0.0,2.0,17.0,9.06,0.0,0.0,2024-01-30
ecom_006339,0,0.0,1.0,85.0,7.93,1.0,0.0,2024-01-05
ecom_009647,0,0.0,0.0,45.0,28.19,1.0,0.0,2024-01-23
ecom_000874,1,0.0,1.0,81.0,13.73,1.0,0.0,2024-01-30
ecom_002297,1,0.0,2.0,55.0,0.0,1.0,0.0,2024-01-18
ecom_002643,1,0.0,0.0,132.0,18.73,1.0,1.0,2024-01-13
ecom_007531,1,0.0,0.0,17.0,38.23,0.0,0.0,2024-01-16
ecom_001719,1,0.0,0.0,50.0,0.0,1.0,0.0,2024-01-28
ecom_005347,1,0.0,1.0,134.0,158.85,1.0,0.0,2024-01-01
ecom_005932,0,0.0,0.0,84.0,0.0,1.0,0.0,2024-01-18
ecom_000840,1,0.0,1.0,26.0,80.0,0.0,0.0,2024-01-11
ecom_009937,1,0.0,0.0,192.0,21.88,1.0,0.0,2024-01-20
ecom_000581,0,0.0,0.0,70.0,38.9,1.0,0.0,2024-01-04
ecom_000204,1,0.0,2.0,63.0,25.31,1.0,0.0,2024-01-11
ecom_001641,1,0.0,0.0,52.0,0.0,1.0,0.0,2024-01-24
ecom_002014,1,0.0,1.0,112.0,10.26,1.0,0.0,2024-01-16
ecom_003253,0,0.0,0.0,41.0,27.03,1.0,0.0,2024-01-02
ecom_007540,1,0.0,2.0,36.0,15.63,1.0,0.0,2024-01-20
ecom_000905,0,0.0,2.0,6.0,88.68,0.0,0.0,2024-01-17
ecom_000631,0,0.0,1.0,25.0,0.0,0.0,0.0,2024-01-10
ecom_008420,1,1.0,0.0,2.0,81.5,0.0,0.0,2024-01-30
ecom_007823,0,0.0,1.0,3.0,32.03,0.0,0.0,2024-01-09
ecom_001974,0,0.0,2.0,5.0,32.56,0.0,0.0,2024-01-30
ecom_000162,0,0.0,0.0,1.0,0.0,1.0,0.0,2024-01-14
ecom_004998,0,0.0,2.0,142.0,0.0,1.0,0.0,2024-01-02
ecom_001243,0,0.0,1.0,14.0,24.33,1.0,0.0,2024-01-15
ecom_009450,0,0.0,0.0,31.0,15.47,1.0,0.0,2024-01-20
ecom_007764,1,0.0,1.0,6.0,0.0,1.0,0.0,2024-01-05
ecom_004713,0,0.0,0.0,22.0,59.49,0.0,0.0,2024-01-03
ecom_000875,0,0.0,1.0,13.0,122.06,0.0,0.0,2024-01-15
ecom_001431,1,0.0,2.0,8.0,0.0,0.0,0.0,2024-01-30
ecom_008738,0,0.0,2.0,82.0,46.26,1.0,0.0,2024-01-11
ecom_006868,1,0.0,0.0,24.0,12.91,0.0,0.0,2024-01-15
ecom_004643,0,0.0,0.0,2.0,54.83,0.0,0.0,2024-01-29
ecom_005080,0,0.0,2.0,10.0,0.0,0.0,0.0,2024-01-01
ecom_005783,1,0.0,2.0,18.0,36.78,0.0,0.0,2024-01-15
ecom_009138,1,0.0,2.0,1.0,21.31,0.0,0.0,2024-01-24
ecom_007616,0,0.0,1.0,13.0,6.07,0.0,0.0,2024-01-23
ecom_008039,0,0.0,0.0,31.0,0.0,0.0,1.0,2024-01-29
ecom_007955,1,0.0,0.0,10.0,0.0,0.0,0.0,2024-01-03
ecom_009437,0,0.0,0.0,253.0,66.08,1.0,0.0,2024-01-05
ecom_002856,1,0.0,0.0,1.0,231.9,0.0,0.0,2024-01-28
ecom_001861,1,0.0,1.0,99.0,24.38,0.0,0.0,2024-01-26
ecom_002659,1,0.0,1.0,10.0,24.03,0.0,0.0,2024-01-19
ecom_003384,1,0.0,0.0,27.0,0.0,0.0,0.0,2024-01-10
ecom_009564,0,0.0,0.0,6.0,81.16,0.0,0.0,2024-01-12
ecom_009776,1,0.0,0.0,1.0,203.43,0.0,0.0,2024-01-10
ecom_008090,0,0.0,2.0,63.0,60.13,0.0,0.0,2024-01-20
ecom_008347,0,0.0,1.0,51.0,0.0,1.0,0.0,2024-01-06
ecom_007462,1,0.0,2.0,13.0,14.25,0.0,0.0,2024-01-26
ecom_006886,1,0.0,1.0,88.0,81.85,1.0,0.0,2024-01-17
ecom_004733,0,0.0,0.0,22.0,13.84,1.0,0.0,2024-01-30
ecom_003331,0,0.0,1.0,76.0,81.72,1.0,0.0,2024-01-29
ecom_009006,0,0.0,1.0,223.0,24.3,1.0,0.0,2024-01-18
ecom_008635,1,0.0,0.0,175.0,27.31,1.0,0.0,2024-01-26
ecom_006404,0,0.0,1.0,13.0,0.0,0.0,0.0,2024-01-13
ecom_008346,0,0.0,0.0,180.0,46.12,1.0,0.0,2024-01-05
ecom_009464,0,0.0,2.0,16.0,17.17,0.0,0.0,2024-01-16
ecom_007060,0,0.0,2.0,140.0,0.0,1.0,0.0,2024-01-30
ecom_002096,0,0.0,0.0,28.0,0.0,1.0,0.0,2024-01-05
ecom_002003,1,0.0,2.0,16.0,44.64,0.0,0.0,2024-01-14
ecom_008804,0,0.0,0.0,1.0,51.14,0.0,0.0,2024-01-20
ecom_009732,1,0.0,1.0,31.0,76.37,1.0,0.0,2024-01-07
ecom_004676,0,0.0,0.0,48.0,0.0,1.0,0.0,2024-01-15
ecom_005017,0,0.0,0.0,41.0,114.08,1.0,0.0,2024-01-15
ecom_007469,0,0.0,1.0,69.0,77.87,1.0,0.0,2024-01-16
ecom_000546,0,0.0,0.0,138.0,26.83,1.0,1.0,2024-01-30
ecom_001449,1,0.0,2.0,39.0,0.0,1.0,0.0,2024-01-08
ecom_003986,0,0.0,0.0,33.0,5.91,1.0,0.0,2024-01-11
ecom_006900,1,0.0,1.0,20.0,23.52,0.0,0.0,2024-01-30
ecom_002610,0,0.0,0.0,17.0,0.0,0.0,0.0,2024-01-01
ecom_001900,0,0.0,2.0,100.0,70.17,1.0,0.0,2024-01-23
ecom_003920,0,0.0,1.0,46.0,8.24,1.0,0.0,2024-01-30
ecom_002757,1,0.0,0.0,153.0,0.0,1.0,0.0,2024-01-10
ecom_006124,1,0.0,2.0,19.0,0.0,0.0,0.0,2024-01-03
ecom_006397,0,0.0,2.0,77.0,0.0,1.0,0.0,2024-01-28
ecom_001885,1,0.0,2.0,26.0,36.98,0.0,0.0,2024-01-27
ecom_009823,0,0.0,0.0,20.0,0.0,0.0,0.0,2024-01-20
ecom_005738,0,0.0,1.0,101.0,34.63,1.0,0.0,2024-01-01
ecom_008667,1,0.0,0.0,64.0,48.96,1.0,0.0,2024-01-05
ecom_005890,1,0.0,1.0,132.0,9.95,1.0,0.0,2024-01-15
ecom_002097,1,0.0,0.0,73.0,0.0,1.0,0.0,2024-01-11
ecom_009289,1,0.0,2.0,32.0,48.03,0.0,0.0,2024-01-13
ecom_005692,1,0.0,2.0,166.0,41.27,1.0,0.0,2024-01-09
ecom_000499,1,0.0,0.0,9.0,23.54,0.0,0.0,2024-01-19
ecom_005624,0,0.0,1.0,119.0,0.0,1.0,0.0,2024-01-19
ecom_000836,1,0.0,2.0,148.0,4.83,1.0,0.0,2024-01-20
ecom_003471,0,0.0,2.0,11.0,60.63,0.0,0.0,2024-01-27
ecom_004697,1,0.0,2.0,218.0,23.91,1.0,0.0,2024-01-16
ecom_006280,0,0.0,1.0,1.0,60.27,0.0,0.0,2024-01-03
ecom_008883,1,0.0,2.0,55.0,161.6,1.0,0.0,2024-01-22
ecom_002171,1,0.0,2.0,99.0,8.66,1.0,0.0,2024-01-14
ecom_009231,0,0.0,2.0,1.0,88.76,0.0,0.0,2024-01-26
ecom_005678,0,0.0,1.0,102.0,11.2,1.0,0.0,2024-01-26
ecom_009184,1,0.0,0.0,10.0,114.18,0.0,0.0,2024-01-14
ecom_000398,0,0.0,2.0,105.0,0.0,1.0,0.0,2024-01-08
ecom_002010,0,1.0,0.0,17.0,0.0,0.0,0.0,2024-01-11
ecom_005166,1,1.0,1.0,109.0,120.1,1.0,0.0,2024-01-10
ecom_005871,1,1.0,0.0,48.0,41.41,1.0,0.0,2024-01-04
ecom_009792,1,0.0,2.0,216.0,32.72,1.0,0.0,2024-01-15
ecom_001283,0,0.0,0.0,18.0,25.32,1.0,0.0,2024-01-05
ecom_008390,0,0.0,2.0,132.0,0.0,1.0,0.0,2024-01-25
ecom_002448,0,0.0,1.0,118.0,0.0,0.0,0.0,2024-01-12
ecom_004256,0,0.0,0.0,36.0,35.71,1.0,0.0,2024-01-22
ecom_001836,1,0.0,1.0,33.0,53.82,0.0,0.0,2024-01-18
ecom_009596,0,0.0,0.0,42.0,15.46,1.0,0.0,2024-01-09
ecom_001019,1,1.0,2.0,16.0,0.0,0.0,0.0,2024-01-12
ecom_005066,1,0.0,2.0,93.0,14.89,1.0,0.0,2024-01-30
ecom_001326,0,0.0,0.0,40.0,122.47,1.0,0.0,2024-01-07
ecom_008752,0,1.0,0.0,2.0,177.42,0.0,0.0,2024-01-10
ecom_000475,0,0.0,2.0,1.0,0.0,0.0,0.0,2024-01-11
ecom_002810,0,0.0,0.0,13.0,382.61,0.0,0.0,2024-01-11
ecom_008632,0,0.0,2.0,26.0,54.79,0.0,0.0,2024-01-16
ecom_001651,1,0.0,2.0,1.0,11.24,1.0,0.0,2024-01-02
ecom_009611,1,0.0,1.0,39.0,24.73,1.0,0.0,2024-01-30
ecom_001169,1,0.0,2.0,138.0,17.36,1.0,0.0,2024-01-26
ecom_002528,1,0.0,0.0,58.0,17.71,1.0,0.0,2024-01-26
ecom_001206,1,0.0,0.0,78.0,30.0,1.0,0.0,2024-01-03
ecom_006256,1,0.0,1.0,76.0,146.21,1.0,0.0,2024-01-16
ecom_007926,1,0.0,0.0,8.0,51.28,1.0,0.0,2024-01-06
ecom_005469,1,0.0,2.0,113.0,5.43,1.0,0.0,2024-01-26
ecom_009383,1,0.0,0.0,35.0,10.64,1.0,0.0,2024-01-29
ecom_000431,0,0.0,0.0,188.0,0.0,1.0,0.0,2024-01-03
ecom_007700,1,1.0,2.0,134.0,25.68,1.0,0.0,2024-01-10
ecom_000867,0,0.0,0.0,33.0,0.0,1.0,0.0,2024-01-10
ecom_002974,1,0.0,2.0,275.0,232.12,1.0,0.0,2024-01-12
ecom_005236,1,0.0,0.0,22.0,129.63,1.0,0.0,2024-01-02
ecom_005093,1,0.0,2.0,34.0,25.37,1.0,0.0,2024-01-29
ecom_005433,1,0.0,0.0,30.0,15.49,0.0,0.0,2024-01-27
ecom_000541,0,0.0,2.0,31.0,24.69,1.0,0.0,2024-01-28
ecom_005195,1,0.0,2.0,28.0,23.2,0.0,0.0,2024-01-05
ecom_001132,1,0.0,1.0,1.0,62.61,0.0,0.0,2024-01-10
ecom_009837,0,1.0,0.0,44.0,0.0,1.0,0.0,2024-01-11
ecom_004501,1,0.0,0.0,47.0,0.0,1.0,1.0,2024-01-07
ecom_006354,0,0.0,1.0,56.0,66.57,0.0,1.0,2024-01-22
ecom_009333,0,0.0,1.0,190.0,297.77,1.0,0.0,2024-01-15
ecom_003390,1,0.0,0.0,25.0,25.49,1.0,0.0,2024-01-26
ecom_003888,0,0.0,2.0,109.0,19.45,1.0,0.0,2024-01-22
ecom_002962,1,0.0,0.0,35.0,0.0,1.0,0.0,2024-01-30
ecom_004155,1,0.0,0.0,65.0,0.0,1.0,0.0,2024-01-28
ecom_003259,1,0.0,2.0,81.0,15.28,1.0,0.0,2024-01-05
ecom_006302,0,0.0,0.0,55.0,22.04,1.0,0.0,2024-01-24
ecom_006034,0,0.0,2.0,4.0,15.58,0.0,0.0,2024-01-17
ecom_007918,0,0.0,2.0,32.0,0.0,1.0,0.0,2024-01-23
ecom_009936,1,0.0,2.0,46.0,200.41,1.0,1.0,2024-01-29
ecom_002583,1,0.0,2.0,1.0,0.0,0.0,0.0,2024-01-23
ecom_002813,1,0.0,0.0,65.0,16.23,1.0,1.0,2024-01-02
ecom_003959,1,0.0,0.0,38.0,58.72,1.0,0.0,2024-01-13
ecom_002947,1,0.0,0.0,254.0,0.0,0.0,0.0,2024-01-15
ecom_006643,0,0.0,2.0,13.0,25.87,0.0,0.0,2024-01-03
ecom_005174,1,0.0,0.0,21.0,0.0,0.0,0.0,2024-01-30
ecom_006841,1,0.0,2.0,4.0,50.53,0.0,0.0,2024-01-19
ecom_008298,0,0.0,2.0,78.0,35.67,1.0,0.0,2024-01-15
ecom_003586,0,0.0,2.0,41.0,0.0,1.0,0.0,2024-01-10
ecom_009228,0,0.0,2.0,10.0,73.76,0.0,0.0,2024-01-04
ecom_007988,1,0.0,0.0,49.0,15.11,0.0,1.0,2024-01-15
ecom_002563,1,0.0,1.0,7.0,9.14,0.0,0.0,2024-01-25
ecom_002630,1,0.0,2.0,120.0,0.0,1.0,0.0,2024-01-24
ecom_003190,1,0.0,2.0,41.0,0.0,1.0,0.0,2024-01-29
ecom_007778,0,0.0,2.0,32.0,0.0,1.0,0.0,2024-01-15
ecom_007645,1,1.0,0.0,166.0,76.66,1.0,0.0,2024-01-11
ecom_005036,0,0.0,1.0,3.0,102.15,0.0,0.0,2024-01-02
ecom_001080,0,0.0,2.0,7.0,0.0,0.0,0.0,2024-01-07
ecom_004283,0,0.0,1.0,73.0,9.03,1.0,0.0,2024-01-01
ecom_009711,0,0.0,2.0,13.0,8.61,0.0,0.0,2024-01-27
ecom_007085,1,0.0,1.0,127.0,428.27,1.0,0.0,2024-01-27
ecom_002085,0,0.0,1.0,60.0,0.0,1.0,0.0,2024-01-17
ecom_006345,1,0.0,1.0,27.0,25.67,0.0,0.0,2024-01-03
ecom_002452,1,0.0,1.0,16.0,93.41,0.0,0.0,2024-01-16
ecom_004966,1,1.0,2.0,103.0,0.0,1.0,0.0,2024-01-09
ecom_002023,1,0.0,0.0,26.0,32.61,0.0,0.0,2024-01-18
ecom_008071,0,0.0,1.0,13.0,18.55,0.0,0.0,2024-01-14
ecom_008987,0,0.0,2.0,1.0,16.25,0.0,0.0,2024-01-05
ecom_008718,1,0.0,2.0,164.0,14.72,1.0,0.0,2024-01-29
ecom_007321,1,0.0,2.0,25.0,22.02,0.0,0.0,2024-01-15
ecom_000226,0,0.0,1.0,101.0,17.24,1.0,0.0,2024-01-14
ecom_001013,1,0.0,2.0,9.0,33.87,0.0,0.0,2024-01-11
ecom_006679,1,1.0,0.0,17.0,147.97,0.0,0.0,2024-01-11
ecom_001929,1,0.0,0.0,3.0,68.86,0.0,0.0,2024-01-25
ecom_001043,1,0.0,2.0,11.0,26.15,0.0,0.0,2024-01-23
ecom_005251,1,0.0,1.0,33.0,18.54,1.0,0.0,2024-01-05
ecom_001404,1,0.0,1.0,71.0,35.36,1.0,0.0,2024-01-21
ecom_002179,1,1.0,0.0,8.0,16.42,0.0,0.0,2024-01-19
ecom_000697,0,0.0,1.0,43.0,44.66,1.0,0.0,2024-01-04
ecom_001124,0,0.0,0.0,47.0,17.58,1.0,0.0,2024-01-07
ecom_007378,1,0.0,1.0,1.0,8.64,0.0,1.0,2024-01-16
ecom_003895,1,0.0,2.0,27.0,41.03,0.0,0.0,2024-01-16
ecom_008217,1,0.0,2.0,76.0,66.39,1.0,0.0,2024-01-24
ecom_005110,0,0.0,0.0,8.0,57.81,0.0,0.0,2024-01-11
ecom_001778,0,0.0,2.0,133.0,27.2,0.0,0.0,2024-01-17
ecom_007786,1,1.0,0.0,20.0,51.19,0.0,0.0,2024-01-02
ecom_002634,1,0.0,0.0,197.0,0.0,1.0,0.0,2024-01-14
ecom_007187,0,0.0,0.0,56.0,26.24,1.0,1.0,2024-01-20
ecom_007544,1,0.0,0.0,77.0,152.98,1.0,0.0,2024-01-10
ecom_007604,1,0.0,0.0,211.0,34.39,1.0,0.0,2024-01-24
ecom_003489,1,0.0,0.0,4.0,13.97,0.0,0.0,2024-01-22
ecom_008259,0,0.0,1.0,12.0,55.33,0.0,0.0,2024-01-09
ecom_001037,1,0.0,0.0,27.0,107.43,0.0,0.0,2024-01-21
ecom_006093,1,1.0,0.0,20.0,38.21,0.0,0.0,2024-01-22
ecom_002256,1,0.0,0.0,24.0,0.0,0.0,0.0,2024-01-28
ecom_008188,1,0.0,2.0,76.0,2.32,1.0,1.0,2024-01-11
ecom_002613,0,0.0,0.0,36.0,20.71,1.0,0.0,2024-01-16
ecom_000313,0,0.0,2.0,97.0,0.0,1.0,0.0,2024-01-02
ecom_002649,0,0.0,2.0,160.0,88.55,1.0,0.0,2024-01-24
ecom_002281,0,0.0,1.0,34.0,23.4,1.0,0.0,2024-01-08
ecom_006741,0,0.0,0.0,117.0,25.17,1.0,0.0,2024-01-01
ecom_002979,0,0.0,2.0,11.0,16.81,0.0,0.0,2024-01-05
ecom_002547,1,0.0,0.0,8.0,5.78,0.0,0.0,2024-01-23
ecom_005512,0,0.0,2.0,114.0,38.88,1.0,1.0,2024-01-01
ecom_005132,1,0.0,2.0,52.0,0.0,1.0,0.0,2024-01-13
ecom_002159,0,0.0,2.0,74.0,0.0,1.0,0.0,2024-01-22
ecom_007080,1,0.0,2.0,77.0,79.51,1.0,0.0,2024-01-26
ecom_003137,0,0.0,0.0,26.0,24.9,0.0,0.0,2024-01-20
ecom_009079,0,0.0,1.0,5.0,0.0,1.0,0.0,2024-01-26
ecom_005850,0,0.0,0.0,29.0,9.55,0.0,0.0,2024-01-24
ecom_009865,1,0.0,0.0,11.0,0.0,0.0,1.0,2024-01-16
ecom_006445,0,1.0,2.0,61.0,0.0,1.0,0.0,2024-01-28
ecom_003967,1,0.0,0.0,117.0,0.0,1.0,0.0,2024-01-11
ecom_001428,1,0.0,2.0,87.0,0.0,1.0,0.0,2024-01-19
ecom_008422,0,0.0,2.0,74.0,35.94,1.0,0.0,2024-01-16
ecom_002520,1,0.0,0.0,56.0,53.92,1.0,0.0,2024-01-07
ecom_007837,0,0.0,1.0,13.0,0.0,0.0,0.0,2024-01-04
ecom_004969,1,0.0,0.0,55.0,0.0,1.0,0.0,2024-01-24
ecom_001855,1,0.0,2.0,15.0,0.0,0.0,0.0,2024-01-24
ecom_008884,1,0.0,0.0,26.0,42.09,0.0,0.0,2024-01-28
ecom_005602,1,0.0,0.0,15.0,94.58,0.0,0.0,2024-01-10
ecom_009344,0,0.0,0.0,54.0,124.13,0.0,0.0,2024-01-01
ecom_009868,1,0.0,2.0,71.0,4.74,1.0,0.0,2024-01-16
ecom_000448,0,1.0,2.0,54.0,27.92,1.0,0.0,2024-01-30
ecom_007703,1,0.0,0.0,36.0,40.31,1.0,0.0,2024-01-29
ecom_001284,0,1.0,2.0,64.0,0.0,1.0,0.0,2024-01-21
ecom_005995,1,0.0,2.0,4.0,18.72,0.0,0.0,2024-01-14
ecom_007899,1,0.0,2.0,110.0,8.05,1.0,0.0,2024-01-04
ecom_003727,1,0.0,2.0,31.0,6.37,1.0,0.0,2024-01-16
ecom_007353,0,0.0,1.0,119.0,38.7,1.0,0.0,2024-01-25
ecom_000361,0,0.0,0.0,1.0,82.14,0.0,0.0,2024-01-17
ecom_006279,1,0.0,2.0,30.0,19.9,0.0,0.0,2024-01-07
ecom_005230,0,0.0,1.0,39.0,70.05,1.0,0.0,2024-01-20
ecom_008942,0,0.0,1.0,275.0,11.99,0.0,0.0,2024-01-25
ecom_007295,0,0.0,2.0,84.0,27.69,0.0,0.0,2024-01-13
ecom_008891,0,0.0,2.0,10.0,14.25,0.0,0.0,2024-01-05
ecom_007534,0,0.0,0.0,124.0,25.37,0.0,0.0,2024-01-08
ecom_006251,1,0.0,0.0,170.0,0.0,1.0,0.0,2024-01-26
ecom_005926,0,0.0,0.0,15.0,34.15,0.0,0.0,2024-01-07
ecom_005149,0,0.0,0.0,3.0,49.31,0.0,0.0,2024-01-08
ecom_002460,0,0.0,2.0,1.0,15.12,0.0,0.0,2024-01-14
ecom_000022,0,1.0,2.0,151.0,6.13,0.0,0.0,2024-01-16
ecom_002066,0,0.0,2.0,105.0,0.0,1.0,0.0,2024-01-04
ecom_001653,0,0.0,2.0,152.0,0.0,1.0,0.0,2024-01-15
ecom_000702,0,0.0,2.0,1.0,102.01,0.0,0.0,2024-01-05
ecom_008490,0,0.0,0.0,4.0,10.92,0.0,0.0,2024-01-06
ecom_002743,0,0.0,0.0,76.0,14.55,1.0,0.0,2024-01-04
ecom_001376,0,0.0,2.0,8.0,36.85,1.0,0.0,2024-01-22
ecom_001724,0,0.0,0.0,2.0,84.87,0.0,0.0,2024-01-17
ecom_002468,0,0.0,0.0,9.0,0.0,0.0,0.0,2024-01-24
ecom_003754,1,0.0,2.0,52.0,21.57,1.0,0.0,2024-01-18
ecom_002325,0,0.0,1.0,61.0,55.64,1.0,0.0,2024-01-30
ecom_000460,1,0.0,2.0,82.0,0.0,1.0,0.0,2024-01-08
ecom_005163,0,0.0,1.0,139.0,208.92,1.0,0.0,2024-01-30
ecom_004183,0,0.0,1.0,121.0,231.41,0.0,0.0,2024-01-17
ecom_005526,0,0.0,0.0,354.0,18.36,1.0,0.0,2024-01-05
ecom_004082,0,0.0,2.0,104.0,63.64,1.0,0.0,2024-01-26
ecom_001486,0,0.0,0.0,63.0,4.63,1.0,0.0,2024-01-14
ecom_003678,1,0.0,1.0,131.0,36.59,1.0,0.0,2024-01-15
ecom_000282,1,0.0,0.0,87.0,15.67,1.0,0.0,2024-01-28
ecom_006579,0,0.0,1.0,171.0,0.0,1.0,0.0,2024-01-30
ecom_004558,1,0.0,0.0,98.0,0.0,1.0,0.0,2024-01-16
ecom_004308,0,0.0,2.0,87.0,15.09,1.0,0.0,2024-01-19
ecom_006684,0,0.0,1.0,36.0,38.67,1.0,0.0,2024-01-05
ecom_004865,1,0.0,1.0,46.0,52.1,1.0,0.0,2024-01-02
ecom_003537,1,0.0,1.0,94.0,0.0,1.0,0.0,2024-01-14
ecom_003868,1,0.0,2.0,19.0,5.48,0.0,0.0,2024-01-25
ecom_007003,0,0.0,1.0,180.0,0.0,1.0,0.0,2024-01-19
ecom_002581,0,0.0,0.0,19.0,39.7,0.0,0.0,2024-01-04
ecom_001368,1,0.0,2.0,40.0,47.74,1.0,0.0,2024-01-05
ecom_009469,1,0.0,2.0,25.0,6.1,0.0,1.0,2024-01-24
ecom_008197,0,0.0,0.0,34.0,29.94,1.0,0.0,2024-01-11
ecom_000597,1,1.0,0.0,19.0,37.69,0.0,0.0,2024-01-11
ecom_004351,1,0.0,1.0,52.0,42.65,0.0,0.0,2024-01-09
ecom_006346,1,0.0,2.0,125.0,0.0,1.0,0.0,2024-01-08
ecom_008976,0,0.0,2.0,67.0,20.72,1.0,0.0,2024-01-09
ecom_006379,0,0.0,0.0,1.0,62.31,1.0,0.0,2024-01-05
ecom_004758,0,1.0,0.0,269.0,49.15,1.0,0.0,2024-01-18
ecom_000646,0,0.0,2.0,169.0,9.76,1.0,0.0,2024-01-30
ecom_006381,1,0.0,1.0,14.0,0.0,0.0,0.0,2024-01-10
ecom_007527,1,0.0,0.0,12.0,0.0,0.0,0.0,2024-01-19
ecom_009697,1,0.0,1.0,9.0,91.09,0.0,0.0,2024-01-12
ecom_006023,0,0.0,0.0,101.0,0.0,1.0,0.0,2024-01-14
ecom_007954,1,0.0,0.0,44.0,61.43,0.0,0.0,2024-01-19
ecom_007165,1,0.0,2.0,48.0,14.91,1.0,0.0,2024-01-29
ecom_003468,1,0.0,0.0,87.0,0.0,1.0,0.0,2024-01-23
ecom_007797,1,1.0,0.0,29.0,90.52,0.0,0.0,2024-01-30
ecom_007697,0,0.0,1.0,50.0,7.85,1.0,0.0,2024-01-22
ecom_002990,1,0.0,0.0,64.0,27.82,1.0,0.0,2024-01-24
ecom_009407,1,0.0,2.0,89.0,0.0,0.0,0.0,2024-01-23
ecom_004875,1,0.0,0.0,90.0,48.43,1.0,0.0,2024-01-30
ecom_002544,1,0.0,2.0,47.0,12.65,1.0,0.0,2024-01-29
ecom_008595,1,0.0,0.0,29.0,0.0,0.0,0.0,2024-01-08
ecom_005341,1,1.0,1.0,20.0,0.0,0.0,0.0,2024-01-10
ecom_001567,0,0.0,0.0,29.0,47.61,0.0,0.0,2024-01-01
ecom_009994,1,0.0,0.0,139.0,9.46,1.0,0.0,2024-01-18
ecom_004066,1,0.0,2.0,5.0,6.95,1.0,0.0,2024-01-11
ecom_003988,0,0.0,1.0,69.0,0.0,1.0,0.0,2024-01-02
ecom_007031,0,0.0,1.0,1.0,0.0,0.0,0.0,2024-01-22
ecom_002160,0,0.0,1.0,76.0,21.0,1.0,0.0,2024-01-13
ecom_000685,0,0.0,2.0,65.0,24.1,1.0,0.0,2024-01-04
ecom_007602,0,1.0,0.0,74.0,50.52,1.0,0.0,2024-01-03
ecom_007784,0,0.0,0.0,40.0,0.0,1.0,1.0,2024-01-08
ecom_003243,1,0.0,0.0,96.0,22.35,1.0,0.0,2024-01-20
ecom_005844,0,0.0,0.0,120.0,12.94,1.0,1.0,2024-01-03
ecom_009219,0,0.0,2.0,38.0,8.8,1.0,0.0,2024-01-11
ecom_002461,1,0.0,0.0,74.0,34.36,1.0,0.0,2024-01-21
ecom_004083,0,0.0,2.0,4.0,17.53,0.0,0.0,2024-01-02
ecom_002837,0,0.0,0.0,72.0,85.72,1.0,0.0,2024-01-10
ecom_003697,0,0.0,1.0,78.0,0.0,1.0,0.0,2024-01-08
ecom_007128,0,0.0,1.0,70.0,16.32,1.0,0.0,2024-01-19
ecom_006267,1,0.0,2.0,37.0,14.59,1.0,0.0,2024-01-13
ecom_004941,1,1.0,0.0,25.0,59.72,0.0,0.0,2024-01-25
ecom_005946,1,0.0,1.0,6.0,47.58,0.0,0.0,2024-01-02
ecom_004583,1,0.0,1.0,7.0,25.79,0.0,0.0,2024-01-18
ecom_005784,1,0.0,1.0,14.0,131.87,0.0,0.0,2024-01-03
ecom_004040,0,0.0,1.0,22.0,54.41,0.0,0.0,2024-01-05
ecom_002230,1,0.0,1.0,101.0,34.93,1.0,0.0,2024-01-30
ecom_007569,1,0.0,0.0,5.0,0.0,0.0,1.0,2024-01-30
ecom_000935,0,0.0,2.0,50.0,22.85,1.0,0.0,2024-01-26
ecom_002320,1,0.0,2.0,67.0,41.88,1.0,0.0,2024-01-09
ecom_004878,1,0.0,2.0,57.0,15.67,1.0,0.0,2024-01-13
ecom_000521,0,0.0,2.0,50.0,0.0,1.0,0.0,2024-01-25
ecom_000522,0,0.0,2.0,4.0,0.0,0.0,0.0,2024-01-23
ecom_005345,0,0.0,0.0,28.0,17.93,0.0,0.0,2024-01-11
ecom_009876,1,0.0,2.0,44.0,29.2,1.0,1.0,2024-01-01
ecom_003359,0,0.0,1.0,24.0,0.0,0.0,0.0,2024-01-01
ecom_001311,1,0.0,2.0,38.0,16.57,1.0,0.0,2024-01-23
ecom_003983,0,0.0,1.0,162.0,85.95,1.0,0.0,2024-01-29
ecom_006494,1,0.0,0.0,86.0,22.84,1.0,1.0,2024-01-24
ecom_009560,0,0.0,1.0,37.0,20.48,1.0,0.0,2024-01-24
ecom_001716,0,0.0,2.0,34.0,0.0,1.0,0.0,2024-01-02
ecom_000780,0,0.0,2.0,102.0,28.09,1.0,0.0,2024-01-09
ecom_008798,0,0.0,1.0,177.0,33.44,1.0,0.0,2024-01-08
ecom_008231,1,0.0,2.0,29.0,25.08,0.0,0.0,2024-01-22
ecom_005607,0,0.0,0.0,32.0,34.15,1.0,0.0,2024-01-11
ecom_005978,0,0.0,2.0,59.0,58.62,1.0,0.0,2024-01-10
ecom_000651,1,0.0,2.0,71.0,28.36,1.0,0.0,2024-01-04
ecom_003747,0,0.0,2.0,68.0,42.35,1.0,0.0,2024-01-11
ecom_002196,1,0.0,0.0,57.0,47.41,0.0,0.0,2024-01-18
ecom_008418,0,0.0,2.0,141.0,16.9,1.0,0.0,2024-01-16
ecom_000369,1,0.0,0.0,74.0,26.24,1.0,0.0,2024-01-01
ecom_009884,1,0.0,1.0,4.0,12.26,0.0,0.0,2024-01-13
ecom_008005,0,0.0,2.0,150.0,13.43,1.0,0.0,2024-01-14
ecom_004214,1,0.0,1.0,14.0,24.19,0.0,0.0,2024-01-23
ecom_000377,0,0.0,0.0,76.0,34.29,1.0,0.0,2024-01-26
ecom_009446,0,1.0,2.0,176.0,22.18,1.0,0.0,2024-01-07
ecom_002216,1,0.0,2.0,58.0,11.11,1.0,0.0,2024-01-28
ecom_008682,0,0.0,1.0,16.0,28.63,0.0,0.0,2024-01-30
ecom_001613,0,0.0,2.0,78.0,19.48,1.0,0.0,2024-01-12
ecom_006979,0,0.0,0.0,72.0,0.0,1.0,0.0,2024-01-04
ecom_007549,1,0.0,1.0,48.0,33.31,1.0,0.0,2024-01-18
ecom_001827,0,0.0,0.0,83.0,189.28,1.0,0.0,2024-01-29
ecom_003632,1,0.0,0.0,22.0,40.02,0.0,0.0,2024-01-11
ecom_000962,1,0.0,0.0,17.0,0.0,0.0,1.0,2024-01-27
ecom_002993,0,0.0,2.0,32.0,23.26,0.0,0.0,2024-01-07
ecom_006606,1,1.0,0.0,256.0,37.72,1.0,0.0,2024-01-30
ecom_009672,0,0.0,2.0,24.0,8.03,0.0,0.0,2024-01-25
ecom_002376,1,0.0,0.0,29.0,30.95,0.0,0.0,2024-01-02
ecom_008880,0,0.0,2.0,22.0,88.57,0.0,0.0,2024-01-23
ecom_000359,1,0.0,1.0,15.0,77.52,0.0,0.0,2024-01-23
ecom_003839,1,0.0,0.0,30.0,0.0,0.0,0.0,2024-01-25
ecom_008184,1,0.0,2.0,21.0,0.0,0.0,0.0,2024-01-25
ecom_001246,0,0.0,1.0,48.0,0.0,1.0,0.0,2024-01-05
ecom_007504,1,0.0,1.0,114.0,4.5,1.0,0.0,2024-01-19
ecom_008349,0,0.0,0.0,45.0,0.0,1.0,0.0,2024-01-22
ecom_006511,0,0.0,0.0,33.0,24.68,1.0,1.0,2024-01-01
ecom_005087,1,0.0,0.0,18.0,64.76,0.0,0.0,2024-01-07
ecom_003694,1,0.0,1.0,3.0,38.11,0.0,0.0,2024-01-25
ecom_001573,0,0.0,1.0,8.0,19.0,0.0,0.0,2024-01-10
ecom_006281,0,0.0,2.0,63.0,76.21,1.0,0.0,2024-01-09
ecom_005439,1,0.0,0.0,150.0,0.0,1.0,0.0,2024-01-09
ecom_002567,0,0.0,0.0,30.0,51.18,0.0,1.0,2024-01-13
ecom_003423,1,0.0,2.0,31.0,23.84,1.0,0.0,2024-01-11
ecom_002037,1,0.0,2.0,98.0,43.5,1.0,0.0,2024-01-10
ecom_009243,1,0.0,2.0,56.0,27.88,1.0,0.0,2024-01-21
ecom_000772,1,0.0,2.0,1.0,29.75,0.0,0.0,2024-01-07
ecom_005380,0,0.0,0.0,251.0,19.37,1.0,0.0,2024-01-30
ecom_009568,0,0.0,2.0,43.0,20.52,1.0,0.0,2024-01-29
ecom_003562,1,0.0,0.0,118.0,0.0,1.0,0.0,2024-01-05
ecom_000562,1,1.0,0.0,24.0,0.0,0.0,0.0,2024-01-26
ecom_006683,1,1.0,0.0,22.0,0.0,0.0,0.0,2024-01-01
ecom_002546,0,0.0,0.0,2.0,66.21,0.0,0.0,2024-01-22
ecom_005510,1,1.0,1.0,5.0,95.31,0.0,0.0,2024-01-21
ecom_005330,1,0.0,2.0,143.0,43.44,1.0,0.0,2024-01-22
ecom_009667,1,0.0,0.0,5.0,9.81,0.0,0.0,2024-01-10
ecom_004531,0,0.0,0.0,11.0,0.0,0.0,0.0,2024-01-26
ecom_001674,1,1.0,2.0,72.0,16.64,1.0,0.0,2024-01-12
ecom_007395,1,1.0,0.0,9.0,37.96,0.0,1.0,2024-01-15
ecom_000365,0,0.0,0.0,54.0,0.0,1.0,0.0,2024-01-01
ecom_008016,1,0.0,2.0,135.0,9.05,1.0,1.0,2024-01-07
ecom_009376,1,0.0,2.0,117.0,28.48,1.0,0.0,2024-01-25
ecom_004327,0,0.0,0.0,90.0,0.0,1.0,0.0,2024-01-08
ecom_009983,0,0.0,2.0,2.0,37.08,0.0,0.0,2024-01-02
ecom_000147,1,0.0,0.0,17.0,6.13,1.0,0.0,2024-01-15
ecom_001668,0,0.0,0.0,63.0,114.19,1.0,0.0,2024-01-29
ecom_003088,1,1.0,0.0,22.0,127.56,1.0,0.0,2024-01-19
ecom_008844,0,0.0,2.0,10.0,0.0,0.0,0.0,2024-01-26
ecom_007650,1,0.0,1.0,62.0,11.23,1.0,0.0,2024-01-14
ecom_000407,0,0.0,2.0,22.0,0.0,0.0,0.0,2024-01-08
ecom_009584,0,0.0,0.0,26.0,0.0,0.0,0.0,2024-01-20
ecom_007788,0,0.0,0.0,129.0,18.55,1.0,0.0,2024-01-30
ecom_003456,1,0.0,0.0,63.0,0.0,1.0,0.0,2024-01-17
ecom_006186,0,0.0,1.0,22.0,63.04,0.0,0.0,2024-01-30
ecom_004182,1,0.0,0.0,17.0,0.0,0.0,1.0,2024-01-03
ecom_003576,1,0.0,2.0,108.0,46.88,1.0,0.0,2024-01-12
ecom_003271,0,0.0,2.0,163.0,40.19,1.0,0.0,2024-01-21
ecom_004940,1,0.0,0.0,33.0,367.61,1.0,0.0,2024-01-16
ecom_001031,0,0.0,2.0,28.0,28.66,0.0,1.0,2024-01-27
ecom_008872,1,0.0,0.0,135.0,0.0,1.0,0.0,2024-01-27
ecom_006230,0,0.0,1.0,47.0,28.7,1.0,0.0,2024-01-16
ecom_006592,1,0.0,1.0,49.0,44.75,1.0,0.0,2024-01-03
ecom_008906,0,0.0,2.0,16.0,54.26,0.0,0.0,2024-01-30
ecom_009811,0,0.0,1.0,91.0,34.23,1.0,0.0,2024-01-11
ecom_006724,1,0.0,0.0,2.0,0.0,0.0,0.0,2024-01-10
ecom_008029,1,0.0,1.0,99.0,65.26,1.0,0.0,2024-01-05
ecom_008052,1,1.0,0.0,82.0,10.68,1.0,0.0,2024-01-12
ecom_000855,0,0.0,1.0,76.0,0.0,1.0,0.0,2024-01-28
ecom_003926,0,0.0,0.0,29.0,10.56,0.0,0.0,2024-01-11
ecom_008547,0,0.0,2.0,27.0,0.0,0.0,0.0,2024-01-06
ecom_000078,0,0.0,0.0,34.0,39.87,1.0,0.0,2024-01-04
ecom_007088,1,0.0,1.0,103.0,0.0,0.0,0.0,2024-01-04
ecom_002247,1,0.0,2.0,14.0,0.0,0.0,0.0,2024-01-04
ecom_008263,1,0.0,2.0,316.0,34.37,1.0,1.0,2024-01-06
ecom_004026,1,0.0,2.0,2.0,25.87,0.0,0.0,2024-01-18
ecom_009949,0,0.0,2.0,50.0,0.0,0.0,0.0,2024-01-13
ecom_009571,0,0.0,1.0,75.0,0.0,1.0,0.0,2024-01-08
ecom_009295,0,0.0,0.0,22.0,0.0,0.0,0.0,2024-01-12
ecom_000714,0,0.0,0.0,28.0,0.0,0.0,0.0,2024-01-27
ecom_007451,1,0.0,0.0,9.0,53.41,1.0,0.0,2024-01-11
ecom_000788,0,0.0,0.0,42.0,17.24,1.0,0.0,2024-01-30
ecom_002279,0,0.0,2.0,6.0,69.84,0.0,0.0,2024-01-29
ecom_004095,1,0.0,2.0,47.0,38.83,1.0,0.0,2024-01-18
ecom_003897,0,0.0,0.0,5.0,29.1,0.0,0.0,2024-01-07
ecom_007944,0,0.0,2.0,132.0,93.07,0.0,0.0,2024-01-26
ecom_007177,1,0.0,0.0,47.0,25.95,1.0,0.0,2024-01-15
ecom_009076,1,0.0,2.0,96.0,22.16,1.0,0.0,2024-01-05
ecom_009452,1,0.0,0.0,89.0,0.0,1.0,0.0,2024-01-26
ecom_003631,1,0.0,1.0,124.0,57.13,0.0,0.0,2024-01-26
ecom_008624,1,0.0,0.0,44.0,40.22,1.0,0.0,2024-01-03
ecom_007297,0,0.0,0.0,184.0,0.0,1.0,0.0,2024-01-27
ecom_006272,0,0.0,0.0,15.0,35.74,1.0,0.0,2024-01-30
ecom_000424,0,1.0,0.0,67.0,90.13,1.0,0.0,2024-01-30
ecom_000392,0,0.0,1.0,41.0,35.18,1.0,0.0,2024-01-24
ecom_003191,1,0.0,0.0,31.0,62.82,1.0,1.0,2024-01-27
ecom_000016,1,0.0,1.0,134.0,0.0,1.0,0.0,2024-01-22
ecom_006335,1,0.0,2.0,32.0,20.86,1.0,0.0,2024-01-26
ecom_004200,0,1.0,2.0,59.0,28.39,1.0,0.0,2024-01-12
ecom_002672,0,0.0,1.0,10.0,25.57,0.0,0.0,2024-01-06
ecom_002444,0,0.0,0.0,12.0,0.0,0.0,0.0,2024-01-03
ecom_006697,0,0.0,0.0,6.0,288.32,0.0,0.0,2024-01-10
ecom_006164,0,0.0,2.0,3.0,0.0,0.0,0.0,2024-01-10
ecom_002601,1,0.0,2.0,37.0,0.0,1.0,0.0,2024-01-05
ecom_003493,1,0.0,0.0,18.0,55.77,0.0,0.0,2024-01-08
ecom_006044,1,0.0,2.0,87.0,23.98,1.0,0.0,2024-01-10
ecom_001459,0,0.0,0.0,162.0,11.83,1.0,0.0,2024-01-27
ecom_003804,0,0.0,2.0,139.0,12.65,0.0,0.0,2024-01-30
ecom_009845,1,0.0,0.0,59.0,6.8,1.0,0.0,2024-01-24
ecom_007394,1,0.0,0.0,88.0,42.96,1.0,0.0,2024-01-26
ecom_004839,1,0.0,0.0,25.0,0.0,0.0,0.0,2024-01-25
ecom_008111,1,0.0,1.0,91.0,0.0,1.0,0.0,2024-01-16
ecom_003835,1,0.0,0.0,23.0,223.75,0.0,0.0,2024-01-26
ecom_009313,0,0.0,2.0,14.0,20.82,0.0,0.0,2024-01-04
ecom_005683,1,0.0,1.0,42.0,97.62,1.0,0.0,2024-01-28
ecom_008748,0,0.0,2.0,1.0,0.0,0.0,0.0,2024-01-17
ecom_005827,1,0.0,1.0,172.0,20.8,1.0,0.0,2024-01-04
ecom_009748,1,0.0,2.0,170.0,38.26,1.0,1.0,2024-01-04
ecom_004724,1,0.0,0.0,10.0,64.54,0.0,0.0,2024-01-03
ecom_008759,0,1.0,1.0,49.0,0.0,1.0,0.0,2024-01-16
ecom_005887,0,0.0,2.0,67.0,73.15,1.0,1.0,2024-01-29
ecom_002355,0,0.0,2.0,60.0,31.71,1.0,0.0,2024-01-09
ecom_006036,1,0.0,2.0,14.0,15.65,0.0,0.0,2024-01-28
ecom_004798,1,0.0,2.0,78.0,77.91,1.0,0.0,2024-01-20
ecom_002442,0,0.0,2.0,80.0,46.63,1.0,0.0,2024-01-09
ecom_008645,1,1.0,2.0,83.0,0.0,1.0,0.0,2024-01-28
ecom_004592,1,0.0,0.0,87.0,22.55,1.0,0.0,2024-01-08
ecom_008772,1,0.0,2.0,49.0,56.48,1.0,0.0,2024-01-12
ecom_000464,1,0.0,0.0,5.0,6.97,0.0,0.0,2024-01-06
ecom_000163,0,0.0,2.0,41.0,0.0,1.0,0.0,2024-01-03
ecom_009261,0,0.0,2.0,105.0,0.0,1.0,0.0,2024-01-08
ecom_009433,0,0.0,1.0,50.0,32.67,1.0,0.0,2024-01-05
ecom_008405,1,0.0,0.0,47.0,36.4,1.0,0.0,2024-01-08
ecom_009777,0,0.0,2.0,57.0,70.23,1.0,0.0,2024-01-29
ecom_009478,0,0.0,1.0,56.0,0.0,1.0,0.0,2024-01-20
ecom_007380,1,0.0,0.0,25.0,8.33,0.0,0.0,2024-01-29
ecom_006636,0,0.0,2.0,187.0,0.0,1.0,0.0,2024-01-05
ecom_000241,1,0.0,2.0,33.0,15.6,0.0,0.0,2024-01-28
ecom_002009,1,0.0,2.0,55.0,0.0,0.0,0.0,2024-01-22
ecom_006356,0,0.0,2.0,10.0,67.43,0.0,1.0,2024-01-04
ecom_003084,1,0.0,1.0,59.0,41.7,1.0,0.0,2024-01-01
ecom_006208,0,0.0,0.0,29.0,46.44,0.0,0.0,2024-01-22
ecom_000900,0,0.0,2.0,37.0,26.11,1.0,0.0,2024-01-22
ecom_005542,0,0.0,0.0,38.0,10.46,1.0,0.0,2024-01-12
ecom_006007,1,0.0,0.0,53.0,26.67,0.0,0.0,2024-01-19
ecom_007638,0,0.0,0.0,46.0,32.77,1.0,0.0,2024-01-07
ecom_006793,1,0.0,2.0,27.0,50.59,0.0,0.0,2024-01-24
ecom_008869,0,0.0,0.0,1.0,0.0,0.0,0.0,2024-01-29
ecom_007758,0,0.0,0.0,1.0,24.45,0.0,0.0,2024-01-10
ecom_004837,1,0.0,0.0,13.0,8.18,1.0,0.0,2024-01-25
ecom_002293,1,0.0,0.0,67.0,63.17,1.0,0.0,2024-01-06
ecom_006548,0,0.0,0.0,67.0,0.0,0.0,0.0,2024-01-15
ecom_007898,0,1.0,1.0,103.0,25.27,1.0,0.0,2024-01-29
ecom_007977,0,1.0,1.0,25.0,42.0,0.0,0.0,2024-01-19
ecom_004481,0,0.0,1.0,10.0,37.38,0.0,0.0,2024-01-24
ecom_005302,0,0.0,1.0,23.0,0.0,0.0,0.0,2024-01-11
ecom_004605,0,0.0,2.0,19.0,6.59,0.0,0.0,2024-01-01
ecom_003716,1,0.0,0.0,33.0,31.93,1.0,0.0,2024-01-20
ecom_009071,1,0.0,0.0,12.0,80.93,0.0,0.0,2024-01-04
ecom_006140,0,0.0,2.0,9.0,93.47,0.0,0.0,2024-01-19
ecom_001764,0,0.0,0.0,18.0,17.3,0.0,0.0,2024-01-11
ecom_006598,1,0.0,2.0,34.0,85.79,1.0,0.0,2024-01-06
ecom_001549,1,0.0,0.0,87.0,51.11,1.0,0.0,2024-01-27
ecom_003029,0,0.0,2.0,54.0,80.2,0.0,0.0,2024-01-03
ecom_008653,0,0.0,0.0,145.0,29.36,1.0,0.0,2024-01-10
ecom_006298,1,0.0,2.0,17.0,53.42,0.0,0.0,2024-01-28
ecom_006662,0,0.0,1.0,61.0,0.0,1.0,0.0,2024-01-20
ecom_006626,1,0.0,0.0,91.0,18.95,1.0,0.0,2024-01-05
ecom_002044,1,0.0,1.0,28.0,127.21,0.0,0.0,2024-01-21
ecom_000767,1,0.0,2.0,41.0,30.23,1.0,0.0,2024-01-12
ecom_005693,0,0.0,2.0,61.0,0.0,1.0,0.0,2024-01-23
ecom_007870,0,0.0,0.0,195.0,23.84,1.0,0.0,2024-01-01
ecom_007795,1,0.0,0.0,172.0,19.03,1.0,0.0,2024-01-25
ecom_001508,0,0.0,2.0,44.0,35.86,1.0,0.0,2024-01-02
ecom_007230,0,0.0,0.0,124.0,0.0,1.0,0.0,2024-01-16
ecom_007857,0,0.0,1.0,91.0,20.74,0.0,0.0,2024-01-24
ecom_003302,1,0.0,0.0,162.0,27.77,0.0,0.0,2024-01-23
ecom_004517,0,0.0,2.0,33.0,25.15,1.0,0.0,2024-01-21
ecom_004219,0,0.0,0.0,24.0,57.28,0.0,0.0,2024-01-19
ecom_009078,1,0.0,0.0,26.0,30.43,0.0,0.0,2024-01-14
ecom_009940,0,0.0,0.0,91.0,0.0,1.0,0.0,2024-01-29
ecom_003292,1,0.0,2.0,72.0,8.4,1.0,0.0,2024-01-12
ecom_000819,0,0.0,2.0,13.0,0.0,0.0,0.0,2024-01-29
ecom_001403,0,0.0,0.0,43.0,49.12,1.0,0.0,2024-01-27
ecom_001382,0,0.0,2.0,23.0,0.0,0.0,0.0,2024-01-03
ecom_002148,0,0.0,2.0,121.0,0.0,1.0,0.0,2024-01-12
ecom_006928,0,0.0,1.0,35.0,16.69,1.0,0.0,2024-01-08
ecom_005671,0,0.0,1.0,46.0,10.96,1.0,0.0,2024-01-15
ecom_001638,0,0.0,0.0,46.0,139.31,1.0,0.0,2024-01-29
ecom_005891,0,1.0,2.0,80.0,97.26,1.0,0.0,2024-01-01
ecom_007427,0,0.0,0.0,9.0,38.4,0.0,0.0,2024-01-27
ecom_000608,0,0.0,1.0,32.0,71.89,0.0,0.0,2024-01-19
ecom_006907,0,0.0,2.0,22.0,23.1,0.0,0.0,2024-01-22
ecom_000399,0,0.0,2.0,74.0,132.44,1.0,0.0,2024-01-17
ecom_007247,0,1.0,2.0,2.0,11.77,0.0,0.0,2024-01-30
ecom_006406,0,0.0,0.0,29.0,155.62,0.0,0.0,2024-01-30
ecom_000882,0,1.0,2.0,35.0,99.11,1.0,0.0,2024-01-30
ecom_003565,0,0.0,0.0,26.0,22.49,0.0,0.0,2024-01-30
ecom_004285,0,0.0,0.0,17.0,13.83,0.0,0.0,2024-01-23
ecom_001179,1,1.0,0.0,67.0,0.0,1.0,0.0,2024-01-18
ecom_005448,0,0.0,2.0,9.0,0.0,0.0,0.0,2024-01-29
ecom_004244,1,0.0,1.0,32.0,26.84,1.0,0.0,2024-01-02
ecom_005218,0,0.0,0.0,113.0,14.17,1.0,0.0,2024-01-15
ecom_003976,1,0.0,0.0,21.0,70.03,0.0,0.0,2024-01-01
ecom_002130,1,0.0,2.0,22.0,0.0,1.0,0.0,2024-01-15
ecom_005078,1,0.0,0.0,20.0,27.16,0.0,0.0,2024-01-04
ecom_000456,1,0.0,2.0,35.0,0.0,1.0,0.0,2024-01-06
ecom_005582,0,0.0,0.0,62.0,38.33,1.0,0.0,2024-01-17
ecom_005175,1,0.0,2.0,9.0,0.0,0.0,0.0,2024-01-11
ecom_001950,0,0.0,0.0,75.0,0.0,1.0,0.0,2024-01-24
ecom_005372,0,0.0,1.0,1.0,33.61,0.0,0.0,2024-01-29
ecom_000689,0,0.0,2.0,102.0,11.69,1.0,0.0,2024-01-11
ecom_008852,1,0.0,1.0,252.0,29.63,1.0,0.0,2024-01-18
ecom_006525,1,0.0,1.0,26.0,13.55,0.0,0.0,2024-01-27
ecom_009821,1,0.0,0.0,104.0,40.78,1.0,0.0,2024-01-26
ecom_006488,1,0.0,2.0,17.0,20.83,0.0,0.0,2024-01-23
ecom_006921,1,0.0,2.0,227.0,80.17,1.0,0.0,2024-01-04
ecom_001953,0,0.0,1.0,22.0,39.76,0.0,0.0,2024-01-09
ecom_007634,0,0.0,0.0,83.0,0.0,1.0,0.0,2024-01-27
ecom_005636,1,1.0,0.0,48.0,19.34,1.0,0.0,2024-01-18
ecom_007154,1,0.0,0.0,1.0,31.91,0.0,0.0,2024-01-16
ecom_008424,0,0.0,2.0,220.0,74.55,1.0,0.0,2024-01-24
ecom_006610,1,0.0,0.0,26.0,35.72,1.0,0.0,2024-01-12
ecom_002710,1,0.0,0.0,41.0,0.0,1.0,0.0,2024-01-30
ecom_008730,1,0.0,2.0,122.0,85.8,1.0,0.0,2024-01-17
ecom_003201,0,0.0,2.0,80.0,52.4,1.0,0.0,2024-01-21
ecom_004349,0,0.0,0.0,176.0,31.07,1.0,0.0,2024-01-29
ecom_004138,1,0.0,1.0,40.0,28.08,1.0,0.0,2024-01-02
ecom_001884,1,0.0,0.0,160.0,19.91,1.0,0.0,2024-01-20
ecom_008639,1,0.0,1.0,2.0,0.0,0.0,0.0,2024-01-29
ecom_004485,0,0.0,1.0,109.0,25.91,1.0,0.0,2024-01-15
ecom_002494,0,0.0,1.0,88.0,45.44,1.0,0.0,2024-01-04
ecom_005947,0,0.0,2.0,197.0,32.38,1.0,0.0,2024-01-23
ecom_003036,1,0.0,2.0,13.0,30.83,0.0,0.0,2024-01-27
ecom_005777,0,0.0,2.0,30.0,17.11,0.0,0.0,2024-01-21
ecom_003603,1,0.0,1.0,5.0,142.72,0.0,0.0,2024-01-06
ecom_000845,1,0.0,2.0,1.0,11.26,0.0,0.0,2024-01-12
ecom_000542,1,0.0,2.0,16.0,43.43,0.0,0.0,2024-01-18
ecom_003724,0,0.0,1.0,7.0,99.01,0.0,0.0,2024-01-10
ecom_004187,1,0.0,2.0,3.0,11.2,0.0,0.0,2024-01-08
ecom_003679,1,0.0,0.0,25.0,0.0,0.0,0.0,2024-01-21
ecom_008899,1,0.0,2.0,107.0,18.22,1.0,0.0,2024-01-01
ecom_007967,1,0.0,2.0,21.0,0.0,1.0,0.0,2024-01-08
ecom_008485,0,0.0,0.0,62.0,41.12,1.0,0.0,2024-01-13
ecom_006075,0,0.0,2.0,18.0,48.38,0.0,0.0,2024-01-22
ecom_007340,0,0.0,2.0,20.0,199.25,0.0,0.0,2024-01-04
ecom_008225,0,0.0,0.0,23.0,39.22,0.0,0.0,2024-01-13
ecom_007246,0,0.0,1.0,30.0,115.22,0.0,0.0,2024-01-23
ecom_009710,1,0.0,0.0,58.0,31.89,1.0,0.0,2024-01-02
ecom_008290,1,0.0,2.0,17.0,0.0,0.0,0.0,2024-01-27
ecom_007137,1,0.0,0.0,80.0,43.68,1.0,0.0,2024-01-08
ecom_002964,0,0.0,2.0,22.0,78.84,0.0,0.0,2024-01-15
ecom_007559,0,0.0,1.0,62.0,66.67,1.0,0.0,2024-01-30
ecom_002529,0,0.0,0.0,212.0,0.0,0.0,0.0,2024-01-07
ecom_007284,1,0.0,1.0,4.0,64.05,0.0,0.0,2024-01-04
ecom_005772,1,1.0,0.0,67.0,91.06,1.0,0.0,2024-01-04
ecom_001048,0,0.0,2.0,119.0,59.11,1.0,1.0,2024-01-11
ecom_007045,0,1.0,0.0,16.0,19.49,0.0,0.0,2024-01-27
ecom_001960,1,0.0,2.0,48.0,100.31,1.0,0.0,2024-01-02
ecom_002530,1,0.0,0.0,21.0,76.53,0.0,0.0,2024-01-29
ecom_009048,1,0.0,2.0,50.0,35.08,1.0,0.0,2024-01-06
ecom_007603,0,0.0,1.0,197.0,21.18,1.0,0.0,2024-01-30
ecom_006524,0,0.0,0.0,54.0,0.0,1.0,0.0,2024-01-09
ecom_000237,1,0.0,2.0,8.0,63.91,0.0,0.0,2024-01-11
ecom_004917,1,0.0,2.0,76.0,0.0,0.0,0.0,2024-01-19
ecom_006479,0,0.0,0.0,6.0,0.0,1.0,0.0,2024-01-06
ecom_001133,1,0.0,2.0,48.0,35.46,1.0,0.0,2024-01-05
ecom_006976,0,1.0,2.0,1.0,36.87,0.0,0.0,2024-01-30
ecom_005901,1,0.0,2.0,40.0,0.0,1.0,0.0,2024-01-17
ecom_009057,1,0.0,2.0,66.0,19.3,1.0,0.0,2024-01-22
ecom_004259,0,0.0,2.0,9.0,0.0,0.0,0.0,2024-01-22
ecom_008840,0,0.0,2.0,1.0,0.0,0.0,0.0,2024-01-03
ecom_006965,1,0.0,2.0,128.0,77.14,1.0,0.0,2024-01-28
ecom_009979,1,0.0,2.0,30.0,89.69,0.0,0.0,2024-01-03
ecom_000792,0,0.0,1.0,4.0,29.51,0.0,0.0,2024-01-12
ecom_001985,0,0.0,0.0,213.0,0.0,1.0,0.0,2024-01-11
ecom_005656,0,0.0,1.0,27.0,29.16,1.0,0.0,2024-01-23
ecom_008739,1,0.0,0.0,117.0,45.71,1.0,0.0,2024-01-06
ecom_007935,1,0.0,1.0,181.0,33.39,1.0,0.0,2024-01-26
ecom_006097,0,0.0,2.0,134.0,0.0,1.0,0.0,2024-01-13
ecom_005907,0,1.0,0.0,33.0,77.81,1.0,0.0,2024-01-26
ecom_007373,0,0.0,0.0,98.0,0.0,1.0,0.0,2024-01-03
ecom_008128,1,0.0,2.0,62.0,10.49,1.0,0.0,2024-01-27
ecom_002978,1,1.0,2.0,69.0,57.05,1.0,0.0,2024-01-12
ecom_008861,1,0.0,2.0,38.0,0.0,1.0,0.0,2024-01-15
ecom_009301,0,0.0,0.0,45.0,10.44,1.0,0.0,2024-01-04
ecom_006721,0,0.0,1.0,49.0,113.82,1.0,0.0,2024-01-23
ecom_007842,0,0.0,2.0,56.0,16.01,0.0,0.0,2024-01-25
ecom_005524,0,0.0,2.0,14.0,211.03,0.0,0.0,2024-01-09
ecom_008721,0,0.0,1.0,38.0,0.0,1.0,1.0,2024-01-01
ecom_008431,0,0.0,2.0,9.0,11.77,0.0,0.0,2024-01-03
ecom_009008,0,0.0,0.0,4.0,29.74,0.0,0.0,2024-01-02
ecom_008603,0,0.0,0.0,54.0,13.69,1.0,0.0,2024-01-01
ecom_007174,0,0.0,1.0,125.0,20.7,1.0,0.0,2024-01-02
ecom_003919,1,0.0,1.0,119.0,18.11,1.0,0.0,2024-01-27
ecom_003138,0,0.0,0.0,46.0,23.55,1.0,0.0,2024-01-26
ecom_009416,1,0.0,2.0,107.0,0.0,1.0,0.0,2024-01-26
ecom_009933,0,0.0,1.0,37.0,0.0,1.0,0.0,2024-01-04
ecom_005789,0,0.0,2.0,41.0,53.41,1.0,0.0,2024-01-24
ecom_004073,1,0.0,2.0,39.0,71.41,0.0,0.0,2024-01-04
ecom_003287,1,0.0,1.0,35.0,31.46,1.0,0.0,2024-01-17
ecom_003229,1,0.0,2.0,15.0,8.12,0.0,0.0,2024-01-11
ecom_001826,1,0.0,1.0,18.0,11.91,0.0,0.0,2024-01-19
ecom_005548,0,0.0,0.0,147.0,49.01,0.0,0.0,2024-01-01
ecom_000593,1,0.0,0.0,112.0,0.0,1.0,0.0,2024-01-12
ecom_002725,1,0.0,2.0,36.0,0.0,1.0,0.0,2024-01-25
ecom_004137,0,0.0,2.0,158.0,51.49,0.0,0.0,2024-01-13
ecom_000560,1,0.0,2.0,3.0,0.0,0.0,0.0,2024-01-04
ecom_007406,1,0.0,1.0,24.0,32.25,0.0,0.0,2024-01-19
ecom_008806,0,0.0,2.0,10.0,155.41,0.0,0.0,2024-01-05
ecom_008386,0,0.0,2.0,12.0,0.0,0.0,0.0,2024-01-16
ecom_000243,0,0.0,1.0,92.0,41.71,1.0,1.0,2024-01-02
ecom_007268,0,0.0,2.0,4.0,37.47,1.0,0.0,2024-01-05
ecom_005435,0,0.0,0.0,45.0,11.02,1.0,0.0,2024-01-24
ecom_004437,1,0.0,1.0,23.0,47.51,1.0,0.0,2024-01-08
ecom_009684,0,0.0,2.0,13.0,0.0,0.0,0.0,2024-01-14
ecom_008106,1,0.0,0.0,54.0,23.31,1.0,0.0,2024-01-04
ecom_000405,0,0.0,2.0,7.0,29.78,0.0,0.0,2024-01-05
ecom_001442,0,0.0,0.0,28.0,17.26,0.0,0.0,2024-01-16
ecom_000261,0,0.0,1.0,27.0,79.32,0.0,0.0,2024-01-24
ecom_004406,1,0.0,0.0,71.0,53.77,1.0,0.0,2024-01-01
ecom_007633,0,0.0,2.0,8.0,33.61,0.0,0.0,2024-01-23
ecom_009533,0,0.0,1.0,42.0,23.07,1.0,0.0,2024-01-22
ecom_001689,0,0.0,0.0,9.0,0.0,0.0,0.0,2024-01-08
ecom_009866,1,0.0,2.0,5.0,0.0,0.0,0.0,2024-01-03
ecom_001725,0,0.0,1.0,63.0,0.0,1.0,0.0,2024-01-20
ecom_008994,0,1.0,0.0,38.0,18.38,1.0,0.0,2024-01-15
ecom_004930,1,0.0,0.0,25.0,0.0,0.0,1.0,2024-01-11
ecom_005962,1,0.0,0.0,42.0,16.47,1.0,0.0,2024-01-30
ecom_002496,1,1.0,0.0,8.0,151.73,0.0,0.0,2024-01-14
ecom_009014,1,0.0,2.0,25.0,14.75,0.0,0.0,2024-01-02
ecom_006904,1,0.0,0.0,66.0,41.58,1.0,0.0,2024-01-09
ecom_006106,1,0.0,2.0,306.0,27.92,1.0,0.0,2024-01-11
ecom_008200,1,0.0,2.0,83.0,15.48,1.0,0.0,2024-01-19
ecom_000340,1,0.0,2.0,19.0,0.0,0.0,0.0,2024-01-04
ecom_002408,0,0.0,2.0,29.0,0.0,0.0,0.0,2024-01-19
ecom_001601,0,0.0,0.0,153.0,0.0,1.0,1.0,2024-01-15
ecom_009864,0,0.0,1.0,6.0,82.04,0.0,0.0,2024-01-24
ecom_008359,1,0.0,0.0,19.0,126.59,0.0,0.0,2024-01-04
ecom_005782,1,0.0,1.0,2.0,14.16,0.0,0.0,2024-01-08
ecom_004576,0,0.0,0.0,27.0,52.28,0.0,1.0,2024-01-04
ecom_007971,0,0.0,0.0,266.0,73.25,1.0,0.0,2024-01-04
ecom_003725,1,0.0,2.0,107.0,64.48,1.0,0.0,2024-01-15
ecom_002556,0,0.0,0.0,75.0,14.98,1.0,0.0,2024-01-19
ecom_002785,0,1.0,0.0,19.0,54.3,0.0,0.0,2024-01-16
ecom_001523,1,0.0,2.0,55.0,86.78,1.0,0.0,2024-01-18
ecom_007717,0,0.0,0.0,11.0,26.85,1.0,0.0,2024-01-21
ecom_002507,1,0.0,0.0,35.0,11.6,0.0,0.0,2024-01-09
ecom_002831,1,0.0,0.0,200.0,50.29,1.0,0.0,2024-01-30
ecom_001012,1,0.0,0.0,108.0,0.0,1.0,0.0,2024-01-10
ecom_005280,0,0.0,0.0,143.0,69.94,1.0,1.0,2024-01-10
ecom_004895,0,0.0,0.0,10.0,8.58,0.0,0.0,2024-01-15
ecom_001766,0,0.0,0.0,34.0,19.64,1.0,0.0,2024-01-26
ecom_004551,0,0.0,2.0,61.0,43.22,1.0,0.0,2024-01-18
ecom_007121,1,0.0,1.0,55.0,0.0,1.0,0.0,2024-01-26
ecom_006549,0,0.0,2.0,8.0,33.79,0.0,0.0,2024-01-05
ecom_004037,1,0.0,2.0,104.0,14.8,1.0,0.0,2024-01-09
ecom_008270,1,0.0,0.0,25.0,250.49,0.0,0.0,2024-01-19
ecom_000148,0,0.0,0.0,58.0,39.43,1.0,0.0,2024-01-15
ecom_000285,0,0.0,2.0,86.0,62.15,1.0,0.0,2024-01-29
ecom_007800,0,0.0,1.0,83.0,31.99,1.0,0.0,2024-01-25
ecom_009651,1,1.0,1.0,3.0,21.51,0.0,0.0,2024-01-12
ecom_000363,0,0.0,2.0,1.0,0.0,0.0,0.0,2024-01-15
ecom_005367,0,0.0,2.0,132.0,24.72,1.0,0.0,2024-01-10
ecom_009945,0,0.0,0.0,17.0,15.18,1.0,0.0,2024-01-21
ecom_008410,0,0.0,1.0,52.0,26.46,1.0,0.0,2024-01-07
ecom_009453,0,0.0,2.0,217.0,129.63,1.0,0.0,2024-01-09
ecom_004725,1,0.0,0.0,7.0,15.66,0.0,0.0,2024-01-09
ecom_007271,1,0.0,0.0,154.0,21.65,1.0,0.0,2024-01-08
ecom_006770,0,0.0,0.0,27.0,20.71,0.0,0.0,2024-01-28
ecom_004443,0,0.0,1.0,83.0,129.46,1.0,0.0,2024-01-24
ecom_007446,1,0.0,0.0,142.0,31.95,1.0,0.0,2024-01-11
ecom_000236,0,0.0,0.0,23.0,20.07,0.0,0.0,2024-01-19
ecom_007709,0,0.0,2.0,364.0,0.0,1.0,0.0,2024-01-25
ecom_009585,0,0.0,2.0,26.0,32.92,0.0,0.0,2024-01-10
ecom_002562,0,0.0,2.0,68.0,0.0,1.0,0.0,2024-01-21
ecom_007123,0,0.0,0.0,49.0,27.56,1.0,0.0,2024-01-27
ecom_008536,1,1.0,2.0,74.0,75.81,1.0,0.0,2024-01-30
ecom_009602,1,0.0,0.0,43.0,13.91,1.0,0.0,2024-01-23
ecom_005519,0,0.0,2.0,14.0,0.0,1.0,0.0,2024-01-09
ecom_009613,1,0.0,0.0,38.0,16.16,1.0,0.0,2024-01-03
ecom_003083,0,0.0,0.0,84.0,15.83,1.0,0.0,2024-01-12
ecom_002959,0,0.0,2.0,21.0,7.33,0.0,1.0,2024-01-09
ecom_002102,1,0.0,0.0,68.0,53.14,0.0,0.0,2024-01-24
ecom_000632,1,0.0,2.0,49.0,61.86,1.0,0.0,2024-01-03
ecom_006813,1,0.0,0.0,11.0,129.61,0.0,0.0,2024-01-29
ecom_002493,1,0.0,2.0,29.0,15.33,0.0,0.0,2024-01-24
ecom_002665,1,0.0,0.0,92.0,29.34,1.0,0.0,2024-01-20
ecom_008494,1,0.0,2.0,45.0,26.76,0.0,0.0,2024-01-22
ecom_008425,1,0.0,0.0,152.0,0.0,1.0,0.0,2024-01-19
ecom_009266,1,0.0,2.0,5.0,80.62,0.0,0.0,2024-01-19
ecom_004211,0,0.0,0.0,103.0,52.2,1.0,0.0,2024-01-24
ecom_003874,1,0.0,0.0,280.0,33.37,0.0,0.0,2024-01-23
ecom_002817,1,1.0,0.0,78.0,0.0,1.0,0.0,2024-01-12
ecom_008268,0,0.0,0.0,15.0,0.0,0.0,1.0,2024-01-29
ecom_009815,1,0.0,2.0,141.0,0.0,0.0,0.0,2024-01-06
ecom_007426,1,0.0,0.0,35.0,44.1,1.0,0.0,2024-01-23
ecom_008602,1,0.0,1.0,41.0,18.6,1.0,0.0,2024-01-02
ecom_008475,1,0.0,1.0,184.0,69.45,1.0,0.0,2024-01-04
ecom_001735,1,0.0,2.0,55.0,0.0,1.0,0.0,2024-01-09
ecom_007397,0,0.0,2.0,20.0,58.94,0.0,0.0,2024-01-04
ecom_004255,1,0.0,2.0,16.0,52.47,0.0,0.0,2024-01-24
ecom_008288,1,1.0,2.0,48.0,31.46,1.0,0.0,2024-01-08
ecom_002475,0,0.0,2.0,111.0,0.0,1.0,0.0,2024-01-23
ecom_009984,1,0.0,1.0,14.0,195.8,0.0,0.0,2024-01-17
ecom_003713,0,0.0,2.0,95.0,51.22,1.0,0.0,2024-01-17
ecom_008978,1,0.0,2.0,25.0,0.0,0.0,0.0,2024-01-22
ecom_001804,0,0.0,0.0,28.0,11.95,0.0,0.0,2024-01-22
ecom_000707,0,0.0,1.0,37.0,0.0,1.0,0.0,2024-01-30
ecom_009191,1,0.0,0.0,197.0,35.59,1.0,0.0,2024-01-20
ecom_005189,0,0.0,1.0,18.0,0.0,0.0,0.0,2024-01-21
ecom_005472,1,0.0,0.0,53.0,237.7,1.0,0.0,2024-01-18
ecom_000072,1,0.0,2.0,12.0,0.0,0.0,0.0,2024-01-15
ecom_007843,0,0.0,1.0,51.0,46.11,1.0,0.0,2024-01-07
ecom_005101,0,0.0,2.0,164.0,0.0,0.0,0.0,2024-01-08
ecom_006764,1,0.0,0.0,39.0,22.3,1.0,0.0,2024-01-09
ecom_001125,0,0.0,0.0,27.0,14.46,0.0,1.0,2024-01-10
ecom_001241,0,0.0,2.0,94.0,0.0,1.0,1.0,2024-01-07
ecom_008253,0,0.0,2.0,14.0,0.0,0.0,0.0,2024-01-27
ecom_002349,1,1.0,0.0,31.0,48.08,1.0,0.0,2024-01-11
ecom_006602,1,0.0,0.0,5.0,48.94,0.0,0.0,2024-01-17
ecom_006780,1,0.0,0.0,18.0,52.98,0.0,0.0,2024-01-24
ecom_004358,1,0.0,0.0,75.0,26.0,1.0,0.0,2024-01-26
ecom_001343,0,0.0,1.0,99.0,110.37,1.0,0.0,2024-01-03
ecom_009988,0,0.0,2.0,34.0,9.35,1.0,0.0,2024-01-23
ecom_008679,0,1.0,2.0,40.0,43.62,0.0,0.0,2024-01-15
ecom_009575,0,0.0,0.0,51.0,0.0,1.0,0.0,2024-01-10
ecom_006652,0,0.0,2.0,1.0,25.61,0.0,0.0,2024-01-08
ecom_001100,1,0.0,1.0,21.0,0.0,0.0,0.0,2024-01-17
ecom_007327,0,0.0,0.0,6.0,120.38,0.0,0.0,2024-01-06
ecom_007622,0,0.0,0.0,42.0,65.52,1.0,0.0,2024-01-15
ecom_000987,1,0.0,2.0,12.0,30.42,0.0,0.0,2024-01-08
ecom_002852,1,0.0,0.0,90.0,73.61,1.0,0.0,2024-01-18
ecom_000630,1,0.0,0.0,20.0,28.84,1.0,0.0,2024-01-12
ecom_001249,0,0.0,2.0,60.0,43.96,1.0,0.0,2024-01-08
ecom_003179,0,0.0,1.0,113.0,21.32,1.0,0.0,2024-01-28
ecom_000482,0,0.0,0.0,83.0,9.16,1.0,0.0,2024-01-20
ecom_003040,1,0.0,2.0,43.0,0.0,0.0,0.0,2024-01-23
ecom_005010,1,0.0,2.0,63.0,40.36,0.0,0.0,2024-01-02
ecom_008727,0,0.0,0.0,34.0,0.0,1.0,0.0,2024-01-25
ecom_007000,1,0.0,2.0,41.0,0.0,1.0,0.0,2024-01-26
ecom_003273,0,0.0,0.0,74.0,71.01,1.0,0.0,2024-01-25
ecom_007227,1,0.0,0.0,260.0,46.24,1.0,0.0,2024-01-03
ecom_003683,0,0.0,2.0,34.0,37.7,1.0,0.0,2024-01-30
ecom_006674,1,0.0,2.0,28.0,32.31,0.0,0.0,2024-01-25
ecom_006807,1,0.0,1.0,19.0,0.0,0.0,0.0,2024-01-23
ecom_009738,1,0.0,2.0,390.0,8.94,1.0,0.0,2024-01-19
ecom_001316,0,0.0,0.0,10.0,24.45,0.0,0.0,2024-01-18
ecom_003225,1,0.0,0.0,20.0,281.84,0.0,0.0,2024-01-01
ecom_001072,0,0.0,0.0,117.0,96.15,1.0,0.0,2024-01-04
ecom_004815,0,0.0,1.0,53.0,54.13,1.0,0.0,2024-01-16
ecom_008459,0,0.0,0.0,30.0,42.09,1.0,0.0,2024-01-11
ecom_005752,1,1.0,0.0,16.0,45.32,0.0,0.0,2024-01-26
ecom_009145,0,0.0,2.0,13.0,0.0,0.0,0.0,2024-01-20
ecom_004616,1,0.0,1.0,95.0,67.03,1.0,0.0,2024-01-21
ecom_003097,0,0.0,0.0,49.0,29.49,1.0,0.0,2024-01-05
ecom_006869,0,0.0,0.0,60.0,0.0,1.0,0.0,2024-01-24
ecom_001300,0,0.0,2.0,89.0,40.29,1.0,0.0,2024-01-21
ecom_007285,0,0.0,0.0,10.0,6.18,0.0,0.0,2024-01-23
ecom_006284,0,1.0,0.0,4.0,68.42,0.0,0.0,2024-01-03
ecom_005495,1,0.0,2.0,73.0,0.0,1.0,0.0,2024-01-05
ecom_005291,0,0.0,2.0,109.0,35.0,1.0,0.0,2024-01-22
ecom_001798,0,0.0,0.0,6.0,20.19,0.0,0.0,2024-01-15
ecom_005203,1,0.0,0.0,104.0,0.0,1.0,0.0,2024-01-13
ecom_008227,1,0.0,2.0,9.0,63.01,0.0,0.0,2024-01-01
ecom_005047,0,0.0,1.0,50.0,26.0,0.0,0.0,2024-01-21
ecom_006441,0,0.0,2.0,27.0,0.0,0.0,0.0,2024-01-29
ecom_008105,1,0.0,2.0,8.0,59.6,0.0,0.0,2024-01-21
ecom_002359,1,0.0,1.0,93.0,33.66,1.0,0.0,2024-01-24
ecom_009380,0,0.0,2.0,3.0,15.56,0.0,0.0,2024-01-19
ecom_003654,1,0.0,0.0,62.0,30.21,1.0,0.0,2024-01-04
ecom_007052,0,1.0,0.0,97.0,14.51,1.0,0.0,2024-01-04
ecom_001286,1,0.0,2.0,35.0,35.64,1.0,0.0,2024-01-25
ecom_009126,1,0.0,0.0,4.0,32.78,0.0,0.0,2024-01-28
ecom_004445,1,0.0,0.0,15.0,0.0,0.0,0.0,2024-01-09
ecom_002137,1,1.0,0.0,243.0,32.21,1.0,0.0,2024-01-15
ecom_006787,1,0.0,0.0,18.0,0.0,0.0,0.0,2024-01-14
ecom_009752,1,1.0,0.0,18.0,0.0,0.0,0.0,2024-01-09
ecom_008510,0,0.0,0.0,19.0,36.9,1.0,0.0,2024-01-10
ecom_009539,0,0.0,2.0,20.0,0.0,0.0,0.0,2024-01-30
ecom_006894,1,0.0,1.0,60.0,14.08,1.0,0.0,2024-01-03
ecom_008569,0,0.0,2.0,22.0,52.02,0.0,0.0,2024-01-15
ecom_007151,0,0.0,0.0,37.0,0.0,1.0,0.0,2024-01-10
ecom_000963,1,0.0,0.0,19.0,11.68,0.0,0.0,2024-01-18
ecom_006012,1,0.0,1.0,29.0,0.0,0.0,0.0,2024-01-29
ecom_004882,1,0.0,2.0,6.0,8.25,0.0,0.0,2024-01-03
ecom_000140,1,0.0,2.0,22.0,0.0,1.0,0.0,2024-01-26
ecom_009032,1,0.0,0.0,23.0,10.97,0.0,0.0,2024-01-07
ecom_006936,1,0.0,2.0,97.0,167.43,1.0,0.0,2024-01-09
ecom_006542,0,0.0,0.0,51.0,168.42,1.0,0.0,2024-01-05
ecom_005243,1,0.0,2.0,62.0,57.69,1.0,0.0,2024-01-27
ecom_004431,0,0.0,0.0,55.0,49.29,1.0,0.0,2024-01-17
ecom_000406,0,0.0,0.0,27.0,43.45,0.0,0.0,2024-01-09
ecom_008212,1,0.0,2.0,143.0,0.0,1.0,0.0,2024-01-10
ecom_008376,1,0.0,1.0,26.0,0.0,0.0,0.0,2024-01-13
ecom_008627,1,0.0,0.0,69.0,22.93,0.0,0.0,2024-01-05
ecom_008234,1,0.0,0.0,70.0,0.0,1.0,0.0,2024-01-03
ecom_004399,0,0.0,2.0,1.0,20.64,0.0,0.0,2024-01-25
ecom_005252,1,0.0,2.0,16.0,8.02,0.0,0.0,2024-01-30
ecom_000011,0,0.0,2.0,81.0,17.4,1.0,1.0,2024-01-24
ecom_004760,0,0.0,0.0,38.0,41.83,1.0,0.0,2024-01-05
ecom_001177,1,0.0,1.0,31.0,27.93,1.0,0.0,2024-01-09
ecom_002863,0,0.0,2.0,200.0,31.41,1.0,0.0,2024-01-26
ecom_006471,1,0.0,0.0,20.0,25.85,0.0,0.0,2024-01-28
ecom_006228,0,0.0,1.0,88.0,13.63,1.0,1.0,2024-01-06
ecom_002989,0,0.0,0.0,50.0,141.64,1.0,0.0,2024-01-04
ecom_007117,0,0.0,2.0,21.0,184.86,0.0,0.0,2024-01-16
ecom_007010,0,0.0,2.0,12.0,28.58,0.0,1.0,2024-01-20
ecom_008557,0,0.0,1.0,168.0,8.98,1.0,0.0,2024-01-05
ecom_001440,0,0.0,0.0,10.0,57.28,1.0,0.0,2024-01-01
ecom_009747,1,0.0,0.0,62.0,29.72,1.0,0.0,2024-01-03
ecom_002875,1,0.0,0.0,2.0,0.0,0.0,0.0,2024-01-30
ecom_009098,1,0.0,2.0,27.0,135.3,0.0,0.0,2024-01-01
ecom_008788,1,0.0,2.0,60.0,0.0,0.0,0.0,2024-01-11
ecom_007232,1,0.0,0.0,172.0,0.0,0.0,0.0,2024-01-14
ecom_003726,0,0.0,0.0,20.0,12.29,0.0,0.0,2024-01-05
ecom_002772,1,0.0,0.0,10.0,17.7,0.0,0.0,2024-01-10
ecom_000454,0,0.0,0.0,9.0,0.0,0.0,0.0,2024-01-10
ecom_008189,1,1.0,0.0,19.0,13.22,0.0,0.0,2024-01-20
ecom_001367,0,0.0,0.0,20.0,20.94,0.0,0.0,2024-01-15
ecom_003712,1,0.0,2.0,40.0,0.0,1.0,0.0,2024-01-02
ecom_009852,0,1.0,1.0,141.0,0.0,1.0,0.0,2024-01-17
ecom_001388,0,0.0,2.0,179.0,0.0,0.0,0.0,2024-01-25
ecom_001000,1,0.0,2.0,19.0,14.4,0.0,0.0,2024-01-05
ecom_007761,1,0.0,2.0,14.0,84.94,0.0,0.0,2024-01-07
ecom_003553,1,0.0,0.0,62.0,106.98,1.0,0.0,2024-01-30
ecom_004114,0,0.0,2.0,7.0,56.78,0.0,0.0,2024-01-16
ecom_001667,0,0.0,0.0,41.0,0.0,0.0,0.0,2024-01-08
ecom_003173,1,0.0,1.0,2.0,23.8,0.0,0.0,2024-01-28
ecom_009397,0,0.0,0.0,30.0,38.69,0.0,0.0,2024-01-04
ecom_000488,0,0.0,2.0,180.0,44.84,1.0,0.0,2024-01-01
ecom_003230,0,0.0,1.0,60.0,19.5,1.0,0.0,2024-01-21
ecom_003828,0,0.0,0.0,161.0,35.62,1.0,0.0,2024-01-21
ecom_008651,0,0.0,0.0,8.0,44.44,0.0,0.0,2024-01-29
ecom_005208,0,0.0,2.0,32.0,21.95,1.0,0.0,2024-01-15
ecom_007848,1,0.0,2.0,37.0,18.46,1.0,0.0,2024-01-18
ecom_005704,1,0.0,1.0,24.0,0.0,0.0,0.0,2024-01-15
ecom_009639,1,0.0,1.0,118.0,0.0,1.0,0.0,2024-01-14
ecom_008133,1,0.0,1.0,55.0,45.91,1.0,0.0,2024-01-30
ecom_000703,0,0.0,1.0,97.0,0.0,1.0,0.0,2024-01-13
ecom_005105,1,0.0,2.0,91.0,0.0,1.0,0.0,2024-01-24
ecom_008893,1,0.0,0.0,49.0,165.84,0.0,0.0,2024-01-15
ecom_003291,0,0.0,1.0,35.0,37.45,1.0,0.0,2024-01-16
ecom_008125,0,1.0,0.0,44.0,0.0,1.0,0.0,2024-01-23
ecom_009631,1,0.0,0.0,35.0,26.01,1.0,0.0,2024-01-12
ecom_009021,1,0.0,0.0,13.0,90.95,0.0,0.0,2024-01-24
ecom_004909,0,0.0,2.0,25.0,37.22,0.0,0.0,2024-01-14
ecom_004440,0,1.0,0.0,7.0,0.0,0.0,0.0,2024-01-03
ecom_000986,1,0.0,0.0,163.0,0.0,0.0,0.0,2024-01-10
ecom_009236,1,0.0,2.0,24.0,12.36,0.0,0.0,2024-01-07
ecom_009883,1,0.0,2.0,35.0,7.45,0.0,0.0,2024-01-06
ecom_007705,1,0.0,1.0,122.0,12.2,1.0,0.0,2024-01-18
ecom_006257,1,0.0,2.0,5.0,0.0,0.0,0.0,2024-01-07
ecom_006089,1,1.0,0.0,5.0,30.65,0.0,0.0,2024-01-07
ecom_005238,0,0.0,0.0,40.0,22.24,1.0,0.0,2024-01-10
ecom_001198,0,0.0,0.0,21.0,69.8,0.0,0.0,2024-01-21
ecom_009070,1,0.0,1.0,27.0,29.26,0.0,0.0,2024-01-21
ecom_007519,0,0.0,0.0,69.0,26.71,1.0,0.0,2024-01-01
ecom_006812,1,0.0,0.0,131.0,30.1,1.0,1.0,2024-01-29
ecom_008320,0,0.0,1.0,28.0,36.65,0.0,0.0,2024-01-30
ecom_007175,1,0.0,1.0,62.0,145.2,1.0,0.0,2024-01-25
ecom_004470,1,0.0,0.0,96.0,23.03,1.0,0.0,2024-01-30
ecom_000891,1,0.0,2.0,7.0,0.0,0.0,0.0,2024-01-24
ecom_001969,0,0.0,2.0,59.0,0.0,1.0,0.0,2024-01-18
ecom_005757,0,0.0,0.0,11.0,91.75,0.0,0.0,2024-01-22
ecom_006527,1,0.0,2.0,22.0,29.76,0.0,0.0,2024-01-18
ecom_006294,1,0.0,1.0,80.0,33.87,1.0,0.0,2024-01-16
ecom_007595,0,0.0,1.0,1.0,11.98,0.0,1.0,2024-01-04
ecom_003249,1,0.0,2.0,5.0,439.12,0.0,0.0,2024-01-30
ecom_006570,1,0.0,2.0,11.0,0.0,0.0,0.0,2024-01-08
ecom_006638,0,0.0,2.0,33.0,30.03,0.0,1.0,2024-01-18
ecom_007351,0,0.0,1.0,78.0,84.57,1.0,0.0,2024-01-23
ecom_009172,1,0.0,2.0,102.0,45.01,1.0,0.0,2024-01-24
ecom_007473,0,0.0,2.0,9.0,0.0,0.0,0.0,2024-01-08
ecom_009601,1,0.0,2.0,67.0,64.7,1.0,0.0,2024-01-04
ecom_008673,0,0.0,0.0,47.0,43.54,1.0,0.0,2024-01-28
ecom_001239,0,0.0,1.0,66.0,119.3,1.0,0.0,2024-01-16
ecom_002289,0,0.0,2.0,43.0,10.41,1.0,0.0,2024-01-04
ecom_002740,0,0.0,1.0,38.0,16.43,1.0,0.0,2024-01-15
ecom_004585,0,0.0,0.0,77.0,0.0,1.0,0.0,2024-01-05
ecom_001229,1,1.0,0.0,34.0,76.23,1.0,0.0,2024-01-13
ecom_006980,0,0.0,1.0,18.0,28.98,1.0,0.0,2024-01-11
ecom_005178,0,0.0,0.0,13.0,85.66,0.0,0.0,2024-01-01
ecom_004293,0,0.0,2.0,35.0,7.68,1.0,0.0,2024-01-01
ecom_001058,0,0.0,0.0,145.0,0.0,1.0,0.0,2024-01-17
ecom_006262,1,0.0,2.0,116.0,58.32,1.0,1.0,2024-01-21
ecom_000281,0,0.0,0.0,19.0,20.68,0.0,0.0,2024-01-24
ecom_000968,0,0.0,2.0,50.0,0.0,0.0,0.0,2024-01-23
ecom_003953,1,0.0,2.0,103.0,0.0,1.0,0.0,2024-01-24
ecom_001939,1,0.0,2.0,74.0,14.84,1.0,0.0,2024-01-30
ecom_008464,0,0.0,0.0,32.0,14.67,1.0,0.0,2024-01-29
ecom_001274,1,0.0,2.0,57.0,41.0,1.0,0.0,2024-01-19
ecom_000619,0,0.0,0.0,42.0,0.0,0.0,1.0,2024-01-07
ecom_008505,1,0.0,2.0,36.0,59.57,1.0,0.0,2024-01-24
ecom_001742,1,0.0,2.0,6.0,16.95,0.0,0.0,2024-01-20
ecom_001390,0,0.0,0.0,26.0,0.0,0.0,0.0,2024-01-09
ecom_002203,1,1.0,0.0,18.0,22.48,0.0,0.0,2024-01-04
ecom_003568,0,0.0,1.0,50.0,79.2,1.0,0.0,2024-01-12
ecom_006116,0,0.0,2.0,3.0,9.8,0.0,0.0,2024-01-17
ecom_009970,1,0.0,2.0,12.0,46.38,0.0,1.0,2024-01-08
ecom_006052,1,0.0,2.0,108.0,50.03,1.0,0.0,2024-01-04
ecom_003178,0,0.0,0.0,43.0,0.0,1.0,0.0,2024-01-02
ecom_003192,0,0.0,0.0,72.0,48.19,1.0,0.0,2024-01-12
ecom_006099,1,0.0,1.0,1.0,16.7,0.0,0.0,2024-01-25
ecom_007029,0,0.0,0.0,19.0,68.51,0.0,0.0,2024-01-29
ecom_000575,0,0.0,0.0,122.0,52.16,1.0,0.0,2024-01-16
ecom_006656,0,0.0,2.0,123.0,36.05,1.0,0.0,2024-01-10
ecom_007115,0,0.0,2.0,145.0,46.42,1.0,1.0,2024-01-17
ecom_008802,1,1.0,1.0,18.0,18.59,0.0,0.0,2024-01-26
ecom_006276,1,0.0,0.0,180.0,22.98,1.0,0.0,2024-01-09
ecom_008984,1,0.0,0.0,78.0,30.38,1.0,0.0,2024-01-16
ecom_005897,0,0.0,0.0,40.0,45.15,1.0,0.0,2024-01-05
ecom_005724,1,0.0,1.0,18.0,0.0,0.0,0.0,2024-01-27
ecom_000269,0,0.0,1.0,201.0,228.1,1.0,1.0,2024-01-18
ecom_000629,1,1.0,0.0,54.0,31.01,0.0,0.0,2024-01-21
ecom_003081,0,0.0,1.0,22.0,32.55,0.0,0.0,2024-01-26
ecom_003466,0,0.0,0.0,26.0,18.84,0.0,0.0,2024-01-02
ecom_006430,0,0.0,1.0,145.0,15.97,1.0,0.0,2024-01-08
ecom_009311,0,0.0,0.0,2.0,0.0,0.0,0.0,2024-01-16
ecom_007062,0,0.0,0.0,43.0,33.75,1.0,0.0,2024-01-26
ecom_009727,1,1.0,0.0,15.0,41.37,0.0,0.0,2024-01-18
ecom_005543,0,0.0,0.0,80.0,0.0,1.0,0.0,2024-01-23
ecom_004356,0,0.0,0.0,1.0,29.02,0.0,0.0,2024-01-07
ecom_002113,0,0.0,0.0,23.0,29.29,0.0,0.0,2024-01-19
ecom_008219,0,0.0,2.0,55.0,27.7,1.0,1.0,2024-01-08
ecom_003216,0,0.0,0.0,88.0,27.29,1.0,0.0,2024-01-05
ecom_003814,1,0.0,0.0,78.0,38.81,1.0,1.0,2024-01-11
ecom_008321,0,1.0,2.0,125.0,0.0,1.0,0.0,2024-01-09
ecom_008589,1,0.0,1.0,307.0,11.65,1.0,0.0,2024-01-01
ecom_002278,1,0.0,2.0,2.0,51.18,0.0,0.0,2024-01-28
ecom_004599,0,0.0,2.0,13.0,59.72,0.0,0.0,2024-01-13
ecom_000013,1,0.0,2.0,88.0,0.0,1.0,0.0,2024-01-19
ecom_009225,0,0.0,0.0,15.0,0.0,0.0,0.0,2024-01-07
ecom_001525,1,0.0,2.0,111.0,0.0,1.0,0.0,2024-01-09
ecom_002365,0,1.0,2.0,73.0,20.79,1.0,0.0,2024-01-04
ecom_004648,0,0.0,0.0,2.0,0.0,0.0,0.0,2024-01-25
ecom_000374,0,0.0,2.0,56.0,11.96,0.0,1.0,2024-01-07
ecom_008521,0,1.0,0.0,6.0,0.0,0.0,0.0,2024-01-01
ecom_006477,1,0.0,0.0,259.0,0.0,1.0,0.0,2024-01-18
ecom_000525,1,0.0,2.0,278.0,0.0,1.0,0.0,2024-01-17
ecom_006895,1,1.0,0.0,18.0,46.9,0.0,0.0,2024-01-11
ecom_003591,0,0.0,2.0,98.0,0.0,0.0,0.0,2024-01-17
ecom_007904,0,0.0,0.0,1.0,0.0,0.0,0.0,2024-01-29
ecom_002958,0,0.0,1.0,40.0,37.39,1.0,0.0,2024-01-09
ecom_000529,0,0.0,2.0,158.0,34.75,1.0,0.0,2024-01-17
ecom_003714,1,0.0,1.0,47.0,13.38,1.0,0.0,2024-01-18
ecom_004732,0,0.0,1.0,45.0,22.52,0.0,0.0,2024-01-05
ecom_001394,0,0.0,2.0,281.0,16.68,1.0,0.0,2024-01-28
ecom_005631,1,1.0,2.0,1.0,67.0,0.0,0.0,2024-01-11
ecom_006563,0,0.0,0.0,4.0,0.0,0.0,0.0,2024-01-19
ecom_004703,0,0.0,2.0,7.0,71.06,0.0,0.0,2024-01-13
ecom_001712,1,0.0,1.0,6.0,21.09,0.0,0.0,2024-01-07
ecom_009755,1,0.0,2.0,22.0,0.0,0.0,0.0,2024-01-19
ecom_000955,0,0.0,0.0,102.0,60.55,1.0,0.0,2024-01-27
ecom_006675,0,1.0,2.0,40.0,0.0,1.0,0.0,2024-01-12
ecom_003453,1,0.0,2.0,88.0,55.43,1.0,0.0,2024-01-25
ecom_002071,1,0.0,0.0,78.0,18.55,1.0,0.0,2024-01-17
ecom_009740,1,0.0,0.0,34.0,9.62,1.0,0.0,2024-01-02
ecom_000158,1,1.0,0.0,7.0,54.66,0.0,0.0,2024-01-10
ecom_007005,0,0.0,2.0,26.0,7.4,0.0,0.0,2024-01-14
ecom_000352,0,0.0,0.0,34.0,0.0,1.0,0.0,2024-01-19
ecom_006078,1,0.0,1.0,15.0,0.0,0.0,0.0,2024-01-07
ecom_006236,0,0.0,2.0,111.0,35.8,1.0,0.0,2024-01-19
ecom_002920,1,0.0,1.0,100.0,79.25,1.0,0.0,2024-01-08
ecom_004644,0,0.0,2.0,55.0,0.0,1.0,0.0,2024-01-08
ecom_000661,1,0.0,2.0,15.0,0.0,0.0,0.0,2024-01-03
ecom_007057,1,0.0,0.0,9.0,0.0,0.0,0.0,2024-01-18
ecom_003665,0,0.0,1.0,3.0,15.41,0.0,0.0,2024-01-09
ecom_007979,1,0.0,1.0,112.0,13.75,1.0,0.0,2024-01-17
ecom_000306,0,0.0,1.0,8.0,0.0,0.0,0.0,2024-01-20
ecom_004790,0,0.0,1.0,1.0,74.73,0.0,0.0,2024-01-26
ecom_002356,0,0.0,2.0,289.0,0.0,0.0,0.0,2024-01-11
ecom_001927,0,0.0,0.0,55.0,0.0,1.0,0.0,2024-01-01
ecom_009939,1,0.0,0.0,48.0,103.43,1.0,0.0,2024-01-18
ecom_003427,0,0.0,2.0,23.0,63.73,0.0,0.0,2024-01-21
ecom_003638,1,0.0,2.0,310.0,17.91,1.0,0.0,2024-01-11
ecom_001266,0,0.0,2.0,1.0,18.97,0.0,0.0,2024-01-17
ecom_001560,0,0.0,0.0,9.0,12.5,0.0,1.0,2024-01-29
ecom_007179,1,1.0,0.0,4.0,40.57,1.0,0.0,2024-01-24
ecom_004109,1,0.0,0.0,12.0,58.57,0.0,0.0,2024-01-14
ecom_007867,0,0.0,2.0,2.0,7.6,0.0,0.0,2024-01-02
ecom_004904,0,0.0,1.0,84.0,57.59,1.0,0.0,2024-01-28
ecom_007294,0,0.0,0.0,13.0,7.1,0.0,0.0,2024-01-03
ecom_000514,1,0.0,1.0,58.0,0.0,1.0,0.0,2024-01-05
ecom_000894,0,0.0,2.0,80.0,0.0,1.0,0.0,2024-01-10
ecom_000021,0,0.0,1.0,19.0,0.0,0.0,0.0,2024-01-01
ecom_000899,0,0.0,2.0,63.0,96.54,1.0,0.0,2024-01-03
ecom_000207,1,0.0,0.0,109.0,0.0,1.0,0.0,2024-01-30
ecom_000458,0,0.0,0.0,6.0,29.04,0.0,0.0,2024-01-06
ecom_002430,0,0.0,0.0,73.0,0.0,1.0,0.0,2024-01-16
ecom_008442,1,1.0,2.0,54.0,268.36,1.0,0.0,2024-01-02
ecom_003389,0,1.0,0.0,106.0,163.16,1.0,0.0,2024-01-30
ecom_003911,1,0.0,2.0,39.0,0.0,1.0,0.0,2024-01-08
ecom_005383,0,0.0,0.0,33.0,43.89,0.0,0.0,2024-01-16
ecom_000552,0,0.0,1.0,25.0,62.95,1.0,0.0,2024-01-29
ecom_003144,0,0.0,2.0,118.0,0.0,1.0,0.0,2024-01-04
ecom_006917,1,0.0,0.0,23.0,69.54,0.0,0.0,2024-01-07
ecom_002056,0,0.0,2.0,165.0,15.51,1.0,0.0,2024-01-25
ecom_001925,0,0.0,1.0,48.0,5.26,1.0,0.0,2024-01-09
ecom_000634,0,0.0,2.0,86.0,33.81,1.0,0.0,2024-01-03
ecom_006082,0,0.0,1.0,61.0,48.57,1.0,0.0,2024-01-04
ecom_009270,0,0.0,2.0,124.0,24.02,1.0,1.0,2024-01-02
ecom_009678,0,0.0,2.0,5.0,8.78,0.0,0.0,2024-01-21
ecom_000105,1,0.0,0.0,191.0,14.02,1.0,0.0,2024-01-09
ecom_003041,1,0.0,2.0,15.0,52.1,0.0,0.0,2024-01-04
ecom_001709,1,1.0,2.0,23.0,33.81,1.0,0.0,2024-01-29
ecom_000089,1,0.0,2.0,31.0,0.0,1.0,0.0,2024-01-29
ecom_007014,1,1.0,2.0,146.0,18.7,1.0,0.0,2024-01-11
ecom_003174,0,0.0,0.0,6.0,0.0,0.0,0.0,2024-01-11
ecom_000917,1,0.0,2.0,28.0,30.02,0.0,0.0,2024-01-17
ecom_007833,1,0.0,1.0,6.0,123.63,0.0,0.0,2024-01-23
ecom_006732,0,0.0,2.0,48.0,0.0,1.0,1.0,2024-01-22
ecom_001949,0,0.0,2.0,66.0,34.1,1.0,1.0,2024-01-10
ecom_006368,0,0.0,2.0,47.0,70.63,1.0,0.0,2024-01-12
ecom_000001,0,0.0,2.0,65.0,0.0,1.0,0.0,2024-01-22
ecom_008032,0,0.0,0.0,14.0,32.91,0.0,0.0,2024-01-09
ecom_006047,1,0.0,2.0,60.0,36.06,1.0,0.0,2024-01-21
ecom_002720,0,0.0,1.0,14.0,21.95,0.0,0.0,2024-01-18
ecom_009812,1,0.0,2.0,29.0,109.48,1.0,0.0,2024-01-02
ecom_003117,0,0.0,2.0,29.0,39.64,0.0,0.0,2024-01-22
ecom_009465,1,1.0,0.0,63.0,68.74,1.0,0.0,2024-01-26
ecom_003762,0,0.0,2.0,29.0,110.49,0.0,0.0,2024-01-19
ecom_000213,1,0.0,1.0,9.0,51.88,0.0,0.0,2024-01-05
ecom_000778,0,0.0,2.0,39.0,110.25,1.0,1.0,2024-01-23
ecom_003496,1,0.0,2.0,96.0,0.0,1.0,0.0,2024-01-29
ecom_008817,0,0.0,2.0,51.0,11.16,1.0,0.0,2024-01-09
ecom_002043,0,0.0,0.0,95.0,25.08,1.0,0.0,2024-01-10
ecom_005420,1,0.0,0.0,21.0,54.54,0.0,0.0,2024-01-24
ecom_006154,0,0.0,1.0,8.0,38.21,0.0,0.0,2024-01-24
ecom_008357,1,0.0,0.0,21.0,27.46,0.0,0.0,2024-01-17
ecom_008707,1,0.0,1.0,4.0,13.33,0.0,0.0,2024-01-20
ecom_008465,1,0.0,0.0,105.0,24.07,1.0,0.0,2024-01-28
ecom_004167,0,0.0,2.0,12.0,16.39,0.0,0.0,2024-01-29
ecom_003788,1,0.0,1.0,26.0,65.65,0.0,0.0,2024-01-14
ecom_000583,0,0.0,2.0,44.0,0.0,1.0,0.0,2024-01-05
ecom_009911,1,0.0,2.0,1.0,0.0,0.0,0.0,2024-01-03
ecom_009986,1,0.0,2.0,25.0,26.13,0.0,0.0,2024-01-02
ecom_000116,0,0.0,0.0,23.0,261.32,0.0,0.0,2024-01-11
ecom_006644,1,0.0,0.0,72.0,25.36,1.0,1.0,2024-01-05
ecom_009033,1,0.0,0.0,144.0,30.91,1.0,0.0,2024-01-18
ecom_009951,1,0.0,2.0,117.0,13.19,1.0,0.0,2024-01-05
ecom_008959,1,0.0,2.0,24.0,109.79,0.0,0.0,2024-01-18
ecom_001763,0,0.0,0.0,165.0,33.9,1.0,0.0,2024-01-10
ecom_001875,1,0.0,0.0,23.0,179.6,0.0,1.0,2024-01-15
ecom_003224,1,1.0,2.0,66.0,7.39,1.0,0.0,2024-01-17
ecom_000526,0,0.0,2.0,29.0,0.0,0.0,0.0,2024-01-23
ecom_007725,0,0.0,0.0,46.0,0.0,1.0,0.0,2024-01-12
ecom_002946,0,0.0,0.0,95.0,338.31,1.0,0.0,2024-01-14
ecom_004473,1,0.0,1.0,100.0,0.0,1.0,0.0,2024-01-05
ecom_005655,1,0.0,2.0,47.0,48.44,1.0,0.0,2024-01-25
ecom_006059,0,0.0,0.0,4.0,54.7,0.0,0.0,2024-01-25
ecom_000959,1,0.0,0.0,61.0,6.79,1.0,0.0,2024-01-03
ecom_006342,1,0.0,0.0,12.0,0.0,0.0,0.0,2024-01-01
ecom_003633,1,0.0,2.0,9.0,53.13,1.0,0.0,2024-01-04
ecom_001050,1,0.0,0.0,52.0,61.58,1.0,0.0,2024-01-09
ecom_003380,1,0.0,0.0,94.0,0.0,1.0,0.0,2024-01-13
ecom_003676,0,0.0,2.0,185.0,67.66,1.0,0.0,2024-01-07
ecom_005776,0,0.0,2.0,2.0,0.0,0.0,0.0,2024-01-15
ecom_009045,0,0.0,2.0,3.0,55.46,0.0,0.0,2024-01-01
ecom_006573,0,0.0,2.0,50.0,0.0,1.0,0.0,2024-01-12
ecom_005179,1,0.0,1.0,18.0,0.0,0.0,0.0,2024-01-09
ecom_001607,0,0.0,2.0,42.0,0.0,1.0,0.0,2024-01-18
ecom_003610,0,0.0,2.0,102.0,0.0,1.0,0.0,2024-01-13
ecom_009758,1,1.0,2.0,37.0,0.0,1.0,0.0,2024-01-27
ecom_006635,0,0.0,2.0,48.0,0.0,1.0,0.0,2024-01-14
ecom_009997,1,1.0,2.0,25.0,21.66,0.0,0.0,2024-01-01
ecom_000791,1,0.0,1.0,127.0,49.48,0.0,0.0,2024-01-26
ecom_003056,1,0.0,0.0,6.0,39.45,0.0,0.0,2024-01-15
ecom_001980,0,0.0,2.0,41.0,59.27,1.0,0.0,2024-01-19
ecom_003598,1,0.0,2.0,110.0,0.0,1.0,0.0,2024-01-26
ecom_000933,0,0.0,2.0,44.0,47.42,0.0,0.0,2024-01-24
ecom_007424,1,0.0,2.0,3.0,32.34,0.0,0.0,2024-01-12
ecom_005626,1,0.0,2.0,157.0,16.26,1.0,0.0,2024-01-30
ecom_001682,1,0.0,2.0,47.0,0.0,1.0,0.0,2024-01-01
ecom_004179,1,0.0,0.0,156.0,0.0,1.0,0.0,2024-01-25
ecom_006446,1,0.0,0.0,255.0,14.78,1.0,0.0,2024-01-24
ecom_004116,0,0.0,0.0,6.0,56.16,0.0,0.0,2024-01-12
ecom_000988,1,0.0,2.0,16.0,22.96,0.0,0.0,2024-01-19
ecom_002896,0,0.0,0.0,35.0,0.0,1.0,0.0,2024-01-08
ecom_003778,0,0.0,0.0,58.0,0.0,1.0,0.0,2024-01-03
ecom_005658,1,0.0,1.0,82.0,49.39,0.0,0.0,2024-01-24
ecom_003093,1,1.0,0.0,5.0,24.79,0.0,0.0,2024-01-01
ecom_003155,1,0.0,2.0,6.0,56.57,0.0,0.0,2024-01-16
ecom_001823,0,0.0,0.0,5.0,32.23,1.0,0.0,2024-01-24
ecom_009622,1,0.0,2.0,23.0,46.03,0.0,0.0,2024-01-26
ecom_001098,1,0.0,2.0,29.0,46.19,0.0,0.0,2024-01-18
ecom_002844,0,1.0,2.0,10.0,63.63,0.0,0.0,2024-01-23
ecom_003342,1,0.0,1.0,44.0,24.12,1.0,0.0,2024-01-08
ecom_000038,1,1.0,2.0,133.0,61.86,1.0,0.0,2024-01-01
ecom_006540,1,0.0,0.0,157.0,24.41,1.0,0.0,2024-01-20
ecom_009473,1,0.0,2.0,41.0,28.26,1.0,0.0,2024-01-04
ecom_003356,1,0.0,2.0,83.0,59.1,1.0,0.0,2024-01-19
ecom_007813,1,0.0,0.0,182.0,24.11,1.0,0.0,2024-01-13
ecom_008220,1,0.0,0.0,2.0,36.5,0.0,0.0,2024-01-03
ecom_009227,0,0.0,1.0,11.0,0.0,0.0,0.0,2024-01-03
ecom_002428,1,0.0,0.0,120.0,0.0,1.0,0.0,2024-01-26
ecom_005043,1,0.0,0.0,75.0,37.12,1.0,0.0,2024-01-15
ecom_005346,1,0.0,2.0,31.0,14.6,1.0,0.0,2024-01-08
ecom_004811,0,0.0,2.0,52.0,46.0,1.0,0.0,2024-01-26
ecom_008476,1,0.0,0.0,1.0,13.27,0.0,0.0,2024-01-10
ecom_000686,0,0.0,2.0,65.0,71.06,1.0,0.0,2024-01-11
ecom_004799,0,0.0,2.0,64.0,18.59,1.0,0.0,2024-01-27
ecom_007437,1,0.0,2.0,202.0,0.0,0.0,0.0,2024-01-13
ecom_002353,1,0.0,2.0,46.0,61.83,0.0,0.0,2024-01-11
ecom_006353,1,0.0,0.0,161.0,68.87,1.0,0.0,2024-01-23
ecom_004569,1,0.0,0.0,256.0,51.71,1.0,0.0,2024-01-15
ecom_008213,1,0.0,1.0,3.0,7.59,0.0,0.0,2024-01-05
ecom_002752,1,0.0,2.0,31.0,37.95,1.0,0.0,2024-01-04
ecom_008073,0,0.0,1.0,5.0,26.46,0.0,0.0,2024-01-07
ecom_001040,1,0.0,2.0,114.0,30.51,1.0,0.0,2024-01-24
ecom_007491,1,0.0,0.0,28.0,18.7,0.0,0.0,2024-01-22
ecom_001265,1,0.0,0.0,12.0,89.06,1.0,0.0,2024-01-04
ecom_009265,1,0.0,0.0,28.0,43.65,1.0,0.0,2024-01-25
ecom_007059,1,0.0,2.0,44.0,14.98,1.0,0.0,2024-01-10
ecom_000277,0,0.0,0.0,27.0,69.1,0.0,0.0,2024-01-25
ecom_005084,0,0.0,0.0,107.0,31.84,1.0,0.0,2024-01-06
ecom_002382,1,0.0,1.0,4.0,71.9,0.0,0.0,2024-01-21
ecom_000571,1,0.0,2.0,30.0,0.0,0.0,0.0,2024-01-18
ecom_001435,0,0.0,0.0,53.0,64.03,1.0,0.0,2024-01-02
ecom_005352,0,0.0,2.0,57.0,0.0,1.0,0.0,2024-01-06
ecom_005445,0,0.0,1.0,11.0,47.94,0.0,0.0,2024-01-10
ecom_001007,0,0.0,0.0,40.0,0.0,0.0,0.0,2024-01-27
ecom_004543,0,0.0,0.0,16.0,317.94,0.0,0.0,2024-01-14
ecom_008816,0,0.0,0.0,14.0,14.18,0.0,0.0,2024-01-22
ecom_002064,1,0.0,2.0,63.0,6.64,1.0,0.0,2024-01-16
ecom_001136,1,0.0,1.0,74.0,26.56,1.0,0.0,2024-01-02
ecom_005343,0,0.0,2.0,7.0,47.04,0.0,0.0,2024-01-27
ecom_000294,0,0.0,2.0,32.0,0.0,1.0,0.0,2024-01-01
ecom_002403,1,0.0,2.0,110.0,45.98,1.0,0.0,2024-01-05
ecom_003998,0,0.0,0.0,175.0,34.92,0.0,0.0,2024-01-08
ecom_003741,0,0.0,1.0,21.0,31.56,1.0,0.0,2024-01-29
ecom_009222,0,0.0,1.0,80.0,21.78,1.0,0.0,2024-01-15
ecom_002719,1,0.0,0.0,214.0,79.01,1.0,0.0,2024-01-07
ecom_009199,0,0.0,2.0,104.0,22.03,1.0,0.0,2024-01-23
ecom_005150,0,0.0,2.0,42.0,119.4,1.0,0.0,2024-01-26
ecom_002808,1,0.0,2.0,131.0,0.0,1.0,0.0,2024-01-02
ecom_000556,1,0.0,1.0,146.0,108.03,1.0,0.0,2024-01-06
ecom_008925,0,1.0,0.0,70.0,14.72,1.0,1.0,2024-01-05
ecom_004795,0,0.0,2.0,18.0,0.0,0.0,0.0,2024-01-16
ecom_002469,1,0.0,2.0,78.0,8.49,1.0,0.0,2024-01-29
ecom_003738,1,0.0,0.0,21.0,20.78,1.0,0.0,2024-01-24
ecom_004286,0,0.0,2.0,41.0,58.11,1.0,0.0,2024-01-18
ecom_002604,1,0.0,2.0,24.0,44.4,0.0,0.0,2024-01-21
ecom_000362,1,0.0,2.0,135.0,18.43,0.0,0.0,2024-01-17
ecom_006924,0,0.0,0.0,31.0,101.92,1.0,1.0,2024-01-25
ecom_001704,1,0.0,2.0,1.0,0.0,1.0,0.0,2024-01-23
ecom_002139,1,0.0,0.0,40.0,0.0,1.0,0.0,2024-01-04
ecom_003239,0,0.0,1.0,29.0,40.75,0.0,0.0,2024-01-26
ecom_002383,0,0.0,2.0,20.0,86.62,0.0,0.0,2024-01-09
ecom_007314,1,0.0,1.0,56.0,0.0,1.0,0.0,2024-01-08
ecom_004311,1,0.0,0.0,91.0,47.94,1.0,0.0,2024-01-10
ecom_001312,1,0.0,2.0,40.0,31.64,1.0,0.0,2024-01-06
ecom_003930,1,0.0,0.0,16.0,25.75,0.0,0.0,2024-01-15
ecom_006183,1,0.0,1.0,15.0,194.86,1.0,0.0,2024-01-03
ecom_001591,1,0.0,1.0,137.0,0.0,1.0,0.0,2024-01-24
ecom_009387,0,0.0,1.0,62.0,57.03,1.0,0.0,2024-01-17
ecom_002162,0,0.0,1.0,17.0,0.0,0.0,1.0,2024-01-11
ecom_002396,1,0.0,0.0,19.0,0.0,0.0,0.0,2024-01-15
ecom_000317,0,0.0,1.0,31.0,20.2,0.0,0.0,2024-01-12
ecom_005233,1,1.0,0.0,25.0,110.37,0.0,0.0,2024-01-28
ecom_005068,0,0.0,1.0,8.0,15.39,0.0,0.0,2024-01-14
ecom_004036,0,0.0,0.0,8.0,30.99,0.0,1.0,2024-01-30
ecom_003020,1,0.0,1.0,37.0,54.97,1.0,0.0,2024-01-17
ecom_008228,0,0.0,2.0,101.0,15.37,1.0,1.0,2024-01-16
ecom_005295,0,1.0,0.0,70.0,44.08,1.0,0.0,2024-01-11
ecom_003972,1,0.0,2.0,19.0,0.0,0.0,0.0,2024-01-16
ecom_005370,1,0.0,0.0,177.0,0.0,1.0,0.0,2024-01-10
ecom_004133,0,0.0,1.0,30.0,170.55,1.0,0.0,2024-01-29
ecom_000974,1,0.0,1.0,25.0,12.51,0.0,0.0,2024-01-04
ecom_007291,0,0.0,0.0,56.0,15.5,0.0,1.0,2024-01-17
ecom_000954,0,0.0,1.0,11.0,28.27,0.0,0.0,2024-01-22
ecom_009306,1,1.0,2.0,192.0,268.24,1.0,0.0,2024-01-27
ecom_005016,1,0.0,0.0,99.0,138.59,1.0,1.0,2024-01-12
ecom_009730,0,0.0,0.0,86.0,0.0,1.0,0.0,2024-01-15
ecom_007490,0,1.0,0.0,101.0,29.38,1.0,0.0,2024-01-20
ecom_001640,0,0.0,1.0,80.0,48.43,1.0,0.0,2024-01-09
ecom_001290,0,0.0,0.0,13.0,16.58,0.0,0.0,2024-01-26
ecom_001380,0,0.0,1.0,77.0,29.81,1.0,0.0,2024-01-07
ecom_001933,0,0.0,1.0,128.0,0.0,1.0,0.0,2024-01-16
ecom_004675,0,0.0,2.0,9.0,32.97,0.0,0.0,2024-01-17
ecom_000892,0,0.0,0.0,64.0,31.77,0.0,1.0,2024-01-06
ecom_007287,0,0.0,2.0,99.0,14.59,1.0,0.0,2024-01-05
ecom_004876,0,0.0,2.0,146.0,28.6,1.0,0.0,2024-01-07
ecom_007906,0,0.0,1.0,58.0,0.0,1.0,0.0,2024-01-03
ecom_008194,0,0.0,2.0,4.0,0.0,0.0,0.0,2024-01-29
ecom_009379,0,0.0,0.0,169.0,0.0,1.0,0.0,2024-01-09
ecom_002466,0,0.0,1.0,113.0,16.89,1.0,0.0,2024-01-11
ecom_007657,1,0.0,0.0,58.0,20.59,1.0,0.0,2024-01-18
ecom_001913,0,0.0,2.0,36.0,1.3,1.0,0.0,2024-01-11
ecom_002736,0,0.0,0.0,195.0,48.0,1.0,0.0,2024-01-01
ecom_000726,1,0.0,2.0,1.0,0.0,0.0,0.0,2024-01-09
ecom_007214,0,0.0,0.0,234.0,8.91,1.0,0.0,2024-01-01
ecom_008245,0,0.0,0.0,53.0,38.79,1.0,0.0,2024-01-05
ecom_001796,1,0.0,2.0,36.0,0.0,1.0,0.0,2024-01-23
ecom_003845,0,0.0,2.0,126.0,43.31,1.0,0.0,2024-01-19
ecom_006402,1,0.0,0.0,1.0,29.91,1.0,0.0,2024-01-26
ecom_000936,0,0.0,1.0,6.0,0.0,0.0,0.0,2024-01-04
ecom_002265,0,0.0,1.0,7.0,0.0,0.0,0.0,2024-01-19
ecom_000824,1,0.0,0.0,67.0,0.0,1.0,0.0,2024-01-05
ecom_007274,0,0.0,2.0,21.0,0.0,0.0,0.0,2024-01-21
ecom_001389,0,0.0,2.0,163.0,14.7,1.0,0.0,2024-01-19
ecom_003564,0,0.0,1.0,102.0,89.89,0.0,0.0,2024-01-12
ecom_005429,0,0.0,0.0,16.0,21.35,0.0,0.0,2024-01-24
ecom_007827,1,0.0,0.0,225.0,58.37,1.0,0.0,2024-01-27
ecom_005690,0,0.0,0.0,27.0,15.41,1.0,0.0,2024-01-09
ecom_007878,0,0.0,1.0,1.0,0.0,0.0,0.0,2024-01-09
ecom_001868,0,0.0,0.0,11.0,24.36,0.0,0.0,2024-01-03
ecom_008202,0,0.0,1.0,10.0,41.87,0.0,0.0,2024-01-17
ecom_007486,1,0.0,2.0,7.0,4.0,1.0,0.0,2024-01-04
ecom_000806,1,0.0,2.0,3.0,21.45,0.0,0.0,2024-01-18
ecom_004805,0,0.0,2.0,32.0,0.0,1.0,0.0,2024-01-14
ecom_009152,1,0.0,0.0,64.0,0.0,1.0,0.0,2024-01-13
ecom_007511,1,0.0,0.0,1.0,26.46,0.0,0.0,2024-01-02
ecom_008056,1,0.0,1.0,29.0,7.91,0.0,0.0,2024-01-01
ecom_004494,0,0.0,0.0,6.0,21.11,0.0,0.0,2024-01-20
ecom_002632,0,0.0,1.0,127.0,9.03,1.0,0.0,2024-01-04
ecom_008900,0,0.0,2.0,23.0,25.79,0.0,0.0,2024-01-25
ecom_008623,1,0.0,2.0,68.0,42.29,1.0,0.0,2024-01-10
ecom_007832,0,0.0,1.0,121.0,0.0,1.0,0.0,2024-01-29
ecom_004388,1,0.0,2.0,4.0,32.99,0.0,0.0,2024-01-24
ecom_000145,1,1.0,0.0,54.0,0.0,1.0,0.0,2024-01-29
ecom_006467,1,0.0,2.0,23.0,79.9,0.0,0.0,2024-01-07
ecom_002033,0,0.0,2.0,8.0,30.72,0.0,1.0,2024-01-18
ecom_009127,1,0.0,2.0,81.0,10.49,1.0,0.0,2024-01-04
ecom_001165,1,0.0,2.0,18.0,6.81,0.0,0.0,2024-01-19
ecom_002050,0,1.0,0.0,9.0,11.75,0.0,0.0,2024-01-24
ecom_003760,0,0.0,2.0,29.0,18.24,0.0,0.0,2024-01-23
ecom_004435,1,0.0,2.0,61.0,19.17,1.0,0.0,2024-01-30
ecom_003430,0,0.0,0.0,172.0,0.0,0.0,0.0,2024-01-13
ecom_008190,0,0.0,2.0,63.0,0.0,1.0,0.0,2024-01-10
ecom_008753,0,0.0,2.0,68.0,0.0,1.0,0.0,2024-01-15
ecom_007069,1,0.0,2.0,62.0,73.72,1.0,0.0,2024-01-09
ecom_004361,0,0.0,0.0,135.0,0.0,0.0,0.0,2024-01-23
ecom_001771,0,0.0,0.0,32.0,44.09,1.0,0.0,2024-01-07
ecom_003511,1,0.0,1.0,83.0,128.4,1.0,0.0,2024-01-07
ecom_000271,0,0.0,2.0,23.0,17.08,0.0,0.0,2024-01-09
ecom_008436,0,0.0,2.0,55.0,18.35,1.0,0.0,2024-01-12
ecom_002032,1,0.0,1.0,5.0,0.0,1.0,0.0,2024-01-12
ecom_009664,0,0.0,2.0,11.0,0.0,0.0,0.0,2024-01-19
ecom_003810,0,0.0,0.0,93.0,16.19,1.0,0.0,2024-01-18
ecom_004346,1,0.0,2.0,19.0,35.19,0.0,0.0,2024-01-03
ecom_000545,0,0.0,1.0,7.0,0.0,0.0,0.0,2024-01-12
ecom_003241,1,0.0,0.0,1.0,14.83,1.0,0.0,2024-01-11
ecom_008502,1,0.0,0.0,34.0,0.0,1.0,0.0,2024-01-24
ecom_009918,0,0.0,2.0,26.0,0.0,0.0,0.0,2024-01-29
ecom_007564,0,0.0,0.0,179.0,91.47,1.0,0.0,2024-01-20
ecom_000920,1,1.0,0.0,70.0,0.0,1.0,0.0,2024-01-19
ecom_009118,1,0.0,1.0,20.0,14.09,0.0,0.0,2024-01-03
ecom_006640,1,1.0,0.0,41.0,0.0,0.0,0.0,2024-01-25
ecom_007694,1,0.0,2.0,44.0,0.0,1.0,0.0,2024-01-22
ecom_008230,1,0.0,2.0,24.0,0.0,0.0,0.0,2024-01-16
ecom_007126,1,0.0,2.0,101.0,133.38,1.0,0.0,2024-01-28
ecom_004278,0,0.0,2.0,25.0,0.0,1.0,0.0,2024-01-22
ecom_002983,1,0.0,1.0,96.0,36.55,1.0,0.0,2024-01-04
ecom_000130,0,0.0,2.0,114.0,55.86,1.0,0.0,2024-01-09
ecom_007980,0,0.0,2.0,8.0,0.0,0.0,0.0,2024-01-28
ecom_002667,0,0.0,2.0,84.0,94.84,1.0,0.0,2024-01-19
ecom_007138,0,0.0,0.0,14.0,0.0,0.0,0.0,2024-01-18
ecom_003223,1,0.0,1.0,47.0,0.0,1.0,0.0,2024-01-25
ecom_007693,1,1.0,0.0,8.0,0.0,0.0,0.0,2024-01-30
ecom_005392,1,0.0,2.0,31.0,8.77,1.0,0.0,2024-01-29
ecom_000614,0,0.0,2.0,4.0,0.0,1.0,0.0,2024-01-01
ecom_009902,0,0.0,0.0,39.0,52.29,1.0,0.0,2024-01-09
ecom_001466,1,0.0,0.0,106.0,0.0,1.0,0.0,2024-01-20
ecom_004497,1,0.0,2.0,18.0,32.96,0.0,0.0,2024-01-25
ecom_003042,1,0.0,2.0,7.0,0.0,0.0,0.0,2024-01-23
ecom_002419,1,0.0,0.0,60.0,20.83,1.0,0.0,2024-01-03
ecom_005085,1,0.0,0.0,145.0,113.74,1.0,0.0,2024-01-28
ecom_003294,0,0.0,1.0,14.0,14.79,0.0,1.0,2024-01-24
ecom_006737,1,0.0,2.0,8.0,77.05,0.0,0.0,2024-01-11
ecom_001500,0,0.0,0.0,24.0,44.61,0.0,0.0,2024-01-08
ecom_001521,1,0.0,0.0,106.0,14.18,1.0,0.0,2024-01-27
ecom_009117,1,1.0,0.0,26.0,0.0,0.0,0.0,2024-01-27
ecom_004232,0,0.0,1.0,58.0,21.61,1.0,1.0,2024-01-26
ecom_007686,0,0.0,2.0,49.0,42.9,1.0,0.0,2024-01-17
ecom_004430,1,0.0,2.0,1.0,22.12,0.0,0.0,2024-01-19
ecom_000390,1,0.0,2.0,95.0,35.9,1.0,0.0,2024-01-08
ecom_009858,0,0.0,2.0,19.0,0.0,0.0,0.0,2024-01-12
ecom_007124,1,0.0,0.0,67.0,36.66,1.0,0.0,2024-01-02
ecom_005913,0,0.0,0.0,17.0,17.78,1.0,0.0,2024-01-03
ecom_008592,1,1.0,0.0,20.0,31.49,0.0,0.0,2024-01-19
ecom_004806,0,0.0,1.0,156.0,40.81,1.0,0.0,2024-01-24
ecom_008954,1,0.0,1.0,38.0,34.18,1.0,0.0,2024-01-22
ecom_008238,0,0.0,0.0,75.0,0.0,1.0,0.0,2024-01-11
ecom_008044,1,1.0,0.0,111.0,0.0,0.0,0.0,2024-01-26
ecom_009782,0,0.0,1.0,10.0,108.79,0.0,0.0,2024-01-30
ecom_003993,0,0.0,2.0,21.0,26.52,0.0,0.0,2024-01-25
ecom_009551,0,0.0,2.0,12.0,37.99,0.0,0.0,2024-01-02
ecom_006609,1,0.0,1.0,144.0,71.13,1.0,0.0,2024-01-02
ecom_005319,0,0.0,2.0,65.0,19.65,1.0,0.0,2024-01-18
ecom_007119,1,0.0,2.0,2.0,49.95,0.0,0.0,2024-01-18
ecom_002421,1,0.0,0.0,32.0,0.0,1.0,0.0,2024-01-25
ecom_005604,0,0.0,0.0,49.0,23.24,1.0,0.0,2024-01-08
ecom_001750,0,0.0,0.0,139.0,0.0,1.0,0.0,2024-01-16
ecom_009015,0,0.0,2.0,12.0,19.53,0.0,0.0,2024-01-26
ecom_009718,1,0.0,0.0,25.0,24.55,0.0,0.0,2024-01-18
ecom_000338,1,0.0,2.0,76.0,42.11,1.0,0.0,2024-01-09
ecom_008407,0,0.0,2.0,21.0,29.11,0.0,0.0,2024-01-25
ecom_001341,0,0.0,0.0,22.0,69.44,0.0,0.0,2024-01-13
ecom_009544,1,0.0,2.0,80.0,33.26,1.0,0.0,2024-01-14
ecom_007982,0,0.0,0.0,53.0,18.15,1.0,0.0,2024-01-25
ecom_003640,1,0.0,0.0,82.0,49.89,1.0,0.0,2024-01-17
ecom_000329,1,0.0,2.0,12.0,67.67,0.0,0.0,2024-01-06
ecom_008828,0,1.0,2.0,7.0,0.0,0.0,0.0,2024-01-26
ecom_003004,0,0.0,1.0,25.0,10.47,0.0,0.0,2024-01-30
ecom_006960,1,0.0,2.0,185.0,11.2,1.0,0.0,2024-01-16
ecom_004090,1,0.0,0.0,35.0,12.7,1.0,0.0,2024-01-12
ecom_002322,0,0.0,0.0,6.0,9.03,0.0,0.0,2024-01-28
ecom_006667,0,0.0,0.0,59.0,34.76,1.0,0.0,2024-01-05
ecom_007009,1,0.0,2.0,8.0,63.41,0.0,0.0,2024-01-26
ecom_004197,1,0.0,2.0,12.0,178.41,0.0,0.0,2024-01-29
ecom_003549,0,0.0,0.0,23.0,61.41,0.0,0.0,2024-01-11
ecom_008363,1,0.0,0.0,47.0,72.9,1.0,0.0,2024-01-20
ecom_004203,0,0.0,2.0,27.0,14.42,0.0,0.0,2024-01-16
ecom_009310,0,1.0,0.0,18.0,0.0,0.0,0.0,2024-01-29
ecom_008936,1,0.0,2.0,8.0,0.0,0.0,0.0,2024-01-11
ecom_006185,0,0.0,2.0,46.0,68.95,1.0,1.0,2024-01-26
ecom_001639,1,0.0,2.0,18.0,72.13,0.0,0.0,2024-01-27
ecom_000060,1,0.0,1.0,1.0,36.41,0.0,0.0,2024-01-29
ecom_001240,0,0.0,2.0,4.0,48.31,0.0,0.0,2024-01-24
ecom_005760,0,0.0,1.0,52.0,29.15,1.0,0.0,2024-01-16
ecom_005136,1,0.0,0.0,15.0,35.79,1.0,0.0,2024-01-11
ecom_002343,0,0.0,2.0,106.0,0.0,1.0,0.0,2024-01-13
ecom_002120,0,0.0,0.0,1.0,35.45,0.0,0.0,2024-01-30
ecom_001524,1,0.0,2.0,1.0,0.0,0.0,0.0,2024-01-24
ecom_007617,1,1.0,2.0,79.0,26.56,1.0,0.0,2024-01-18
ecom_000153,1,0.0,0.0,13.0,9.07,0.0,0.0,2024-01-02
ecom_000481,1,1.0,0.0,36.0,37.66,1.0,1.0,2024-01-16
ecom_006122,1,0.0,0.0,1.0,30.07,0.0,0.0,2024-01-22
ecom_007674,0,0.0,0.0,88.0,10.1,1.0,0.0,2024-01-03
ecom_007101,0,0.0,1.0,205.0,0.0,1.0,0.0,2024-01-22
ecom_001762,1,0.0,2.0,30.0,0.0,1.0,0.0,2024-01-03
ecom_007715,0,0.0,0.0,5.0,29.11,0.0,0.0,2024-01-21
ecom_009081,0,0.0,1.0,40.0,70.63,1.0,0.0,2024-01-08
ecom_007479,0,0.0,1.0,32.0,0.0,1.0,1.0,2024-01-08
ecom_006212,1,0.0,0.0,215.0,12.04,1.0,0.0,2024-01-10
ecom_004853,1,0.0,2.0,20.0,0.0,0.0,0.0,2024-01-18
ecom_002711,0,0.0,0.0,7.0,25.08,0.0,0.0,2024-01-26
ecom_006766,1,0.0,2.0,8.0,32.69,0.0,0.0,2024-01-22
ecom_004150,1,0.0,1.0,9.0,10.51,1.0,0.0,2024-01-03
ecom_001333,0,0.0,2.0,158.0,6.16,1.0,0.0,2024-01-06
ecom_008378,1,0.0,0.0,69.0,18.32,0.0,0.0,2024-01-01
ecom_009389,0,1.0,0.0,31.0,93.98,1.0,0.0,2024-01-19
ecom_009707,0,0.0,0.0,5.0,59.01,0.0,0.0,2024-01-11
ecom_009121,1,0.0,0.0,32.0,0.0,1.0,0.0,2024-01-15
ecom_003850,0,0.0,2.0,13.0,49.43,0.0,0.0,2024-01-03
ecom_008340,0,0.0,1.0,159.0,70.35,1.0,0.0,2024-01-15
ecom_004124,0,0.0,0.0,70.0,0.0,1.0,0.0,2024-01-01
ecom_008963,0,0.0,2.0,47.0,13.11,1.0,0.0,2024-01-16
ecom_004788,1,0.0,0.0,7.0,0.0,0.0,0.0,2024-01-09
ecom_002866,1,0.0,2.0,65.0,79.67,1.0,0.0,2024-01-03
ecom_001386,1,0.0,0.0,32.0,41.69,1.0,0.0,2024-01-17
ecom_005941,1,0.0,2.0,489.0,24.8,1.0,0.0,2024-01-09
ecom_003067,0,0.0,0.0,323.0,29.03,1.0,0.0,2024-01-21
ecom_009058,0,0.0,0.0,68.0,17.64,1.0,0.0,2024-01-03
ecom_003629,0,0.0,2.0,109.0,0.0,1.0,0.0,2024-01-21
ecom_009455,1,0.0,2.0,110.0,47.4,1.0,1.0,2024-01-15
ecom_008949,0,0.0,0.0,44.0,0.0,1.0,0.0,2024-01-18
ecom_003028,1,0.0,2.0,237.0,37.96,1.0,0.0,2024-01-27
ecom_002969,1,0.0,0.0,25.0,232.23,0.0,0.0,2024-01-19
ecom_008646,1,0.0,0.0,3.0,9.66,1.0,0.0,2024-01-05
ecom_006136,1,0.0,2.0,2.0,30.64,0.0,0.0,2024-01-12
ecom_008801,1,0.0,0.0,125.0,55.1,1.0,0.0,2024-01-03
ecom_004263,0,0.0,2.0,108.0,22.94,1.0,0.0,2024-01-05
ecom_000645,0,0.0,1.0,65.0,8.68,1.0,0.0,2024-01-08
ecom_009653,1,0.0,0.0,120.0,0.0,1.0,0.0,2024-01-21
ecom_002074,0,0.0,2.0,109.0,30.18,1.0,0.0,2024-01-21
ecom_000341,0,0.0,2.0,24.0,0.0,0.0,0.0,2024-01-29
ecom_008041,1,0.0,2.0,124.0,25.41,1.0,0.0,2024-01-25
ecom_001622,0,1.0,0.0,140.0,0.0,1.0,1.0,2024-01-05
ecom_007141,0,0.0,2.0,23.0,11.48,0.0,1.0,2024-01-26
ecom_005796,0,0.0,0.0,35.0,17.07,1.0,0.0,2024-01-06
ecom_007184,0,0.0,2.0,292.0,0.0,1.0,0.0,2024-01-21
ecom_008232,1,0.0,1.0,26.0,63.81,0.0,0.0,2024-01-23
ecom_005475,0,0.0,2.0,9.0,0.0,1.0,0.0,2024-01-25
ecom_009252,1,0.0,0.0,66.0,25.88,1.0,0.0,2024-01-17
ecom_000074,1,1.0,2.0,37.0,0.0,1.0,0.0,2024-01-13
ecom_008633,0,0.0,2.0,6.0,0.0,0.0,0.0,2024-01-08
ecom_009229,0,0.0,2.0,44.0,0.0,1.0,0.0,2024-01-17
ecom_002051,1,0.0,1.0,81.0,19.2,1.0,0.0,2024-01-03
ecom_002541,0,0.0,2.0,19.0,33.25,0.0,0.0,2024-01-25
ecom_001301,1,0.0,2.0,40.0,43.75,0.0,0.0,2024-01-19
ecom_005877,1,0.0,0.0,54.0,89.49,0.0,0.0,2024-01-10
ecom_007368,1,0.0,0.0,262.0,0.0,1.0,0.0,2024-01-08
ecom_001304,1,0.0,2.0,47.0,22.2,1.0,0.0,2024-01-13
ecom_008428,0,0.0,0.0,31.0,0.0,1.0,0.0,2024-01-18
ecom_009094,0,0.0,2.0,28.0,27.9,0.0,0.0,2024-01-14
ecom_002599,1,1.0,0.0,65.0,0.0,1.0,0.0,2024-01-22
ecom_002573,0,0.0,0.0,91.0,30.14,1.0,0.0,2024-01-10
ecom_003186,0,0.0,2.0,5.0,97.09,0.0,0.0,2024-01-29
ecom_002768,1,0.0,0.0,19.0,22.13,0.0,1.0,2024-01-16
ecom_004831,1,0.0,1.0,35.0,0.0,1.0,0.0,2024-01-15
ecom_004223,0,0.0,0.0,39.0,27.2,1.0,0.0,2024-01-11
ecom_009649,0,0.0,0.0,10.0,47.33,0.0,0.0,2024-01-04
ecom_002106,1,0.0,2.0,116.0,34.19,1.0,0.0,2024-01-17
ecom_002679,0,0.0,2.0,32.0,0.0,1.0,0.0,2024-01-26
ecom_001387,0,0.0,2.0,100.0,0.0,1.0,1.0,2024-01-04
ecom_008931,1,0.0,1.0,24.0,84.9,0.0,0.0,2024-01-17
ecom_009659,1,0.0,2.0,85.0,85.43,1.0,1.0,2024-01-15
ecom_007083,1,0.0,2.0,10.0,6.91,1.0,0.0,2024-01-02
ecom_001279,0,0.0,2.0,69.0,44.31,1.0,0.0,2024-01-14
ecom_000804,0,0.0,0.0,3.0,0.0,0.0,0.0,2024-01-24
ecom_001555,1,0.0,0.0,63.0,36.49,1.0,0.0,2024-01-04
ecom_009486,1,0.0,0.0,104.0,0.0,1.0,0.0,2024-01-15
ecom_004566,1,0.0,2.0,79.0,0.0,1.0,0.0,2024-01-04
ecom_009669,1,0.0,1.0,99.0,34.23,1.0,0.0,2024-01-11
ecom_004841,1,0.0,2.0,55.0,59.75,1.0,0.0,2024-01-01
ecom_003594,1,0.0,0.0,13.0,11.14,0.0,0.0,2024-01-16
ecom_006035,0,0.0,2.0,20.0,37.1,0.0,0.0,2024-01-22
ecom_006852,0,0.0,0.0,54.0,33.99,0.0,0.0,2024-01-05
ecom_008705,1,0.0,1.0,82.0,149.13,1.0,0.0,2024-01-05
ecom_004177,0,0.0,0.0,115.0,0.0,1.0,0.0,2024-01-15
ecom_001308,1,0.0,2.0,131.0,10.58,1.0,0.0,2024-01-26
ecom_003452,0,0.0,0.0,36.0,32.52,1.0,0.0,2024-01-30
ecom_003695,0,0.0,2.0,1.0,19.2,0.0,0.0,2024-01-14
ecom_004242,0,0.0,2.0,89.0,32.69,1.0,0.0,2024-01-30
ecom_002198,0,0.0,2.0,18.0,20.63,0.0,0.0,2024-01-12
ecom_004425,0,0.0,2.0,26.0,42.01,0.0,0.0,2024-01-27
ecom_006150,1,0.0,1.0,6.0,24.2,0.0,0.0,2024-01-05
ecom_000943,1,0.0,0.0,77.0,43.85,1.0,0.0,2024-01-18
ecom_000822,1,0.0,0.0,12.0,10.46,0.0,1.0,2024-01-24
ecom_005005,1,0.0,2.0,111.0,80.67,0.0,0.0,2024-01-15
ecom_006612,1,0.0,0.0,2.0,4.59,0.0,0.0,2024-01-25
ecom_008356,1,0.0,2.0,44.0,28.89,1.0,0.0,2024-01-17
ecom_005619,0,0.0,0.0,11.0,15.73,0.0,0.0,2024-01-29
ecom_004547,1,0.0,2.0,112.0,33.43,1.0,0.0,2024-01-29
ecom_002538,1,0.0,1.0,1.0,0.0,0.0,1.0,2024-01-08
ecom_005207,0,0.0,0.0,25.0,32.19,0.0,0.0,2024-01-03
ecom_009514,1,0.0,0.0,149.0,28.36,1.0,0.0,2024-01-25
ecom_009009,0,0.0,0.0,25.0,25.43,0.0,0.0,2024-01-06
ecom_003054,0,0.0,1.0,8.0,31.17,1.0,0.0,2024-01-25
ecom_003675,0,0.0,0.0,2.0,0.0,0.0,0.0,2024-01-26
ecom_007776,1,0.0,0.0,2.0,80.65,0.0,0.0,2024-01-15
ecom_007218,0,0.0,2.0,58.0,16.25,1.0,0.0,2024-01-09
ecom_006722,0,0.0,0.0,198.0,17.84,1.0,0.0,2024-01-10
ecom_003300,0,0.0,0.0,31.0,133.2,1.0,0.0,2024-01-03
ecom_003310,1,0.0,0.0,48.0,0.0,1.0,0.0,2024-01-05
ecom_007221,1,0.0,2.0,30.0,19.64,0.0,0.0,2024-01-01
ecom_008519,0,0.0,1.0,89.0,201.18,1.0,1.0,2024-01-10
ecom_005954,1,0.0,0.0,15.0,0.0,0.0,0.0,2024-01-30
ecom_000832,0,0.0,0.0,61.0,20.24,1.0,0.0,2024-01-25
ecom_003462,1,0.0,0.0,67.0,0.0,1.0,0.0,2024-01-19
ecom_007643,1,0.0,0.0,105.0,21.57,1.0,0.0,2024-01-19
ecom_000054,0,0.0,1.0,9.0,36.35,0.0,0.0,2024-01-19
ecom_003451,0,0.0,2.0,51.0,7.71,1.0,0.0,2024-01-09
ecom_006305,1,0.0,0.0,100.0,31.09,1.0,0.0,2024-01-24
ecom_001481,1,0.0,0.0,14.0,165.21,0.0,0.0,2024-01-25
ecom_004873,0,0.0,1.0,85.0,0.0,0.0,0.0,2024-01-30
ecom_008038,0,0.0,2.0,8.0,28.63,0.0,0.0,2024-01-25
ecom_003335,0,0.0,2.0,106.0,42.06,1.0,0.0,2024-01-05
ecom_006016,1,0.0,2.0,22.0,0.0,0.0,0.0,2024-01-27
ecom_004926,0,0.0,2.0,684.0,15.07,1.0,0.0,2024-01-24
ecom_005797,0,0.0,0.0,210.0,0.0,1.0,0.0,2024-01-11
ecom_009831,0,0.0,0.0,14.0,17.46,0.0,0.0,2024-01-05
ecom_005083,1,0.0,2.0,57.0,18.74,1.0,0.0,2024-01-02
ecom_006645,1,0.0,0.0,98.0,0.0,1.0,0.0,2024-01-28
ecom_005490,0,0.0,0.0,7.0,0.0,1.0,0.0,2024-01-08
ecom_000768,1,0.0,0.0,16.0,49.02,1.0,0.0,2024-01-05
ecom_002065,0,0.0,0.0,49.0,29.45,0.0,1.0,2024-01-26
ecom_009500,1,0.0,2.0,7.0,26.89,0.0,0.0,2024-01-13
ecom_007311,0,0.0,0.0,1.0,45.21,0.0,0.0,2024-01-01
ecom_008477,1,0.0,2.0,44.0,25.56,1.0,0.0,2024-01-18
ecom_004524,0,0.0,2.0,1.0,0.0,0.0,0.0,2024-01-10
ecom_002717,0,0.0,0.0,47.0,79.09,1.0,0.0,2024-01-28
ecom_002079,1,0.0,0.0,6.0,13.57,0.0,0.0,2024-01-04
ecom_008914,0,0.0,0.0,66.0,25.09,1.0,0.0,2024-01-17
ecom_000951,1,0.0,0.0,189.0,0.0,0.0,0.0,2024-01-24
ecom_008058,1,0.0,2.0,2.0,25.1,0.0,0.0,2024-01-15
ecom_002482,1,0.0,1.0,145.0,14.53,1.0,1.0,2024-01-08
ecom_001759,1,0.0,1.0,26.0,14.67,0.0,0.0,2024-01-30
ecom_004422,1,0.0,2.0,11.0,0.0,0.0,0.0,2024-01-05
ecom_006704,1,0.0,2.0,61.0,24.07,1.0,0.0,2024-01-15
ecom_005182,1,0.0,2.0,41.0,23.15,1.0,0.0,2024-01-10
ecom_008533,1,0.0,0.0,23.0,19.39,0.0,1.0,2024-01-10
ecom_003701,0,0.0,0.0,9.0,0.0,0.0,0.0,2024-01-07
ecom_004243,0,0.0,2.0,33.0,0.0,1.0,0.0,2024-01-19
ecom_000688,0,0.0,2.0,48.0,50.94,1.0,0.0,2024-01-25
ecom_003432,0,0.0,0.0,31.0,42.46,1.0,0.0,2024-01-04
ecom_004944,1,0.0,2.0,58.0,39.71,1.0,1.0,2024-01-10
ecom_000966,1,0.0,1.0,35.0,53.68,1.0,0.0,2024-01-26
ecom_009484,1,0.0,0.0,151.0,0.0,1.0,0.0,2024-01-23
ecom_002713,0,0.0,0.0,63.0,0.0,1.0,0.0,2024-01-22
ecom_004757,0,0.0,2.0,38.0,113.81,1.0,0.0,2024-01-23
ecom_009545,1,0.0,2.0,72.0,0.0,1.0,0.0,2024-01-21
ecom_006320,0,1.0,0.0,4.0,73.68,0.0,0.0,2024-01-04
ecom_005975,0,0.0,2.0,52.0,0.0,0.0,0.0,2024-01-02
ecom_003572,0,0.0,0.0,9.0,47.76,0.0,0.0,2024-01-12
ecom_005299,0,1.0,1.0,19.0,0.0,0.0,0.0,2024-01-22
ecom_001990,1,0.0,2.0,124.0,89.61,1.0,0.0,2024-01-25
ecom_001205,1,0.0,2.0,105.0,125.98,1.0,0.0,2024-01-30
ecom_004971,1,0.0,0.0,47.0,19.96,1.0,0.0,2024-01-03
ecom_006783,1,0.0,2.0,175.0,46.89,1.0,0.0,2024-01-21
ecom_003600,0,0.0,2.0,40.0,18.88,1.0,0.0,2024-01-29
ecom_006490,0,0.0,2.0,101.0,0.0,1.0,0.0,2024-01-18
ecom_008609,0,0.0,0.0,25.0,56.85,0.0,0.0,2024-01-28
ecom_009978,1,0.0,0.0,17.0,40.65,0.0,0.0,2024-01-26
ecom_008070,1,0.0,2.0,1.0,103.13,0.0,0.0,2024-01-30
ecom_008577,0,0.0,1.0,89.0,79.97,1.0,0.0,2024-01-08
ecom_007973,1,0.0,0.0,97.0,5.5,1.0,0.0,2024-01-16
ecom_001625,1,0.0,2.0,2.0,19.05,0.0,0.0,2024-01-27
ecom_000536,1,0.0,1.0,29.0,0.0,0.0,0.0,2024-01-01
ecom_008766,0,0.0,0.0,15.0,48.39,0.0,0.0,2024-01-29
ecom_007970,0,0.0,2.0,205.0,23.99,1.0,0.0,2024-01-29
ecom_004212,1,0.0,1.0,30.0,29.0,0.0,0.0,2024-01-27
ecom_006456,0,0.0,0.0,55.0,0.0,1.0,0.0,2024-01-26
ecom_003507,1,0.0,0.0,64.0,0.0,1.0,0.0,2024-01-19
ecom_008393,0,0.0,1.0,113.0,0.0,1.0,1.0,2024-01-22
ecom_007112,0,0.0,0.0,11.0,36.68,1.0,0.0,2024-01-13
ecom_002708,0,0.0,0.0,40.0,13.02,1.0,0.0,2024-01-01
ecom_005031,0,0.0,2.0,142.0,39.47,0.0,1.0,2024-01-09
ecom_006514,0,0.0,1.0,3.0,169.25,0.0,0.0,2024-01-12
ecom_004662,0,0.0,2.0,111.0,30.81,1.0,0.0,2024-01-29
ecom_004021,0,0.0,1.0,27.0,24.74,0.0,0.0,2024-01-15
ecom_001854,0,0.0,0.0,25.0,12.07,0.0,0.0,2024-01-10
ecom_009425,0,0.0,0.0,131.0,24.14,1.0,0.0,2024-01-27
ecom_002872,1,0.0,1.0,63.0,48.85,1.0,0.0,2024-01-02
ecom_003030,0,0.0,2.0,33.0,21.49,1.0,0.0,2024-01-19
ecom_001645,1,0.0,2.0,5.0,19.82,0.0,0.0,2024-01-03
ecom_003417,1,0.0,0.0,76.0,0.0,1.0,0.0,2024-01-07
ecom_003476,1,0.0,2.0,3.0,21.2,0.0,0.0,2024-01-20
ecom_009552,1,0.0,0.0,16.0,46.09,0.0,0.0,2024-01-06
ecom_001792,1,0.0,0.0,30.0,9.47,0.0,0.0,2024-01-23
ecom_003797,1,0.0,1.0,54.0,0.0,1.0,0.0,2024-01-20
ecom_003368,1,0.0,2.0,105.0,10.89,1.0,0.0,2024-01-14
ecom_007196,0,0.0,0.0,71.0,83.87,1.0,0.0,2024-01-25
ecom_009641,1,0.0,0.0,52.0,57.94,1.0,1.0,2024-01-11
ecom_005109,0,0.0,1.0,63.0,10.83,1.0,0.0,2024-01-12
ecom_006024,0,0.0,0.0,98.0,17.96,1.0,0.0,2024-01-26
ecom_008795,1,0.0,2.0,19.0,30.88,0.0,0.0,2024-01-22
ecom_009294,1,0.0,1.0,53.0,58.66,1.0,1.0,2024-01-12
ecom_000126,0,0.0,2.0,61.0,92.61,1.0,0.0,2024-01-10
ecom_005959,0,0.0,0.0,56.0,22.25,1.0,0.0,2024-01-09
ecom_003876,1,0.0,2.0,47.0,22.66,1.0,0.0,2024-01-27
ecom_004451,1,0.0,0.0,81.0,79.28,1.0,0.0,2024-01-03
ecom_007147,0,0.0,0.0,213.0,0.0,1.0,0.0,2024-01-05
ecom_003531,1,0.0,0.0,14.0,53.38,0.0,0.0,2024-01-12
ecom_000827,0,0.0,2.0,13.0,0.0,0.0,0.0,2024-01-15
ecom_007790,0,0.0,2.0,3.0,27.4,1.0,0.0,2024-01-28
ecom_000984,0,0.0,0.0,8.0,35.67,0.0,0.0,2024-01-01
ecom_007783,0,0.0,0.0,89.0,36.13,0.0,0.0,2024-01-09
ecom_002443,0,0.0,1.0,1.0,13.36,0.0,0.0,2024-01-01
ecom_008554,0,0.0,0.0,18.0,122.18,0.0,0.0,2024-01-26
ecom_000345,0,0.0,1.0,39.0,35.71,1.0,0.0,2024-01-04
ecom_000814,1,0.0,0.0,13.0,10.16,1.0,0.0,2024-01-15
ecom_006166,0,0.0,0.0,14.0,0.0,0.0,0.0,2024-01-15
ecom_005779,0,0.0,2.0,39.0,0.0,1.0,0.0,2024-01-04
ecom_002116,0,1.0,0.0,27.0,74.41,0.0,0.0,2024-01-29
ecom_000793,0,0.0,0.0,28.0,99.06,0.0,0.0,2024-01-25
ecom_006898,1,1.0,0.0,228.0,58.61,1.0,0.0,2024-01-19
ecom_002674,1,0.0,0.0,119.0,0.0,1.0,0.0,2024-01-02
ecom_000094,1,0.0,2.0,67.0,49.91,1.0,0.0,2024-01-19
ecom_004225,1,0.0,0.0,1.0,22.24,0.0,0.0,2024-01-09
ecom_003756,1,0.0,1.0,115.0,0.0,1.0,0.0,2024-01-19
ecom_002891,0,0.0,0.0,52.0,11.05,1.0,0.0,2024-01-19
ecom_002371,0,0.0,0.0,70.0,83.17,1.0,0.0,2024-01-03
ecom_009388,0,0.0,0.0,2.0,0.0,0.0,0.0,2024-01-09
ecom_003228,1,0.0,0.0,1.0,0.0,0.0,0.0,2024-01-09
ecom_007863,1,0.0,0.0,104.0,40.61,1.0,0.0,2024-01-15
ecom_006359,1,0.0,0.0,20.0,0.0,0.0,0.0,2024-01-18
ecom_009196,0,0.0,2.0,48.0,262.43,1.0,1.0,2024-01-04
ecom_007326,1,0.0,2.0,39.0,39.13,1.0,0.0,2024-01-15
ecom_006028,1,0.0,0.0,99.0,42.76,1.0,0.0,2024-01-27
ecom_001865,1,0.0,2.0,59.0,0.0,1.0,0.0,2024-01-30
ecom_004612,0,0.0,0.0,65.0,22.61,1.0,0.0,2024-01-02
ecom_002645,1,0.0,0.0,1.0,0.0,0.0,0.0,2024-01-05
ecom_002243,1,0.0,2.0,24.0,71.73,0.0,0.0,2024-01-15
ecom_005373,0,0.0,2.0,145.0,38.23,1.0,0.0,2024-01-03
ecom_002336,0,0.0,1.0,36.0,114.78,1.0,0.0,2024-01-30
ecom_000950,1,0.0,1.0,51.0,30.64,1.0,0.0,2024-01-18
ecom_001120,1,0.0,2.0,69.0,9.84,1.0,0.0,2024-01-17
ecom_002204,0,0.0,2.0,59.0,20.23,1.0,0.0,2024-01-16
ecom_000419,1,0.0,1.0,4.0,41.2,0.0,0.0,2024-01-24
ecom_000922,0,0.0,2.0,39.0,11.67,1.0,0.0,2024-01-29
ecom_008669,1,0.0,1.0,86.0,5.08,1.0,0.0,2024-01-14
ecom_005408,1,0.0,2.0,426.0,0.0,1.0,0.0,2024-01-30
ecom_005788,1,0.0,2.0,8.0,163.67,0.0,0.0,2024-01-08
ecom_005742,1,0.0,2.0,13.0,167.06,0.0,0.0,2024-01-22
ecom_007667,1,0.0,2.0,45.0,0.0,1.0,0.0,2024-01-11
ecom_005567,0,0.0,2.0,41.0,43.51,1.0,0.0,2024-01-28
ecom_008135,0,0.0,1.0,64.0,37.71,1.0,0.0,2024-01-30
ecom_001202,1,0.0,2.0,76.0,0.0,1.0,0.0,2024-01-02
ecom_005765,0,0.0,0.0,28.0,39.92,0.0,0.0,2024-01-19
ecom_008389,0,0.0,2.0,30.0,28.07,0.0,0.0,2024-01-01
ecom_001970,1,0.0,2.0,192.0,60.93,1.0,0.0,2024-01-19
ecom_004018,1,0.0,0.0,58.0,0.0,1.0,0.0,2024-01-11
ecom_003687,0,0.0,0.0,91.0,36.14,1.0,0.0,2024-01-11
ecom_001997,0,0.0,0.0,2.0,214.57,0.0,0.0,2024-01-13
ecom_004033,1,0.0,1.0,1.0,0.0,0.0,0.0,2024-01-13
ecom_001248,0,0.0,0.0,35.0,15.02,1.0,0.0,2024-01-11
ecom_002192,0,1.0,2.0,30.0,96.74,0.0,0.0,2024-01-21
ecom_002712,1,0.0,2.0,18.0,24.3,0.0,0.0,2024-01-08
ecom_002190,0,0.0,2.0,1.0,10.39,0.0,0.0,2024-01-24
ecom_004670,0,0.0,0.0,27.0,17.26,0.0,0.0,2024-01-08
ecom_005142,0,0.0,2.0,276.0,0.0,1.0,0.0,2024-01-27
ecom_005984,1,0.0,0.0,51.0,0.0,1.0,0.0,2024-01-22
ecom_006565,1,1.0,0.0,64.0,63.07,1.0,0.0,2024-01-26
ecom_007804,0,0.0,2.0,6.0,0.0,0.0,0.0,2024-01-21
ecom_006943,0,0.0,2.0,43.0,19.38,1.0,0.0,2024-01-24
ecom_002136,1,0.0,1.0,33.0,0.0,1.0,1.0,2024-01-01
ecom_001065,0,0.0,2.0,139.0,31.68,0.0,0.0,2024-01-17
ecom_000600,0,0.0,1.0,43.0,10.39,1.0,0.0,2024-01-09
ecom_004227,1,0.0,0.0,6.0,0.0,1.0,0.0,2024-01-15
ecom_007577,1,0.0,2.0,160.0,25.94,1.0,0.0,2024-01-11
ecom_000077,1,0.0,2.0,41.0,32.61,1.0,0.0,2024-01-14
ecom_007546,1,0.0,2.0,35.0,0.0,1.0,0.0,2024-01-05
ecom_002898,0,0.0,0.0,58.0,0.0,1.0,0.0,2024-01-09
ecom_004820,1,0.0,1.0,70.0,18.11,1.0,0.0,2024-01-24
ecom_009302,0,0.0,2.0,27.0,0.0,0.0,0.0,2024-01-01
ecom_006413,0,0.0,2.0,135.0,59.3,1.0,1.0,2024-01-17
ecom_009064,0,1.0,1.0,58.0,0.0,1.0,0.0,2024-01-24
ecom_008007,0,0.0,2.0,51.0,0.0,1.0,1.0,2024-01-24
ecom_005468,1,0.0,0.0,13.0,28.05,0.0,0.0,2024-01-01
ecom_005951,0,0.0,0.0,48.0,104.65,1.0,0.0,2024-01-11
ecom_003391,0,0.0,0.0,16.0,0.0,1.0,0.0,2024-01-29
ecom_005415,0,0.0,0.0,6.0,60.96,0.0,0.0,2024-01-16
ecom_002560,0,0.0,2.0,22.0,0.0,0.0,1.0,2024-01-26
ecom_008162,0,0.0,2.0,14.0,47.37,0.0,0.0,2024-01-12
ecom_002635,1,0.0,1.0,213.0,45.12,1.0,0.0,2024-01-16
ecom_005256,1,0.0,1.0,45.0,97.66,1.0,0.0,2024-01-25
ecom_003530,0,0.0,2.0,33.0,39.17,0.0,0.0,2024-01-01
ecom_008567,1,0.0,0.0,60.0,54.77,1.0,0.0,2024-01-27
ecom_001908,1,0.0,1.0,10.0,5.89,0.0,0.0,2024-01-03
ecom_000235,0,0.0,0.0,16.0,0.0,0.0,0.0,2024-01-22
ecom_001604,1,1.0,0.0,65.0,10.76,1.0,0.0,2024-01-23
ecom_007984,1,0.0,0.0,111.0,0.0,1.0,1.0,2024-01-06
ecom_003490,0,0.0,2.0,3.0,22.49,1.0,0.0,2024-01-05
ecom_001994,0,0.0,0.0,14.0,13.11,0.0,0.0,2024-01-09
ecom_002824,1,0.0,1.0,120.0,14.84,1.0,1.0,2024-01-22
ecom_009285,0,0.0,2.0,99.0,16.6,1.0,0.0,2024-01-04
ecom_001342,0,0.0,0.0,32.0,0.0,1.0,0.0,2024-01-04
ecom_008512,1,0.0,2.0,69.0,73.49,1.0,0.0,2024-01-10
ecom_001619,1,0.0,2.0,207.0,0.0,1.0,0.0,2024-01-03
ecom_005287,0,0.0,1.0,195.0,0.0,1.0,0.0,2024-01-26
ecom_002060,1,0.0,2.0,24.0,21.2,0.0,0.0,2024-01-17
ecom_009955,1,0.0,1.0,19.0,0.0,0.0,0.0,2024-01-29
ecom_002219,1,0.0,0.0,48.0,77.04,1.0,0.0,2024-01-05
ecom_006038,0,0.0,2.0,102.0,0.0,1.0,1.0,2024-01-09
ecom_000260,0,0.0,2.0,28.0,0.0,0.0,1.0,2024-01-02
ecom_009365,0,0.0,0.0,19.0,5.56,0.0,0.0,2024-01-14
ecom_009093,1,0.0,2.0,17.0,31.15,0.0,0.0,2024-01-05
ecom_003744,1,0.0,1.0,95.0,34.13,1.0,0.0,2024-01-07
ecom_002026,1,1.0,0.0,86.0,41.69,1.0,0.0,2024-01-28
ecom_006988,0,0.0,0.0,68.0,0.0,1.0,0.0,2024-01-02
ecom_004234,1,0.0,0.0,178.0,0.0,0.0,0.0,2024-01-29
ecom_001917,1,0.0,0.0,39.0,45.63,1.0,0.0,2024-01-04
ecom_001828,0,0.0,0.0,131.0,0.0,1.0,0.0,2024-01-12
ecom_006233,1,0.0,2.0,99.0,0.0,1.0,0.0,2024-01-16
ecom_009332,1,1.0,0.0,8.0,6.69,0.0,0.0,2024-01-05
ecom_006283,0,0.0,1.0,37.0,14.28,1.0,0.0,2024-01-11
ecom_004208,1,0.0,2.0,7.0,47.85,0.0,0.0,2024-01-05
ecom_000224,1,0.0,1.0,62.0,0.0,1.0,0.0,2024-01-30
ecom_008915,0,0.0,0.0,216.0,21.75,1.0,0.0,2024-01-05
ecom_006469,0,0.0,1.0,4.0,29.02,0.0,0.0,2024-01-04
ecom_009413,1,0.0,1.0,166.0,89.47,1.0,0.0,2024-01-18
ecom_000846,0,0.0,1.0,100.0,161.07,1.0,0.0,2024-01-01
ecom_004289,0,0.0,0.0,8.0,12.95,0.0,0.0,2024-01-30
ecom_005560,1,0.0,0.0,168.0,147.46,1.0,0.0,2024-01-12
ecom_002551,0,0.0,1.0,8.0,38.38,1.0,0.0,2024-01-05
ecom_000117,0,0.0,1.0,6.0,45.0,0.0,1.0,2024-01-13
ecom_008837,1,0.0,2.0,24.0,27.66,0.0,0.0,2024-01-19
ecom_005966,0,0.0,0.0,35.0,29.21,1.0,0.0,2024-01-23
ecom_008195,0,0.0,0.0,43.0,0.0,0.0,0.0,2024-01-12
ecom_008659,0,0.0,2.0,34.0,74.72,1.0,0.0,2024-01-07
ecom_007489,1,0.0,0.0,23.0,44.91,0.0,0.0,2024-01-04
ecom_000005,1,0.0,2.0,74.0,0.0,1.0,0.0,2024-01-18
ecom_005342,1,0.0,0.0,11.0,15.6,0.0,0.0,2024-01-17
ecom_009111,1,1.0,2.0,43.0,51.45,1.0,0.0,2024-01-24
ecom_004324,1,0.0,2.0,55.0,31.85,1.0,0.0,2024-01-03
ecom_001063,0,0.0,2.0,120.0,103.27,0.0,0.0,2024-01-23
ecom_002590,1,1.0,0.0,294.0,56.85,1.0,0.0,2024-01-17
ecom_008434,0,0.0,2.0,98.0,0.0,1.0,0.0,2024-01-05
ecom_003735,1,0.0,0.0,60.0,0.0,1.0,0.0,2024-01-18
ecom_003517,0,0.0,2.0,76.0,27.0,1.0,0.0,2024-01-10
ecom_006986,1,0.0,0.0,225.0,48.86,1.0,0.0,2024-01-24
ecom_006767,0,0.0,2.0,78.0,13.39,1.0,0.0,2024-01-21
ecom_005622,0,0.0,0.0,45.0,87.14,0.0,0.0,2024-01-27
ecom_001605,1,1.0,2.0,9.0,38.07,0.0,0.0,2024-01-30
ecom_001733,1,0.0,2.0,52.0,0.0,1.0,0.0,2024-01-29
ecom_009341,0,0.0,1.0,211.0,19.64,0.0,0.0,2024-01-09
ecom_003812,0,0.0,0.0,260.0,0.0,1.0,0.0,2024-01-23
ecom_009624,1,0.0,2.0,50.0,0.0,1.0,0.0,2024-01-29
ecom_001761,1,0.0,2.0,56.0,17.04,1.0,0.0,2024-01-18
ecom_005401,0,0.0,2.0,4.0,83.28,0.0,0.0,2024-01-09
ecom_002739,0,0.0,1.0,109.0,98.04,1.0,0.0,2024-01-22
ecom_002472,0,0.0,0.0,28.0,7.36,1.0,1.0,2024-01-11
ecom_006738,1,0.0,2.0,30.0,0.0,0.0,0.0,2024-01-25
ecom_006891,1,0.0,2.0,15.0,0.0,0.0,0.0,2024-01-29
ecom_007943,1,0.0,1.0,12.0,45.6,0.0,0.0,2024-01-25
ecom_004206,0,0.0,2.0,177.0,30.02,1.0,0.0,2024-01-25
ecom_006371,0,0.0,2.0,66.0,0.0,1.0,0.0,2024-01-25
ecom_000232,1,0.0,2.0,2.0,25.5,0.0,0.0,2024-01-05
ecom_008258,1,0.0,1.0,9.0,9.18,0.0,1.0,2024-01-13
ecom_007561,1,0.0,2.0,93.0,0.0,1.0,0.0,2024-01-15
ecom_006168,0,1.0,0.0,1.0,74.13,0.0,0.0,2024-01-16
ecom_003596,1,0.0,1.0,15.0,0.0,0.0,0.0,2024-01-04
ecom_006288,0,0.0,1.0,34.0,47.86,1.0,0.0,2024-01-06
ecom_004632,1,0.0,2.0,68.0,0.0,1.0,0.0,2024-01-29
ecom_000125,0,0.0,0.0,4.0,27.04,0.0,0.0,2024-01-06
ecom_007641,0,0.0,1.0,34.0,13.15,1.0,0.0,2024-01-16
ecom_006229,0,0.0,0.0,49.0,64.1,1.0,0.0,2024-01-17
ecom_001296,1,1.0,0.0,49.0,33.54,1.0,0.0,2024-01-23
ecom_001976,1,0.0,2.0,19.0,19.75,0.0,0.0,2024-01-19
ecom_009480,1,0.0,2.0,81.0,23.94,1.0,0.0,2024-01-04
ecom_009581,1,0.0,2.0,29.0,48.6,0.0,0.0,2024-01-03
ecom_005750,1,0.0,0.0,50.0,0.0,1.0,0.0,2024-01-22
ecom_008152,1,0.0,2.0,120.0,8.61,1.0,0.0,2024-01-22
ecom_003086,0,0.0,2.0,9.0,0.0,0.0,0.0,2024-01-01
ecom_009276,1,0.0,2.0,67.0,68.22,1.0,0.0,2024-01-26
ecom_006882,1,0.0,1.0,134.0,40.65,1.0,0.0,2024-01-12
ecom_009305,0,0.0,0.0,193.0,35.24,1.0,1.0,2024-01-22
ecom_007673,0,0.0,2.0,137.0,16.77,1.0,0.0,2024-01-17
ecom_003345,0,1.0,2.0,10.0,110.98,0.0,0.0,2024-01-20
ecom_008172,1,0.0,2.0,14.0,11.82,0.0,0.0,2024-01-23
ecom_009421,0,0.0,1.0,142.0,20.13,1.0,0.0,2024-01-22
ecom_005870,1,0.0,0.0,110.0,34.21,1.0,0.0,2024-01-12
ecom_006506,0,0.0,0.0,87.0,0.0,1.0,0.0,2024-01-20
ecom_002797,1,0.0,2.0,15.0,0.0,0.0,1.0,2024-01-12
ecom_000918,0,0.0,1.0,56.0,0.0,1.0,0.0,2024-01-09
ecom_001646,1,0.0,0.0,215.0,27.92,0.0,0.0,2024-01-12
ecom_005122,1,0.0,0.0,12.0,51.6,0.0,0.0,2024-01-16
ecom_005126,0,0.0,2.0,58.0,0.0,1.0,0.0,2024-01-29
ecom_004621,1,0.0,1.0,183.0,20.57,1.0,0.0,2024-01-01
ecom_006809,1,0.0,2.0,81.0,36.09,1.0,0.0,2024-01-25
ecom_000364,1,0.0,2.0,134.0,0.0,1.0,0.0,2024-01-18
ecom_002125,1,0.0,2.0,110.0,8.12,1.0,0.0,2024-01-14
ecom_008150,1,0.0,0.0,337.0,0.0,1.0,0.0,2024-01-12
ecom_008717,1,0.0,1.0,65.0,131.31,1.0,1.0,2024-01-04
ecom_000055,1,0.0,2.0,53.0,0.0,1.0,0.0,2024-01-20
ecom_000638,1,0.0,0.0,71.0,22.31,1.0,0.0,2024-01-22
ecom_000302,1,0.0,0.0,24.0,16.17,0.0,0.0,2024-01-17
ecom_005811,0,0.0,1.0,1.0,46.77,1.0,0.0,2024-01-08
ecom_001276,1,0.0,0.0,60.0,0.0,1.0,1.0,2024-01-07
ecom_004432,0,0.0,2.0,10.0,5.95,0.0,0.0,2024-01-28
ecom_003644,1,0.0,2.0,85.0,0.0,1.0,0.0,2024-01-18
ecom_004143,1,1.0,0.0,48.0,44.65,0.0,0.0,2024-01-18
ecom_002878,1,0.0,0.0,12.0,0.0,1.0,0.0,2024-01-02
ecom_006493,0,0.0,0.0,57.0,101.1,0.0,0.0,2024-01-10
ecom_005240,1,0.0,2.0,75.0,58.91,1.0,0.0,2024-01-17
ecom_009408,0,0.0,2.0,20.0,13.4,0.0,0.0,2024-01-18
ecom_006937,1,0.0,2.0,87.0,38.58,1.0,0.0,2024-01-19
ecom_007240,0,0.0,0.0,37.0,89.18,1.0,0.0,2024-01-10
ecom_002593,0,1.0,0.0,61.0,9.2,1.0,0.0,2024-01-22
ecom_002393,0,0.0,0.0,47.0,0.0,0.0,0.0,2024-01-11
ecom_000523,0,0.0,1.0,106.0,29.08,1.0,0.0,2024-01-17
ecom_006376,0,0.0,1.0,57.0,40.89,1.0,0.0,2024-01-19
ecom_006981,0,0.0,1.0,52.0,17.72,1.0,0.0,2024-01-08
ecom_006677,1,0.0,0.0,36.0,45.98,1.0,0.0,2024-01-18
ecom_003900,1,0.0,0.0,16.0,2.04,0.0,0.0,2024-01-13
ecom_009634,0,0.0,2.0,9.0,0.0,0.0,1.0,2024-01-18
ecom_005585,0,0.0,1.0,72.0,32.05,1.0,0.0,2024-01-30
ecom_009360,1,0.0,2.0,15.0,66.09,0.0,0.0,2024-01-30
ecom_007956,0,0.0,1.0,1.0,0.0,0.0,0.0,2024-01-08
ecom_007570,0,0.0,2.0,100.0,0.0,1.0,0.0,2024-01-11
ecom_006777,1,0.0,0.0,40.0,37.51,1.0,0.0,2024-01-18
ecom_000671,1,0.0,2.0,35.0,19.55,1.0,0.0,2024-01-17
ecom_004188,0,0.0,0.0,85.0,53.88,0.0,0.0,2024-01-06
ecom_000666,1,0.0,0.0,25.0,24.38,0.0,0.0,2024-01-03
ecom_003266,1,0.0,2.0,32.0,5.7,1.0,0.0,2024-01-07
ecom_001887,1,0.0,0.0,40.0,53.7,1.0,0.0,2024-01-10
ecom_008472,0,0.0,2.0,1.0,54.9,0.0,1.0,2024-01-29
ecom_009091,0,0.0,0.0,56.0,16.51,1.0,0.0,2024-01-29
ecom_007687,1,0.0,2.0,61.0,31.69,1.0,0.0,2024-01-30
ecom_006031,1,0.0,2.0,2.0,60.56,0.0,0.0,2024-01-30
ecom_006090,1,0.0,2.0,54.0,24.96,1.0,0.0,2024-01-03
ecom_006238,0,0.0,1.0,3.0,0.0,0.0,0.0,2024-01-26
ecom_007350,1,0.0,0.0,51.0,93.49,0.0,0.0,2024-01-24
ecom_007830,1,0.0,0.0,81.0,42.24,1.0,0.0,2024-01-18
ecom_000760,1,0.0,2.0,1.0,71.02,0.0,0.0,2024-01-05
ecom_006254,1,0.0,1.0,84.0,200.26,1.0,0.0,2024-01-23
ecom_001906,1,0.0,0.0,225.0,0.0,1.0,0.0,2024-01-11
ecom_003818,0,0.0,2.0,15.0,7.63,0.0,0.0,2024-01-01
ecom_006269,0,0.0,2.0,19.0,0.0,0.0,0.0,2024-01-20
ecom_004300,0,0.0,2.0,75.0,0.0,1.0,0.0,2024-01-03
ecom_005569,0,0.0,0.0,35.0,0.0,1.0,0.0,2024-01-22
ecom_007941,1,0.0,0.0,25.0,20.74,0.0,0.0,2024-01-04
ecom_004164,1,0.0,2.0,27.0,88.84,1.0,0.0,2024-01-03
ecom_005971,1,0.0,0.0,38.0,0.0,1.0,0.0,2024-01-25
ecom_003579,0,0.0,1.0,74.0,0.0,1.0,0.0,2024-01-18
ecom_002832,1,0.0,2.0,40.0,35.6,1.0,1.0,2024-01-15
ecom_005449,0,0.0,2.0,72.0,0.0,1.0,1.0,2024-01-04
ecom_003472,1,0.0,0.0,11.0,0.0,0.0,0.0,2024-01-27
ecom_006327,0,0.0,1.0,25.0,32.51,0.0,0.0,2024-01-03
ecom_000137,0,0.0,2.0,52.0,15.53,0.0,0.0,2024-01-11
ecom_007043,1,1.0,2.0,44.0,0.0,1.0,0.0,2024-01-16
ecom_004892,1,0.0,2.0,40.0,30.08,1.0,0.0,2024-01-12
ecom_002180,0,0.0,2.0,19.0,33.37,0.0,0.0,2024-01-18
ecom_007730,1,0.0,2.0,58.0,44.45,1.0,0.0,2024-01-06
ecom_003177,0,0.0,0.0,65.0,26.85,1.0,0.0,2024-01-03
ecom_004854,0,0.0,2.0,90.0,142.54,1.0,0.0,2024-01-07
ecom_004637,0,0.0,0.0,65.0,0.0,1.0,0.0,2024-01-09
ecom_005115,1,0.0,0.0,67.0,13.96,1.0,0.0,2024-01-05
ecom_007648,1,0.0,2.0,32.0,0.0,1.0,0.0,2024-01-13
ecom_004261,1,0.0,2.0,100.0,25.98,0.0,0.0,2024-01-26
ecom_001331,1,0.0,2.0,33.0,25.5,1.0,0.0,2024-01-16
ecom_007002,0,0.0,0.0,13.0,45.7,0.0,1.0,2024-01-24
ecom_006941,1,0.0,2.0,28.0,74.11,0.0,0.0,2024-01-19
ecom_008017,0,0.0,2.0,66.0,0.0,1.0,0.0,2024-01-16
ecom_006241,0,0.0,2.0,115.0,107.73,1.0,0.0,2024-01-05
ecom_009987,1,0.0,1.0,92.0,0.0,1.0,0.0,2024-01-04
ecom_006881,0,0.0,1.0,87.0,17.37,1.0,1.0,2024-01-16
ecom_004530,0,0.0,2.0,38.0,29.53,1.0,1.0,2024-01-03
ecom_004673,0,0.0,1.0,81.0,70.04,0.0,0.0,2024-01-24
ecom_006996,1,0.0,2.0,90.0,0.0,1.0,0.0,2024-01-10
ecom_001252,1,0.0,2.0,106.0,18.89,1.0,0.0,2024-01-18
ecom_003374,1,0.0,2.0,594.0,25.57,1.0,1.0,2024-01-01
ecom_002814,1,0.0,0.0,18.0,41.64,0.0,0.0,2024-01-04
ecom_004719,0,0.0,1.0,68.0,168.31,1.0,0.0,2024-01-15
ecom_006544,1,0.0,1.0,51.0,8.83,0.0,0.0,2024-01-25
ecom_004858,1,0.0,2.0,185.0,9.1,0.0,0.0,2024-01-25
ecom_007901,0,0.0,2.0,75.0,0.0,1.0,0.0,2024-01-23
ecom_008580,0,1.0,1.0,96.0,16.98,1.0,0.0,2024-01-24
ecom_008427,1,0.0,0.0,42.0,0.0,1.0,0.0,2024-01-04
ecom_001077,1,0.0,0.0,10.0,0.0,0.0,0.0,2024-01-18
ecom_004363,0,0.0,1.0,25.0,18.17,0.0,0.0,2024-01-22
ecom_000770,0,0.0,2.0,44.0,32.9,1.0,0.0,2024-01-14
ecom_008865,0,0.0,0.0,9.0,19.99,0.0,0.0,2024-01-20
ecom_000249,0,0.0,0.0,32.0,0.0,1.0,0.0,2024-01-17
ecom_007239,0,0.0,2.0,23.0,93.69,0.0,0.0,2024-01-11
ecom_003419,1,0.0,2.0,27.0,0.0,0.0,0.0,2024-01-01
ecom_004976,1,0.0,1.0,61.0,0.0,1.0,0.0,2024-01-13
ecom_004544,0,0.0,0.0,1.0,43.83,0.0,0.0,2024-01-24
ecom_005565,0,0.0,2.0,118.0,47.64,1.0,0.0,2024-01-21
ecom_007939,0,0.0,2.0,102.0,21.53,1.0,0.0,2024-01-12
ecom_000716,1,0.0,2.0,21.0,0.0,0.0,0.0,2024-01-05
ecom_009652,0,0.0,2.0,111.0,0.0,1.0,0.0,2024-01-18
ecom_002048,1,0.0,2.0,56.0,0.0,1.0,0.0,2024-01-18
ecom_005997,0,1.0,0.0,60.0,19.84,1.0,0.0,2024-01-18
ecom_006600,0,0.0,1.0,38.0,68.33,0.0,0.0,2024-01-04
ecom_007245,1,0.0,2.0,16.0,37.49,0.0,0.0,2024-01-10
ecom_004178,0,0.0,0.0,67.0,48.78,1.0,0.0,2024-01-27
ecom_004809,0,0.0,0.0,49.0,199.05,1.0,0.0,2024-01-14
ecom_009482,0,0.0,1.0,78.0,10.51,1.0,0.0,2024-01-21
ecom_007140,0,0.0,2.0,114.0,12.57,1.0,0.0,2024-01-12
ecom_007190,1,0.0,0.0,185.0,27.31,1.0,0.0,2024-01-07
ecom_001460,1,0.0,1.0,1.0,18.13,0.0,0.0,2024-01-12
ecom_005989,0,0.0,1.0,2.0,47.31,0.0,0.0,2024-01-23
ecom_002000,0,0.0,2.0,61.0,0.0,0.0,0.0,2024-01-23
ecom_008175,0,0.0,0.0,57.0,57.64,1.0,0.0,2024-01-04
ecom_000404,1,0.0,0.0,177.0,42.37,1.0,0.0,2024-01-29
ecom_000384,0,0.0,1.0,46.0,13.96,1.0,0.0,2024-01-22
ecom_009448,0,0.0,2.0,14.0,8.89,0.0,0.0,2024-01-16
ecom_009487,1,0.0,2.0,23.0,0.0,0.0,0.0,2024-01-24
ecom_001633,0,1.0,0.0,170.0,124.75,1.0,0.0,2024-01-01
ecom_009853,1,0.0,0.0,53.0,20.78,1.0,0.0,2024-01-19
ecom_004784,1,0.0,1.0,21.0,120.27,0.0,0.0,2024-01-10
ecom_009456,1,0.0,2.0,52.0,26.3,1.0,0.0,2024-01-23
ecom_006970,0,0.0,0.0,147.0,6.73,1.0,0.0,2024-01-28
ecom_003925,0,0.0,0.0,18.0,12.71,0.0,0.0,2024-01-10
ecom_004158,0,0.0,1.0,104.0,18.63,1.0,0.0,2024-01-17
ecom_007449,1,0.0,0.0,73.0,13.48,1.0,0.0,2024-01-06
ecom_008415,0,0.0,2.0,59.0,0.0,1.0,0.0,2024-01-27
ecom_002193,1,0.0,1.0,123.0,0.0,1.0,0.0,2024-01-18
ecom_001015,1,0.0,1.0,36.0,0.0,1.0,0.0,2024-01-04
ecom_005124,1,1.0,2.0,31.0,38.55,0.0,0.0,2024-01-01
ecom_007418,0,0.0,0.0,22.0,104.26,1.0,0.0,2024-01-08
ecom_007409,0,0.0,0.0,99.0,238.2,0.0,0.0,2024-01-30
ecom_008989,1,0.0,2.0,29.0,0.0,0.0,0.0,2024-01-30
ecom_002871,0,0.0,0.0,19.0,20.93,0.0,0.0,2024-01-27
ecom_000009,1,0.0,0.0,79.0,0.0,0.0,0.0,2024-01-30
ecom_001838,0,0.0,1.0,6.0,0.0,0.0,0.0,2024-01-11
ecom_004804,1,1.0,2.0,218.0,53.18,1.0,0.0,2024-01-20
ecom_000255,1,0.0,2.0,9.0,13.31,1.0,0.0,2024-01-20
ecom_007026,0,0.0,0.0,61.0,0.0,1.0,0.0,2024-01-15
ecom_005713,0,0.0,0.0,49.0,86.55,1.0,0.0,2024-01-08
ecom_003324,1,0.0,0.0,12.0,0.0,0.0,0.0,2024-01-25
ecom_007714,1,1.0,0.0,14.0,6.62,0.0,0.0,2024-01-11
ecom_001581,0,0.0,2.0,25.0,0.0,0.0,0.0,2024-01-15
ecom_000924,0,0.0,1.0,60.0,40.59,1.0,0.0,2024-01-05
ecom_002779,1,0.0,0.0,65.0,30.64,1.0,0.0,2024-01-26
ecom_007891,0,0.0,0.0,69.0,20.08,1.0,0.0,2024-01-19
ecom_006132,1,0.0,1.0,112.0,95.52,1.0,0.0,2024-01-03
ecom_005320,0,0.0,1.0,46.0,24.6,1.0,0.0,2024-01-10
ecom_007312,0,1.0,1.0,116.0,88.92,1.0,0.0,2024-01-29
ecom_007102,0,0.0,0.0,5.0,26.98,0.0,0.0,2024-01-17
ecom_006042,0,0.0,0.0,3.0,27.86,0.0,0.0,2024-01-04
ecom_003775,0,0.0,2.0,76.0,19.07,0.0,0.0,2024-01-16
ecom_004835,1,0.0,0.0,13.0,60.19,1.0,0.0,2024-01-08
ecom_004964,1,0.0,2.0,4.0,32.95,0.0,0.0,2024-01-19
ecom_000539,1,0.0,1.0,33.0,61.46,1.0,1.0,2024-01-25
ecom_007483,1,0.0,2.0,33.0,41.48,1.0,0.0,2024-01-11
ecom_002745,1,0.0,0.0,24.0,8.03,1.0,0.0,2024-01-15
ecom_003719,0,0.0,2.0,70.0,28.68,1.0,0.0,2024-01-24
ecom_006819,0,0.0,0.0,6.0,43.48,0.0,0.0,2024-01-30
ecom_009337,1,0.0,2.0,14.0,40.05,0.0,0.0,2024-01-18
ecom_004468,1,0.0,1.0,43.0,59.91,0.0,0.0,2024-01-07
ecom_000667,1,0.0,2.0,52.0,0.0,1.0,0.0,2024-01-23
ecom_007575,1,0.0,0.0,6.0,8.51,0.0,0.0,2024-01-28
ecom_008549,1,0.0,1.0,8.0,12.25,0.0,0.0,2024-01-06
ecom_005063,1,0.0,0.0,10.0,54.5,0.0,0.0,2024-01-21
ecom_001353,0,1.0,0.0,68.0,19.77,1.0,0.0,2024-01-04
ecom_007114,1,0.0,0.0,29.0,93.83,0.0,0.0,2024-01-01
ecom_009773,0,0.0,0.0,13.0,23.21,0.0,1.0,2024-01-02
ecom_008662,1,0.0,0.0,11.0,0.0,0.0,0.0,2024-01-09
ecom_002703,0,0.0,1.0,102.0,0.0,1.0,0.0,2024-01-16
ecom_003330,0,1.0,2.0,86.0,27.99,1.0,0.0,2024-01-05
ecom_008053,1,0.0,2.0,155.0,63.61,1.0,0.0,2024-01-02
ecom_003584,1,0.0,0.0,133.0,0.0,1.0,0.0,2024-01-08
ecom_009441,1,0.0,0.0,26.0,0.0,0.0,0.0,2024-01-19
ecom_005645,0,0.0,1.0,62.0,0.0,1.0,0.0,2024-01-02
ecom_003376,1,0.0,0.0,57.0,26.02,1.0,0.0,2024-01-25
ecom_001256,0,0.0,1.0,1.0,0.0,0.0,0.0,2024-01-17
ecom_006190,0,0.0,0.0,56.0,52.29,0.0,0.0,2024-01-23
ecom_005348,0,0.0,0.0,10.0,35.7,0.0,0.0,2024-01-27
ecom_004175,0,0.0,0.0,109.0,26.76,1.0,0.0,2024-01-07
ecom_004910,1,0.0,2.0,29.0,40.74,0.0,0.0,2024-01-03
ecom_001852,0,0.0,1.0,25.0,0.0,0.0,0.0,2024-01-10
ecom_006316,1,0.0,1.0,105.0,103.92,0.0,0.0,2024-01-24
ecom_009854,0,0.0,1.0,1.0,58.21,0.0,0.0,2024-01-01
ecom_002105,0,0.0,1.0,1.0,28.29,0.0,0.0,2024-01-04
ecom_000133,0,0.0,2.0,32.0,0.0,1.0,0.0,2024-01-13
ecom_005029,1,1.0,2.0,54.0,10.87,1.0,0.0,2024-01-29
ecom_000928,1,0.0,1.0,173.0,0.0,1.0,0.0,2024-01-03
ecom_000823,1,0.0,2.0,192.0,8.29,1.0,0.0,2024-01-29
ecom_007576,0,0.0,0.0,88.0,17.23,1.0,0.0,2024-01-09
ecom_001531,0,0.0,2.0,6.0,63.97,0.0,0.0,2024-01-23
ecom_001214,1,0.0,0.0,9.0,16.02,0.0,0.0,2024-01-19
ecom_000504,1,0.0,0.0,14.0,74.34,0.0,0.0,2024-01-25
ecom_006530,1,0.0,2.0,14.0,33.49,0.0,0.0,2024-01-27
ecom_003072,0,0.0,0.0,9.0,26.88,0.0,0.0,2024-01-08
ecom_009086,0,0.0,2.0,34.0,0.0,1.0,0.0,2024-01-08
ecom_008647,0,1.0,2.0,24.0,0.0,0.0,0.0,2024-01-01
ecom_006619,1,0.0,0.0,29.0,0.0,0.0,0.0,2024-01-24
ecom_009273,1,0.0,2.0,49.0,0.0,1.0,0.0,2024-01-30
ecom_003709,0,0.0,1.0,103.0,47.83,1.0,0.0,2024-01-18
ecom_004849,1,0.0,0.0,100.0,10.56,1.0,0.0,2024-01-09
ecom_004748,1,0.0,1.0,2.0,58.05,0.0,0.0,2024-01-18
ecom_004268,1,0.0,0.0,71.0,0.0,1.0,1.0,2024-01-27
ecom_009878,1,0.0,1.0,13.0,43.08,0.0,0.0,2024-01-28
ecom_008905,0,0.0,2.0,45.0,0.0,1.0,0.0,2024-01-29
ecom_004186,1,0.0,0.0,168.0,24.86,1.0,0.0,2024-01-11
ecom_005301,1,0.0,0.0,1.0,0.0,0.0,0.0,2024-01-05
ecom_002923,1,0.0,2.0,103.0,0.0,1.0,0.0,2024-01-01
ecom_006588,0,0.0,2.0,15.0,0.0,0.0,0.0,2024-01-08
ecom_001810,0,0.0,2.0,80.0,21.07,1.0,0.0,2024-01-28
ecom_003486,0,0.0,2.0,29.0,148.0,0.0,0.0,2024-01-04
ecom_007419,1,0.0,0.0,44.0,63.58,1.0,0.0,2024-01-02
ecom_003141,1,0.0,0.0,42.0,98.1,1.0,0.0,2024-01-17
ecom_009347,1,0.0,0.0,70.0,25.0,1.0,0.0,2024-01-17
ecom_001324,0,0.0,2.0,11.0,0.0,1.0,1.0,2024-01-10
ecom_004312,0,0.0,1.0,103.0,0.0,1.0,0.0,2024-01-30
ecom_007494,1,0.0,0.0,55.0,75.1,1.0,0.0,2024-01-03
ecom_008702,0,0.0,2.0,69.0,164.22,1.0,0.0,2024-01-16
ecom_008691,1,0.0,0.0,102.0,55.96,1.0,0.0,2024-01-04
ecom_009503,0,0.0,0.0,14.0,33.79,0.0,0.0,2024-01-15
ecom_005541,0,0.0,2.0,45.0,0.0,1.0,1.0,2024-01-19
ecom_006172,1,0.0,0.0,60.0,16.39,1.0,0.0,2024-01-14
ecom_001540,1,0.0,0.0,65.0,0.0,1.0,0.0,2024-01-12
ecom_009409,1,0.0,2.0,85.0,0.0,1.0,0.0,2024-01-04
ecom_002681,0,0.0,0.0,165.0,68.46,1.0,0.0,2024-01-16
ecom_009882,1,0.0,0.0,31.0,0.0,1.0,0.0,2024-01-02
ecom_006313,1,0.0,2.0,71.0,51.56,1.0,0.0,2024-01-27
ecom_001191,1,0.0,0.0,16.0,29.49,1.0,0.0,2024-01-08
ecom_005293,1,0.0,2.0,8.0,0.0,0.0,0.0,2024-01-29
ecom_001542,1,0.0,0.0,46.0,25.19,1.0,0.0,2024-01-13
ecom_007056,0,0.0,0.0,36.0,49.9,1.0,0.0,2024-01-02
ecom_002539,1,0.0,2.0,133.0,10.59,1.0,1.0,2024-01-16
ecom_000953,1,0.0,1.0,145.0,30.86,1.0,0.0,2024-01-07
ecom_007241,1,0.0,0.0,7.0,20.5,0.0,0.0,2024-01-07
ecom_006731,1,0.0,1.0,79.0,49.31,0.0,0.0,2024-01-08
ecom_004846,0,0.0,2.0,24.0,12.12,0.0,0.0,2024-01-03
ecom_006801,0,0.0,0.0,3.0,21.78,0.0,0.0,2024-01-02
ecom_008010,0,0.0,0.0,100.0,10.79,1.0,0.0,2024-01-20
ecom_004330,0,1.0,1.0,179.0,52.15,1.0,0.0,2024-01-22
ecom_008924,0,1.0,0.0,21.0,33.99,0.0,0.0,2024-01-06
ecom_005334,1,1.0,0.0,27.0,12.65,0.0,0.0,2024-01-03
ecom_007330,1,0.0,0.0,37.0,0.0,0.0,0.0,2024-01-02
ecom_009348,0,0.0,0.0,3.0,0.0,0.0,0.0,2024-01-19
ecom_004729,1,0.0,1.0,15.0,56.52,0.0,0.0,2024-01-16
ecom_006541,0,0.0,1.0,70.0,32.37,1.0,0.0,2024-01-14
ecom_005305,0,0.0,2.0,42.0,80.38,1.0,1.0,2024-01-11
ecom_005161,1,0.0,0.0,8.0,104.91,0.0,0.0,2024-01-18
ecom_007860,1,0.0,0.0,36.0,0.0,1.0,0.0,2024-01-23
ecom_002156,0,0.0,2.0,80.0,14.07,1.0,0.0,2024-01-26
ecom_001062,0,0.0,2.0,22.0,31.21,0.0,0.0,2024-01-06
ecom_001167,0,0.0,2.0,15.0,6.32,0.0,0.0,2024-01-04
ecom_003636,1,0.0,0.0,4.0,34.79,0.0,0.0,2024-01-29
ecom_007651,0,0.0,2.0,3.0,29.77,0.0,0.0,2024-01-08
ecom_005588,0,0.0,0.0,149.0,14.9,1.0,0.0,2024-01-01
ecom_007192,0,0.0,0.0,74.0,0.0,1.0,0.0,2024-01-10
ecom_004491,1,0.0,2.0,50.0,41.8,1.0,0.0,2024-01-28
ecom_007266,0,1.0,1.0,56.0,0.0,1.0,0.0,2024-01-03
ecom_004980,1,0.0,2.0,120.0,20.41,1.0,0.0,2024-01-09
ecom_008335,1,0.0,0.0,93.0,0.0,1.0,0.0,2024-01-02
ecom_009952,0,0.0,2.0,1.0,12.97,1.0,1.0,2024-01-10
ecom_004946,0,0.0,1.0,271.0,30.36,1.0,0.0,2024-01-28
ecom_002782,1,1.0,2.0,4.0,36.83,0.0,0.0,2024-01-04
ecom_000717,0,0.0,2.0,26.0,26.88,0.0,0.0,2024-01-24
ecom_002502,0,0.0,0.0,3.0,38.96,0.0,0.0,2024-01-09
ecom_004360,0,0.0,2.0,6.0,63.9,0.0,0.0,2024-01-16
ecom_004171,0,0.0,0.0,27.0,4.52,0.0,0.0,2024-01-25
ecom_008082,1,1.0,0.0,40.0,10.6,1.0,0.0,2024-01-07
ecom_009760,0,0.0,2.0,19.0,56.85,0.0,0.0,2024-01-22
ecom_000395,1,0.0,2.0,234.0,34.63,1.0,0.0,2024-01-14
ecom_007186,1,0.0,0.0,13.0,27.88,0.0,0.0,2024-01-01
ecom_009822,0,1.0,2.0,206.0,15.08,0.0,0.0,2024-01-29
ecom_004492,0,0.0,0.0,13.0,36.18,0.0,0.0,2024-01-12
ecom_001365,0,0.0,2.0,8.0,0.0,0.0,0.0,2024-01-19
ecom_009526,1,0.0,1.0,33.0,30.43,1.0,0.0,2024-01-11
ecom_008787,1,0.0,0.0,61.0,50.29,0.0,0.0,2024-01-06
ecom_005917,1,0.0,2.0,66.0,30.04,1.0,0.0,2024-01-05
ecom_004968,0,0.0,1.0,125.0,37.21,1.0,0.0,2024-01-27
ecom_002914,1,0.0,1.0,119.0,0.0,1.0,0.0,2024-01-19
ecom_005644,0,0.0,1.0,115.0,32.99,1.0,0.0,2024-01-09
ecom_003766,1,0.0,1.0,9.0,0.0,0.0,0.0,2024-01-21
ecom_003440,0,0.0,1.0,25.0,0.0,1.0,0.0,2024-01-29
ecom_007357,1,0.0,0.0,20.0,78.86,0.0,0.0,2024-01-27
ecom_006806,0,0.0,0.0,7.0,59.16,0.0,0.0,2024-01-24
ecom_002143,1,0.0,2.0,107.0,197.09,1.0,0.0,2024-01-06
ecom_005104,0,0.0,2.0,251.0,0.0,1.0,0.0,2024-01-23
ecom_005073,1,1.0,0.0,37.0,0.0,0.0,0.0,2024-01-20
ecom_001571,1,0.0,2.0,142.0,17.73,0.0,1.0,2024-01-11
ecom_004079,0,0.0,1.0,120.0,0.0,1.0,1.0,2024-01-16
ecom_001122,1,0.0,2.0,59.0,43.54,1.0,0.0,2024-01-09
ecom_002786,1,0.0,2.0,117.0,80.51,1.0,0.0,2024-01-05
ecom_002967,0,0.0,2.0,66.0,0.0,1.0,0.0,2024-01-09
ecom_002504,0,0.0,1.0,15.0,0.0,0.0,0.0,2024-01-23
ecom_005988,1,0.0,0.0,5.0,0.0,0.0,1.0,2024-01-29
ecom_008867,0,0.0,1.0,65.0,0.0,1.0,0.0,2024-01-07
ecom_007164,0,0.0,2.0,44.0,44.54,1.0,0.0,2024-01-18
ecom_000728,1,0.0,2.0,119.0,21.75,1.0,0.0,2024-01-09
ecom_007587,0,0.0,2.0,42.0,26.89,1.0,0.0,2024-01-09
ecom_007543,1,0.0,0.0,67.0,0.0,1.0,0.0,2024-01-05
ecom_000412,1,0.0,2.0,104.0,0.0,1.0,0.0,2024-01-02
ecom_005745,0,0.0,0.0,42.0,69.75,1.0,0.0,2024-01-22
ecom_007668,0,0.0,2.0,57.0,0.0,1.0,0.0,2024-01-08
ecom_000825,0,0.0,1.0,71.0,19.6,1.0,0.0,2024-01-04
ecom_003267,1,0.0,0.0,261.0,10.5,1.0,0.0,2024-01-29
ecom_003974,1,0.0,1.0,41.0,67.73,1.0,0.0,2024-01-24
ecom_008808,1,1.0,0.0,51.0,0.0,1.0,0.0,2024-01-09
ecom_008306,1,0.0,2.0,79.0,38.74,1.0,0.0,2024-01-10
ecom_000417,0,0.0,1.0,10.0,43.27,0.0,0.0,2024-01-19
ecom_006748,0,0.0,2.0,44.0,76.24,1.0,0.0,2024-01-23
ecom_008967,1,0.0,2.0,46.0,26.73,1.0,0.0,2024-01-21
ecom_002082,0,0.0,0.0,36.0,77.4,1.0,0.0,2024-01-25
ecom_008945,1,0.0,0.0,12.0,0.0,0.0,0.0,2024-01-27
ecom_003373,1,0.0,0.0,55.0,0.0,1.0,0.0,2024-01-26
ecom_005726,0,0.0,1.0,17.0,0.0,0.0,0.0,2024-01-05
ecom_004107,0,0.0,2.0,47.0,39.46,1.0,0.0,2024-01-03
ecom_004380,1,1.0,0.0,102.0,17.24,1.0,0.0,2024-01-17
ecom_007723,1,0.0,0.0,1.0,27.6,1.0,0.0,2024-01-03
ecom_001066,1,0.0,0.0,33.0,209.32,0.0,0.0,2024-01-29
ecom_003913,1,0.0,0.0,1.0,14.23,0.0,0.0,2024-01-11
ecom_005536,0,0.0,0.0,1.0,16.06,0.0,0.0,2024-01-30
ecom_008002,0,0.0,0.0,179.0,9.15,1.0,1.0,2024-01-06
ecom_005387,0,1.0,2.0,132.0,11.47,1.0,0.0,2024-01-19
ecom_005732,1,1.0,2.0,12.0,33.98,0.0,0.0,2024-01-01
ecom_002738,1,0.0,0.0,100.0,0.0,1.0,0.0,2024-01-01
ecom_005052,1,0.0,2.0,3.0,128.56,0.0,0.0,2024-01-22
ecom_004000,1,0.0,2.0,46.0,55.5,1.0,0.0,2024-01-11
ecom_002427,0,0.0,2.0,40.0,0.0,1.0,0.0,2024-01-04
ecom_006833,0,0.0,1.0,48.0,0.0,1.0,0.0,2024-01-11
ecom_001687,1,0.0,2.0,6.0,29.29,0.0,0.0,2024-01-29
ecom_000851,1,0.0,2.0,27.0,25.06,0.0,0.0,2024-01-08
ecom_006303,0,0.0,2.0,166.0,17.54,1.0,0.0,2024-01-29
ecom_009087,0,0.0,1.0,19.0,14.56,0.0,0.0,2024-01-20
ecom_005878,0,0.0,2.0,114.0,56.49,1.0,0.0,2024-01-17
ecom_008527,0,0.0,2.0,36.0,44.51,1.0,0.0,2024-01-19
ecom_002839,0,0.0,2.0,22.0,44.6,0.0,0.0,2024-01-02
ecom_004611,0,0.0,1.0,13.0,49.16,0.0,0.0,2024-01-12
ecom_009540,0,0.0,2.0,18.0,15.47,0.0,0.0,2024-01-26
ecom_009207,1,0.0,0.0,3.0,53.88,0.0,0.0,2024-01-22
ecom_002489,0,0.0,0.0,37.0,49.84,1.0,0.0,2024-01-16
ecom_006905,0,0.0,1.0,6.0,14.4,0.0,0.0,2024-01-12
ecom_007390,1,0.0,2.0,124.0,0.0,1.0,0.0,2024-01-09
ecom_002849,1,0.0,0.0,152.0,87.43,1.0,0.0,2024-01-21
ecom_006665,0,0.0,2.0,59.0,21.76,1.0,0.0,2024-01-23
ecom_005881,1,0.0,2.0,11.0,43.95,0.0,0.0,2024-01-14
ecom_004452,1,0.0,0.0,126.0,25.13,1.0,0.0,2024-01-30
ecom_007421,0,0.0,1.0,56.0,39.74,1.0,0.0,2024-01-10
ecom_006484,0,0.0,2.0,86.0,0.0,1.0,0.0,2024-01-23
ecom_002479,1,0.0,0.0,8.0,40.92,1.0,0.0,2024-01-02
ecom_006617,1,0.0,0.0,109.0,30.64,1.0,0.0,2024-01-11
ecom_002141,1,0.0,0.0,54.0,82.53,1.0,0.0,2024-01-28
ecom_005188,1,1.0,1.0,11.0,25.54,0.0,0.0,2024-01-19
ecom_009704,1,0.0,0.0,25.0,0.0,0.0,1.0,2024-01-23
ecom_002744,0,0.0,1.0,137.0,74.76,1.0,0.0,2024-01-25
ecom_007253,0,0.0,0.0,20.0,68.3,0.0,0.0,2024-01-03
ecom_003506,0,0.0,2.0,115.0,135.57,1.0,0.0,2024-01-12
ecom_001679,0,0.0,0.0,95.0,0.0,1.0,0.0,2024-01-27
ecom_004249,1,0.0,1.0,28.0,13.27,1.0,0.0,2024-01-09
ecom_003147,1,0.0,2.0,223.0,23.31,0.0,0.0,2024-01-17
ecom_008130,1,0.0,0.0,88.0,41.85,1.0,0.0,2024-01-06
ecom_007004,1,0.0,0.0,20.0,61.72,1.0,0.0,2024-01-19
ecom_000580,0,0.0,2.0,27.0,17.83,1.0,0.0,2024-01-26
ecom_004070,0,0.0,2.0,5.0,0.0,0.0,0.0,2024-01-06
ecom_003343,1,0.0,1.0,54.0,22.83,1.0,0.0,2024-01-02
ecom_007404,0,0.0,2.0,5.0,15.82,1.0,0.0,2024-01-01
ecom_003672,1,0.0,0.0,24.0,116.41,0.0,0.0,2024-01-03
ecom_000559,1,0.0,1.0,77.0,47.06,1.0,0.0,2024-01-17
ecom_005237,0,0.0,2.0,74.0,6.71,1.0,0.0,2024-01-24
ecom_007805,1,0.0,1.0,134.0,23.12,1.0,0.0,2024-01-03
ecom_000512,0,1.0,2.0,62.0,21.1,1.0,0.0,2024-01-05
ecom_001081,0,0.0,1.0,33.0,24.22,1.0,0.0,2024-01-26
ecom_001664,0,0.0,0.0,75.0,13.8,1.0,0.0,2024-01-03
ecom_009204,1,0.0,1.0,5.0,51.58,1.0,0.0,2024-01-24
ecom_001931,0,0.0,0.0,48.0,36.36,1.0,0.0,2024-01-01
ecom_009666,1,0.0,0.0,115.0,12.58,1.0,0.0,2024-01-05
ecom_001150,1,0.0,1.0,50.0,17.54,1.0,0.0,2024-01-01
ecom_002838,1,0.0,0.0,42.0,83.95,1.0,0.0,2024-01-03
ecom_005949,0,0.0,0.0,169.0,91.45,1.0,0.0,2024-01-23
ecom_008308,0,0.0,2.0,52.0,0.0,0.0,0.0,2024-01-11
ecom_008932,0,0.0,2.0,5.0,28.4,0.0,1.0,2024-01-29
ecom_009788,1,0.0,2.0,47.0,44.49,1.0,0.0,2024-01-16
ecom_005177,0,0.0,1.0,52.0,30.72,1.0,0.0,2024-01-30
ecom_000830,1,0.0,2.0,5.0,62.68,0.0,0.0,2024-01-09
ecom_008311,0,0.0,2.0,1.0,16.03,0.0,0.0,2024-01-18
ecom_004752,1,0.0,1.0,343.0,40.15,1.0,1.0,2024-01-30
ecom_009850,1,0.0,2.0,6.0,0.0,0.0,1.0,2024-01-01
ecom_000635,0,0.0,2.0,1.0,16.22,0.0,0.0,2024-01-23
ecom_004465,0,0.0,0.0,30.0,41.97,0.0,0.0,2024-01-30
ecom_006799,0,0.0,0.0,64.0,46.01,1.0,0.0,2024-01-03
ecom_007987,1,0.0,2.0,25.0,57.17,0.0,0.0,2024-01-18
ecom_007079,0,0.0,2.0,30.0,44.79,0.0,0.0,2024-01-11
ecom_006966,0,0.0,0.0,17.0,0.0,0.0,0.0,2024-01-16
ecom_004142,0,0.0,2.0,110.0,0.0,1.0,0.0,2024-01-09
ecom_007027,0,0.0,0.0,15.0,35.95,0.0,0.0,2024-01-29
ecom_009183,0,0.0,2.0,13.0,0.0,0.0,0.0,2024-01-21
ecom_000876,1,0.0,0.0,32.0,0.0,1.0,0.0,2024-01-01
ecom_004869,0,0.0,1.0,65.0,35.36,1.0,0.0,2024-01-19
ecom_005315,1,0.0,2.0,57.0,14.3,1.0,0.0,2024-01-19
ecom_005222,1,0.0,2.0,22.0,18.29,0.0,0.0,2024-01-26
ecom_000004,1,0.0,0.0,8.0,32.46,0.0,0.0,2024-01-16
ecom_003051,1,0.0,2.0,6.0,37.35,0.0,0.0,2024-01-28
ecom_005691,0,0.0,0.0,42.0,87.46,1.0,0.0,2024-01-02
ecom_003124,1,0.0,2.0,3.0,28.61,0.0,0.0,2024-01-12
ecom_002491,1,0.0,0.0,133.0,0.0,1.0,1.0,2024-01-27
ecom_003854,1,0.0,0.0,143.0,0.0,1.0,0.0,2024-01-09
ecom_004777,0,0.0,2.0,29.0,0.0,0.0,0.0,2024-01-29
ecom_007509,1,0.0,1.0,21.0,31.62,0.0,1.0,2024-01-05
ecom_006457,0,0.0,2.0,21.0,0.0,1.0,0.0,2024-01-05
ecom_006293,0,0.0,0.0,74.0,41.6,1.0,0.0,2024-01-27
ecom_001148,1,0.0,0.0,8.0,121.32,0.0,0.0,2024-01-06
ecom_000574,0,0.0,0.0,10.0,0.0,0.0,0.0,2024-01-10
ecom_003769,0,0.0,1.0,156.0,0.0,1.0,0.0,2024-01-29
ecom_004146,0,0.0,2.0,120.0,45.26,1.0,1.0,2024-01-09
ecom_000853,0,0.0,0.0,60.0,44.98,1.0,0.0,2024-01-10
ecom_005919,1,0.0,2.0,122.0,17.49,1.0,0.0,2024-01-21
ecom_009358,0,0.0,2.0,35.0,26.49,1.0,0.0,2024-01-17
ecom_006614,1,0.0,1.0,74.0,6.67,1.0,0.0,2024-01-17
ecom_006002,1,0.0,2.0,200.0,0.0,1.0,0.0,2024-01-29
ecom_009163,1,0.0,0.0,223.0,74.51,1.0,0.0,2024-01-12
ecom_004495,1,0.0,0.0,3.0,74.94,1.0,0.0,2024-01-02
ecom_008173,1,0.0,1.0,184.0,66.26,1.0,0.0,2024-01-10
ecom_006655,1,1.0,1.0,93.0,119.18,1.0,1.0,2024-01-11
ecom_002368,1,0.0,2.0,119.0,11.06,1.0,0.0,2024-01-19
ecom_004780,0,0.0,2.0,63.0,17.43,1.0,0.0,2024-01-21
ecom_007992,0,0.0,2.0,20.0,53.35,0.0,0.0,2024-01-04
ecom_002950,0,0.0,2.0,18.0,29.72,0.0,0.0,2024-01-28
ecom_005625,1,0.0,1.0,38.0,11.53,1.0,0.0,2024-01-15
ecom_006971,0,0.0,2.0,5.0,33.04,0.0,0.0,2024-01-16
ecom_008716,0,0.0,0.0,158.0,40.05,1.0,1.0,2024-01-07
ecom_001841,0,0.0,0.0,7.0,17.85,0.0,0.0,2024-01-09
ecom_005986,0,0.0,0.0,11.0,19.07,0.0,0.0,2024-01-05
ecom_000537,1,0.0,0.0,88.0,0.0,1.0,0.0,2024-01-23
ecom_002806,0,0.0,1.0,17.0,46.69,0.0,0.0,2024-01-23
ecom_005801,1,1.0,0.0,170.0,83.45,1.0,0.0,2024-01-29
ecom_005596,1,0.0,2.0,20.0,0.0,0.0,0.0,2024-01-02
ecom_007206,1,0.0,1.0,34.0,106.14,1.0,0.0,2024-01-10
ecom_007343,0,1.0,0.0,11.0,46.39,1.0,0.0,2024-01-08
ecom_007560,0,0.0,0.0,7.0,17.29,0.0,0.0,2024-01-09
ecom_008096,0,0.0,0.0,97.0,13.77,1.0,0.0,2024-01-10
ecom_000784,1,0.0,0.0,35.0,17.24,1.0,0.0,2024-01-08
ecom_001409,0,0.0,0.0,4.0,20.5,0.0,0.0,2024-01-27
ecom_000154,0,0.0,2.0,36.0,34.57,1.0,0.0,2024-01-08
ecom_007806,0,0.0,0.0,8.0,0.0,0.0,0.0,2024-01-10
ecom_003009,0,0.0,0.0,59.0,56.66,1.0,0.0,2024-01-12
ecom_001686,0,0.0,2.0,14.0,43.43,0.0,0.0,2024-01-02
ecom_004014,0,0.0,0.0,5.0,36.49,0.0,0.0,2024-01-20
ecom_007455,1,0.0,1.0,27.0,0.0,0.0,1.0,2024-01-08
ecom_003863,1,0.0,0.0,91.0,0.0,0.0,0.0,2024-01-18
ecom_002733,0,0.0,0.0,104.0,5.34,1.0,0.0,2024-01-15
ecom_001895,1,1.0,2.0,31.0,134.53,1.0,1.0,2024-01-09
ecom_005442,0,0.0,2.0,3.0,0.0,0.0,0.0,2024-01-24
ecom_000569,1,0.0,2.0,99.0,5.36,1.0,0.0,2024-01-16
ecom_006709,0,0.0,2.0,11.0,10.34,0.0,0.0,2024-01-19
ecom_005854,1,0.0,0.0,3.0,48.83,0.0,0.0,2024-01-09
ecom_001816,0,0.0,0.0,25.0,23.88,0.0,0.0,2024-01-14
ecom_008319,1,0.0,2.0,186.0,26.26,1.0,0.0,2024-01-10
ecom_003394,1,0.0,2.0,45.0,6.27,1.0,1.0,2024-01-03
ecom_003327,0,0.0,0.0,8.0,83.27,0.0,0.0,2024-01-18
ecom_009982,0,0.0,2.0,107.0,75.42,1.0,0.0,2024-01-18
ecom_006102,1,1.0,1.0,87.0,60.76,1.0,0.0,2024-01-05
ecom_002975,1,0.0,2.0,2.0,0.0,0.0,0.0,2024-01-14
ecom_000980,1,0.0,2.0,84.0,47.07,1.0,0.0,2024-01-09
ecom_000190,0,0.0,0.0,37.0,0.0,1.0,0.0,2024-01-30
ecom_009331,0,0.0,2.0,10.0,12.51,0.0,0.0,2024-01-10
ecom_005088,1,0.0,1.0,25.0,47.54,0.0,0.0,2024-01-12
ecom_000699,1,0.0,2.0,88.0,18.47,1.0,0.0,2024-01-01
ecom_009759,1,0.0,2.0,51.0,0.0,1.0,0.0,2024-01-18
ecom_000606,1,0.0,2.0,101.0,22.39,1.0,0.0,2024-01-22
ecom_000301,1,0.0,0.0,129.0,0.0,1.0,0.0,2024-01-01
ecom_003420,1,0.0,0.0,217.0,19.13,1.0,0.0,2024-01-08
ecom_009804,0,0.0,0.0,18.0,48.83,0.0,0.0,2024-01-15
ecom_001060,1,0.0,2.0,42.0,41.37,1.0,0.0,2024-01-13
ecom_003444,0,1.0,0.0,127.0,84.78,1.0,0.0,2024-01-13
ecom_001069,0,0.0,1.0,133.0,13.86,1.0,1.0,2024-01-01
ecom_002205,0,0.0,1.0,43.0,10.9,0.0,0.0,2024-01-11
ecom_009435,1,0.0,2.0,92.0,33.51,1.0,0.0,2024-01-21
ecom_007339,1,0.0,2.0,39.0,48.22,1.0,0.0,2024-01-23
ecom_008208,0,0.0,2.0,272.0,0.0,1.0,0.0,2024-01-15
ecom_007679,1,0.0,2.0,70.0,0.0,0.0,0.0,2024-01-30
ecom_004642,0,0.0,0.0,141.0,0.0,1.0,0.0,2024-01-13
ecom_007683,1,0.0,0.0,29.0,16.07,0.0,0.0,2024-01-10
ecom_009007,1,0.0,2.0,91.0,46.45,1.0,0.0,2024-01-12
ecom_007996,0,0.0,0.0,49.0,82.47,1.0,0.0,2024-01-03
ecom_005600,1,1.0,0.0,52.0,0.0,1.0,0.0,2024-01-08
ecom_009151,1,0.0,0.0,31.0,0.0,1.0,0.0,2024-01-27
ecom_007022,1,0.0,2.0,39.0,33.97,1.0,0.0,2024-01-14
ecom_004893,1,0.0,0.0,146.0,23.19,1.0,1.0,2024-01-08
ecom_000225,1,0.0,0.0,69.0,14.46,0.0,0.0,2024-01-05
ecom_003354,1,0.0,2.0,151.0,385.34,1.0,0.0,2024-01-23
ecom_005895,0,0.0,1.0,27.0,15.45,0.0,0.0,2024-01-12
ecom_008754,0,0.0,0.0,33.0,89.99,1.0,0.0,2024-01-02
ecom_003436,1,0.0,0.0,77.0,60.24,1.0,0.0,2024-01-01
ecom_001693,0,0.0,0.0,27.0,12.82,0.0,0.0,2024-01-12
ecom_006893,0,0.0,1.0,18.0,0.0,0.0,0.0,2024-01-18
ecom_001045,1,0.0,1.0,51.0,64.84,1.0,0.0,2024-01-16
ecom_003446,0,0.0,0.0,4.0,0.0,0.0,0.0,2024-01-02
ecom_008050,1,0.0,0.0,90.0,46.29,1.0,0.0,2024-01-06
ecom_009146,0,0.0,2.0,22.0,9.62,0.0,0.0,2024-01-11
ecom_009981,1,0.0,0.0,96.0,45.1,1.0,0.0,2024-01-16
ecom_004735,1,0.0,1.0,179.0,15.13,1.0,1.0,2024-01-13
ecom_004496,0,0.0,1.0,43.0,0.0,1.0,0.0,2024-01-16
ecom_001218,1,0.0,2.0,33.0,16.4,1.0,0.0,2024-01-16
ecom_006015,0,0.0,2.0,78.0,38.56,0.0,0.0,2024-01-29
ecom_009719,0,0.0,0.0,9.0,0.0,0.0,0.0,2024-01-09
ecom_003987,1,0.0,2.0,6.0,78.76,0.0,0.0,2024-01-03
ecom_004911,0,0.0,1.0,38.0,33.72,0.0,0.0,2024-01-14
ecom_009492,0,0.0,1.0,162.0,0.0,1.0,0.0,2024-01-24
ecom_004493,0,0.0,1.0,14.0,11.15,0.0,0.0,2024-01-11
ecom_006944,0,0.0,0.0,40.0,0.0,1.0,0.0,2024-01-04
ecom_005699,1,0.0,0.0,29.0,25.18,0.0,1.0,2024-01-28
ecom_008352,1,0.0,2.0,27.0,0.0,0.0,1.0,2024-01-18
ecom_000956,1,0.0,2.0,116.0,15.42,1.0,0.0,2024-01-12
ecom_002869,0,1.0,0.0,48.0,30.04,1.0,1.0,2024-01-08
ecom_004433,0,0.0,1.0,64.0,26.56,1.0,0.0,2024-01-25
ecom_004973,0,0.0,0.0,41.0,29.44,1.0,0.0,2024-01-30
ecom_002961,1,0.0,0.0,23.0,23.62,0.0,0.0,2024-01-16
ecom_002200,0,0.0,0.0,110.0,30.73,1.0,0.0,2024-01-20
ecom_000098,0,0.0,0.0,160.0,30.62,1.0,0.0,2024-01-19
ecom_009849,0,0.0,0.0,150.0,40.74,1.0,0.0,2024-01-06
ecom_002557,1,0.0,2.0,33.0,13.98,1.0,0.0,2024-01-30
ecom_008445,1,1.0,0.0,39.0,43.69,1.0,0.0,2024-01-24
ecom_004199,1,1.0,0.0,9.0,64.44,0.0,0.0,2024-01-19
ecom_009637,1,0.0,2.0,67.0,35.16,1.0,0.0,2024-01-09
ecom_005539,0,0.0,0.0,70.0,33.86,1.0,0.0,2024-01-08
ecom_001648,0,0.0,1.0,32.0,25.79,1.0,0.0,2024-01-08
ecom_006197,1,0.0,0.0,3.0,15.59,0.0,0.0,2024-01-29
ecom_006295,1,0.0,0.0,4.0,9.07,0.0,0.0,2024-01-29
ecom_004499,0,0.0,0.0,114.0,112.44,1.0,0.0,2024-01-03
ecom_001154,1,0.0,2.0,52.0,42.51,1.0,0.0,2024-01-03
ecom_002255,1,0.0,1.0,20.0,135.08,0.0,0.0,2024-01-23
ecom_003170,0,0.0,0.0,41.0,101.68,1.0,0.0,2024-01-25
ecom_007400,0,0.0,2.0,170.0,13.0,1.0,0.0,2024-01-23
ecom_007158,1,0.0,0.0,18.0,0.0,0.0,0.0,2024-01-22
ecom_003108,1,1.0,0.0,27.0,38.95,0.0,0.0,2024-01-04
ecom_004548,0,0.0,2.0,68.0,15.87,1.0,0.0,2024-01-10
ecom_005423,0,0.0,2.0,17.0,27.41,0.0,0.0,2024-01-02
ecom_002049,0,0.0,2.0,27.0,146.28,0.0,0.0,2024-01-02
ecom_009208,1,1.0,0.0,7.0,29.11,0.0,0.0,2024-01-09
ecom_008815,1,0.0,0.0,280.0,0.0,0.0,1.0,2024-01-02
ecom_009797,1,0.0,2.0,6.0,67.47,0.0,0.0,2024-01-23
ecom_000262,0,0.0,1.0,47.0,0.0,1.0,0.0,2024-01-16
ecom_004061,1,0.0,2.0,25.0,0.0,0.0,1.0,2024-01-13
ecom_005534,1,0.0,0.0,64.0,33.67,0.0,0.0,2024-01-14
ecom_006616,0,0.0,1.0,76.0,54.15,1.0,0.0,2024-01-12
ecom_008120,0,0.0,1.0,20.0,0.0,0.0,0.0,2024-01-23
ecom_008155,0,0.0,0.0,95.0,18.71,1.0,0.0,2024-01-09
ecom_001802,0,0.0,2.0,38.0,64.04,1.0,0.0,2024-01-30
ecom_004736,1,1.0,0.0,13.0,34.46,0.0,0.0,2024-01-27
ecom_002385,1,0.0,2.0,5.0,36.53,0.0,0.0,2024-01-02
ecom_006694,0,0.0,2.0,96.0,16.92,1.0,0.0,2024-01-05
ecom_005759,0,0.0,0.0,194.0,25.92,1.0,0.0,2024-01-19
ecom_001959,1,0.0,2.0,4.0,30.12,0.0,0.0,2024-01-08
ecom_002976,1,0.0,1.0,44.0,15.61,1.0,0.0,2024-01-11
ecom_008680,0,0.0,0.0,6.0,0.0,0.0,0.0,2024-01-08
ecom_001843,0,0.0,0.0,88.0,37.65,1.0,0.0,2024-01-10
ecom_001734,0,0.0,0.0,110.0,59.85,0.0,0.0,2024-01-22
ecom_002911,0,0.0,2.0,55.0,0.0,1.0,0.0,2024-01-07
ecom_008338,1,0.0,0.0,106.0,0.0,1.0,0.0,2024-01-11
ecom_001986,0,0.0,2.0,36.0,67.98,1.0,0.0,2024-01-09
ecom_009561,1,0.0,2.0,21.0,25.67,0.0,0.0,2024-01-04
ecom_006546,0,0.0,0.0,8.0,42.31,0.0,0.0,2024-01-06
ecom_007098,0,0.0,0.0,24.0,30.3,1.0,0.0,2024-01-20
ecom_002811,0,0.0,2.0,10.0,10.68,0.0,0.0,2024-01-25
ecom_000659,0,0.0,2.0,26.0,0.0,0.0,0.0,2024-01-21
ecom_002511,0,0.0,2.0,61.0,49.86,1.0,0.0,2024-01-28
ecom_004282,1,0.0,2.0,27.0,0.0,0.0,0.0,2024-01-02
ecom_009339,0,0.0,2.0,54.0,41.56,1.0,0.0,2024-01-19
ecom_008800,0,0.0,1.0,120.0,46.48,1.0,0.0,2024-01-16
ecom_006287,0,0.0,0.0,53.0,36.83,1.0,1.0,2024-01-11
ecom_001930,0,0.0,0.0,140.0,33.15,1.0,0.0,2024-01-08
ecom_007125,0,0.0,0.0,88.0,0.0,1.0,0.0,2024-01-16
ecom_000197,0,0.0,0.0,24.0,113.99,1.0,0.0,2024-01-12
ecom_007777,0,0.0,0.0,45.0,0.0,1.0,1.0,2024-01-04
ecom_002931,0,0.0,0.0,111.0,13.45,1.0,0.0,2024-01-15
ecom_008004,1,0.0,2.0,51.0,83.13,1.0,0.0,2024-01-11
ecom_002327,0,0.0,2.0,90.0,38.82,1.0,1.0,2024-01-27
ecom_004389,1,1.0,0.0,7.0,19.2,0.0,1.0,2024-01-17
ecom_008958,0,0.0,1.0,70.0,16.75,1.0,0.0,2024-01-30
ecom_004218,0,0.0,2.0,37.0,14.41,1.0,0.0,2024-01-28
ecom_000202,0,0.0,0.0,43.0,33.98,0.0,0.0,2024-01-20
ecom_003510,0,0.0,1.0,81.0,97.79,1.0,0.0,2024-01-10
ecom_004931,1,0.0,1.0,16.0,15.18,0.0,0.0,2024-01-17
ecom_005535,1,0.0,1.0,116.0,23.22,1.0,0.0,2024-01-16
ecom_005791,1,0.0,2.0,59.0,0.0,1.0,0.0,2024-01-22
ecom_001707,1,0.0,0.0,17.0,0.0,0.0,0.0,2024-01-26
ecom_005172,0,0.0,1.0,3.0,0.0,0.0,0.0,2024-01-20
ecom_005249,1,0.0,1.0,35.0,60.64,1.0,0.0,2024-01-25
ecom_006528,0,0.0,1.0,34.0,55.39,1.0,0.0,2024-01-17
ecom_009848,1,1.0,0.0,22.0,0.0,0.0,0.0,2024-01-22
ecom_005855,1,0.0,0.0,86.0,34.64,1.0,0.0,2024-01-11
ecom_008164,1,0.0,2.0,6.0,76.35,0.0,0.0,2024-01-14
ecom_000854,1,0.0,0.0,23.0,14.89,0.0,0.0,2024-01-25
ecom_004737,1,0.0,0.0,28.0,38.3,1.0,0.0,2024-01-08
ecom_000698,0,0.0,2.0,42.0,0.0,1.0,0.0,2024-01-12
ecom_003696,0,0.0,2.0,7.0,38.02,0.0,0.0,2024-01-24
ecom_001636,1,0.0,2.0,152.0,26.58,1.0,0.0,2024-01-09
ecom_007280,0,0.0,2.0,109.0,197.15,1.0,0.0,2024-01-23
ecom_007554,0,0.0,0.0,42.0,0.0,1.0,0.0,2024-01-08
ecom_003581,0,0.0,2.0,45.0,48.53,0.0,0.0,2024-01-18
ecom_001291,0,0.0,0.0,16.0,8.84,0.0,0.0,2024-01-02
ecom_006585,0,0.0,2.0,24.0,9.22,0.0,0.0,2024-01-08
ecom_001853,0,0.0,0.0,117.0,0.0,1.0,0.0,2024-01-07
ecom_005232,0,0.0,2.0,4.0,29.35,1.0,0.0,2024-01-04
ecom_003763,1,0.0,0.0,6.0,0.0,0.0,0.0,2024-01-05
ecom_003304,1,0.0,1.0,64.0,0.0,1.0,1.0,2024-01-25
ecom_001495,0,0.0,1.0,23.0,0.0,0.0,0.0,2024-01-29
ecom_007994,0,0.0,0.0,40.0,11.7,0.0,0.0,2024-01-06
ecom_001998,0,0.0,0.0,170.0,167.82,1.0,0.0,2024-01-17
ecom_000663,1,0.0,0.0,3.0,26.04,0.0,0.0,2024-01-10
ecom_003748,1,0.0,1.0,94.0,64.53,1.0,0.0,2024-01-14
ecom_004413,1,0.0,2.0,260.0,52.69,1.0,0.0,2024-01-22
ecom_005530,1,0.0,2.0,16.0,2.43,0.0,0.0,2024-01-09
ecom_005575,1,0.0,0.0,11.0,0.0,0.0,0.0,2024-01-08
ecom_008901,0,0.0,2.0,43.0,29.63,1.0,0.0,2024-01-26
ecom_007526,0,1.0,0.0,70.0,15.21,1.0,0.0,2024-01-14
ecom_009474,0,0.0,0.0,42.0,63.91,1.0,0.0,2024-01-03
ecom_005864,0,0.0,1.0,46.0,11.25,1.0,0.0,2024-01-30
ecom_006776,1,0.0,1.0,120.0,11.02,1.0,0.0,2024-01-25
ecom_001306,0,0.0,0.0,77.0,31.93,1.0,0.0,2024-01-26
ecom_007392,0,0.0,0.0,89.0,35.33,1.0,0.0,2024-01-27
ecom_005592,1,0.0,2.0,17.0,25.44,0.0,0.0,2024-01-22
ecom_009721,1,0.0,1.0,3.0,14.46,0.0,0.0,2024-01-22
ecom_001663,1,1.0,0.0,14.0,0.0,0.0,0.0,2024-01-26
ecom_005450,0,0.0,0.0,42.0,19.28,1.0,0.0,2024-01-03
ecom_009954,1,0.0,2.0,17.0,0.0,0.0,0.0,2024-01-05
ecom_003627,0,0.0,0.0,16.0,44.69,0.0,0.0,2024-01-10
ecom_002693,1,0.0,2.0,22.0,39.24,0.0,1.0,2024-01-19
ecom_009789,1,0.0,0.0,37.0,31.3,1.0,0.0,2024-01-26
ecom_005915,1,0.0,0.0,9.0,24.93,0.0,0.0,2024-01-15
ecom_003157,0,0.0,1.0,55.0,178.44,1.0,0.0,2024-01-12
ecom_006668,1,0.0,2.0,42.0,124.46,1.0,0.0,2024-01-04
ecom_001059,0,0.0,1.0,64.0,0.0,1.0,0.0,2024-01-23
ecom_004636,0,0.0,2.0,52.0,22.3,1.0,0.0,2024-01-27
ecom_003242,0,1.0,0.0,97.0,45.69,1.0,0.0,2024-01-26
ecom_001678,1,1.0,0.0,106.0,77.62,1.0,0.0,2024-01-23
ecom_006892,0,0.0,2.0,1.0,0.0,0.0,0.0,2024-01-01
ecom_006374,1,0.0,1.0,66.0,29.21,1.0,0.0,2024-01-24
ecom_007574,1,0.0,0.0,15.0,34.66,0.0,0.0,2024-01-16
ecom_001757,1,0.0,1.0,36.0,30.73,1.0,0.0,2024-01-12
ecom_006019,0,0.0,2.0,129.0,28.24,1.0,0.0,2024-01-09
ecom_005116,0,0.0,1.0,87.0,12.33,1.0,0.0,2024-01-27
ecom_008755,1,1.0,1.0,110.0,16.19,1.0,0.0,2024-01-04
ecom_007408,0,0.0,2.0,11.0,96.77,0.0,0.0,2024-01-25
ecom_002790,1,0.0,0.0,109.0,22.02,1.0,0.0,2024-01-15
ecom_000863,1,0.0,1.0,44.0,9.53,1.0,0.0,2024-01-14
ecom_007858,0,0.0,0.0,166.0,27.18,1.0,0.0,2024-01-25
ecom_001484,1,0.0,1.0,36.0,47.95,0.0,0.0,2024-01-23
ecom_007035,1,0.0,2.0,41.0,0.0,0.0,0.0,2024-01-16
ecom_007721,0,0.0,0.0,1.0,16.0,0.0,0.0,2024-01-02
ecom_005977,1,0.0,2.0,22.0,6.38,0.0,0.0,2024-01-18
ecom_005134,0,0.0,1.0,33.0,26.74,1.0,0.0,2024-01-20
ecom_000206,1,0.0,0.0,8.0,49.09,0.0,0.0,2024-01-04
ecom_004488,1,0.0,1.0,87.0,47.08,1.0,0.0,2024-01-06
ecom_006938,0,0.0,2.0,87.0,49.02,1.0,0.0,2024-01-15
ecom_009062,0,0.0,2.0,57.0,20.5,1.0,0.0,2024-01-11
ecom_006910,1,0.0,2.0,168.0,10.53,1.0,0.0,2024-01-16
ecom_000502,0,0.0,2.0,72.0,0.0,1.0,0.0,2024-01-24
ecom_007385,1,0.0,0.0,47.0,98.19,1.0,0.0,2024-01-10
ecom_001028,0,0.0,2.0,9.0,10.84,0.0,0.0,2024-01-28
ecom_003840,1,0.0,0.0,41.0,7.55,1.0,0.0,2024-01-18
ecom_008110,0,0.0,0.0,30.0,14.75,0.0,0.0,2024-01-09
ecom_005056,1,0.0,0.0,20.0,0.0,0.0,0.0,2024-01-21
ecom_009762,0,0.0,0.0,137.0,0.0,1.0,0.0,2024-01-17
ecom_008154,1,0.0,1.0,4.0,28.92,0.0,0.0,2024-01-15
ecom_002731,1,0.0,0.0,9.0,0.0,0.0,0.0,2024-01-02
ecom_008996,1,0.0,0.0,134.0,40.33,1.0,1.0,2024-01-10
ecom_002454,0,0.0,0.0,229.0,149.47,1.0,0.0,2024-01-03
ecom_007215,1,0.0,1.0,14.0,151.06,0.0,1.0,2024-01-21
ecom_003104,0,0.0,2.0,6.0,20.06,0.0,0.0,2024-01-02
ecom_008392,1,0.0,0.0,116.0,0.0,1.0,0.0,2024-01-08
ecom_006278,1,0.0,0.0,172.0,42.04,1.0,0.0,2024-01-03
ecom_003099,0,0.0,0.0,58.0,0.0,1.0,1.0,2024-01-19
ecom_006184,1,0.0,2.0,172.0,36.37,1.0,0.0,2024-01-17
ecom_003561,0,0.0,0.0,24.0,0.0,0.0,0.0,2024-01-14
ecom_005892,0,0.0,2.0,19.0,44.34,1.0,0.0,2024-01-10
ecom_000391,1,0.0,0.0,11.0,0.0,0.0,0.0,2024-01-29
ecom_006736,0,0.0,2.0,53.0,133.9,1.0,0.0,2024-01-08
ecom_005618,1,0.0,0.0,99.0,0.0,1.0,0.0,2024-01-15
ecom_005258,1,0.0,2.0,80.0,50.69,0.0,0.0,2024-01-28
ecom_009687,0,0.0,0.0,21.0,8.19,0.0,0.0,2024-01-24
ecom_002695,0,0.0,2.0,179.0,45.12,1.0,0.0,2024-01-04
ecom_002027,0,0.0,2.0,2.0,44.67,0.0,0.0,2024-01-19
ecom_005463,0,0.0,2.0,136.0,0.0,1.0,0.0,2024-01-30
ecom_002568,0,0.0,2.0,9.0,0.0,0.0,0.0,2024-01-16
ecom_008006,0,0.0,0.0,98.0,0.0,1.0,0.0,2024-01-28
ecom_000064,0,0.0,2.0,34.0,74.51,1.0,0.0,2024-01-24
ecom_002062,0,0.0,2.0,17.0,8.81,0.0,0.0,2024-01-12
ecom_005276,0,0.0,2.0,53.0,40.55,1.0,0.0,2024-01-12
ecom_007208,1,0.0,1.0,139.0,48.96,1.0,0.0,2024-01-26
ecom_008684,0,0.0,0.0,111.0,0.0,1.0,0.0,2024-01-19
ecom_008571,0,0.0,2.0,56.0,142.28,1.0,0.0,2024-01-10
ecom_006331,0,0.0,0.0,35.0,8.34,1.0,0.0,2024-01-07
ecom_004859,1,0.0,0.0,3.0,20.88,0.0,0.0,2024-01-01
ecom_004887,1,0.0,2.0,7.0,63.91,0.0,0.0,2024-01-05
ecom_009268,1,0.0,2.0,72.0,88.5,1.0,0.0,2024-01-23
ecom_000878,0,0.0,0.0,73.0,86.0,1.0,0.0,2024-01-20
ecom_008529,0,0.0,1.0,25.0,0.0,0.0,0.0,2024-01-23
ecom_007916,0,0.0,2.0,19.0,28.83,0.0,0.0,2024-01-19
ecom_006863,1,0.0,2.0,97.0,16.04,1.0,0.0,2024-01-26
ecom_007892,1,1.0,0.0,39.0,58.73,1.0,0.0,2024-01-03
ecom_006439,1,0.0,0.0,104.0,0.0,0.0,0.0,2024-01-07
ecom_007869,1,0.0,2.0,171.0,0.0,1.0,0.0,2024-01-01
ecom_001016,0,0.0,2.0,7.0,66.75,0.0,0.0,2024-01-29
ecom_009467,1,0.0,0.0,10.0,0.0,0.0,0.0,2024-01-12
ecom_007629,0,0.0,0.0,128.0,0.0,1.0,0.0,2024-01-05
ecom_000995,0,0.0,2.0,5.0,45.5,0.0,0.0,2024-01-12
ecom_004297,0,0.0,0.0,14.0,0.0,0.0,0.0,2024-01-04
ecom_000161,0,0.0,1.0,40.0,51.01,1.0,0.0,2024-01-12
ecom_005675,0,0.0,1.0,58.0,30.27,1.0,0.0,2024-01-11
ecom_006873,1,1.0,0.0,130.0,0.0,1.0,1.0,2024-01-21
ecom_009692,1,0.0,2.0,110.0,145.87,1.0,0.0,2024-01-02
ecom_007989,1,0.0,0.0,49.0,53.15,1.0,0.0,2024-01-27
ecom_003843,0,0.0,0.0,184.0,35.1,0.0,0.0,2024-01-28
ecom_001021,1,0.0,2.0,3.0,98.74,0.0,0.0,2024-01-06
ecom_003073,0,0.0,0.0,80.0,16.1,1.0,0.0,2024-01-10
ecom_007555,0,0.0,0.0,19.0,33.12,1.0,0.0,2024-01-11
ecom_003943,1,0.0,0.0,22.0,0.0,0.0,0.0,2024-01-26
ecom_001585,0,0.0,0.0,37.0,67.35,1.0,0.0,2024-01-10
ecom_003152,1,0.0,2.0,26.0,0.0,0.0,0.0,2024-01-11
ecom_008226,0,0.0,2.0,4.0,10.45,0.0,0.0,2024-01-24
ecom_000775,0,0.0,1.0,51.0,66.48,1.0,0.0,2024-01-23
ecom_009670,1,0.0,0.0,129.0,15.62,1.0,0.0,2024-01-01
ecom_007099,0,0.0,2.0,110.0,0.0,1.0,0.0,2024-01-01
ecom_005486,0,0.0,2.0,29.0,2.98,0.0,0.0,2024-01-06
ecom_006235,1,0.0,2.0,29.0,15.77,0.0,0.0,2024-01-24
ecom_009555,0,0.0,1.0,129.0,38.75,0.0,0.0,2024-01-30
ecom_007041,0,0.0,0.0,17.0,0.0,0.0,0.0,2024-01-04
ecom_002612,1,0.0,2.0,102.0,43.9,1.0,0.0,2024-01-19
ecom_007513,1,0.0,0.0,33.0,6.9,1.0,0.0,2024-01-18
ecom_008433,0,0.0,2.0,80.0,65.18,1.0,0.0,2024-01-21
ecom_008792,0,0.0,1.0,154.0,0.0,1.0,1.0,2024-01-15
ecom_005393,1,0.0,0.0,1.0,70.42,0.0,0.0,2024-01-23
ecom_008838,0,0.0,0.0,21.0,28.53,0.0,0.0,2024-01-14
ecom_003890,1,0.0,2.0,52.0,24.15,1.0,0.0,2024-01-08
ecom_003556,0,0.0,0.0,126.0,14.78,1.0,0.0,2024-01-12
ecom_001528,1,0.0,2.0,53.0,0.0,1.0,1.0,2024-01-03
ecom_001267,1,0.0,1.0,10.0,253.66,0.0,0.0,2024-01-26
ecom_007734,0,0.0,1.0,33.0,28.59,1.0,0.0,2024-01-17
ecom_001899,0,0.0,2.0,10.0,0.0,0.0,0.0,2024-01-07
ecom_004658,0,0.0,2.0,1.0,0.0,0.0,0.0,2024-01-12
ecom_003005,1,1.0,0.0,51.0,30.84,0.0,0.0,2024-01-04
ecom_002734,0,0.0,2.0,32.0,13.54,1.0,1.0,2024-01-05
ecom_000189,0,1.0,0.0,115.0,0.0,1.0,0.0,2024-01-26
ecom_009167,0,0.0,2.0,11.0,0.0,0.0,0.0,2024-01-20
ecom_002747,1,0.0,1.0,17.0,37.49,0.0,0.0,2024-01-02
ecom_002047,1,0.0,1.0,54.0,0.0,1.0,0.0,2024-01-29
ecom_007849,0,0.0,2.0,165.0,0.0,1.0,0.0,2024-01-02
ecom_002558,0,0.0,2.0,77.0,57.97,0.0,1.0,2024-01-13
ecom_009274,1,0.0,2.0,30.0,0.0,0.0,0.0,2024-01-12
ecom_008666,1,0.0,2.0,87.0,31.42,1.0,0.0,2024-01-01
ecom_006396,0,0.0,0.0,61.0,45.4,1.0,1.0,2024-01-19
ecom_003385,1,0.0,2.0,6.0,21.95,0.0,0.0,2024-01-20
ecom_004555,0,0.0,0.0,182.0,9.52,1.0,0.0,2024-01-19
ecom_001184,1,0.0,2.0,123.0,19.76,1.0,0.0,2024-01-23
ecom_006420,1,0.0,0.0,29.0,169.33,0.0,0.0,2024-01-23
ecom_005051,1,1.0,0.0,8.0,114.45,0.0,0.0,2024-01-06
ecom_005311,1,0.0,1.0,76.0,27.26,1.0,0.0,2024-01-08
ecom_002433,0,0.0,1.0,315.0,31.02,1.0,0.0,2024-01-19
ecom_006949,0,0.0,1.0,55.0,13.03,1.0,0.0,2024-01-04
ecom_000769,1,0.0,1.0,2.0,52.0,0.0,0.0,2024-01-24
ecom_001685,0,1.0,1.0,120.0,13.59,1.0,1.0,2024-01-22
ecom_008322,1,0.0,2.0,76.0,68.36,1.0,0.0,2024-01-09
ecom_005578,1,0.0,2.0,59.0,0.0,1.0,0.0,2024-01-22
ecom_004426,0,0.0,1.0,215.0,0.0,0.0,0.0,2024-01-26
ecom_000466,0,0.0,1.0,30.0,49.51,0.0,0.0,2024-01-23
ecom_006265,0,0.0,1.0,143.0,0.0,1.0,0.0,2024-01-24
ecom_005734,0,0.0,1.0,106.0,67.4,1.0,0.0,2024-01-22
ecom_005191,0,1.0,0.0,48.0,0.0,1.0,0.0,2024-01-23
ecom_005390,0,0.0,1.0,53.0,0.0,1.0,0.0,2024-01-29
ecom_000860,1,0.0,2.0,9.0,13.66,0.0,0.0,2024-01-20
ecom_007270,1,0.0,2.0,72.0,14.73,1.0,0.0,2024-01-30
