subject_id,variant,outcome,seller_tenure_days,avg_listing_price,listings_count,category_id,pre_experiment_outcome,date
mkt_006252,1,480.02,253.0,10.02,15.0,6.0,242.3,2024-01-24
mkt_004684,1,3561.51,565.0,12.86,12.0,1.0,436.3,2024-01-13
mkt_001731,0,364.16,105.0,14.56,8.0,1.0,250.99,2024-01-02
mkt_004742,1,865.39,111.0,9.85,17.0,2.0,388.21,2024-01-09
mkt_004521,1,705.7,139.0,2.85,12.0,5.0,270.52,2024-01-02
mkt_006340,1,335.2,92.0,30.63,12.0,3.0,310.42,2024-01-05
mkt_000576,0,1174.68,215.0,7.55,17.0,9.0,789.89,2024-01-15
mkt_005202,1,471.56,99.0,10.87,12.0,0.0,133.99,2024-01-07
mkt_006363,1,363.83,170.0,27.26,14.0,8.0,356.12,2024-01-11
mkt_000439,0,108.07,131.0,3.57,11.0,2.0,205.02,2024-01-18
mkt_002750,0,315.6,117.0,12.71,12.0,1.0,285.56,2024-01-09
mkt_007487,1,259.54,44.0,77.32,13.0,0.0,352.72,2024-01-22
mkt_005272,1,391.84,66.0,107.05,8.0,9.0,272.98,2024-01-24
mkt_005653,1,504.51,25.0,23.42,25.0,0.0,577.92,2024-01-22
mkt_003999,0,226.0,26.0,14.64,12.0,0.0,160.95,2024-01-21
mkt_006033,1,423.63,54.0,49.2,14.0,3.0,196.45,2024-01-02
mkt_000582,0,739.09,95.0,26.73,9.0,1.0,195.98,2024-01-16
mkt_009930,1,716.34,216.0,44.16,13.0,1.0,169.83,2024-01-28
mkt_007051,1,622.64,732.0,44.07,8.0,5.0,383.58,2024-01-02
mkt_008158,1,388.75,111.0,94.37,6.0,5.0,293.78,2024-01-26
mkt_009896,1,518.96,644.0,17.87,11.0,9.0,462.09,2024-01-11
mkt_002249,0,623.27,71.0,18.96,12.0,0.0,178.95,2024-01-26
mkt_004640,1,322.48,98.0,6.87,19.0,0.0,461.93,2024-01-09
mkt_009485,1,266.38,27.0,50.81,11.0,2.0,836.91,2024-01-17
mkt_004947,1,389.39,307.0,18.76,15.0,8.0,453.53,2024-01-08
mkt_009920,1,263.7,160.0,7.48,13.0,7.0,207.42,2024-01-01
mkt_001963,0,53.58,22.0,5.65,12.0,1.0,529.85,2024-01-26
mkt_008243,1,351.6,8.0,9.05,15.0,5.0,176.0,2024-01-06
mkt_006590,1,121.28,81.0,12.42,15.0,5.0,154.04,2024-01-17
mkt_008847,1,781.1,956.0,37.58,13.0,5.0,320.68,2024-01-11
mkt_000321,0,1611.79,321.0,23.75,13.0,3.0,414.7,2024-01-29
mkt_002678,0,153.28,105.0,8.74,11.0,5.0,57.56,2024-01-26
mkt_004625,1,235.92,54.0,11.2,10.0,0.0,132.62,2024-01-06
mkt_004949,1,4613.71,615.0,55.26,13.0,3.0,778.5,2024-01-08
mkt_008328,1,506.5,80.0,23.19,19.0,6.0,496.48,2024-01-19
mkt_003337,0,186.19,500.0,27.69,8.0,7.0,414.37,2024-01-09
mkt_005589,1,229.41,93.0,5.83,16.0,3.0,152.81,2024-01-28
mkt_000251,0,658.64,42.0,28.84,12.0,6.0,256.79,2024-01-09
mkt_003973,0,263.06,99.0,18.26,9.0,3.0,394.98,2024-01-15
mkt_006630,1,440.75,176.0,28.18,14.0,9.0,310.28,2024-01-30
mkt_005547,1,35.36,20.0,5.95,11.0,6.0,96.05,2024-01-23
mkt_000035,0,196.22,1113.0,10.81,14.0,8.0,1761.98,2024-01-08
mkt_008362,1,500.6,1746.0,62.4,20.0,0.0,301.78,2024-01-19
mkt_001513,0,1218.58,238.0,18.15,18.0,2.0,392.79,2024-01-19
mkt_009317,1,580.64,237.0,54.14,15.0,5.0,55.71,2024-01-29
mkt_000039,0,133.12,1156.0,14.0,10.0,0.0,129.71,2024-01-20
mkt_004819,1,250.39,476.0,55.2,8.0,2.0,421.06,2024-01-18
mkt_003465,0,64.41,264.0,61.06,16.0,9.0,87.16,2024-01-11
mkt_001760,0,103.69,339.0,33.29,7.0,9.0,305.0,2024-01-08
mkt_002304,0,156.39,95.0,6.47,14.0,8.0,249.02,2024-01-02
mkt_003723,0,184.01,92.0,124.08,11.0,2.0,549.88,2024-01-09
mkt_008284,1,527.36,66.0,84.95,14.0,4.0,11.56,2024-01-14
mkt_004993,1,2587.22,436.0,263.91,10.0,6.0,380.72,2024-01-25
mkt_008127,1,425.0,87.0,11.75,12.0,1.0,198.47,2024-01-30
mkt_003032,0,1863.84,41.0,127.04,21.0,7.0,91.17,2024-01-15
mkt_007938,1,249.51,62.0,29.95,13.0,5.0,209.75,2024-01-04
mkt_003039,0,1195.38,151.0,175.74,11.0,7.0,133.44,2024-01-02
mkt_009655,1,773.77,38.0,53.04,10.0,1.0,555.59,2024-01-25
mkt_002545,0,113.49,24.0,1.79,12.0,7.0,78.51,2024-01-15
mkt_002592,0,80.59,222.0,94.11,6.0,6.0,193.63,2024-01-13
mkt_001188,0,758.29,47.0,18.23,17.0,9.0,138.91,2024-01-17
mkt_007966,1,840.2,74.0,15.2,16.0,7.0,87.62,2024-01-10
mkt_006077,1,2402.17,127.0,22.08,17.0,1.0,130.6,2024-01-10
mkt_000107,0,772.29,39.0,13.92,13.0,0.0,179.09,2024-01-25
mkt_001315,0,288.23,464.0,17.88,16.0,0.0,410.84,2024-01-12
mkt_008187,1,51.49,34.0,21.18,9.0,7.0,169.45,2024-01-13
mkt_002753,0,24.57,17.0,25.36,7.0,0.0,27.27,2024-01-09
mkt_009753,1,1090.17,1135.0,66.21,10.0,4.0,573.68,2024-01-25
mkt_006231,1,470.46,97.0,12.59,15.0,2.0,176.37,2024-01-23
mkt_002876,0,382.43,1147.0,165.51,7.0,4.0,223.45,2024-01-16
mkt_005323,1,1387.04,670.0,19.39,11.0,8.0,643.79,2024-01-09
mkt_000799,0,127.7,8.0,138.65,6.0,7.0,100.11,2024-01-08
mkt_003570,0,215.89,284.0,8.73,13.0,0.0,241.67,2024-01-23
mkt_002894,0,401.26,142.0,4.07,10.0,3.0,303.05,2024-01-15
mkt_002927,0,1148.18,126.0,10.47,10.0,8.0,286.55,2024-01-19
mkt_008178,1,315.29,373.0,50.03,7.0,1.0,525.04,2024-01-25
mkt_000971,0,130.43,111.0,2.17,6.0,0.0,206.24,2024-01-06
mkt_006687,1,436.42,115.0,27.79,16.0,5.0,143.09,2024-01-12
mkt_008575,1,887.17,1483.0,12.57,17.0,1.0,186.37,2024-01-12
mkt_002020,0,374.13,101.0,8.31,12.0,8.0,262.62,2024-01-11
mkt_009054,1,403.92,634.0,7.86,10.0,0.0,321.12,2024-01-04
mkt_000952,0,636.9,186.0,16.19,13.0,7.0,1953.46,2024-01-10
mkt_005359,1,357.45,422.0,10.55,7.0,2.0,461.72,2024-01-06
mkt_003857,0,657.2,37.0,34.81,10.0,2.0,240.25,2024-01-16
mkt_005861,1,483.98,58.0,52.34,13.0,3.0,213.59,2024-01-05
mkt_003145,0,129.62,22.0,105.11,10.0,1.0,183.23,2024-01-22
mkt_003305,0,1030.53,227.0,6.2,11.0,5.0,114.2,2024-01-10
mkt_003006,0,88.3,85.0,37.04,13.0,0.0,105.97,2024-01-06
mkt_009001,1,818.28,382.0,78.04,13.0,0.0,576.7,2024-01-10
mkt_007770,1,232.32,60.0,8.78,15.0,9.0,559.55,2024-01-14
mkt_007438,1,89.55,4.0,176.46,11.0,5.0,58.33,2024-01-17
mkt_007942,1,113.06,274.0,16.22,12.0,6.0,466.52,2024-01-03
mkt_009238,1,41.57,108.0,13.76,6.0,9.0,345.52,2024-01-28
mkt_001056,0,337.56,153.0,5.33,15.0,4.0,288.39,2024-01-13
mkt_003154,0,187.62,36.0,3.42,17.0,7.0,292.45,2024-01-23
mkt_003787,0,110.33,20.0,7.24,19.0,0.0,194.31,2024-01-30
mkt_009189,1,1567.02,213.0,35.39,15.0,3.0,604.15,2024-01-03
mkt_007825,1,288.93,22.0,7.36,11.0,0.0,147.52,2024-01-09
mkt_007539,1,195.17,452.0,24.64,8.0,4.0,262.29,2024-01-17
mkt_007231,1,458.35,96.0,74.09,8.0,2.0,369.01,2024-01-04
mkt_000764,0,52.39,4.0,5.84,7.0,3.0,110.19,2024-01-22
mkt_005019,1,139.61,61.0,28.6,15.0,4.0,104.28,2024-01-05
mkt_004903,1,540.79,709.0,9.48,12.0,7.0,186.24,2024-01-11
mkt_008093,1,928.35,115.0,12.28,16.0,5.0,162.52,2024-01-19
mkt_006843,1,268.41,326.0,7.02,14.0,8.0,121.75,2024-01-10
mkt_002165,0,293.86,724.0,78.93,10.0,2.0,359.16,2024-01-23
mkt_001862,0,121.88,169.0,4.44,20.0,1.0,322.42,2024-01-08
mkt_007850,1,1465.05,36.0,32.16,12.0,0.0,431.03,2024-01-16
mkt_009123,1,708.32,421.0,18.29,14.0,5.0,119.61,2024-01-07
mkt_002340,0,721.81,1024.0,16.53,16.0,3.0,928.85,2024-01-22
mkt_005527,1,137.99,27.0,29.71,10.0,3.0,479.89,2024-01-28
mkt_006743,1,1539.6,87.0,22.06,13.0,6.0,405.41,2024-01-17
mkt_004003,0,783.36,33.0,58.16,13.0,9.0,79.8,2024-01-25
mkt_001123,0,235.24,93.0,28.62,8.0,2.0,156.87,2024-01-09
mkt_008709,1,2450.45,248.0,18.64,8.0,1.0,369.59,2024-01-18
mkt_004049,0,260.47,39.0,81.77,10.0,8.0,136.0,2024-01-16
mkt_007640,1,327.26,67.0,17.4,8.0,4.0,227.46,2024-01-29
mkt_000765,0,584.17,79.0,188.67,8.0,3.0,497.53,2024-01-10
mkt_002344,0,57.97,14.0,19.47,8.0,2.0,288.82,2024-01-17
mkt_004071,0,46.41,38.0,46.27,14.0,6.0,257.38,2024-01-03
mkt_007216,1,984.34,433.0,16.71,9.0,1.0,248.6,2024-01-24
mkt_004216,0,177.44,150.0,8.2,8.0,9.0,231.69,2024-01-30
mkt_007952,1,157.12,26.0,28.15,14.0,7.0,201.56,2024-01-30
mkt_005970,1,597.29,138.0,6.12,13.0,2.0,177.08,2024-01-17
mkt_003350,0,483.7,111.0,28.11,15.0,2.0,248.65,2024-01-15
mkt_004695,1,697.56,139.0,24.69,6.0,6.0,1648.88,2024-01-21
mkt_003399,0,1248.86,247.0,7.6,9.0,9.0,580.86,2024-01-10
mkt_004081,0,434.24,233.0,65.59,11.0,9.0,728.61,2024-01-16
mkt_009149,1,1481.73,406.0,46.67,12.0,8.0,555.25,2024-01-25
mkt_001224,0,332.75,5.0,30.44,16.0,5.0,183.32,2024-01-04
mkt_006292,1,181.28,66.0,6.65,12.0,3.0,183.28,2024-01-01
mkt_003122,0,3636.52,643.0,107.66,5.0,6.0,502.22,2024-01-03
mkt_000510,0,146.87,217.0,71.71,11.0,0.0,159.26,2024-01-26
mkt_005794,1,44.51,51.0,139.65,13.0,0.0,125.53,2024-01-27
mkt_008181,1,47.44,6.0,26.34,13.0,4.0,59.97,2024-01-09
mkt_009417,1,24.59,31.0,97.22,14.0,5.0,598.21,2024-01-28
mkt_000096,0,170.41,111.0,13.8,15.0,6.0,363.57,2024-01-16
mkt_006681,1,254.43,177.0,38.44,12.0,5.0,1558.61,2024-01-21
mkt_001512,0,846.21,13.0,10.71,14.0,8.0,64.16,2024-01-17
mkt_008791,1,653.71,942.0,245.07,12.0,1.0,848.55,2024-01-27
mkt_000119,0,73.4,70.0,33.19,12.0,5.0,407.86,2024-01-29
mkt_007791,1,3602.59,128.0,14.55,8.0,5.0,284.3,2024-01-25
mkt_006517,1,171.5,24.0,17.07,9.0,3.0,81.65,2024-01-19
mkt_000033,0,362.15,65.0,8.21,11.0,6.0,85.41,2024-01-26
mkt_007887,1,526.34,182.0,30.12,9.0,6.0,1314.7,2024-01-20
mkt_006830,1,302.29,61.0,33.51,6.0,4.0,153.37,2024-01-22
mkt_005421,1,72.9,49.0,4.22,12.0,6.0,703.51,2024-01-01
mkt_001068,0,474.56,21.0,41.26,9.0,5.0,137.0,2024-01-04
mkt_001347,0,47.54,9.0,32.78,13.0,4.0,183.55,2024-01-01
mkt_004747,1,152.98,56.0,4.31,11.0,5.0,94.52,2024-01-14
mkt_006005,1,321.75,37.0,46.05,19.0,5.0,135.81,2024-01-03
mkt_006039,1,174.08,82.0,52.54,9.0,6.0,60.51,2024-01-19
mkt_003817,0,61.72,6.0,3.55,15.0,6.0,68.44,2024-01-29
mkt_008446,1,88.1,105.0,104.88,10.0,6.0,1083.82,2024-01-24
mkt_005269,1,291.4,40.0,5.42,14.0,2.0,118.22,2024-01-12
mkt_006897,1,131.06,91.0,29.17,11.0,0.0,406.73,2024-01-17
mkt_005309,1,429.5,157.0,40.41,13.0,0.0,435.53,2024-01-23
mkt_000031,0,1122.43,139.0,9.16,10.0,8.0,167.12,2024-01-26
mkt_005674,1,127.56,57.0,5.62,14.0,2.0,1250.55,2024-01-24
mkt_004386,0,171.32,210.0,22.88,7.0,7.0,818.92,2024-01-01
mkt_000029,0,1232.96,920.0,16.37,18.0,5.0,117.53,2024-01-07
mkt_004202,0,937.18,424.0,48.75,12.0,4.0,290.15,2024-01-16
mkt_007507,1,543.31,166.0,32.69,11.0,1.0,139.41,2024-01-14
mkt_000735,0,207.84,33.0,49.56,8.0,1.0,565.11,2024-01-29
mkt_002067,0,456.49,195.0,3.88,11.0,5.0,183.02,2024-01-17
mkt_000106,0,23.53,34.0,46.73,14.0,8.0,56.78,2024-01-13
mkt_009644,1,380.59,96.0,14.57,8.0,7.0,270.79,2024-01-14
mkt_008894,1,269.96,435.0,6.37,16.0,9.0,160.83,2024-01-01
mkt_008020,1,731.11,450.0,23.02,13.0,5.0,85.34,2024-01-13
mkt_002232,0,561.08,222.0,15.27,12.0,8.0,244.42,2024-01-22
mkt_000993,0,209.77,244.0,36.58,11.0,5.0,540.69,2024-01-15
mkt_009412,1,595.68,162.0,19.71,5.0,7.0,105.34,2024-01-05
mkt_007058,1,806.79,331.0,21.97,9.0,4.0,126.86,2024-01-18
mkt_006789,1,394.48,100.0,13.03,10.0,1.0,68.6,2024-01-24
mkt_000360,0,126.72,609.0,6.79,9.0,7.0,386.15,2024-01-30
mkt_000304,0,73.85,58.0,22.16,12.0,9.0,144.69,2024-01-25
mkt_002627,0,369.46,68.0,35.01,12.0,2.0,124.47,2024-01-19
mkt_008965,1,174.24,18.0,34.43,13.0,1.0,155.48,2024-01-05
mkt_004513,1,246.19,56.0,73.21,10.0,8.0,67.69,2024-01-02
mkt_005910,1,486.93,128.0,26.79,9.0,0.0,149.03,2024-01-19
mkt_008313,1,2116.75,469.0,37.34,12.0,3.0,285.33,2024-01-06
mkt_003100,0,150.2,280.0,46.86,13.0,3.0,1052.22,2024-01-09
mkt_005703,1,349.48,40.0,2.29,14.0,2.0,300.95,2024-01-19
mkt_003898,0,1562.81,671.0,51.82,13.0,2.0,240.75,2024-01-14
mkt_005440,1,1411.4,103.0,15.16,10.0,2.0,269.04,2024-01-09
mkt_007930,1,1083.95,441.0,15.16,7.0,5.0,236.77,2024-01-23
mkt_000621,0,436.98,79.0,16.09,13.0,4.0,152.15,2024-01-15
mkt_007235,1,794.7,189.0,13.54,17.0,0.0,365.77,2024-01-04
mkt_002498,0,95.48,459.0,9.89,21.0,2.0,274.52,2024-01-09
mkt_000713,0,1575.48,1221.0,5.93,19.0,5.0,552.07,2024-01-08
mkt_008403,1,392.11,93.0,7.53,17.0,5.0,87.93,2024-01-24
mkt_002855,0,59.88,160.0,25.75,10.0,5.0,891.59,2024-01-30
mkt_004269,0,264.81,119.0,26.58,10.0,4.0,228.33,2024-01-01
mkt_002908,0,687.49,160.0,15.82,9.0,2.0,261.26,2024-01-02
mkt_008080,1,449.59,18.0,8.7,8.0,9.0,169.18,2024-01-19
mkt_004516,1,611.14,170.0,12.37,19.0,4.0,1093.84,2024-01-26
mkt_001261,0,490.38,31.0,42.93,17.0,8.0,295.3,2024-01-04
mkt_003160,0,694.34,182.0,42.77,12.0,2.0,176.11,2024-01-29
mkt_000970,0,351.3,81.0,21.88,13.0,4.0,161.36,2024-01-17
mkt_003912,0,330.66,7.0,9.52,16.0,8.0,296.1,2024-01-16
mkt_005198,1,369.07,61.0,65.48,15.0,0.0,418.95,2024-01-17
mkt_008846,1,150.48,15.0,22.88,16.0,1.0,289.62,2024-01-28
mkt_000259,0,70.52,108.0,22.29,15.0,6.0,163.15,2024-01-24
mkt_003790,0,641.77,227.0,18.23,13.0,8.0,268.66,2024-01-18
mkt_009202,1,58.47,118.0,33.99,12.0,3.0,545.93,2024-01-01
mkt_000487,0,209.8,10.0,9.28,13.0,3.0,160.82,2024-01-24
mkt_007907,1,755.98,1221.0,18.9,11.0,0.0,253.66,2024-01-27
mkt_000518,0,242.84,877.0,12.41,9.0,1.0,288.2,2024-01-18
mkt_008342,1,70.63,32.0,8.85,18.0,5.0,100.08,2024-01-19
mkt_000311,0,489.97,292.0,10.74,13.0,0.0,305.54,2024-01-15
mkt_003231,0,386.94,8.0,2.28,16.0,6.0,108.82,2024-01-20
mkt_007932,1,301.66,342.0,13.02,10.0,5.0,728.52,2024-01-21
mkt_007457,1,616.05,25.0,11.82,12.0,9.0,35.23,2024-01-27
mkt_009783,1,546.53,67.0,21.86,11.0,4.0,450.06,2024-01-29
mkt_005183,1,625.24,718.0,46.79,14.0,6.0,172.36,2024-01-15
mkt_008076,1,57.32,33.0,46.07,7.0,4.0,85.32,2024-01-29
mkt_006501,1,2680.95,97.0,11.61,11.0,1.0,119.07,2024-01-19
mkt_006790,1,380.09,91.0,36.6,10.0,8.0,108.1,2024-01-12
mkt_007772,1,96.99,457.0,51.51,9.0,6.0,252.36,2024-01-30
mkt_002737,0,870.24,250.0,29.03,9.0,5.0,506.16,2024-01-05
mkt_007841,1,1083.58,920.0,48.04,12.0,3.0,263.44,2024-01-11
mkt_006261,1,334.45,7.0,57.57,9.0,1.0,237.14,2024-01-29
mkt_008205,1,195.03,40.0,7.02,15.0,7.0,589.47,2024-01-24
mkt_001247,0,776.76,49.0,21.16,15.0,0.0,426.19,2024-01-24
mkt_009335,1,223.11,34.0,33.36,7.0,0.0,243.58,2024-01-30
mkt_004194,0,302.82,138.0,14.67,16.0,7.0,209.94,2024-01-04
mkt_008000,1,50.9,48.0,14.46,16.0,2.0,1109.84,2024-01-03
mkt_007377,1,278.97,96.0,17.2,9.0,2.0,220.62,2024-01-04
mkt_003434,0,113.31,211.0,6.46,10.0,9.0,565.64,2024-01-09
mkt_005381,1,301.0,54.0,13.62,15.0,7.0,405.96,2024-01-12
mkt_000958,0,155.99,180.0,9.01,15.0,3.0,259.64,2024-01-02
mkt_000416,0,163.67,77.0,3.46,6.0,2.0,298.4,2024-01-29
mkt_005741,1,448.39,159.0,74.36,11.0,1.0,256.75,2024-01-12
mkt_006727,1,251.45,93.0,7.02,8.0,0.0,52.03,2024-01-09
mkt_004381,0,2055.87,122.0,66.88,7.0,8.0,78.56,2024-01-03
mkt_005196,1,198.39,8.0,1.0,21.0,4.0,101.08,2024-01-19
mkt_001112,0,1476.36,27.0,7.22,15.0,3.0,42.89,2024-01-18
mkt_002688,0,282.73,209.0,23.75,10.0,2.0,195.06,2024-01-18
mkt_006472,1,391.01,66.0,73.32,14.0,7.0,1395.7,2024-01-26
mkt_008819,1,1216.16,122.0,9.07,10.0,5.0,249.65,2024-01-20
mkt_007807,1,334.89,16.0,17.88,15.0,4.0,178.2,2024-01-11
mkt_003410,0,108.55,41.0,2.13,14.0,2.0,110.64,2024-01-26
mkt_000080,0,378.64,617.0,3.94,13.0,6.0,537.34,2024-01-10
mkt_004613,1,1777.05,357.0,5.91,10.0,2.0,1673.78,2024-01-24
mkt_001373,0,134.09,30.0,46.21,19.0,9.0,294.46,2024-01-21
mkt_001509,0,92.33,310.0,45.84,14.0,9.0,28.28,2024-01-29
mkt_006442,1,619.62,37.0,15.54,5.0,3.0,213.5,2024-01-18
mkt_003070,0,194.67,90.0,20.24,13.0,9.0,129.73,2024-01-28
mkt_003015,0,228.06,949.0,9.89,11.0,6.0,256.89,2024-01-19
mkt_004822,1,434.42,75.0,23.91,5.0,4.0,195.8,2024-01-01
mkt_007821,1,460.63,181.0,19.45,5.0,9.0,680.01,2024-01-22
mkt_000092,0,15.5,51.0,4.72,11.0,4.0,148.5,2024-01-23
mkt_009420,1,679.52,114.0,34.27,20.0,8.0,181.39,2024-01-23
mkt_006599,1,376.41,64.0,7.59,13.0,4.0,196.26,2024-01-24
mkt_004442,0,437.63,354.0,21.18,11.0,3.0,1241.43,2024-01-26
mkt_007601,1,341.52,373.0,59.01,14.0,8.0,506.49,2024-01-28
mkt_003834,0,62.99,10.0,7.19,6.0,9.0,363.93,2024-01-11
mkt_009701,1,388.38,69.0,18.21,17.0,6.0,361.0,2024-01-08
mkt_004321,0,188.57,21.0,15.18,14.0,0.0,131.36,2024-01-23
mkt_003393,0,275.92,50.0,13.21,19.0,1.0,273.85,2024-01-30
mkt_004751,1,161.97,86.0,24.53,6.0,7.0,141.16,2024-01-26
mkt_007228,1,394.24,380.0,23.95,12.0,3.0,248.22,2024-01-08
mkt_009190,1,143.39,85.0,5.59,9.0,8.0,25.14,2024-01-20
mkt_002360,0,1465.45,239.0,3.73,18.0,4.0,612.02,2024-01-29
mkt_001147,0,353.73,98.0,18.84,11.0,8.0,443.39,2024-01-12
mkt_005665,1,3662.46,1276.0,36.92,10.0,8.0,2512.09,2024-01-02
mkt_008074,1,1007.62,326.0,20.89,11.0,4.0,675.26,2024-01-25
mkt_004942,1,184.39,446.0,14.72,9.0,9.0,650.09,2024-01-23
mkt_003662,0,798.41,28.0,34.13,21.0,7.0,224.99,2024-01-24
mkt_001562,0,252.61,33.0,85.26,13.0,1.0,235.44,2024-01-27
mkt_004112,0,892.22,54.0,14.42,16.0,7.0,247.18,2024-01-26
mkt_009049,1,387.98,118.0,7.74,13.0,6.0,90.13,2024-01-07
mkt_009275,1,534.83,639.0,14.66,14.0,8.0,459.66,2024-01-09
mkt_008537,1,320.23,160.0,8.43,13.0,3.0,449.6,2024-01-25
mkt_000794,0,62.71,301.0,67.4,10.0,8.0,435.86,2024-01-20
mkt_005853,1,755.63,32.0,6.8,14.0,4.0,64.07,2024-01-01
mkt_007618,1,432.81,110.0,23.94,20.0,7.0,100.23,2024-01-05
mkt_001593,0,175.08,98.0,22.65,12.0,9.0,189.38,2024-01-11
mkt_007417,1,1179.56,369.0,38.52,7.0,7.0,67.12,2024-01-15
mkt_005266,1,583.88,74.0,85.11,14.0,7.0,72.11,2024-01-22
mkt_007146,1,535.73,19.0,35.71,6.0,2.0,273.95,2024-01-23
mkt_000088,0,203.79,168.0,28.09,11.0,9.0,80.99,2024-01-26
mkt_008694,1,138.74,14.0,48.17,10.0,5.0,46.65,2024-01-08
mkt_009731,1,454.57,471.0,65.25,13.0,3.0,298.99,2024-01-22
mkt_009445,1,380.56,87.0,33.59,15.0,3.0,89.16,2024-01-06
mkt_006753,1,776.22,543.0,40.11,12.0,9.0,960.47,2024-01-12
mkt_003501,0,762.51,389.0,28.43,17.0,0.0,713.32,2024-01-06
mkt_002233,0,114.96,31.0,11.66,13.0,3.0,229.7,2024-01-25
mkt_002802,0,32.14,33.0,54.45,11.0,3.0,248.15,2024-01-24
mkt_004423,0,1722.41,76.0,28.02,18.0,0.0,673.49,2024-01-09
mkt_005662,1,114.73,55.0,13.34,15.0,2.0,104.1,2024-01-30
mkt_007169,1,105.76,46.0,7.05,8.0,0.0,191.18,2024-01-12
mkt_008336,1,196.13,39.0,20.38,10.0,4.0,119.42,2024-01-22
mkt_002147,0,388.56,43.0,17.76,10.0,8.0,59.21,2024-01-05
mkt_007968,1,534.04,165.0,25.97,14.0,8.0,288.06,2024-01-10
mkt_006550,1,698.27,890.0,10.08,9.0,8.0,522.27,2024-01-26
mkt_007642,1,1142.25,1039.0,18.09,13.0,1.0,227.32,2024-01-08
mkt_006163,1,290.37,139.0,15.71,9.0,3.0,120.65,2024-01-01
mkt_001494,0,419.52,1825.0,26.37,11.0,9.0,825.28,2024-01-13
mkt_007695,1,156.95,15.0,36.34,8.0,4.0,81.26,2024-01-19
mkt_007093,1,104.66,121.0,125.72,12.0,0.0,131.25,2024-01-08
mkt_001408,0,36.67,12.0,7.02,9.0,4.0,367.06,2024-01-05
mkt_006690,1,487.54,140.0,14.73,9.0,7.0,362.47,2024-01-20
mkt_003400,0,250.75,33.0,6.46,6.0,6.0,136.12,2024-01-21
mkt_000108,0,407.75,69.0,236.3,13.0,0.0,269.49,2024-01-28
mkt_005635,1,818.72,52.0,17.31,11.0,6.0,105.32,2024-01-04
mkt_008481,1,149.47,124.0,83.44,9.0,7.0,856.09,2024-01-07
mkt_006603,1,149.25,64.0,107.47,12.0,9.0,466.56,2024-01-04
mkt_001090,0,91.02,31.0,11.77,11.0,2.0,166.97,2024-01-10
mkt_005559,1,102.27,282.0,52.6,6.0,4.0,320.66,2024-01-08
mkt_009411,1,910.9,64.0,6.87,13.0,8.0,132.22,2024-01-23
mkt_008142,1,942.18,93.0,41.33,10.0,1.0,164.76,2024-01-23
mkt_008663,1,131.78,32.0,26.87,13.0,8.0,166.91,2024-01-17
mkt_006595,1,373.74,18.0,56.06,15.0,8.0,380.39,2024-01-01
mkt_000623,0,911.99,193.0,9.26,15.0,9.0,491.15,2024-01-17
mkt_006870,1,130.68,42.0,15.37,15.0,4.0,73.15,2024-01-09
mkt_004813,1,148.71,81.0,16.98,15.0,9.0,310.22,2024-01-17
mkt_006552,1,154.32,8.0,8.19,15.0,8.0,1027.52,2024-01-21
mkt_007529,1,839.3,499.0,17.44,13.0,5.0,607.74,2024-01-30
mkt_005795,1,49.93,18.0,17.67,11.0,0.0,186.88,2024-01-30
mkt_007436,1,251.79,15.0,113.89,9.0,0.0,16.4,2024-01-17
mkt_004217,0,548.6,224.0,16.03,10.0,1.0,104.57,2024-01-24
mkt_005940,1,423.42,58.0,19.8,14.0,1.0,391.65,2024-01-08
mkt_008500,1,117.29,22.0,16.02,14.0,7.0,208.65,2024-01-20
mkt_006428,1,324.61,451.0,7.92,13.0,0.0,436.67,2024-01-16
mkt_006826,1,68.24,128.0,82.19,8.0,9.0,91.43,2024-01-23
mkt_004130,0,4857.16,6.0,12.74,11.0,4.0,694.56,2024-01-03
mkt_007801,1,703.42,218.0,5.37,10.0,3.0,1628.32,2024-01-19
mkt_007753,1,283.87,40.0,35.72,15.0,1.0,466.32,2024-01-02
mkt_004721,1,264.14,416.0,5.23,12.0,5.0,577.21,2024-01-20
mkt_001650,0,628.28,315.0,15.48,14.0,1.0,29.51,2024-01-02
mkt_004140,0,647.37,437.0,34.08,8.0,0.0,251.76,2024-01-22
mkt_001617,0,360.17,80.0,42.41,8.0,2.0,255.53,2024-01-25
mkt_002029,0,131.98,27.0,80.13,10.0,2.0,446.12,2024-01-20
mkt_008517,1,258.56,80.0,30.3,12.0,4.0,420.38,2024-01-26
mkt_004575,1,283.44,298.0,36.17,13.0,9.0,269.11,2024-01-23
mkt_003992,0,352.47,238.0,57.04,15.0,7.0,488.33,2024-01-09
mkt_007376,1,537.59,69.0,4.25,12.0,0.0,184.07,2024-01-25
mkt_006149,1,687.95,144.0,17.74,10.0,1.0,176.49,2024-01-01
mkt_004908,1,172.72,205.0,112.15,11.0,7.0,588.52,2024-01-16
mkt_005026,1,123.99,225.0,29.95,7.0,6.0,329.09,2024-01-18
mkt_008260,1,753.73,105.0,74.8,11.0,6.0,205.05,2024-01-24
mkt_004731,1,134.18,38.0,4.81,13.0,1.0,117.11,2024-01-21
mkt_007548,1,257.27,146.0,8.13,12.0,8.0,220.18,2024-01-26
mkt_008134,1,156.98,171.0,30.54,14.0,3.0,404.93,2024-01-15
mkt_001606,0,30.95,26.0,24.84,10.0,8.0,154.94,2024-01-23
mkt_004773,1,329.56,169.0,11.5,11.0,6.0,144.94,2024-01-28
mkt_008109,1,729.49,8.0,35.36,16.0,3.0,2.6,2024-01-01
mkt_006951,1,136.12,116.0,6.47,7.0,6.0,101.87,2024-01-10
mkt_006004,1,144.47,80.0,5.82,8.0,0.0,557.45,2024-01-13
mkt_007728,1,123.52,42.0,17.65,13.0,0.0,390.62,2024-01-26
mkt_003541,0,171.39,76.0,5.65,16.0,8.0,291.4,2024-01-26
mkt_000388,0,98.42,11.0,13.3,14.0,7.0,596.74,2024-01-04
mkt_001794,0,259.18,40.0,8.46,18.0,1.0,286.13,2024-01-12
mkt_008731,1,224.89,278.0,15.22,11.0,9.0,172.8,2024-01-01
mkt_004919,1,490.79,182.0,4.93,17.0,2.0,497.58,2024-01-03
mkt_005537,1,197.39,3.0,25.62,12.0,2.0,145.28,2024-01-30
mkt_003872,0,520.84,201.0,21.44,10.0,0.0,861.84,2024-01-24
mkt_008868,1,267.78,58.0,3.75,12.0,0.0,183.0,2024-01-30
mkt_002254,0,145.29,103.0,31.13,11.0,3.0,160.77,2024-01-01
mkt_003412,0,101.89,344.0,13.49,14.0,7.0,360.74,2024-01-02
mkt_005459,1,864.63,42.0,17.54,22.0,6.0,606.73,2024-01-14
mkt_004955,1,1644.82,62.0,31.86,13.0,4.0,103.07,2024-01-26
mkt_007396,1,1303.16,1176.0,18.4,15.0,2.0,113.19,2024-01-03
mkt_005414,1,605.95,55.0,6.92,8.0,4.0,288.28,2024-01-09
mkt_007399,1,207.79,31.0,59.16,7.0,4.0,182.6,2024-01-04
mkt_007414,1,314.41,94.0,28.59,10.0,6.0,87.53,2024-01-23
mkt_009100,1,411.87,44.0,10.77,8.0,7.0,117.64,2024-01-14
mkt_004851,1,1063.56,213.0,24.16,11.0,2.0,326.48,2024-01-16
mkt_002025,0,372.27,179.0,17.0,11.0,2.0,409.84,2024-01-11
mkt_002615,0,401.85,48.0,34.17,7.0,4.0,229.49,2024-01-24
mkt_007388,1,375.7,44.0,11.31,9.0,3.0,379.68,2024-01-09
mkt_002926,0,723.63,11.0,24.98,15.0,9.0,105.31,2024-01-15
mkt_001121,0,256.09,163.0,46.01,8.0,9.0,38.87,2024-01-25
mkt_002910,0,403.33,397.0,2.17,10.0,9.0,1307.65,2024-01-06
mkt_008146,1,272.28,81.0,58.32,11.0,5.0,315.32,2024-01-01
mkt_007383,1,861.07,75.0,2.58,11.0,7.0,79.07,2024-01-05
mkt_003482,0,640.88,217.0,27.83,14.0,5.0,118.4,2024-01-04
mkt_000795,0,112.88,7.0,9.61,16.0,7.0,188.67,2024-01-09
mkt_001575,0,345.73,182.0,105.37,20.0,2.0,213.7,2024-01-02
mkt_006176,1,48.02,111.0,104.24,13.0,6.0,175.17,2024-01-03
mkt_006266,1,55.3,90.0,10.98,14.0,5.0,95.14,2024-01-17
mkt_002458,0,95.85,72.0,6.2,13.0,8.0,188.99,2024-01-14
mkt_003312,0,182.06,52.0,16.23,7.0,3.0,100.45,2024-01-13
mkt_001253,0,540.63,144.0,11.24,16.0,3.0,97.15,2024-01-27
mkt_006834,1,572.58,48.0,13.52,16.0,5.0,788.31,2024-01-30
mkt_008794,1,208.49,62.0,26.13,12.0,2.0,106.05,2024-01-11
mkt_003837,0,1184.62,240.0,15.1,17.0,3.0,257.06,2024-01-24
mkt_004398,0,343.4,1049.0,5.84,11.0,6.0,252.89,2024-01-28
mkt_003595,0,362.16,492.0,8.29,7.0,4.0,223.92,2024-01-20
mkt_006621,1,2176.38,174.0,90.89,11.0,9.0,1188.76,2024-01-08
mkt_008382,1,986.36,99.0,23.86,9.0,1.0,105.54,2024-01-25
mkt_002124,0,148.94,17.0,6.86,14.0,1.0,625.49,2024-01-04
mkt_003238,0,38.78,8.0,67.45,10.0,6.0,581.43,2024-01-01
mkt_005403,1,322.2,33.0,11.87,8.0,0.0,130.7,2024-01-30
mkt_005998,1,1828.41,170.0,21.42,11.0,4.0,571.02,2024-01-01
mkt_005938,1,341.83,28.0,3.88,11.0,6.0,372.97,2024-01-30
mkt_002045,0,107.14,47.0,23.23,13.0,5.0,103.18,2024-01-12
mkt_001578,0,212.02,61.0,6.77,10.0,7.0,138.19,2024-01-25
mkt_000014,0,439.91,108.0,67.97,16.0,9.0,483.09,2024-01-26
mkt_002673,0,149.98,82.0,11.07,8.0,2.0,306.93,2024-01-07
mkt_007016,1,320.32,214.0,37.87,10.0,1.0,56.48,2024-01-23
mkt_008720,1,247.89,70.0,67.36,11.0,5.0,363.39,2024-01-23
mkt_008849,1,204.43,78.0,3.45,14.0,3.0,343.32,2024-01-09
mkt_004812,1,718.56,67.0,16.69,24.0,2.0,106.82,2024-01-06
mkt_001084,0,566.25,110.0,7.34,11.0,8.0,336.29,2024-01-27
mkt_004983,1,93.08,163.0,5.0,13.0,3.0,567.6,2024-01-06
mkt_007155,1,217.31,286.0,37.1,10.0,2.0,135.98,2024-01-04
mkt_002884,0,324.58,218.0,50.94,7.0,5.0,114.49,2024-01-25
mkt_000333,0,604.22,223.0,13.53,10.0,6.0,188.64,2024-01-30
mkt_007204,1,268.0,259.0,14.4,15.0,0.0,225.35,2024-01-15
mkt_004367,0,838.9,174.0,5.95,8.0,6.0,260.98,2024-01-19
mkt_003079,0,81.71,15.0,2.59,11.0,2.0,74.11,2024-01-26
mkt_007203,1,667.29,306.0,26.83,15.0,1.0,775.91,2024-01-28
mkt_009909,1,56.85,37.0,3.16,9.0,2.0,346.97,2024-01-03
mkt_008864,1,465.21,63.0,10.54,11.0,2.0,329.38,2024-01-01
mkt_000263,0,59.34,4.0,14.67,11.0,4.0,497.37,2024-01-14
mkt_004337,0,5399.63,79.0,32.5,10.0,1.0,335.92,2024-01-08
mkt_008895,1,1576.31,84.0,38.38,16.0,9.0,26.21,2024-01-27
mkt_008447,1,446.24,49.0,32.72,15.0,8.0,100.53,2024-01-13
mkt_005903,1,544.24,154.0,17.32,9.0,4.0,1631.2,2024-01-25
mkt_001498,0,598.24,40.0,28.18,12.0,4.0,154.71,2024-01-10
mkt_004190,0,97.95,41.0,8.86,12.0,5.0,52.97,2024-01-10
mkt_007485,1,163.62,382.0,23.4,16.0,5.0,181.54,2024-01-16
mkt_009643,1,374.48,93.0,46.37,10.0,4.0,183.59,2024-01-04
mkt_008310,1,940.08,435.0,9.9,8.0,9.0,151.79,2024-01-21
mkt_007590,1,388.2,261.0,44.33,9.0,3.0,2311.86,2024-01-09
mkt_000500,0,58.44,264.0,11.81,13.0,1.0,2080.33,2024-01-20
mkt_009155,1,131.83,397.0,4.79,10.0,9.0,288.71,2024-01-30
mkt_009414,1,686.54,62.0,18.5,15.0,3.0,102.73,2024-01-05
mkt_003095,0,100.64,11.0,97.43,14.0,9.0,64.18,2024-01-19
mkt_004631,1,284.07,298.0,53.6,12.0,0.0,397.98,2024-01-17
mkt_000367,0,171.88,16.0,12.63,9.0,1.0,75.43,2024-01-04
mkt_004058,0,410.41,194.0,11.71,9.0,5.0,403.33,2024-01-27
mkt_008174,1,2304.88,60.0,102.56,14.0,8.0,425.8,2024-01-17
mkt_004630,1,144.36,33.0,15.55,17.0,8.0,344.97,2024-01-03
mkt_006070,1,1317.16,248.0,65.0,12.0,9.0,618.6,2024-01-15
mkt_002664,0,48.8,47.0,39.13,14.0,5.0,172.16,2024-01-28
mkt_001026,0,183.7,185.0,25.06,16.0,6.0,658.35,2024-01-23
mkt_005908,1,243.1,80.0,225.63,16.0,4.0,44.08,2024-01-04
mkt_005050,1,886.92,145.0,66.6,16.0,8.0,304.2,2024-01-30
mkt_006328,1,65.21,109.0,8.02,15.0,5.0,192.39,2024-01-26
mkt_009733,1,450.8,751.0,3.52,9.0,7.0,1342.61,2024-01-30
mkt_001691,0,3343.64,109.0,8.13,8.0,2.0,126.34,2024-01-12
mkt_000673,0,313.23,30.0,4.99,8.0,6.0,44.94,2024-01-08
mkt_005572,1,2470.96,310.0,6.51,10.0,4.0,315.46,2024-01-12
mkt_005766,1,348.85,27.0,23.83,14.0,7.0,75.93,2024-01-22
mkt_005156,1,1474.23,68.0,5.92,10.0,4.0,664.56,2024-01-20
mkt_000733,0,84.27,171.0,22.87,11.0,9.0,351.54,2024-01-28
mkt_003526,0,500.88,25.0,14.64,8.0,1.0,83.68,2024-01-02
mkt_000568,0,556.44,18.0,6.82,25.0,9.0,211.14,2024-01-30
mkt_009187,1,298.78,162.0,56.42,13.0,9.0,108.63,2024-01-22
mkt_002922,0,74.99,20.0,23.4,18.0,2.0,360.28,2024-01-06
mkt_007911,1,842.17,208.0,7.88,12.0,4.0,275.35,2024-01-13
mkt_001558,0,10390.84,55.0,9.78,7.0,1.0,229.18,2024-01-01
mkt_000101,0,188.82,191.0,9.97,12.0,7.0,352.85,2024-01-25
mkt_003007,0,111.67,64.0,4.04,8.0,1.0,117.41,2024-01-24
mkt_007201,1,57.56,10.0,15.41,12.0,0.0,122.68,2024-01-01
mkt_000303,0,445.58,63.0,35.73,12.0,3.0,112.87,2024-01-09
mkt_000076,0,957.96,360.0,9.5,15.0,5.0,603.16,2024-01-07
mkt_006754,1,156.84,86.0,16.53,14.0,2.0,224.48,2024-01-23
mkt_008629,1,189.52,55.0,7.93,8.0,1.0,358.23,2024-01-18
mkt_001208,0,255.01,117.0,47.6,17.0,7.0,451.5,2024-01-13
mkt_007742,1,153.79,30.0,33.88,13.0,6.0,177.1,2024-01-19
mkt_008214,1,416.94,120.0,123.74,12.0,1.0,149.17,2024-01-03
mkt_008944,1,793.81,262.0,158.06,10.0,1.0,701.75,2024-01-22
mkt_008413,1,625.73,792.0,6.85,21.0,8.0,517.95,2024-01-15
mkt_001775,0,2763.89,46.0,8.48,15.0,6.0,108.64,2024-01-13
mkt_003473,0,250.27,92.0,13.36,12.0,2.0,113.53,2024-01-30
mkt_000483,0,580.46,17.0,81.92,13.0,5.0,133.24,2024-01-03
mkt_002189,0,362.83,56.0,24.93,11.0,5.0,447.06,2024-01-02
mkt_000346,0,298.17,43.0,8.09,11.0,4.0,175.85,2024-01-03
mkt_005481,1,96.61,206.0,92.54,12.0,6.0,205.21,2024-01-18
mkt_008361,1,195.5,8.0,24.51,8.0,7.0,62.26,2024-01-01
mkt_001472,0,70.09,99.0,1.0,13.0,8.0,313.79,2024-01-20
mkt_005100,1,637.42,63.0,173.69,10.0,7.0,351.62,2024-01-22
mkt_006765,1,773.45,135.0,9.99,13.0,1.0,103.79,2024-01-29
mkt_008706,1,1084.61,79.0,3.52,8.0,9.0,20.93,2024-01-03
mkt_004929,1,350.37,93.0,22.69,12.0,8.0,121.47,2024-01-04
mkt_006329,1,1478.0,94.0,14.02,7.0,7.0,295.64,2024-01-20
mkt_002609,0,455.39,239.0,29.22,19.0,0.0,143.04,2024-01-19
mkt_000003,0,88.74,10.0,8.8,15.0,1.0,119.33,2024-01-29
mkt_002213,0,235.11,17.0,6.44,16.0,3.0,176.31,2024-01-17
mkt_004827,1,358.5,219.0,5.92,10.0,7.0,140.92,2024-01-17
mkt_000856,0,217.57,69.0,11.54,21.0,6.0,579.39,2024-01-20
mkt_006977,1,402.79,54.0,13.07,11.0,5.0,149.79,2024-01-03
mkt_005885,1,687.84,188.0,34.23,14.0,7.0,451.88,2024-01-12
mkt_000624,0,87.71,25.0,13.4,7.0,7.0,124.64,2024-01-26
mkt_000290,0,283.92,192.0,11.02,6.0,7.0,117.08,2024-01-19
mkt_002018,0,1080.97,588.0,34.21,11.0,7.0,108.77,2024-01-15
mkt_000668,0,210.76,427.0,170.57,14.0,5.0,129.87,2024-01-30
mkt_008921,1,128.04,26.0,9.95,14.0,7.0,308.16,2024-01-24
mkt_008264,1,124.64,76.0,56.3,13.0,5.0,154.75,2024-01-27
mkt_009696,1,2938.68,61.0,21.13,13.0,4.0,217.86,2024-01-17
mkt_001631,0,898.17,65.0,5.54,12.0,8.0,108.79,2024-01-19
mkt_005170,1,169.1,164.0,28.08,12.0,1.0,393.14,2024-01-22
mkt_007205,1,424.97,802.0,1.46,13.0,0.0,988.58,2024-01-13
mkt_002522,0,121.52,106.0,5.85,10.0,5.0,373.15,2024-01-18
mkt_002215,0,202.21,9.0,22.93,12.0,7.0,111.16,2024-01-17
mkt_006968,1,334.5,330.0,15.25,19.0,5.0,494.37,2024-01-26
mkt_006496,1,184.26,160.0,80.06,15.0,9.0,99.14,2024-01-03
mkt_006213,1,4734.27,98.0,12.1,9.0,2.0,352.03,2024-01-11
mkt_007032,1,490.87,26.0,57.19,18.0,7.0,172.45,2024-01-03
mkt_007420,1,1655.77,170.0,42.66,13.0,8.0,29.53,2024-01-07
mkt_001107,0,2871.43,472.0,7.47,8.0,5.0,144.82,2024-01-16
mkt_000450,0,148.41,27.0,13.86,8.0,1.0,127.71,2024-01-24
mkt_006289,1,192.42,547.0,9.69,15.0,5.0,336.27,2024-01-10
mkt_009966,1,215.28,8.0,4.96,16.0,4.0,89.78,2024-01-09
mkt_000135,0,619.88,104.0,8.18,9.0,1.0,37.66,2024-01-10
mkt_001785,0,326.68,40.0,34.72,6.0,7.0,180.0,2024-01-08
mkt_003404,0,332.59,176.0,11.73,10.0,6.0,128.73,2024-01-13
mkt_002906,0,91.93,64.0,22.63,21.0,7.0,221.56,2024-01-17
mkt_008304,1,567.51,338.0,17.79,14.0,9.0,124.96,2024-01-05
mkt_007492,1,1525.23,300.0,27.13,15.0,6.0,362.06,2024-01-29
mkt_006100,1,364.13,355.0,31.71,10.0,8.0,2443.78,2024-01-30
mkt_004504,1,103.04,82.0,16.36,13.0,2.0,109.73,2024-01-09
mkt_005053,1,792.97,67.0,40.53,7.0,3.0,465.51,2024-01-25
mkt_005205,1,415.12,32.0,15.58,8.0,6.0,239.11,2024-01-12
mkt_004080,0,895.52,61.0,15.66,17.0,1.0,961.27,2024-01-29
mkt_006918,1,1345.6,216.0,10.33,7.0,2.0,195.59,2024-01-06
mkt_006802,1,4190.93,93.0,13.37,9.0,1.0,408.35,2024-01-01
mkt_005206,1,270.81,213.0,65.55,18.0,5.0,210.78,2024-01-16
mkt_000532,0,496.12,45.0,13.24,16.0,7.0,188.49,2024-01-23
mkt_004830,1,766.57,30.0,63.19,12.0,3.0,1238.88,2024-01-04
mkt_004038,0,118.06,212.0,81.81,9.0,1.0,259.98,2024-01-18
mkt_004084,0,240.31,82.0,9.84,7.0,9.0,410.64,2024-01-23
mkt_003204,0,59.29,84.0,1.68,14.0,7.0,39.44,2024-01-05
mkt_007110,1,409.84,297.0,11.1,6.0,8.0,248.54,2024-01-25
mkt_000330,0,94.58,525.0,12.8,11.0,6.0,241.32,2024-01-14
mkt_004957,1,365.59,28.0,18.05,12.0,2.0,93.45,2024-01-13
mkt_003033,0,463.84,69.0,43.54,12.0,6.0,54.37,2024-01-02
mkt_007684,1,87.89,48.0,62.96,13.0,0.0,3175.41,2024-01-16
mkt_001597,0,409.05,216.0,28.82,11.0,5.0,229.27,2024-01-22
mkt_009919,1,616.2,424.0,10.77,11.0,4.0,1464.82,2024-01-12
mkt_003597,0,309.93,83.0,35.36,9.0,9.0,239.8,2024-01-13
mkt_009038,1,124.53,39.0,12.62,10.0,6.0,116.89,2024-01-30
mkt_008001,1,324.73,175.0,18.44,13.0,6.0,124.03,2024-01-26
mkt_000590,0,395.35,31.0,11.82,10.0,2.0,197.19,2024-01-04
mkt_000647,0,105.88,19.0,17.98,18.0,4.0,335.33,2024-01-28
mkt_009102,1,492.14,12.0,19.76,16.0,1.0,184.56,2024-01-07
mkt_008015,1,824.11,679.0,10.98,13.0,1.0,661.53,2024-01-30
mkt_003771,0,225.64,50.0,68.85,9.0,4.0,128.8,2024-01-28
mkt_009039,1,416.14,228.0,5.21,13.0,8.0,253.89,2024-01-01
mkt_005082,1,89.79,28.0,4.42,13.0,8.0,443.73,2024-01-15
mkt_007882,1,886.18,109.0,90.43,14.0,9.0,66.0,2024-01-30
mkt_009362,1,362.81,368.0,6.91,9.0,9.0,301.98,2024-01-07
mkt_004210,0,1509.49,543.0,13.17,12.0,6.0,436.3,2024-01-20
mkt_008834,1,137.02,48.0,54.45,12.0,8.0,107.4,2024-01-11
mkt_008699,1,156.6,148.0,30.15,9.0,6.0,113.91,2024-01-03
mkt_001795,0,219.33,76.0,17.72,8.0,2.0,398.91,2024-01-30
mkt_002586,0,1343.03,129.0,18.11,12.0,0.0,232.61,2024-01-11
mkt_008355,1,531.76,94.0,117.08,22.0,0.0,191.29,2024-01-23
mkt_002316,0,693.51,62.0,7.08,13.0,9.0,181.17,2024-01-19
mkt_004185,0,398.05,143.0,24.58,8.0,0.0,181.54,2024-01-08
mkt_008827,1,142.51,30.0,30.88,15.0,2.0,97.47,2024-01-06
mkt_007072,1,316.02,258.0,4.31,16.0,7.0,111.98,2024-01-03
mkt_005234,1,83.08,86.0,74.56,13.0,3.0,308.67,2024-01-14
mkt_008743,1,452.07,276.0,7.1,10.0,0.0,59.89,2024-01-24
mkt_008670,1,104.48,10.0,132.37,12.0,7.0,21.39,2024-01-06
mkt_004768,1,669.32,303.0,18.93,11.0,5.0,331.82,2024-01-15
mkt_009972,1,60.42,4.0,20.69,7.0,1.0,61.18,2024-01-05
mkt_007144,1,513.71,120.0,36.74,10.0,2.0,293.51,2024-01-04
mkt_002913,0,1075.75,473.0,19.98,12.0,2.0,1256.97,2024-01-04
mkt_009871,1,959.11,96.0,23.39,10.0,1.0,712.22,2024-01-01
mkt_009893,1,254.22,51.0,17.05,13.0,1.0,94.8,2024-01-03
mkt_002075,0,59.33,18.0,29.75,9.0,5.0,25.83,2024-01-18
mkt_004302,0,45.42,33.0,33.52,9.0,0.0,423.39,2024-01-07
mkt_005822,1,280.69,14.0,8.68,17.0,6.0,53.37,2024-01-16
mkt_002149,0,304.69,204.0,99.52,10.0,2.0,435.74,2024-01-01
mkt_000144,0,479.63,44.0,124.65,13.0,5.0,314.7,2024-01-23
mkt_004963,1,360.26,264.0,17.33,16.0,8.0,418.82,2024-01-11
mkt_008159,1,326.58,112.0,16.06,13.0,0.0,126.78,2024-01-20
mkt_009030,1,242.83,16.0,58.51,15.0,0.0,306.4,2024-01-03
mkt_004775,1,81.24,44.0,39.7,14.0,9.0,131.44,2024-01-12
mkt_008933,1,2043.89,1443.0,54.26,17.0,8.0,358.56,2024-01-16
mkt_007749,1,330.62,79.0,9.64,14.0,2.0,375.11,2024-01-11
mkt_009828,1,259.99,207.0,22.24,8.0,2.0,1795.06,2024-01-17
mkt_009214,1,1973.27,397.0,9.45,20.0,8.0,456.37,2024-01-15
mkt_006060,1,276.75,64.0,57.85,13.0,3.0,188.97,2024-01-09
mkt_009475,1,347.83,169.0,5.0,24.0,8.0,90.29,2024-01-15
mkt_006409,1,153.43,24.0,107.83,13.0,7.0,86.39,2024-01-22
mkt_003317,0,446.67,63.0,21.0,16.0,8.0,480.47,2024-01-23
mkt_007464,1,221.18,56.0,18.04,10.0,8.0,40.75,2024-01-29
mkt_003061,0,685.39,173.0,94.54,10.0,9.0,118.27,2024-01-20
mkt_001355,0,248.66,616.0,34.11,12.0,8.0,1019.57,2024-01-16
mkt_004514,1,100.34,38.0,13.45,13.0,0.0,173.44,2024-01-14
mkt_005505,1,98.67,147.0,25.14,6.0,9.0,218.09,2024-01-22
mkt_005250,1,296.27,250.0,10.66,13.0,6.0,390.26,2024-01-09
mkt_004511,1,412.26,21.0,5.79,14.0,8.0,266.76,2024-01-04
mkt_001730,0,248.11,260.0,34.43,11.0,9.0,121.46,2024-01-07
mkt_001758,0,339.49,1005.0,52.49,12.0,2.0,186.75,2024-01-05
mkt_006650,1,795.67,50.0,8.42,13.0,6.0,536.87,2024-01-11
mkt_006646,1,172.81,25.0,59.86,7.0,8.0,138.83,2024-01-23
mkt_009860,1,419.53,19.0,37.34,21.0,0.0,433.42,2024-01-02
mkt_004139,0,1188.29,178.0,6.99,11.0,5.0,113.31,2024-01-05
mkt_009393,1,252.92,60.0,36.25,10.0,4.0,114.41,2024-01-16
mkt_005123,1,130.08,289.0,2.01,13.0,7.0,191.22,2024-01-04
mkt_000000,0,206.28,67.0,9.58,9.0,7.0,120.37,2024-01-01
mkt_001864,0,300.18,199.0,14.1,12.0,0.0,26.01,2024-01-23
mkt_000543,0,171.04,44.0,56.25,13.0,4.0,254.58,2024-01-24
mkt_000349,0,76.99,24.0,7.11,17.0,1.0,161.75,2024-01-23
mkt_006906,1,272.13,111.0,31.91,4.0,7.0,266.1,2024-01-11
mkt_009765,1,42.2,39.0,19.99,17.0,3.0,258.65,2024-01-27
mkt_002523,0,220.92,95.0,6.66,11.0,9.0,73.01,2024-01-09
mkt_003464,0,66.36,86.0,59.28,13.0,7.0,150.48,2024-01-03
mkt_000457,0,302.22,75.0,29.14,3.0,3.0,81.38,2024-01-11
mkt_003023,0,274.4,516.0,20.03,14.0,3.0,48.96,2024-01-30
mkt_007261,1,3964.53,98.0,35.79,15.0,3.0,221.25,2024-01-04
mkt_009515,1,54.74,13.0,15.28,17.0,5.0,109.29,2024-01-26
mkt_007872,1,49.08,16.0,35.92,9.0,3.0,184.8,2024-01-18
mkt_006625,1,958.38,357.0,36.78,11.0,4.0,650.32,2024-01-26
mkt_002534,0,225.57,105.0,44.94,14.0,0.0,513.4,2024-01-15
mkt_000131,0,19.27,37.0,35.22,8.0,7.0,115.37,2024-01-11
mkt_003704,0,651.16,68.0,82.85,10.0,9.0,194.73,2024-01-27
mkt_001372,0,1066.29,336.0,7.96,10.0,5.0,447.19,2024-01-17
mkt_006200,1,471.53,93.0,14.12,11.0,2.0,109.96,2024-01-03
mkt_004856,1,241.17,258.0,23.69,14.0,1.0,182.4,2024-01-30
mkt_004712,1,260.83,30.0,17.95,14.0,5.0,41.53,2024-01-02
mkt_005544,1,1369.83,49.0,2.73,13.0,5.0,126.16,2024-01-10
mkt_001413,0,247.42,284.0,21.27,13.0,0.0,365.97,2024-01-02
mkt_004113,0,25.63,143.0,1.0,7.0,7.0,193.99,2024-01-17
mkt_000655,0,206.01,25.0,4.41,14.0,4.0,75.07,2024-01-05
mkt_008137,1,58.18,188.0,18.06,10.0,0.0,151.08,2024-01-07
mkt_004098,0,90.84,14.0,14.68,15.0,3.0,569.39,2024-01-08
mkt_000592,0,147.9,63.0,13.13,10.0,1.0,291.9,2024-01-03
mkt_008708,1,1638.71,411.0,55.59,9.0,5.0,483.37,2024-01-03
mkt_003123,0,710.19,5.0,14.71,18.0,8.0,52.19,2024-01-30
mkt_003047,0,1505.89,1526.0,16.49,17.0,0.0,4279.54,2024-01-30
mkt_003887,0,128.89,130.0,51.04,11.0,5.0,270.79,2024-01-26
mkt_005735,1,320.11,48.0,118.34,19.0,9.0,122.58,2024-01-11
mkt_002184,0,379.74,99.0,13.27,20.0,8.0,165.04,2024-01-09
mkt_002145,0,259.27,50.0,87.46,8.0,1.0,132.61,2024-01-03
mkt_007047,1,685.19,212.0,29.08,8.0,9.0,254.19,2024-01-04
mkt_003105,0,1454.89,295.0,26.52,7.0,8.0,1100.19,2024-01-29
mkt_009233,1,209.98,45.0,127.62,14.0,5.0,122.22,2024-01-24
mkt_009096,1,154.68,31.0,43.19,11.0,0.0,743.36,2024-01-14
mkt_002769,0,34.76,32.0,8.64,14.0,3.0,19.66,2024-01-09
mkt_005221,1,985.89,346.0,25.2,12.0,4.0,156.63,2024-01-27
mkt_005833,1,597.37,375.0,17.7,16.0,8.0,65.6,2024-01-15
mkt_001732,0,4714.6,79.0,30.89,14.0,2.0,126.45,2024-01-16
mkt_000265,0,963.57,307.0,2.38,9.0,9.0,552.5,2024-01-06
mkt_005144,1,106.69,159.0,4.94,12.0,8.0,91.09,2024-01-05
mkt_008267,1,1263.63,32.0,8.38,19.0,3.0,48.02,2024-01-28
mkt_003937,0,481.81,123.0,46.96,14.0,6.0,248.59,2024-01-30
mkt_000761,0,240.02,49.0,57.78,12.0,6.0,58.17,2024-01-22
mkt_007220,1,274.5,384.0,13.88,8.0,7.0,148.9,2024-01-28
mkt_008439,1,308.57,57.0,23.91,13.0,4.0,135.95,2024-01-26
mkt_003257,0,623.91,28.0,5.95,9.0,5.0,10.8,2024-01-08
mkt_004338,0,78.42,14.0,10.34,9.0,7.0,81.22,2024-01-14
mkt_004362,0,562.12,66.0,16.84,7.0,1.0,121.22,2024-01-02
mkt_000316,0,156.52,160.0,44.1,9.0,1.0,355.16,2024-01-20
mkt_008069,1,167.86,75.0,24.46,14.0,2.0,393.96,2024-01-27
mkt_001851,0,1184.11,19.0,9.77,10.0,1.0,192.23,2024-01-08
mkt_002484,0,403.42,59.0,26.28,16.0,4.0,103.51,2024-01-04
mkt_009873,1,634.65,13.0,21.3,14.0,4.0,44.92,2024-01-07
mkt_009574,1,314.48,34.0,60.2,9.0,8.0,852.72,2024-01-26
mkt_001078,0,1006.37,6.0,8.01,18.0,4.0,118.91,2024-01-09
mkt_008358,1,140.32,52.0,52.91,11.0,7.0,251.3,2024-01-17
mkt_007333,1,275.08,86.0,4.05,13.0,2.0,344.69,2024-01-20
mkt_001071,0,527.95,66.0,3.94,10.0,5.0,109.24,2024-01-08
mkt_000103,0,238.91,20.0,3.75,14.0,0.0,137.61,2024-01-03
mkt_005748,1,4241.1,68.0,37.0,10.0,0.0,217.98,2024-01-01
mkt_001418,0,3017.21,242.0,6.04,19.0,4.0,662.88,2024-01-10
mkt_001658,0,738.43,230.0,5.11,8.0,9.0,181.07,2024-01-22
mkt_005284,1,111.62,27.0,25.19,12.0,7.0,360.65,2024-01-08
mkt_001149,0,692.39,865.0,4.06,11.0,2.0,372.2,2024-01-25
mkt_007150,1,38.8,4.0,18.63,15.0,4.0,117.55,2024-01-23
mkt_001568,0,35.45,209.0,10.48,9.0,1.0,479.53,2024-01-16
mkt_001087,0,97.13,75.0,24.24,12.0,4.0,192.31,2024-01-24
mkt_006085,1,850.42,46.0,50.24,15.0,7.0,47.66,2024-01-25
mkt_008674,1,3067.66,19.0,9.64,8.0,6.0,114.8,2024-01-29
mkt_008341,1,157.74,91.0,26.65,11.0,9.0,454.18,2024-01-20
mkt_007811,1,164.57,91.0,145.31,6.0,9.0,140.97,2024-01-15
mkt_006084,1,483.99,110.0,10.67,10.0,8.0,471.62,2024-01-26
mkt_008773,1,637.13,692.0,36.44,17.0,7.0,453.24,2024-01-09
mkt_008757,1,97.77,111.0,7.58,9.0,0.0,204.76,2024-01-24
mkt_001692,0,340.74,403.0,27.32,10.0,8.0,610.86,2024-01-01
mkt_004734,1,438.07,351.0,37.12,16.0,2.0,578.87,2024-01-17
mkt_003387,0,149.04,108.0,7.67,5.0,6.0,248.14,2024-01-19
mkt_003646,0,1424.71,256.0,46.8,12.0,1.0,573.09,2024-01-14
mkt_001683,0,2354.36,400.0,33.79,10.0,5.0,152.82,2024-01-06
mkt_000008,0,151.6,110.0,22.94,12.0,3.0,378.33,2024-01-01
mkt_006062,1,164.43,36.0,5.0,7.0,5.0,90.9,2024-01-16
mkt_006516,1,350.68,8.0,41.07,14.0,6.0,293.46,2024-01-23
mkt_004123,0,742.76,152.0,60.44,9.0,2.0,306.05,2024-01-22
mkt_008729,1,78.18,9.0,13.8,10.0,9.0,128.2,2024-01-15
mkt_006045,1,327.46,42.0,100.31,11.0,9.0,464.17,2024-01-05
mkt_000567,0,647.61,710.0,26.38,8.0,8.0,447.88,2024-01-22
mkt_009161,1,133.03,148.0,6.21,8.0,1.0,294.03,2024-01-15
mkt_001803,0,127.95,11.0,32.1,9.0,7.0,80.33,2024-01-23
mkt_008501,1,681.83,132.0,28.37,12.0,7.0,292.7,2024-01-07
mkt_004900,1,213.46,210.0,17.86,14.0,7.0,476.16,2024-01-19
mkt_001599,0,47.18,22.0,85.27,9.0,7.0,153.17,2024-01-24
mkt_007931,1,68.58,70.0,1.72,8.0,6.0,129.17,2024-01-30
mkt_009547,1,460.03,207.0,18.18,10.0,6.0,145.78,2024-01-17
mkt_002823,0,136.37,113.0,13.01,7.0,6.0,514.08,2024-01-13
mkt_005467,1,189.78,57.0,11.38,11.0,7.0,112.07,2024-01-22
mkt_003529,0,354.77,1030.0,40.27,14.0,9.0,507.41,2024-01-01
mkt_008683,1,124.78,60.0,60.98,11.0,0.0,63.8,2024-01-23
mkt_001155,0,331.86,468.0,14.96,4.0,6.0,386.96,2024-01-16
mkt_006547,1,217.82,519.0,7.45,12.0,4.0,472.37,2024-01-21
mkt_009088,1,132.99,94.0,36.63,14.0,0.0,200.85,2024-01-26
mkt_007620,1,190.99,91.0,10.2,12.0,8.0,49.05,2024-01-10
mkt_008296,1,1574.76,284.0,11.4,9.0,0.0,472.22,2024-01-26
mkt_004540,1,204.86,426.0,27.1,14.0,2.0,390.06,2024-01-25
mkt_009134,1,335.35,2190.0,4.93,8.0,5.0,253.33,2024-01-10
mkt_006482,1,572.91,228.0,39.66,7.0,3.0,159.4,2024-01-06
mkt_005826,1,882.6,152.0,75.83,12.0,5.0,247.01,2024-01-24
mkt_001190,0,649.54,125.0,10.09,10.0,4.0,326.56,2024-01-09
mkt_007444,1,43.5,15.0,8.68,12.0,2.0,112.42,2024-01-23
mkt_008520,1,62.8,24.0,22.04,13.0,9.0,162.44,2024-01-28
mkt_000960,0,198.32,39.0,17.07,14.0,4.0,181.26,2024-01-15
mkt_007454,1,605.51,45.0,51.23,12.0,7.0,471.77,2024-01-19
mkt_000036,0,768.71,90.0,30.35,6.0,9.0,55.59,2024-01-02
mkt_007516,1,151.54,42.0,62.06,8.0,2.0,160.0,2024-01-22
mkt_007644,1,133.78,32.0,24.32,13.0,0.0,81.94,2024-01-25
mkt_004438,0,452.14,109.0,21.96,7.0,1.0,318.35,2024-01-30
mkt_006161,1,830.29,986.0,33.01,6.0,1.0,319.33,2024-01-28
mkt_007744,1,1296.91,54.0,14.31,9.0,5.0,90.93,2024-01-29
mkt_009587,1,117.45,146.0,51.48,10.0,8.0,511.38,2024-01-23
mkt_008119,1,71.23,32.0,8.66,21.0,1.0,81.79,2024-01-27
mkt_006967,1,756.88,378.0,44.36,15.0,5.0,111.54,2024-01-13
mkt_005718,1,55.04,42.0,10.85,12.0,3.0,135.34,2024-01-01
mkt_000577,0,628.13,56.0,6.24,17.0,7.0,56.61,2024-01-29
mkt_009833,1,413.16,265.0,64.55,10.0,6.0,545.99,2024-01-26
mkt_004102,0,1119.42,134.0,14.11,13.0,5.0,141.41,2024-01-02
mkt_007646,1,114.84,26.0,87.93,14.0,4.0,106.55,2024-01-30
mkt_004151,0,908.27,110.0,106.3,17.0,2.0,620.63,2024-01-09
mkt_003130,0,679.56,1141.0,31.04,9.0,7.0,341.02,2024-01-16
mkt_004890,1,492.15,93.0,42.26,15.0,6.0,294.15,2024-01-30
mkt_009975,1,2504.77,67.0,9.69,6.0,4.0,579.91,2024-01-08
mkt_007471,1,219.57,110.0,6.53,16.0,9.0,191.64,2024-01-17
mkt_001833,0,418.75,50.0,10.72,13.0,0.0,74.51,2024-01-07
mkt_009148,1,2093.96,208.0,44.72,8.0,9.0,323.85,2024-01-15
mkt_004891,1,450.75,166.0,12.5,12.0,3.0,242.17,2024-01-01
mkt_002287,0,701.46,1248.0,9.97,11.0,8.0,1290.32,2024-01-22
mkt_001330,0,290.92,91.0,23.36,17.0,9.0,745.15,2024-01-24
mkt_002771,0,254.03,41.0,65.9,11.0,5.0,92.53,2024-01-23
mkt_003686,0,260.69,30.0,19.48,13.0,1.0,109.67,2024-01-30
mkt_008283,1,403.8,372.0,71.08,15.0,1.0,431.98,2024-01-22
mkt_005928,1,216.39,38.0,69.87,6.0,3.0,158.54,2024-01-21
mkt_000637,0,614.89,128.0,76.63,10.0,5.0,213.96,2024-01-27
mkt_000047,0,244.51,17.0,10.68,10.0,6.0,76.01,2024-01-08
mkt_002602,0,117.42,21.0,22.27,19.0,5.0,87.3,2024-01-13
mkt_001965,0,602.12,31.0,15.82,10.0,7.0,220.21,2024-01-22
mkt_002168,0,451.74,61.0,5.31,7.0,7.0,126.79,2024-01-25
mkt_005049,1,458.59,170.0,43.19,11.0,2.0,64.17,2024-01-04
mkt_003334,0,328.15,16.0,34.78,8.0,7.0,79.14,2024-01-03
mkt_003019,0,342.62,170.0,13.51,14.0,3.0,887.74,2024-01-02
mkt_008764,1,1028.08,111.0,4.55,16.0,0.0,164.57,2024-01-04
mkt_009176,1,472.17,138.0,92.54,14.0,4.0,148.87,2024-01-26
mkt_001360,0,67.25,9.0,33.09,7.0,6.0,255.84,2024-01-25
mkt_005798,1,709.94,57.0,6.42,7.0,0.0,38.77,2024-01-27
mkt_009400,1,893.25,81.0,9.75,10.0,9.0,231.45,2024-01-05
mkt_003251,0,163.78,216.0,42.05,13.0,7.0,376.12,2024-01-10
mkt_006300,1,394.21,506.0,21.25,12.0,5.0,291.3,2024-01-08
mkt_002251,0,324.25,24.0,14.97,19.0,2.0,191.65,2024-01-19
mkt_006027,1,973.14,830.0,6.67,13.0,4.0,176.08,2024-01-04
mkt_001175,0,307.66,216.0,58.72,14.0,0.0,154.95,2024-01-05
mkt_008799,1,116.57,111.0,18.15,11.0,1.0,103.58,2024-01-05
mkt_003279,0,180.01,49.0,4.45,8.0,4.0,126.65,2024-01-22
mkt_002973,0,310.37,157.0,251.59,16.0,4.0,600.58,2024-01-11
mkt_003396,0,670.17,147.0,10.72,9.0,0.0,222.84,2024-01-18
mkt_006939,1,110.81,26.0,55.13,9.0,1.0,156.45,2024-01-06
mkt_000965,0,160.09,127.0,41.27,13.0,5.0,686.82,2024-01-23
mkt_008574,1,1334.76,219.0,5.45,17.0,2.0,134.3,2024-01-21
mkt_000742,0,258.39,1651.0,53.35,18.0,5.0,360.63,2024-01-03
mkt_007514,1,209.94,40.0,21.98,18.0,9.0,171.0,2024-01-19
mkt_003314,0,340.77,47.0,19.88,7.0,5.0,359.97,2024-01-23
mkt_004898,1,341.99,378.0,11.26,13.0,8.0,353.21,2024-01-22
mkt_009340,1,117.4,19.0,78.38,14.0,0.0,239.83,2024-01-23
mkt_004672,1,718.16,76.0,16.18,6.0,5.0,108.2,2024-01-15
mkt_008618,1,945.0,96.0,37.71,14.0,3.0,433.87,2024-01-13
mkt_001217,0,115.79,89.0,97.47,11.0,1.0,130.56,2024-01-17
mkt_004397,0,519.22,185.0,7.68,14.0,7.0,130.66,2024-01-01
mkt_006080,1,217.69,547.0,14.05,5.0,0.0,262.59,2024-01-15
mkt_002614,0,793.72,81.0,7.29,14.0,2.0,81.52,2024-01-24
mkt_002620,0,100.65,146.0,16.61,16.0,4.0,447.8,2024-01-24
mkt_008714,1,195.93,103.0,23.76,8.0,9.0,93.21,2024-01-19
mkt_007282,1,228.46,13.0,14.98,12.0,1.0,147.8,2024-01-30
mkt_003379,0,327.39,186.0,25.94,15.0,6.0,136.85,2024-01-30
mkt_007301,1,2837.58,463.0,6.47,14.0,7.0,321.28,2024-01-11
mkt_009857,1,225.48,42.0,109.74,17.0,4.0,338.32,2024-01-20
mkt_005605,1,740.89,103.0,13.48,17.0,3.0,207.47,2024-01-24
mkt_009813,1,1544.99,214.0,45.13,9.0,6.0,463.11,2024-01-06
mkt_005786,1,372.06,133.0,24.89,16.0,4.0,1246.43,2024-01-17
mkt_008518,1,58.71,49.0,5.57,8.0,4.0,99.8,2024-01-27
mkt_006850,1,737.77,267.0,5.74,10.0,0.0,645.16,2024-01-01
mkt_001516,0,95.43,126.0,15.54,10.0,6.0,213.99,2024-01-30
mkt_005098,1,169.58,96.0,12.97,9.0,8.0,241.35,2024-01-26
mkt_007636,1,354.35,110.0,53.31,12.0,0.0,701.63,2024-01-17
mkt_009085,1,219.58,146.0,61.91,10.0,5.0,625.61,2024-01-04
mkt_008023,1,106.87,57.0,75.22,11.0,6.0,525.15,2024-01-02
mkt_002392,0,891.0,11.0,26.02,10.0,1.0,19.98,2024-01-22
mkt_000586,0,228.4,61.0,32.66,18.0,5.0,170.88,2024-01-22
mkt_003519,0,197.01,245.0,45.12,13.0,1.0,461.5,2024-01-10
mkt_007653,1,229.08,106.0,23.4,13.0,0.0,237.75,2024-01-27
mkt_008946,1,94.3,18.0,10.39,7.0,2.0,95.89,2024-01-23
mkt_000850,0,31.6,85.0,37.15,8.0,5.0,73.14,2024-01-15
mkt_000335,0,805.94,73.0,13.92,8.0,7.0,761.19,2024-01-29
mkt_006634,1,610.32,142.0,40.97,13.0,0.0,336.74,2024-01-17
mkt_008972,1,717.55,62.0,8.92,17.0,5.0,174.25,2024-01-15
mkt_007493,1,1792.83,150.0,3.76,13.0,2.0,541.45,2024-01-25
mkt_002868,0,1320.69,53.0,9.31,14.0,0.0,605.23,2024-01-17
mkt_004872,1,37.23,160.0,32.93,10.0,5.0,246.41,2024-01-05
mkt_003550,0,156.78,159.0,98.17,11.0,8.0,247.26,2024-01-22
mkt_003842,0,304.65,79.0,19.58,16.0,0.0,446.69,2024-01-23
mkt_007262,1,251.89,92.0,16.3,10.0,3.0,531.46,2024-01-15
mkt_005824,1,522.7,135.0,5.93,6.0,9.0,635.34,2024-01-23
mkt_000023,0,756.19,24.0,31.66,14.0,0.0,858.87,2024-01-11
mkt_001453,0,333.87,230.0,11.36,10.0,4.0,233.56,2024-01-29
mkt_001684,0,313.05,99.0,34.06,15.0,3.0,276.4,2024-01-22
mkt_002310,0,1676.68,621.0,38.5,11.0,2.0,2867.47,2024-01-23
mkt_009063,1,897.87,186.0,12.84,6.0,7.0,358.78,2024-01-27
mkt_009406,1,1911.38,352.0,131.04,11.0,5.0,927.35,2024-01-02
mkt_000381,0,199.89,242.0,5.49,17.0,0.0,788.67,2024-01-05
mkt_005814,1,88.45,52.0,130.4,10.0,4.0,69.23,2024-01-06
mkt_005550,1,202.0,150.0,7.52,18.0,7.0,258.6,2024-01-26
mkt_009308,1,1169.04,195.0,6.59,5.0,9.0,422.32,2024-01-02
mkt_001618,0,1490.11,1689.0,28.98,7.0,1.0,450.23,2024-01-29
mkt_000789,0,1241.92,321.0,3.92,11.0,3.0,751.15,2024-01-26
mkt_005983,1,301.73,32.0,15.12,15.0,4.0,138.87,2024-01-10
mkt_008672,1,203.86,207.0,46.94,16.0,1.0,295.58,2024-01-02
mkt_004475,0,148.98,129.0,16.36,9.0,1.0,137.74,2024-01-06
mkt_005606,1,140.35,55.0,6.48,13.0,0.0,146.35,2024-01-17
mkt_009312,1,219.17,39.0,43.53,14.0,4.0,65.73,2024-01-03
mkt_005648,1,2836.51,168.0,35.12,6.0,2.0,933.42,2024-01-14
mkt_006216,1,370.74,90.0,4.52,14.0,5.0,333.95,2024-01-21
mkt_002286,0,724.28,113.0,17.79,15.0,0.0,354.0,2024-01-15
mkt_009993,1,100.31,206.0,10.5,15.0,9.0,458.81,2024-01-21
mkt_007578,1,43.13,28.0,9.98,13.0,2.0,48.56,2024-01-25
mkt_001183,0,71.03,50.0,26.21,16.0,0.0,76.76,2024-01-21
mkt_006001,1,363.75,46.0,4.81,12.0,3.0,212.73,2024-01-26
mkt_005090,1,105.93,28.0,22.35,10.0,0.0,429.8,2024-01-02
mkt_002516,0,1108.26,184.0,15.34,11.0,5.0,324.3,2024-01-08
mkt_004122,0,180.02,198.0,40.38,12.0,3.0,97.31,2024-01-05
mkt_005521,1,744.88,69.0,28.15,12.0,4.0,37.89,2024-01-10
mkt_005627,1,392.95,43.0,19.25,14.0,4.0,318.66,2024-01-05
mkt_008360,1,3133.08,177.0,19.98,9.0,9.0,286.03,2024-01-15
mkt_005872,1,726.68,9.0,25.86,9.0,3.0,440.35,2024-01-24
mkt_008612,1,1175.59,892.0,21.39,17.0,4.0,338.99,2024-01-01
mkt_007727,1,437.07,152.0,28.66,11.0,6.0,568.32,2024-01-22
mkt_005968,1,502.87,33.0,10.3,13.0,5.0,1101.37,2024-01-19
mkt_001180,0,372.12,469.0,19.59,12.0,9.0,426.13,2024-01-20
mkt_008762,1,79.43,218.0,23.8,10.0,9.0,1436.1,2024-01-26
mkt_008235,1,1737.82,271.0,28.72,11.0,8.0,1311.79,2024-01-19
mkt_002818,0,1059.2,52.0,15.46,18.0,7.0,403.87,2024-01-16
mkt_009964,1,626.21,268.0,64.41,8.0,2.0,376.54,2024-01-13
mkt_008703,1,148.57,717.0,13.58,13.0,9.0,140.17,2024-01-01
mkt_006608,1,230.61,152.0,17.08,12.0,0.0,1523.64,2024-01-26
mkt_002820,0,1007.59,170.0,15.38,11.0,6.0,86.46,2024-01-28
mkt_007535,1,607.43,186.0,3.78,15.0,0.0,332.86,2024-01-23
mkt_002260,0,366.64,101.0,105.56,14.0,1.0,218.23,2024-01-12
mkt_002239,0,264.22,28.0,8.81,12.0,6.0,142.66,2024-01-07
mkt_006021,1,87.39,12.0,5.09,9.0,0.0,96.67,2024-01-25
mkt_000782,0,501.51,112.0,65.53,8.0,7.0,229.79,2024-01-08
mkt_000932,0,474.94,83.0,44.65,10.0,5.0,149.88,2024-01-26
mkt_006202,1,519.89,172.0,28.8,8.0,4.0,687.1,2024-01-22
mkt_002412,0,118.95,31.0,39.93,8.0,6.0,148.16,2024-01-29
mkt_006997,1,429.22,46.0,7.04,11.0,7.0,79.38,2024-01-08
mkt_009115,1,245.81,163.0,21.24,16.0,3.0,291.33,2024-01-02
mkt_001156,0,873.34,47.0,73.29,17.0,4.0,463.05,2024-01-09
mkt_008107,1,378.09,382.0,13.56,19.0,9.0,529.7,2024-01-02
mkt_005805,1,427.32,196.0,92.12,13.0,7.0,360.71,2024-01-09
mkt_004879,1,463.03,181.0,4.65,11.0,0.0,187.32,2024-01-19
mkt_003309,0,155.03,106.0,7.57,11.0,5.0,210.5,2024-01-25
mkt_008961,1,125.86,246.0,82.48,9.0,6.0,106.72,2024-01-22
mkt_001702,0,69.28,5.0,13.08,13.0,2.0,60.65,2024-01-01
mkt_002492,0,22.61,14.0,5.74,13.0,2.0,65.35,2024-01-21
mkt_003706,0,962.5,235.0,5.8,14.0,2.0,257.67,2024-01-05
mkt_008276,1,342.93,24.0,64.03,12.0,4.0,48.63,2024-01-14
mkt_000286,0,181.3,52.0,52.5,11.0,0.0,21.52,2024-01-12
mkt_001608,0,747.92,62.0,26.94,5.0,6.0,754.25,2024-01-24
mkt_006631,1,488.21,26.0,17.6,13.0,5.0,195.18,2024-01-23
mkt_008278,1,182.36,478.0,52.0,10.0,7.0,690.07,2024-01-09
mkt_007315,1,506.2,8.0,13.32,10.0,1.0,62.88,2024-01-16
mkt_002252,0,45.1,12.0,3.67,13.0,4.0,82.16,2024-01-20
mkt_007415,1,231.39,32.0,6.56,16.0,2.0,286.89,2024-01-17
mkt_008365,1,140.3,15.0,25.87,9.0,2.0,154.67,2024-01-03
mkt_001891,0,115.25,71.0,16.27,11.0,2.0,65.97,2024-01-14
mkt_005062,1,2120.81,115.0,15.81,15.0,6.0,55.23,2024-01-30
mkt_006120,1,362.05,32.0,71.86,12.0,9.0,188.78,2024-01-07
mkt_000563,0,392.01,27.0,54.17,17.0,0.0,537.16,2024-01-25
mkt_000291,0,192.31,172.0,15.04,12.0,0.0,707.48,2024-01-22
mkt_004716,1,1048.35,27.0,10.55,10.0,4.0,652.77,2024-01-04
mkt_007708,1,196.71,232.0,7.21,13.0,2.0,485.0,2024-01-20
mkt_006349,1,232.84,39.0,11.4,15.0,1.0,186.02,2024-01-20
mkt_000169,0,110.74,13.0,24.66,10.0,4.0,92.23,2024-01-16
mkt_000267,0,320.94,5.0,5.25,17.0,6.0,77.45,2024-01-14
mkt_004638,1,184.18,62.0,24.92,8.0,3.0,229.71,2024-01-19
mkt_007077,1,100.31,56.0,13.22,11.0,7.0,341.03,2024-01-28
mkt_003355,0,206.33,464.0,3.53,9.0,7.0,1659.78,2024-01-18
mkt_008279,1,293.88,159.0,13.09,12.0,7.0,186.02,2024-01-04
mkt_000315,0,712.26,224.0,25.86,7.0,4.0,124.21,2024-01-25
mkt_006728,1,421.34,1371.0,39.9,9.0,7.0,161.71,2024-01-18
mkt_009495,1,237.92,958.0,38.45,6.0,2.0,1236.12,2024-01-17
mkt_004067,0,84.65,85.0,118.07,17.0,2.0,344.87,2024-01-30
mkt_000245,0,570.16,222.0,10.39,16.0,3.0,767.75,2024-01-11
mkt_000252,0,237.8,46.0,53.31,9.0,7.0,91.04,2024-01-10
mkt_001111,0,594.42,50.0,21.07,10.0,7.0,229.75,2024-01-02
mkt_004801,1,378.1,63.0,6.38,13.0,7.0,176.85,2024-01-08
mkt_001713,0,291.96,33.0,18.43,11.0,0.0,231.46,2024-01-05
mkt_000050,0,111.08,397.0,4.04,17.0,6.0,249.26,2024-01-24
mkt_001835,0,93.11,61.0,17.12,16.0,0.0,277.49,2024-01-19
mkt_007896,1,1846.81,481.0,63.81,15.0,5.0,127.65,2024-01-29
mkt_003383,0,565.59,922.0,57.04,7.0,4.0,67.87,2024-01-10
mkt_006410,1,656.42,529.0,24.64,11.0,2.0,660.86,2024-01-10
mkt_004313,0,1181.69,193.0,16.67,16.0,2.0,422.84,2024-01-04
mkt_000872,0,218.46,202.0,14.78,9.0,0.0,106.94,2024-01-24
mkt_001254,0,119.46,43.0,17.15,10.0,2.0,852.7,2024-01-12
mkt_008881,1,145.52,421.0,6.97,16.0,8.0,392.63,2024-01-05
mkt_005851,1,93.84,2.0,7.91,12.0,8.0,207.19,2024-01-09
mkt_005702,1,215.34,1303.0,22.05,12.0,4.0,190.5,2024-01-24
mkt_008103,1,112.42,66.0,24.18,9.0,7.0,49.54,2024-01-09
mkt_002098,0,745.16,1108.0,1.86,10.0,0.0,257.1,2024-01-14
mkt_005128,1,112.5,69.0,1.99,18.0,0.0,147.45,2024-01-10
mkt_000248,0,188.2,390.0,309.83,11.0,6.0,1306.51,2024-01-29
mkt_006561,1,137.17,421.0,57.55,22.0,9.0,742.56,2024-01-25
mkt_001339,0,125.86,30.0,9.13,21.0,3.0,362.91,2024-01-05
mkt_007017,1,585.14,139.0,9.28,16.0,8.0,452.31,2024-01-22
mkt_002110,0,240.83,152.0,16.07,12.0,3.0,422.06,2024-01-22
mkt_001569,0,335.61,83.0,22.88,11.0,4.0,166.63,2024-01-29
mkt_001726,0,357.67,367.0,13.49,16.0,4.0,158.52,2024-01-15
mkt_008384,1,127.28,316.0,1.71,15.0,8.0,116.01,2024-01-05
mkt_006940,1,2638.09,14.0,25.45,17.0,9.0,285.74,2024-01-30
mkt_004395,0,333.59,593.0,55.82,15.0,3.0,504.02,2024-01-23
mkt_002420,0,2221.91,130.0,16.58,15.0,0.0,281.21,2024-01-19
mkt_003045,0,344.62,204.0,13.73,9.0,0.0,136.55,2024-01-29
mkt_005503,1,373.57,368.0,15.03,10.0,5.0,228.36,2024-01-26
mkt_003703,0,248.45,315.0,1.18,16.0,3.0,785.48,2024-01-10
mkt_008191,1,764.7,157.0,3.69,13.0,7.0,361.86,2024-01-28
mkt_005331,1,573.39,364.0,7.54,13.0,2.0,571.12,2024-01-21
mkt_009808,1,162.24,568.0,20.56,5.0,9.0,261.75,2024-01-13
mkt_000447,0,286.65,83.0,39.94,11.0,9.0,181.34,2024-01-23
mkt_007894,1,166.39,34.0,23.16,13.0,4.0,50.77,2024-01-08
mkt_008728,1,349.8,62.0,7.44,8.0,2.0,88.53,2024-01-16
mkt_007828,1,1204.95,619.0,41.03,15.0,5.0,235.36,2024-01-22
mkt_001768,0,551.42,109.0,37.36,24.0,8.0,278.97,2024-01-03
mkt_006808,1,298.51,463.0,6.69,12.0,9.0,122.91,2024-01-15
mkt_004704,1,156.45,189.0,4.99,7.0,2.0,137.95,2024-01-12
mkt_003869,0,500.99,32.0,7.81,10.0,7.0,239.31,2024-01-12
mkt_001655,0,436.08,337.0,3.08,17.0,8.0,301.2,2024-01-17
mkt_003187,0,57.37,131.0,151.17,12.0,3.0,131.12,2024-01-02
mkt_000683,0,3131.85,476.0,8.21,6.0,1.0,3537.42,2024-01-20
mkt_004170,0,76.17,682.0,27.17,9.0,3.0,325.81,2024-01-11
mkt_004477,0,277.74,9.0,5.48,14.0,7.0,60.22,2024-01-02
mkt_000461,0,487.38,79.0,10.99,10.0,3.0,214.53,2024-01-11
mkt_005764,1,1087.48,159.0,33.95,13.0,8.0,677.26,2024-01-23
mkt_007522,1,165.73,98.0,44.83,8.0,3.0,323.4,2024-01-10
mkt_004502,1,206.35,79.0,26.96,11.0,9.0,362.86,2024-01-18
mkt_009709,1,103.86,98.0,12.48,13.0,0.0,234.68,2024-01-11
mkt_000318,0,1022.29,383.0,60.84,12.0,0.0,363.09,2024-01-26
mkt_001145,0,562.61,452.0,12.48,12.0,8.0,195.47,2024-01-03
mkt_005094,1,346.66,132.0,55.09,14.0,9.0,234.02,2024-01-09
mkt_001393,0,193.01,56.0,20.71,14.0,4.0,75.32,2024-01-24
mkt_006623,1,982.14,817.0,12.32,9.0,5.0,471.73,2024-01-03
mkt_001501,0,288.26,78.0,35.28,8.0,4.0,178.49,2024-01-11
mkt_006408,1,1186.29,93.0,6.32,11.0,1.0,284.93,2024-01-07
mkt_000376,0,101.51,48.0,103.21,16.0,5.0,168.88,2024-01-24
mkt_000410,0,234.67,42.0,49.09,18.0,4.0,35.19,2024-01-07
mkt_001660,0,1318.37,63.0,27.54,11.0,4.0,346.54,2024-01-03
mkt_003151,0,4285.74,55.0,27.43,14.0,0.0,83.01,2024-01-01
mkt_001623,0,139.76,19.0,20.68,12.0,9.0,323.05,2024-01-12
mkt_005609,1,653.56,939.0,13.59,12.0,6.0,508.44,2024-01-24
mkt_008532,1,123.28,112.0,3.23,12.0,5.0,56.84,2024-01-11
mkt_005802,1,363.92,156.0,146.27,20.0,7.0,626.39,2024-01-20
mkt_005306,1,1901.41,218.0,18.77,7.0,3.0,429.66,2024-01-18
mkt_007086,1,56.21,13.0,22.51,11.0,3.0,215.28,2024-01-18
mkt_008897,1,1148.87,135.0,5.96,15.0,7.0,254.14,2024-01-22
mkt_007488,1,655.29,98.0,55.54,12.0,9.0,82.89,2024-01-05
mkt_009615,1,315.97,415.0,19.93,14.0,3.0,187.9,2024-01-21
mkt_009217,1,833.25,295.0,134.28,10.0,6.0,210.94,2024-01-10
mkt_001672,0,235.27,397.0,34.79,7.0,2.0,130.81,2024-01-10
mkt_002358,0,43.89,88.0,7.98,6.0,5.0,737.62,2024-01-11
mkt_008467,1,391.89,28.0,23.44,18.0,5.0,93.48,2024-01-11
mkt_000274,0,125.27,54.0,30.38,12.0,6.0,118.19,2024-01-21
mkt_002473,0,1984.66,65.0,22.92,15.0,0.0,190.77,2024-01-25
mkt_005489,1,342.25,135.0,30.58,14.0,9.0,118.35,2024-01-22
mkt_004771,1,1540.56,43.0,12.24,12.0,8.0,80.76,2024-01-13
mkt_002107,0,978.06,388.0,74.58,10.0,4.0,585.62,2024-01-07
mkt_007500,1,584.79,610.0,36.36,7.0,8.0,1082.2,2024-01-21
mkt_004414,0,246.15,314.0,47.95,9.0,9.0,834.79,2024-01-08
mkt_008138,1,2986.89,2190.0,6.92,14.0,7.0,1328.25,2024-01-30
mkt_008660,1,69.31,61.0,18.23,11.0,5.0,175.44,2024-01-09
mkt_008239,1,2987.6,26.0,48.53,18.0,7.0,45.68,2024-01-24
mkt_002417,0,354.58,19.0,14.35,16.0,4.0,48.21,2024-01-05
mkt_008771,1,162.56,201.0,26.86,16.0,1.0,278.21,2024-01-09
mkt_002236,0,2483.59,328.0,36.48,10.0,4.0,917.9,2024-01-01
mkt_003767,0,1230.15,562.0,29.11,8.0,4.0,276.79,2024-01-08
mkt_009791,1,190.76,330.0,41.86,15.0,6.0,43.57,2024-01-02
mkt_009989,1,290.92,646.0,63.12,8.0,0.0,82.06,2024-01-18
mkt_009965,1,195.91,16.0,62.09,6.0,3.0,246.16,2024-01-13
mkt_007323,1,878.58,686.0,53.33,13.0,5.0,536.18,2024-01-18
mkt_001383,0,86.35,440.0,110.91,9.0,7.0,923.21,2024-01-10
mkt_003101,0,579.19,68.0,26.15,15.0,7.0,157.03,2024-01-06
mkt_003921,0,120.63,1825.0,19.95,22.0,4.0,1259.04,2024-01-22
mkt_006685,1,101.44,21.0,6.18,13.0,5.0,258.1,2024-01-18
mkt_003194,0,375.69,941.0,37.6,17.0,5.0,522.42,2024-01-06
mkt_001941,0,160.02,109.0,21.61,12.0,5.0,36.79,2024-01-24
mkt_007713,1,650.3,424.0,76.21,19.0,3.0,712.87,2024-01-29
mkt_004896,1,1249.54,1389.0,2.93,12.0,3.0,468.0,2024-01-10
mkt_004782,1,204.44,487.0,24.72,8.0,6.0,331.76,2024-01-24
mkt_001496,0,166.38,258.0,106.55,6.0,7.0,50.83,2024-01-14
mkt_001957,0,341.22,79.0,73.92,13.0,3.0,2078.46,2024-01-09
mkt_009171,1,380.64,454.0,73.95,14.0,2.0,91.59,2024-01-18
mkt_009745,1,175.15,34.0,28.44,9.0,3.0,248.92,2024-01-18
mkt_007332,1,152.29,895.0,37.03,14.0,8.0,456.63,2024-01-04
mkt_007949,1,103.78,7.0,25.39,9.0,5.0,27.41,2024-01-20
mkt_003017,0,2378.12,182.0,6.38,11.0,7.0,135.13,2024-01-05
mkt_006746,1,421.18,360.0,11.63,14.0,3.0,154.95,2024-01-25
mkt_000513,0,36.08,10.0,14.77,5.0,8.0,182.45,2024-01-10
mkt_003934,0,554.0,259.0,11.0,10.0,0.0,390.51,2024-01-15
mkt_003025,0,360.26,65.0,29.49,12.0,5.0,470.14,2024-01-12
mkt_001199,0,213.44,18.0,100.14,13.0,9.0,143.34,2024-01-07
mkt_005028,1,192.06,289.0,2.74,13.0,3.0,182.13,2024-01-08
mkt_009784,1,71.26,25.0,17.17,9.0,5.0,60.76,2024-01-16
mkt_000921,0,96.35,127.0,21.94,15.0,0.0,139.0,2024-01-08
mkt_004649,1,397.45,132.0,6.4,15.0,8.0,125.26,2024-01-06
mkt_005332,1,294.66,82.0,5.06,9.0,1.0,122.21,2024-01-02
mkt_001076,0,399.73,111.0,113.61,16.0,0.0,489.88,2024-01-20
mkt_006768,1,798.34,42.0,18.61,13.0,1.0,189.18,2024-01-12
mkt_009410,1,332.34,286.0,6.08,18.0,3.0,187.86,2024-01-01
mkt_001671,0,649.85,47.0,24.22,12.0,8.0,477.86,2024-01-11
mkt_000474,0,185.99,71.0,40.69,8.0,6.0,156.13,2024-01-10
mkt_009186,1,112.74,134.0,9.8,13.0,6.0,820.79,2024-01-23
mkt_008839,1,1140.53,34.0,90.86,12.0,9.0,69.8,2024-01-26
mkt_005758,1,138.38,97.0,6.01,11.0,2.0,152.1,2024-01-25
mkt_006297,1,153.68,74.0,29.32,14.0,0.0,278.0,2024-01-15
mkt_002478,0,200.61,335.0,5.58,11.0,7.0,479.86,2024-01-18
mkt_005493,1,645.91,242.0,37.99,9.0,6.0,402.63,2024-01-26
mkt_003914,0,324.89,57.0,43.84,12.0,8.0,171.3,2024-01-16
mkt_002138,0,288.51,302.0,56.3,12.0,2.0,117.76,2024-01-01
mkt_005454,1,207.35,85.0,5.04,14.0,7.0,803.89,2024-01-16
mkt_005379,1,1028.72,66.0,4.17,12.0,3.0,169.92,2024-01-06
mkt_008985,1,601.39,231.0,15.72,12.0,4.0,182.99,2024-01-11
mkt_004023,0,50.72,225.0,10.84,8.0,7.0,167.14,2024-01-16
mkt_003485,0,112.29,10.0,4.88,6.0,6.0,75.67,2024-01-14
mkt_002455,0,392.18,111.0,16.58,14.0,9.0,33.7,2024-01-06
mkt_002464,0,622.5,90.0,39.84,13.0,2.0,281.04,2024-01-10
mkt_008696,1,546.92,31.0,39.14,7.0,0.0,224.36,2024-01-20
mkt_001369,0,77.99,53.0,26.68,17.0,7.0,137.02,2024-01-03
mkt_006688,1,1683.34,272.0,7.62,15.0,0.0,65.65,2024-01-08
mkt_007456,1,189.99,44.0,14.39,8.0,5.0,90.88,2024-01-19
mkt_009974,1,257.86,108.0,92.5,8.0,4.0,553.24,2024-01-19
mkt_001901,0,842.77,16.0,32.83,8.0,5.0,73.58,2024-01-26
mkt_004871,1,104.45,160.0,15.26,15.0,9.0,681.04,2024-01-05
mkt_004710,1,272.39,73.0,205.94,7.0,4.0,103.34,2024-01-26
mkt_007886,1,108.12,75.0,10.27,11.0,5.0,85.68,2024-01-22
mkt_001793,0,770.27,116.0,18.86,10.0,4.0,263.11,2024-01-02
mkt_002874,0,39.15,149.0,52.65,9.0,0.0,135.68,2024-01-04
mkt_006217,1,554.62,54.0,9.1,10.0,1.0,175.59,2024-01-26
mkt_005213,1,105.92,79.0,11.66,13.0,8.0,825.51,2024-01-12
mkt_002245,0,1010.28,525.0,4.03,10.0,6.0,517.89,2024-01-19
mkt_001741,0,554.28,318.0,48.26,8.0,6.0,1639.19,2024-01-09
mkt_001020,0,1633.91,210.0,11.41,8.0,4.0,452.97,2024-01-14
mkt_000705,0,663.27,416.0,3.93,13.0,9.0,537.26,2024-01-24
mkt_004294,0,97.86,45.0,27.93,8.0,0.0,74.04,2024-01-22
mkt_005576,1,321.07,156.0,8.6,10.0,9.0,392.66,2024-01-24
mkt_007166,1,1440.89,739.0,22.56,15.0,6.0,258.86,2024-01-15
mkt_008177,1,618.09,54.0,10.76,12.0,2.0,339.53,2024-01-27
mkt_000908,0,107.54,7.0,3.62,10.0,5.0,126.56,2024-01-20
mkt_005193,1,128.86,48.0,8.64,11.0,9.0,91.37,2024-01-03
mkt_003077,0,209.5,218.0,18.2,9.0,4.0,456.84,2024-01-16
mkt_009366,1,619.52,31.0,5.06,12.0,7.0,237.18,2024-01-26
mkt_000594,0,162.51,473.0,15.8,17.0,0.0,1517.6,2024-01-13
mkt_005304,1,859.28,177.0,11.76,11.0,6.0,1118.19,2024-01-21
mkt_000440,0,327.78,270.0,299.82,11.0,2.0,137.06,2024-01-04
mkt_007606,1,2495.83,43.0,10.78,6.0,0.0,119.98,2024-01-17
mkt_004092,0,378.28,8.0,6.04,17.0,0.0,37.49,2024-01-19
mkt_006134,1,378.62,30.0,22.53,15.0,9.0,139.69,2024-01-19
mkt_000010,0,122.54,107.0,20.79,9.0,3.0,73.02,2024-01-24
mkt_003776,0,153.46,360.0,3.75,9.0,0.0,253.69,2024-01-11
mkt_008999,1,365.65,105.0,16.31,8.0,2.0,121.86,2024-01-01
mkt_003708,0,691.26,753.0,31.5,21.0,1.0,1734.67,2024-01-20
mkt_003780,0,63.68,74.0,3.44,14.0,7.0,94.86,2024-01-03
mkt_000093,0,2100.92,66.0,15.1,15.0,9.0,290.65,2024-01-13
mkt_009239,1,358.43,205.0,25.67,12.0,9.0,723.6,2024-01-30
mkt_003949,0,344.62,34.0,18.73,12.0,2.0,143.81,2024-01-17
mkt_005785,1,174.54,43.0,14.38,11.0,1.0,50.78,2024-01-16
mkt_004870,1,278.82,56.0,4.35,13.0,1.0,319.5,2024-01-07
mkt_004802,1,116.01,40.0,55.2,20.0,0.0,201.61,2024-01-16
mkt_004867,1,515.93,652.0,25.97,10.0,2.0,410.65,2024-01-23
mkt_000292,0,126.46,309.0,12.42,9.0,4.0,862.39,2024-01-08
mkt_007888,1,65.73,62.0,15.13,11.0,8.0,160.47,2024-01-26
mkt_007405,1,123.72,180.0,40.78,9.0,4.0,492.87,2024-01-11
mkt_005595,1,473.16,139.0,53.67,11.0,2.0,1488.43,2024-01-03
mkt_002886,0,554.6,54.0,31.29,16.0,4.0,221.22,2024-01-04
mkt_006454,1,745.28,67.0,13.33,11.0,3.0,219.65,2024-01-17
mkt_002542,0,400.98,234.0,37.85,18.0,3.0,190.23,2024-01-22
mkt_001765,0,342.64,269.0,14.66,11.0,4.0,1233.77,2024-01-16
mkt_006800,1,705.21,105.0,13.4,7.0,9.0,348.2,2024-01-05
mkt_001877,0,581.38,417.0,5.99,9.0,0.0,335.62,2024-01-27
mkt_001981,0,495.99,40.0,149.01,8.0,6.0,113.86,2024-01-09
mkt_009729,1,568.28,32.0,34.44,15.0,4.0,309.8,2024-01-03
mkt_009608,1,527.42,145.0,56.69,10.0,4.0,417.03,2024-01-21
mkt_002685,0,370.19,98.0,6.58,14.0,9.0,64.11,2024-01-10
mkt_008930,1,524.01,676.0,33.27,16.0,0.0,601.79,2024-01-18
mkt_003458,0,858.51,177.0,12.17,6.0,8.0,320.06,2024-01-16
mkt_004541,1,926.14,180.0,27.98,12.0,9.0,210.12,2024-01-11
mkt_002178,0,160.2,57.0,9.19,16.0,2.0,65.92,2024-01-23
mkt_004450,0,360.31,63.0,15.86,14.0,0.0,278.34,2024-01-10
mkt_003859,0,187.61,24.0,32.89,11.0,3.0,82.26,2024-01-16
mkt_007623,1,125.02,110.0,4.83,6.0,2.0,88.46,2024-01-02
mkt_007654,1,44.82,2.0,14.06,7.0,8.0,145.95,2024-01-07
mkt_004519,1,34.27,43.0,10.76,17.0,9.0,483.97,2024-01-26
mkt_002517,0,356.65,15.0,9.57,11.0,6.0,112.35,2024-01-22
mkt_004836,1,240.03,132.0,3.0,11.0,4.0,64.96,2024-01-11
mkt_002885,0,204.49,48.0,32.27,10.0,4.0,116.44,2024-01-24
mkt_007281,1,91.78,44.0,59.97,13.0,5.0,445.87,2024-01-19
mkt_006255,1,1307.39,46.0,36.02,14.0,6.0,184.92,2024-01-02
mkt_004539,1,509.94,256.0,44.81,13.0,9.0,161.72,2024-01-19
mkt_005639,1,61.6,283.0,8.37,11.0,3.0,512.01,2024-01-14
mkt_009459,1,41.48,54.0,42.01,17.0,0.0,217.43,2024-01-19
mkt_003481,0,672.08,85.0,34.71,18.0,8.0,533.61,2024-01-30
mkt_001277,0,667.55,187.0,6.31,12.0,3.0,26.23,2024-01-11
mkt_003146,0,139.25,21.0,5.78,11.0,4.0,91.76,2024-01-01
mkt_008262,1,182.2,32.0,6.37,16.0,5.0,623.65,2024-01-11
mkt_003205,0,354.14,55.0,5.24,10.0,9.0,357.62,2024-01-25
mkt_009892,1,348.32,9.0,12.68,20.0,1.0,86.7,2024-01-08
mkt_002742,0,225.29,172.0,14.32,9.0,5.0,231.76,2024-01-19
mkt_006076,1,3744.77,499.0,9.04,17.0,8.0,293.19,2024-01-10
mkt_004047,0,607.64,51.0,11.58,10.0,9.0,51.3,2024-01-26
mkt_005731,1,109.03,28.0,13.6,11.0,2.0,80.55,2024-01-17
mkt_002945,0,370.65,611.0,5.51,11.0,9.0,440.56,2024-01-30
mkt_005790,1,298.32,402.0,23.23,13.0,6.0,204.83,2024-01-23
mkt_006794,1,494.45,600.0,15.43,13.0,4.0,867.43,2024-01-23
mkt_006543,1,92.11,156.0,35.51,11.0,8.0,156.75,2024-01-29
mkt_000700,0,19.55,5.0,22.16,14.0,4.0,313.57,2024-01-11
mkt_003574,0,903.08,91.0,69.37,8.0,8.0,1386.76,2024-01-02
mkt_007699,1,135.58,44.0,11.61,9.0,8.0,131.73,2024-01-17
mkt_002515,0,242.11,42.0,88.8,12.0,4.0,275.5,2024-01-11
mkt_003000,0,61.3,24.0,120.17,13.0,6.0,178.82,2024-01-08
mkt_005820,1,185.85,205.0,55.85,9.0,5.0,530.87,2024-01-25
mkt_008581,1,384.47,136.0,21.7,9.0,4.0,145.33,2024-01-23
mkt_003684,0,141.67,30.0,52.98,8.0,0.0,736.04,2024-01-21
mkt_002995,0,1654.96,349.0,29.77,8.0,4.0,150.17,2024-01-26
mkt_004252,0,286.85,96.0,11.91,20.0,2.0,263.69,2024-01-14
mkt_003411,0,107.65,44.0,22.26,13.0,1.0,397.03,2024-01-19
mkt_007962,1,235.62,63.0,18.35,14.0,9.0,129.47,2024-01-12
mkt_006309,1,675.84,236.0,85.78,16.0,6.0,107.71,2024-01-26
mkt_008611,1,131.14,22.0,51.33,13.0,1.0,105.87,2024-01-26
mkt_005012,1,1293.09,58.0,7.39,20.0,1.0,206.2,2024-01-11
mkt_007750,1,530.92,21.0,9.26,14.0,5.0,67.95,2024-01-26
mkt_005979,1,845.31,300.0,8.51,16.0,1.0,1308.03,2024-01-02
mkt_004048,0,364.92,139.0,3.94,5.0,1.0,308.33,2024-01-25
mkt_004899,1,61.65,24.0,43.14,10.0,6.0,148.06,2024-01-24
mkt_001318,0,133.79,31.0,4.69,14.0,0.0,82.01,2024-01-11
mkt_009772,1,60.34,66.0,8.58,17.0,0.0,600.14,2024-01-02
mkt_009137,1,371.01,24.0,20.78,12.0,0.0,232.89,2024-01-20
mkt_007142,1,134.87,214.0,4.78,10.0,0.0,834.3,2024-01-10
mkt_001897,0,308.75,48.0,7.78,16.0,2.0,423.74,2024-01-29
mkt_007465,1,201.72,31.0,5.84,12.0,1.0,539.39,2024-01-23
mkt_000603,0,299.98,201.0,9.37,12.0,3.0,250.46,2024-01-10
mkt_002846,0,134.0,12.0,41.37,10.0,3.0,83.22,2024-01-19
mkt_008207,1,645.47,213.0,28.8,12.0,3.0,487.78,2024-01-02
mkt_000393,0,224.52,4.0,25.37,9.0,9.0,113.94,2024-01-13
mkt_004436,0,102.65,106.0,3.68,15.0,0.0,235.75,2024-01-12
mkt_009447,1,490.56,572.0,15.73,13.0,2.0,339.13,2024-01-11
mkt_007234,1,1078.55,219.0,26.47,13.0,3.0,1054.12,2024-01-26
mkt_005398,1,1347.58,2190.0,15.47,13.0,8.0,115.78,2024-01-13
mkt_000095,0,26.67,15.0,58.9,12.0,9.0,362.35,2024-01-20
mkt_001662,0,105.64,87.0,25.31,15.0,3.0,192.05,2024-01-14
mkt_008970,1,566.7,409.0,26.45,8.0,1.0,1262.08,2024-01-16
mkt_005130,1,96.53,44.0,100.3,7.0,3.0,276.61,2024-01-05
mkt_001488,0,1211.46,57.0,16.62,13.0,4.0,48.5,2024-01-09
mkt_008316,1,1844.51,871.0,11.82,13.0,7.0,401.46,2024-01-15
mkt_002707,0,445.69,5.0,124.57,12.0,3.0,89.44,2024-01-26
mkt_001595,0,111.37,191.0,49.3,11.0,9.0,350.47,2024-01-08
mkt_009277,1,345.47,181.0,21.81,16.0,1.0,132.88,2024-01-29
mkt_002377,0,393.09,18.0,18.19,16.0,7.0,122.75,2024-01-29
mkt_005140,1,73.42,52.0,20.14,8.0,9.0,747.32,2024-01-26
mkt_006147,1,186.47,480.0,37.81,11.0,4.0,64.49,2024-01-24
mkt_008241,1,550.16,426.0,81.9,10.0,9.0,80.19,2024-01-08
mkt_003948,0,1409.42,118.0,34.88,13.0,0.0,363.02,2024-01-11
mkt_003933,0,438.08,50.0,92.06,8.0,0.0,271.93,2024-01-15
mkt_004797,1,238.77,18.0,21.16,14.0,8.0,24.35,2024-01-30
mkt_004372,0,33.32,22.0,7.3,11.0,1.0,113.93,2024-01-30
mkt_009862,1,813.71,170.0,9.53,13.0,4.0,256.63,2024-01-18
mkt_008242,1,347.48,54.0,52.32,14.0,7.0,265.33,2024-01-02
mkt_003448,0,39.01,2.0,36.13,10.0,6.0,42.05,2024-01-01
mkt_002943,0,460.6,81.0,14.49,12.0,0.0,302.6,2024-01-13
mkt_002465,0,54.59,44.0,12.26,13.0,5.0,133.29,2024-01-26
mkt_008582,1,238.42,3.0,98.6,13.0,0.0,207.18,2024-01-12
mkt_005506,1,202.12,391.0,9.44,14.0,4.0,443.91,2024-01-25
mkt_002698,0,420.37,503.0,21.18,17.0,7.0,921.06,2024-01-26
mkt_002447,0,651.93,66.0,99.36,17.0,6.0,1989.07,2024-01-02
mkt_000019,0,711.09,38.0,9.06,15.0,0.0,38.63,2024-01-02
mkt_002748,0,334.42,73.0,15.14,6.0,8.0,152.0,2024-01-13
mkt_005399,1,2799.5,1344.0,39.64,11.0,0.0,464.06,2024-01-06
mkt_008078,1,356.8,94.0,12.73,11.0,8.0,303.85,2024-01-06
mkt_006871,1,487.67,160.0,16.45,14.0,0.0,143.36,2024-01-19
mkt_004708,1,89.53,368.0,6.94,10.0,6.0,338.48,2024-01-06
mkt_009476,1,2286.13,60.0,102.41,11.0,0.0,88.76,2024-01-18
mkt_000809,0,80.04,97.0,19.26,10.0,1.0,258.97,2024-01-03
mkt_007477,1,137.17,19.0,12.13,15.0,9.0,160.93,2024-01-01
mkt_002273,0,2365.71,171.0,31.63,12.0,2.0,2030.71,2024-01-07
mkt_001923,0,709.01,105.0,38.79,16.0,6.0,246.29,2024-01-23
mkt_001470,0,767.39,151.0,6.27,4.0,2.0,368.6,2024-01-13
mkt_007934,1,127.1,24.0,42.16,14.0,4.0,99.89,2024-01-04
mkt_007407,1,581.08,46.0,12.12,8.0,5.0,196.86,2024-01-15
mkt_002406,0,594.81,447.0,5.97,11.0,1.0,156.93,2024-01-01
mkt_001142,0,174.9,276.0,122.27,9.0,4.0,464.28,2024-01-24
mkt_001747,0,796.9,334.0,10.0,8.0,9.0,1288.04,2024-01-02
mkt_005709,1,5658.23,2190.0,42.18,10.0,5.0,622.11,2024-01-13
mkt_004975,1,150.06,128.0,6.89,13.0,6.0,295.03,2024-01-10
mkt_007300,1,808.73,254.0,7.88,12.0,5.0,335.64,2024-01-25
mkt_008148,1,921.42,189.0,43.62,11.0,8.0,555.33,2024-01-10
mkt_002833,0,18.56,41.0,18.64,16.0,4.0,941.79,2024-01-15
mkt_003131,0,610.73,557.0,4.18,9.0,1.0,227.68,2024-01-15
mkt_001310,0,950.5,124.0,166.0,13.0,6.0,345.2,2024-01-24
mkt_008650,1,4551.66,2002.0,27.84,7.0,8.0,791.89,2024-01-07
mkt_006774,1,642.1,276.0,27.92,10.0,3.0,259.75,2024-01-08
mkt_006756,1,199.76,46.0,1.24,16.0,2.0,260.33,2024-01-05
mkt_000620,0,124.94,127.0,22.65,14.0,8.0,71.57,2024-01-18
mkt_002701,0,469.59,406.0,63.76,11.0,1.0,415.79,2024-01-09
mkt_002199,0,2019.06,814.0,2.34,10.0,6.0,146.03,2024-01-06
mkt_006196,1,856.77,730.0,6.72,15.0,0.0,1132.39,2024-01-21
mkt_008824,1,140.58,48.0,69.51,6.0,1.0,142.88,2024-01-29
mkt_001046,0,418.57,348.0,48.09,10.0,8.0,141.06,2024-01-29
mkt_005768,1,778.53,171.0,6.36,18.0,5.0,262.5,2024-01-09
mkt_009947,1,72.8,70.0,3.83,8.0,1.0,201.59,2024-01-13
mkt_009019,1,160.88,8.0,32.35,15.0,0.0,29.33,2024-01-18
mkt_000743,0,1349.11,44.0,32.07,9.0,7.0,110.82,2024-01-07
mkt_000222,0,192.68,146.0,13.26,10.0,3.0,80.49,2024-01-27
mkt_003149,0,323.24,38.0,8.54,8.0,7.0,38.43,2024-01-28
mkt_000625,0,370.02,67.0,25.6,11.0,9.0,137.02,2024-01-25
mkt_009334,1,245.44,19.0,7.24,12.0,3.0,224.06,2024-01-07
mkt_007566,1,255.27,76.0,18.73,11.0,4.0,356.75,2024-01-17
mkt_004582,1,126.73,45.0,10.93,16.0,2.0,150.96,2024-01-18
mkt_005711,1,169.21,627.0,77.11,14.0,4.0,459.85,2024-01-02
mkt_003284,0,1104.84,378.0,14.42,16.0,4.0,223.93,2024-01-09
mkt_007585,1,1699.38,438.0,107.28,11.0,2.0,50.96,2024-01-26
mkt_009646,1,1262.3,278.0,5.46,20.0,1.0,127.19,2024-01-11
mkt_001530,0,493.71,153.0,4.38,7.0,8.0,103.12,2024-01-23
mkt_009685,1,132.64,20.0,6.14,16.0,8.0,55.65,2024-01-19
mkt_000353,0,288.36,23.0,11.91,16.0,6.0,1258.08,2024-01-30
mkt_002474,0,921.01,49.0,28.44,13.0,1.0,32.79,2024-01-25
mkt_008013,1,69.55,15.0,19.65,14.0,7.0,136.6,2024-01-09
mkt_006475,1,1008.09,642.0,9.76,19.0,2.0,789.61,2024-01-24
mkt_006449,1,1813.25,97.0,6.41,16.0,3.0,698.18,2024-01-04
mkt_000239,0,276.03,14.0,29.3,10.0,5.0,30.32,2024-01-21
mkt_002625,0,272.67,38.0,19.27,17.0,9.0,130.64,2024-01-06
mkt_009786,1,297.67,170.0,8.38,12.0,8.0,165.35,2024-01-09
mkt_007198,1,150.37,208.0,8.17,8.0,8.0,263.77,2024-01-26
mkt_007692,1,345.22,81.0,67.56,8.0,7.0,136.14,2024-01-21
mkt_002997,0,150.81,8.0,7.89,17.0,2.0,293.62,2024-01-05
mkt_006440,1,284.77,240.0,56.08,9.0,4.0,419.95,2024-01-12
mkt_004562,1,691.03,232.0,83.47,16.0,1.0,343.83,2024-01-02
mkt_008614,1,75.38,34.0,1.99,10.0,2.0,111.29,2024-01-30
mkt_001479,0,124.31,52.0,47.6,16.0,7.0,42.14,2024-01-26
mkt_001018,0,583.9,76.0,25.28,9.0,5.0,206.58,2024-01-25
mkt_003094,0,241.63,1523.0,38.32,6.0,2.0,700.96,2024-01-24
mkt_006182,1,417.05,54.0,23.33,6.0,8.0,162.14,2024-01-18
mkt_004960,1,1137.38,85.0,28.85,13.0,0.0,282.56,2024-01-29
mkt_008492,1,150.59,18.0,59.98,16.0,4.0,140.67,2024-01-20
mkt_001103,0,140.14,200.0,83.52,13.0,3.0,2330.12,2024-01-17
mkt_006081,1,948.55,31.0,33.66,15.0,8.0,407.94,2024-01-23
mkt_009525,1,997.42,420.0,6.15,16.0,5.0,265.98,2024-01-05
mkt_005190,1,84.17,115.0,20.57,11.0,7.0,104.2,2024-01-24
mkt_004181,0,426.6,152.0,111.53,10.0,8.0,277.99,2024-01-11
mkt_004467,0,54.6,110.0,500.0,8.0,0.0,146.66,2024-01-09
mkt_001626,0,37.66,45.0,19.04,8.0,2.0,64.13,2024-01-08
mkt_006717,1,257.34,423.0,23.24,9.0,8.0,123.41,2024-01-19
mkt_003798,0,878.31,696.0,68.24,16.0,5.0,160.58,2024-01-15
mkt_003053,0,287.79,31.0,36.28,10.0,1.0,203.34,2024-01-21
mkt_002867,0,201.72,160.0,27.11,9.0,7.0,78.44,2024-01-16
mkt_001432,0,326.04,143.0,36.77,11.0,0.0,96.33,2024-01-28
mkt_007983,1,28.76,33.0,12.12,10.0,2.0,1439.97,2024-01-29
mkt_009346,1,486.28,724.0,9.97,9.0,0.0,113.52,2024-01-15
mkt_009419,1,102.99,360.0,11.76,7.0,9.0,365.05,2024-01-02
mkt_004076,0,396.06,39.0,9.9,16.0,3.0,170.33,2024-01-30
mkt_000217,0,107.37,36.0,21.26,17.0,8.0,439.78,2024-01-13
mkt_003555,0,524.35,147.0,49.02,11.0,0.0,141.02,2024-01-10
mkt_007936,1,600.53,56.0,84.84,11.0,9.0,429.97,2024-01-26
mkt_008421,1,127.48,56.0,22.25,10.0,9.0,144.27,2024-01-11
mkt_001034,0,225.06,198.0,11.58,7.0,7.0,110.67,2024-01-03
mkt_003773,0,636.54,101.0,103.14,7.0,4.0,232.12,2024-01-04
mkt_004132,0,685.24,316.0,9.47,12.0,5.0,474.93,2024-01-02
mkt_002335,0,321.26,122.0,68.4,12.0,8.0,281.4,2024-01-18
mkt_006492,1,1279.08,84.0,88.44,10.0,7.0,293.74,2024-01-14
mkt_001482,0,113.02,43.0,16.46,10.0,2.0,140.37,2024-01-21
mkt_000906,0,241.21,73.0,71.84,13.0,8.0,139.39,2024-01-23
mkt_006088,1,105.9,54.0,26.71,12.0,3.0,249.1,2024-01-01
mkt_006466,1,1198.43,526.0,159.29,6.0,5.0,866.7,2024-01-05
mkt_005676,1,814.89,118.0,7.48,10.0,1.0,345.7,2024-01-02
mkt_002770,0,76.04,7.0,8.8,14.0,4.0,366.41,2024-01-08
mkt_001805,0,198.68,43.0,42.64,15.0,0.0,520.89,2024-01-14
mkt_007374,1,803.93,84.0,24.76,18.0,0.0,308.5,2024-01-19
mkt_002114,0,1254.62,83.0,14.59,13.0,7.0,265.55,2024-01-26
mkt_004534,1,1037.76,214.0,2.01,18.0,3.0,268.75,2024-01-08
mkt_002531,0,159.61,110.0,12.02,17.0,4.0,936.69,2024-01-18
mkt_008525,1,421.01,96.0,8.97,12.0,8.0,284.51,2024-01-22
mkt_003470,0,92.1,142.0,188.56,9.0,2.0,245.45,2024-01-11
mkt_001402,0,56.88,32.0,18.8,8.0,7.0,217.34,2024-01-23
mkt_000852,0,392.47,68.0,62.48,19.0,8.0,186.57,2024-01-11
mkt_003082,0,205.98,47.0,17.62,6.0,3.0,94.14,2024-01-08
mkt_008024,1,297.57,31.0,13.78,11.0,5.0,13.81,2024-01-15
mkt_007565,1,914.75,81.0,18.09,17.0,5.0,143.7,2024-01-14
mkt_005529,1,33.65,16.0,32.64,10.0,6.0,77.19,2024-01-13
mkt_007854,1,408.53,73.0,19.05,19.0,9.0,255.78,2024-01-16
mkt_004932,1,164.83,253.0,14.37,10.0,5.0,173.22,2024-01-09
mkt_005159,1,4995.88,201.0,12.11,11.0,0.0,565.13,2024-01-30
mkt_009715,1,329.6,360.0,33.8,14.0,5.0,318.61,2024-01-16
mkt_003846,0,606.96,296.0,12.36,11.0,5.0,343.45,2024-01-04
mkt_006483,1,266.99,2018.0,36.54,17.0,5.0,2239.7,2024-01-10
mkt_000747,0,158.45,59.0,32.35,8.0,7.0,200.37,2024-01-10
mkt_003034,0,96.71,33.0,7.95,9.0,9.0,123.42,2024-01-01
mkt_000347,0,467.42,274.0,11.41,13.0,7.0,340.12,2024-01-09
mkt_003351,0,138.12,38.0,46.57,14.0,8.0,33.18,2024-01-19
mkt_002864,0,958.72,333.0,36.47,7.0,7.0,483.67,2024-01-09
mkt_002167,0,477.96,69.0,1.33,16.0,9.0,446.75,2024-01-14
mkt_006954,1,553.88,57.0,12.82,14.0,8.0,471.46,2024-01-09
mkt_006209,1,188.45,74.0,15.63,15.0,4.0,153.16,2024-01-25
mkt_002777,0,161.75,88.0,6.01,16.0,6.0,173.17,2024-01-20
mkt_001441,0,1525.0,149.0,29.41,16.0,5.0,89.43,2024-01-28
mkt_005657,1,311.78,196.0,6.35,10.0,1.0,119.14,2024-01-10
mkt_009657,1,65.04,10.0,16.23,10.0,3.0,175.5,2024-01-16
mkt_003027,0,601.68,1568.0,18.43,15.0,8.0,211.35,2024-01-02
mkt_006117,1,560.83,417.0,13.17,9.0,6.0,796.91,2024-01-03
mkt_002483,0,50.34,64.0,13.08,12.0,3.0,110.12,2024-01-09
mkt_002882,0,57.74,41.0,6.21,15.0,7.0,540.42,2024-01-06
mkt_005561,1,146.61,73.0,34.43,10.0,8.0,282.62,2024-01-09
mkt_000763,0,611.58,203.0,10.34,9.0,5.0,365.88,2024-01-30
mkt_006481,1,72.01,134.0,68.08,12.0,9.0,270.5,2024-01-20
mkt_001616,0,221.42,28.0,4.15,14.0,9.0,70.28,2024-01-15
mkt_001222,0,630.98,123.0,30.56,13.0,6.0,266.44,2024-01-23
mkt_008664,1,341.04,110.0,31.82,9.0,0.0,82.5,2024-01-28
mkt_006221,1,1864.02,232.0,17.83,8.0,0.0,1817.65,2024-01-24
mkt_001576,0,392.34,186.0,20.59,13.0,0.0,177.64,2024-01-23
mkt_009391,1,287.78,250.0,53.49,16.0,9.0,139.19,2024-01-29
mkt_006350,1,1374.57,469.0,42.89,13.0,6.0,616.82,2024-01-09
mkt_003782,0,446.22,205.0,2.72,14.0,3.0,375.01,2024-01-22
mkt_004374,0,350.77,36.0,33.85,16.0,4.0,71.36,2024-01-03
mkt_000708,0,177.78,40.0,81.11,21.0,2.0,246.02,2024-01-20
mkt_000509,0,390.21,36.0,2.94,11.0,0.0,251.18,2024-01-24
mkt_002954,0,518.3,176.0,29.8,17.0,3.0,215.13,2024-01-30
mkt_007537,1,144.97,312.0,6.28,12.0,7.0,118.48,2024-01-02
mkt_006338,1,572.99,63.0,22.97,6.0,2.0,134.74,2024-01-22
mkt_008922,1,3868.41,373.0,3.26,11.0,6.0,2442.42,2024-01-03
mkt_007063,1,752.3,354.0,13.63,9.0,3.0,334.25,2024-01-30
mkt_007162,1,198.97,106.0,11.2,10.0,2.0,235.7,2024-01-25
mkt_007371,1,686.97,78.0,18.31,12.0,5.0,632.88,2024-01-06
mkt_006828,1,290.97,85.0,40.11,13.0,9.0,92.89,2024-01-28
mkt_003615,0,229.11,188.0,54.18,10.0,5.0,55.66,2024-01-11
mkt_004656,1,227.76,79.0,28.05,13.0,9.0,562.98,2024-01-19
mkt_006975,1,100.35,126.0,12.4,12.0,2.0,206.25,2024-01-23
mkt_004350,0,391.35,8.0,300.31,14.0,1.0,396.17,2024-01-01
mkt_000711,0,610.87,59.0,78.26,14.0,4.0,108.01,2024-01-27
mkt_006478,1,265.54,175.0,6.02,12.0,3.0,218.08,2024-01-16
mkt_009129,1,189.33,159.0,16.91,17.0,0.0,267.31,2024-01-24
mkt_008204,1,107.07,324.0,26.98,5.0,0.0,628.36,2024-01-03
mkt_009203,1,302.94,189.0,8.53,6.0,7.0,146.58,2024-01-05
mkt_000712,0,461.57,171.0,15.95,8.0,1.0,146.95,2024-01-17
mkt_009112,1,454.31,207.0,25.28,6.0,8.0,156.75,2024-01-06
mkt_001245,0,131.61,10.0,64.77,12.0,7.0,98.06,2024-01-17
mkt_009785,1,575.65,156.0,20.27,14.0,4.0,209.86,2024-01-30
mkt_006848,1,277.34,8.0,114.98,12.0,9.0,36.43,2024-01-30
mkt_005133,1,559.27,106.0,24.94,6.0,2.0,174.52,2024-01-07
mkt_000715,0,823.67,1825.0,4.62,18.0,8.0,709.83,2024-01-11
mkt_003463,0,255.1,109.0,10.35,14.0,5.0,122.11,2024-01-01
mkt_004394,0,207.31,363.0,14.23,10.0,9.0,407.31,2024-01-08
mkt_004568,1,168.87,181.0,21.52,11.0,3.0,354.95,2024-01-02
mkt_008803,1,322.35,39.0,41.26,10.0,4.0,1444.01,2024-01-29
mkt_008489,1,2062.06,1372.0,6.78,11.0,5.0,1238.11,2024-01-08
mkt_007701,1,1297.19,54.0,110.64,8.0,9.0,710.77,2024-01-24
mkt_000212,0,721.91,791.0,7.73,10.0,9.0,221.83,2024-01-17
mkt_009767,1,126.7,33.0,25.1,13.0,2.0,311.93,2024-01-20
mkt_006838,1,213.79,76.0,16.75,10.0,9.0,49.34,2024-01-04
mkt_001010,0,116.69,123.0,36.37,9.0,4.0,150.11,2024-01-17
mkt_000323,0,148.0,30.0,85.18,18.0,5.0,426.91,2024-01-19
mkt_005396,1,4699.1,25.0,26.43,15.0,4.0,281.68,2024-01-27
mkt_005990,1,153.54,244.0,14.42,4.0,0.0,317.04,2024-01-22
mkt_003172,0,1242.47,141.0,85.91,10.0,5.0,318.31,2024-01-30
mkt_000334,0,178.41,53.0,101.79,13.0,2.0,644.23,2024-01-01
mkt_008305,1,300.29,15.0,18.07,10.0,4.0,81.01,2024-01-19
mkt_002210,0,334.93,84.0,107.35,13.0,4.0,396.14,2024-01-30
mkt_004271,0,92.92,156.0,3.2,14.0,5.0,406.87,2024-01-13
mkt_006740,1,93.69,294.0,16.0,14.0,8.0,488.14,2024-01-17
mkt_000233,0,169.66,290.0,14.61,9.0,2.0,1539.99,2024-01-17
mkt_005950,1,272.65,861.0,4.67,15.0,3.0,230.84,2024-01-06
mkt_005737,1,298.49,286.0,12.63,11.0,5.0,1405.57,2024-01-28
mkt_007921,1,100.73,57.0,6.67,14.0,9.0,474.33,2024-01-17
mkt_002348,0,233.74,60.0,20.17,9.0,5.0,140.37,2024-01-17
mkt_002036,0,222.83,155.0,5.71,10.0,0.0,879.53,2024-01-05
mkt_007484,1,166.78,79.0,11.41,13.0,6.0,585.38,2024-01-05
mkt_006006,1,385.26,51.0,63.98,11.0,8.0,196.16,2024-01-09
mkt_004553,1,1460.47,34.0,11.54,14.0,5.0,99.42,2024-01-26
mkt_008072,1,271.08,75.0,22.67,13.0,5.0,133.64,2024-01-28
mkt_001458,0,417.2,28.0,12.09,12.0,6.0,157.21,2024-01-08
mkt_003288,0,1060.91,542.0,7.8,7.0,2.0,76.61,2024-01-14
mkt_003064,0,38.44,159.0,319.88,12.0,0.0,262.78,2024-01-11
mkt_009436,1,273.0,54.0,60.17,8.0,2.0,27.58,2024-01-09
mkt_000774,0,114.56,246.0,33.08,15.0,7.0,774.84,2024-01-09
mkt_006832,1,437.75,34.0,10.3,10.0,5.0,122.57,2024-01-10
mkt_000871,0,174.02,20.0,7.34,9.0,6.0,145.24,2024-01-19
mkt_008749,1,322.7,19.0,6.48,11.0,0.0,254.62,2024-01-13
mkt_001263,0,225.52,247.0,4.64,11.0,0.0,748.2,2024-01-18
mkt_004833,1,188.85,20.0,9.48,12.0,7.0,86.65,2024-01-08
mkt_003894,0,200.72,21.0,15.78,9.0,4.0,122.95,2024-01-23
mkt_006323,1,564.59,1458.0,42.62,15.0,7.0,664.69,2024-01-21
mkt_009212,1,298.78,52.0,21.82,14.0,8.0,187.63,2024-01-08
mkt_007019,1,6434.44,105.0,59.66,15.0,4.0,101.91,2024-01-28
mkt_001220,0,36.15,20.0,23.94,6.0,5.0,155.09,2024-01-15
mkt_001446,0,53.48,14.0,151.11,16.0,0.0,73.03,2024-01-21
mkt_003184,0,415.41,66.0,31.17,10.0,3.0,127.27,2024-01-08
mkt_000408,0,229.04,75.0,10.51,14.0,0.0,420.34,2024-01-04
mkt_004344,0,654.97,160.0,19.59,11.0,8.0,150.39,2024-01-18
mkt_003021,0,52.07,57.0,17.58,11.0,6.0,33.61,2024-01-06
mkt_002303,0,61.82,15.0,5.76,17.0,8.0,190.87,2024-01-14
mkt_006271,1,1833.19,124.0,5.78,12.0,9.0,357.63,2024-01-05
mkt_008280,1,93.46,156.0,11.37,4.0,5.0,87.68,2024-01-18
mkt_006641,1,64.03,304.0,7.37,9.0,8.0,377.21,2024-01-21
mkt_006955,1,2371.58,84.0,17.1,14.0,6.0,1045.87,2024-01-05
mkt_002109,0,141.27,75.0,179.57,26.0,4.0,162.45,2024-01-11
mkt_005351,1,275.26,105.0,14.21,16.0,1.0,82.42,2024-01-28
mkt_009683,1,372.93,72.0,7.11,9.0,1.0,202.74,2024-01-16
mkt_008343,1,162.47,24.0,13.05,14.0,5.0,152.2,2024-01-09
mkt_004549,1,281.74,181.0,30.71,11.0,2.0,147.57,2024-01-04
mkt_001880,0,1312.0,320.0,35.48,7.0,2.0,1164.82,2024-01-10
mkt_005945,1,907.91,924.0,53.66,13.0,4.0,634.21,2024-01-06
mkt_001737,0,1468.33,153.0,19.65,14.0,4.0,1086.19,2024-01-13
mkt_007793,1,199.42,273.0,31.13,17.0,2.0,248.34,2024-01-08
mkt_005212,1,636.11,21.0,41.43,16.0,8.0,71.99,2024-01-12
mkt_003208,0,2935.16,88.0,6.31,9.0,1.0,142.03,2024-01-21
mkt_007082,1,194.62,34.0,16.16,17.0,9.0,175.18,2024-01-08
mkt_002055,0,265.0,55.0,15.56,9.0,2.0,169.31,2024-01-11
mkt_001688,0,1019.76,129.0,62.7,12.0,4.0,1489.39,2024-01-03
mkt_004779,1,489.08,231.0,5.12,6.0,7.0,239.38,2024-01-22
mkt_007475,1,297.84,25.0,9.88,13.0,9.0,37.29,2024-01-16
mkt_007876,1,116.45,76.0,54.32,14.0,4.0,101.68,2024-01-17
mkt_006749,1,398.18,72.0,58.58,12.0,9.0,228.51,2024-01-02
mkt_008555,1,196.53,114.0,29.57,10.0,3.0,145.93,2024-01-16
mkt_008122,1,528.62,44.0,14.56,10.0,8.0,59.33,2024-01-22
mkt_006990,1,226.75,6.0,18.78,7.0,7.0,35.46,2024-01-23
mkt_008266,1,627.8,78.0,40.3,13.0,0.0,1288.41,2024-01-09
mkt_008539,1,1128.22,22.0,43.79,15.0,7.0,61.1,2024-01-04
mkt_003392,0,553.69,115.0,11.93,7.0,5.0,147.58,2024-01-11
mkt_006325,1,1015.54,362.0,4.17,17.0,7.0,150.88,2024-01-27
mkt_003528,0,125.56,86.0,27.46,9.0,9.0,379.99,2024-01-14
mkt_004604,1,476.39,37.0,16.24,9.0,2.0,66.25,2024-01-07
mkt_007023,1,535.04,34.0,4.25,8.0,9.0,104.86,2024-01-18
mkt_006321,1,1787.67,498.0,34.6,13.0,1.0,157.33,2024-01-27
mkt_000745,0,198.37,199.0,15.73,9.0,2.0,292.88,2024-01-09
mkt_000710,0,89.54,63.0,3.56,16.0,1.0,202.97,2024-01-20
mkt_000379,0,206.25,17.0,10.87,7.0,4.0,683.43,2024-01-04
mkt_008782,1,72.63,4.0,84.53,10.0,3.0,56.26,2024-01-27
mkt_003011,0,416.06,55.0,2.61,7.0,9.0,75.73,2024-01-19
mkt_008858,1,1048.2,85.0,27.52,10.0,7.0,357.73,2024-01-26
mkt_007152,1,58.06,338.0,5.41,16.0,2.0,301.63,2024-01-05
mkt_008566,1,502.26,184.0,18.12,14.0,5.0,307.97,2024-01-07
mkt_003497,0,113.7,47.0,11.7,11.0,7.0,290.81,2024-01-23
mkt_003889,0,250.53,9.0,10.46,21.0,9.0,117.92,2024-01-24
mkt_004484,0,998.06,186.0,41.97,12.0,1.0,746.22,2024-01-05
mkt_004011,0,152.88,44.0,57.55,6.0,9.0,144.91,2024-01-17
mkt_002619,0,105.26,13.0,25.71,15.0,7.0,290.92,2024-01-12
mkt_006670,1,265.4,152.0,79.16,14.0,7.0,718.05,2024-01-10
mkt_006512,1,171.03,105.0,10.0,6.0,7.0,111.11,2024-01-07
mkt_003467,0,203.88,45.0,28.16,11.0,6.0,126.63,2024-01-17
mkt_001313,0,111.11,19.0,56.34,15.0,8.0,305.93,2024-01-16
mkt_008605,1,640.58,114.0,18.34,19.0,1.0,264.22,2024-01-02
mkt_002069,0,86.55,34.0,17.4,14.0,8.0,609.85,2024-01-13
mkt_002982,0,815.09,87.0,8.51,11.0,7.0,159.12,2024-01-04
mkt_005914,1,2092.91,40.0,1.8,11.0,7.0,264.7,2024-01-24
mkt_009170,1,1074.93,384.0,23.92,6.0,1.0,238.35,2024-01-08
mkt_001285,0,244.83,20.0,69.87,13.0,1.0,254.75,2024-01-04
mkt_008990,1,409.01,76.0,24.59,7.0,5.0,135.02,2024-01-30
mkt_008429,1,358.29,434.0,4.56,14.0,7.0,490.76,2024-01-07
mkt_001349,0,88.61,343.0,33.98,10.0,1.0,211.39,2024-01-11
mkt_002611,0,416.23,35.0,73.56,12.0,5.0,306.6,2024-01-18
mkt_009494,1,1153.92,2041.0,40.62,15.0,9.0,2199.31,2024-01-03
mkt_003668,0,163.55,789.0,22.78,15.0,5.0,235.49,2024-01-10
mkt_002221,0,116.26,60.0,66.28,12.0,4.0,247.72,2024-01-03
mkt_000427,0,46.58,261.0,35.31,9.0,9.0,405.5,2024-01-03
mkt_000653,0,87.93,509.0,19.02,11.0,6.0,56.91,2024-01-24
mkt_009913,1,634.4,159.0,260.37,9.0,7.0,66.49,2024-01-05
mkt_003535,0,882.88,294.0,43.34,11.0,9.0,61.62,2024-01-30
mkt_007736,1,224.34,76.0,30.89,9.0,9.0,304.51,2024-01-03
mkt_003245,0,267.03,212.0,118.61,18.0,9.0,142.41,2024-01-08
mkt_004740,1,66.18,75.0,4.88,11.0,7.0,62.73,2024-01-10
mkt_009068,1,1316.85,264.0,25.92,8.0,4.0,350.86,2024-01-23
mkt_004099,0,260.79,37.0,12.07,14.0,3.0,130.12,2024-01-09
mkt_004100,0,217.76,47.0,48.31,19.0,9.0,111.84,2024-01-03
mkt_006959,1,878.14,30.0,20.11,13.0,2.0,115.54,2024-01-27
mkt_000611,0,360.23,16.0,30.64,12.0,6.0,74.22,2024-01-05
mkt_004288,0,373.71,382.0,25.83,7.0,2.0,325.02,2024-01-11
mkt_008570,1,557.03,121.0,13.72,9.0,5.0,311.61,2024-01-25
mkt_009712,1,139.91,50.0,60.44,11.0,8.0,302.76,2024-01-18
mkt_001543,0,86.64,75.0,12.86,15.0,5.0,607.69,2024-01-24
mkt_009535,1,191.45,40.0,11.69,11.0,4.0,37.62,2024-01-02
mkt_003853,0,52.88,4.0,47.02,8.0,9.0,119.64,2024-01-08
mkt_000554,0,200.32,816.0,25.83,16.0,7.0,517.7,2024-01-23
mkt_006365,1,1877.77,34.0,239.02,14.0,9.0,87.63,2024-01-04
mkt_000511,0,115.64,165.0,243.25,12.0,6.0,137.77,2024-01-27
mkt_003206,0,60.58,78.0,6.84,13.0,4.0,483.86,2024-01-04
mkt_008084,1,323.72,104.0,13.57,11.0,7.0,243.72,2024-01-29
mkt_000967,0,116.59,74.0,35.16,12.0,6.0,108.65,2024-01-22
mkt_006043,1,160.8,48.0,27.6,7.0,0.0,796.07,2024-01-02
mkt_006879,1,146.33,60.0,24.93,11.0,9.0,364.16,2024-01-12
mkt_006775,1,397.26,580.0,20.05,11.0,8.0,324.13,2024-01-22
mkt_003295,0,960.75,57.0,14.3,13.0,4.0,19.65,2024-01-04
mkt_008701,1,88.89,7.0,16.39,10.0,9.0,48.36,2024-01-06
mkt_003429,0,147.37,87.0,37.41,16.0,9.0,180.32,2024-01-13
mkt_008870,1,387.58,64.0,44.15,11.0,2.0,615.24,2024-01-23
mkt_006962,1,842.0,1269.0,7.09,18.0,5.0,1169.01,2024-01-22
mkt_002088,0,186.66,46.0,25.62,6.0,3.0,102.71,2024-01-18
mkt_008499,1,170.84,97.0,87.28,11.0,4.0,897.77,2024-01-08
mkt_006162,1,681.1,78.0,49.07,7.0,3.0,232.43,2024-01-08
mkt_003210,0,433.25,330.0,101.8,14.0,6.0,474.38,2024-01-15
mkt_009200,1,134.62,144.0,22.76,13.0,4.0,202.21,2024-01-01
mkt_006605,1,323.56,150.0,17.71,10.0,4.0,231.0,2024-01-06
mkt_001109,0,248.85,322.0,26.56,8.0,9.0,350.37,2024-01-07
mkt_005728,1,114.97,46.0,3.38,15.0,8.0,290.95,2024-01-30
mkt_007829,1,1851.77,110.0,17.6,11.0,6.0,572.6,2024-01-04
mkt_001038,0,140.04,65.0,92.05,15.0,2.0,215.51,2024-01-17
mkt_001194,0,357.21,138.0,35.57,13.0,2.0,254.69,2024-01-15
mkt_004474,0,459.72,96.0,25.41,14.0,9.0,304.73,2024-01-23
mkt_009874,1,608.1,206.0,2.18,7.0,4.0,160.3,2024-01-26
mkt_002122,0,1658.92,4.0,96.23,16.0,1.0,86.15,2024-01-12
mkt_004982,1,338.52,58.0,28.29,17.0,1.0,114.82,2024-01-03
mkt_008973,1,532.47,99.0,21.68,11.0,3.0,159.84,2024-01-17
mkt_005700,1,190.12,50.0,47.31,7.0,5.0,69.59,2024-01-05
mkt_000934,0,122.23,13.0,32.83,19.0,5.0,63.25,2024-01-05
mkt_006101,1,377.63,229.0,40.44,14.0,8.0,407.98,2024-01-29
mkt_004689,1,309.29,309.0,9.62,12.0,1.0,210.3,2024-01-10
mkt_000394,0,348.22,9.0,14.04,8.0,3.0,91.11,2024-01-02
mkt_004685,1,290.23,156.0,13.66,8.0,2.0,256.43,2024-01-06
mkt_008776,1,159.43,63.0,2.36,9.0,7.0,388.84,2024-01-30
mkt_009165,1,188.72,222.0,38.59,10.0,5.0,174.59,2024-01-09
mkt_005980,1,502.78,116.0,62.02,8.0,8.0,959.44,2024-01-23
mkt_009942,1,3031.54,637.0,35.54,10.0,9.0,242.43,2024-01-02
mkt_002191,0,344.44,389.0,26.45,12.0,1.0,400.95,2024-01-16
mkt_001297,0,277.34,375.0,17.29,9.0,8.0,396.93,2024-01-10
mkt_005044,1,1129.71,160.0,24.44,8.0,2.0,118.62,2024-01-26
mkt_001162,0,538.26,94.0,37.35,15.0,2.0,617.87,2024-01-25
mkt_004254,0,233.32,48.0,10.34,12.0,7.0,92.58,2024-01-07
mkt_006372,1,126.32,60.0,6.95,8.0,1.0,392.15,2024-01-20
mkt_001527,0,328.19,333.0,20.02,13.0,5.0,1331.76,2024-01-29
mkt_004342,0,110.8,3.0,42.07,12.0,3.0,130.6,2024-01-08
mkt_002030,0,133.09,350.0,9.89,6.0,5.0,146.49,2024-01-30
mkt_003060,0,211.78,39.0,15.63,11.0,0.0,30.64,2024-01-04
mkt_000058,0,284.98,270.0,28.58,9.0,9.0,199.11,2024-01-14
mkt_002405,0,183.1,217.0,34.46,14.0,9.0,47.72,2024-01-27
mkt_005006,1,258.8,43.0,495.38,18.0,0.0,153.68,2024-01-16
mkt_006157,1,266.72,616.0,89.25,14.0,2.0,370.55,2024-01-12
mkt_007375,1,430.78,351.0,33.86,12.0,2.0,267.62,2024-01-10
mkt_004506,1,146.46,330.0,17.3,12.0,3.0,476.14,2024-01-11
mkt_005214,1,325.71,87.0,2.25,14.0,8.0,179.55,2024-01-22
mkt_006029,1,663.31,36.0,15.82,11.0,2.0,148.09,2024-01-14
mkt_001780,0,1556.81,216.0,31.54,18.0,5.0,819.57,2024-01-08
mkt_005447,1,289.59,62.0,38.95,13.0,5.0,103.87,2024-01-26
mkt_004606,1,99.86,144.0,11.81,11.0,1.0,347.09,2024-01-29
mkt_006914,1,2225.71,58.0,13.45,14.0,4.0,383.1,2024-01-04
mkt_000676,0,120.85,145.0,113.65,10.0,0.0,265.05,2024-01-12
mkt_003582,0,29.0,276.0,19.25,9.0,6.0,603.42,2024-01-24
mkt_003653,0,461.2,76.0,10.53,7.0,4.0,175.66,2024-01-10
mkt_007920,1,14748.42,140.0,23.73,14.0,1.0,508.64,2024-01-29
mkt_009499,1,181.13,165.0,33.22,10.0,3.0,711.92,2024-01-03
mkt_002732,0,93.96,55.0,40.63,22.0,5.0,339.1,2024-01-05
mkt_004787,1,580.41,673.0,60.52,15.0,9.0,181.98,2024-01-13
mkt_002754,0,43.65,2.0,61.98,6.0,0.0,167.69,2024-01-24
mkt_002337,0,78.01,214.0,3.02,10.0,1.0,650.84,2024-01-20
mkt_003643,0,105.96,59.0,52.1,10.0,0.0,224.36,2024-01-06
mkt_007737,1,2071.23,2190.0,12.09,14.0,9.0,394.39,2024-01-25
mkt_005516,1,3228.22,117.0,67.67,10.0,2.0,567.84,2024-01-13
mkt_005246,1,626.64,25.0,12.24,12.0,0.0,253.25,2024-01-18
mkt_000866,0,90.66,49.0,9.85,19.0,3.0,383.55,2024-01-27
mkt_004447,0,142.84,102.0,23.45,14.0,0.0,299.8,2024-01-24
mkt_005071,1,207.38,723.0,4.45,14.0,1.0,1968.19,2024-01-22
mkt_004881,1,195.06,154.0,32.08,15.0,0.0,159.85,2024-01-09
mkt_009510,1,1027.52,99.0,51.93,12.0,6.0,188.02,2024-01-04
mkt_003002,0,116.25,129.0,35.77,16.0,3.0,460.15,2024-01-09
mkt_002225,0,73.39,11.0,28.86,13.0,1.0,120.22,2024-01-01
mkt_009056,1,1124.24,8.0,27.09,9.0,2.0,36.24,2024-01-22
mkt_004826,1,331.75,14.0,26.03,6.0,1.0,73.33,2024-01-17
mkt_007621,1,402.0,388.0,44.84,13.0,4.0,298.13,2024-01-09
mkt_009689,1,1830.51,1123.0,20.5,11.0,8.0,353.16,2024-01-24
mkt_005500,1,1976.41,693.0,36.38,11.0,8.0,1395.21,2024-01-10
mkt_009700,1,555.47,453.0,14.24,10.0,1.0,559.16,2024-01-27
mkt_008478,1,121.59,30.0,14.06,14.0,8.0,141.43,2024-01-15
mkt_005502,1,130.98,55.0,4.48,10.0,7.0,99.8,2024-01-25
mkt_001210,0,438.0,55.0,75.86,11.0,6.0,145.34,2024-01-12
mkt_009083,1,304.02,338.0,15.35,14.0,5.0,934.15,2024-01-10
mkt_002288,0,301.94,49.0,27.38,13.0,5.0,153.52,2024-01-29
mkt_002183,0,233.89,41.0,21.85,7.0,6.0,61.82,2024-01-01
mkt_002862,0,861.2,159.0,233.0,15.0,2.0,723.34,2024-01-29
mkt_006861,1,575.16,1374.0,11.69,14.0,9.0,606.21,2024-01-13
mkt_002362,0,394.33,45.0,8.14,12.0,0.0,26.63,2024-01-07
mkt_008463,1,252.71,499.0,35.01,16.0,8.0,124.19,2024-01-06
mkt_006332,1,395.66,80.0,64.57,16.0,5.0,96.38,2024-01-06
mkt_004064,0,159.48,80.0,39.92,23.0,5.0,251.19,2024-01-19
mkt_009546,1,476.26,560.0,22.93,16.0,4.0,324.02,2024-01-21
mkt_000617,0,209.58,72.0,11.13,21.0,5.0,336.76,2024-01-18
mkt_003281,0,965.98,103.0,5.56,14.0,2.0,166.99,2024-01-02
mkt_005226,1,424.06,481.0,1.32,15.0,0.0,337.07,2024-01-25
mkt_003397,0,4888.98,188.0,75.38,13.0,8.0,325.23,2024-01-24
mkt_003065,0,146.3,153.0,2.73,10.0,0.0,179.0,2024-01-12
mkt_000766,0,31.26,8.0,4.49,15.0,0.0,10.25,2024-01-25
mkt_007078,1,549.95,111.0,8.6,17.0,3.0,105.47,2024-01-23
mkt_005279,1,136.16,230.0,40.87,12.0,2.0,131.38,2024-01-29
mkt_004149,0,280.93,104.0,43.28,6.0,3.0,167.28,2024-01-10
mkt_001144,0,136.22,1825.0,41.75,15.0,5.0,838.99,2024-01-23
mkt_004248,0,159.74,203.0,22.97,10.0,3.0,105.36,2024-01-30
mkt_004110,0,439.41,32.0,34.85,8.0,4.0,238.84,2024-01-04
mkt_000462,0,226.31,55.0,16.99,10.0,9.0,889.58,2024-01-08
mkt_002932,0,487.25,103.0,52.94,8.0,0.0,568.09,2024-01-16
mkt_004623,1,1295.07,267.0,45.77,13.0,8.0,89.41,2024-01-20
mkt_003813,0,209.28,50.0,6.12,12.0,6.0,134.43,2024-01-17
mkt_006308,1,2915.65,537.0,17.37,17.0,1.0,1736.88,2024-01-29
mkt_004341,0,92.71,4.0,68.18,10.0,4.0,272.95,2024-01-23
mkt_005300,1,461.48,172.0,36.2,13.0,6.0,103.05,2024-01-17
mkt_006804,1,285.12,58.0,9.18,6.0,8.0,146.74,2024-01-30
mkt_003282,0,1061.43,17.0,5.37,14.0,8.0,136.04,2024-01-22
mkt_002574,0,634.45,162.0,13.76,9.0,3.0,98.3,2024-01-30
mkt_007961,1,1021.62,579.0,5.03,17.0,1.0,152.65,2024-01-01
mkt_007879,1,290.48,386.0,14.09,11.0,3.0,1405.59,2024-01-17
mkt_000828,0,1556.3,104.0,130.8,15.0,7.0,151.11,2024-01-11
mkt_006486,1,362.12,91.0,24.34,15.0,9.0,295.52,2024-01-09
mkt_007599,1,402.3,349.0,24.66,11.0,9.0,300.76,2024-01-09
mkt_002540,0,99.47,287.0,10.14,8.0,9.0,244.46,2024-01-19
mkt_005746,1,105.22,106.0,8.6,12.0,8.0,169.22,2024-01-22
mkt_008526,1,318.72,33.0,49.6,8.0,9.0,100.96,2024-01-08
mkt_009566,1,40.39,26.0,18.98,7.0,3.0,93.58,2024-01-10
mkt_003742,0,76.6,100.0,24.72,6.0,6.0,188.49,2024-01-26
mkt_007498,1,521.51,24.0,7.92,16.0,7.0,346.59,2024-01-28
mkt_003524,0,1900.19,448.0,8.27,8.0,8.0,753.8,2024-01-01
mkt_000020,0,305.64,402.0,119.46,13.0,7.0,1216.06,2024-01-07
mkt_001915,0,411.86,88.0,115.81,9.0,3.0,173.3,2024-01-17
mkt_006571,1,424.98,195.0,10.67,12.0,3.0,315.1,2024-01-25
mkt_009018,1,237.79,48.0,100.94,9.0,5.0,162.24,2024-01-11
mkt_002012,0,287.94,190.0,32.48,10.0,9.0,141.54,2024-01-30
mkt_005405,1,274.33,572.0,9.8,15.0,6.0,639.56,2024-01-21
mkt_001295,0,2261.93,164.0,10.01,10.0,6.0,209.6,2024-01-12
mkt_003745,0,345.41,8.0,87.3,14.0,7.0,813.04,2024-01-25
mkt_000591,0,718.4,434.0,12.89,10.0,3.0,339.1,2024-01-27
mkt_001406,0,899.81,189.0,9.98,11.0,6.0,1020.49,2024-01-28
mkt_000221,0,202.56,38.0,13.44,11.0,2.0,74.97,2024-01-12
mkt_005617,1,105.03,1093.0,59.29,18.0,3.0,340.72,2024-01-08
mkt_006248,1,246.77,74.0,23.72,14.0,8.0,302.68,2024-01-05
mkt_004418,0,772.19,155.0,30.28,15.0,4.0,687.28,2024-01-04
mkt_000858,0,197.28,101.0,13.06,13.0,7.0,224.99,2024-01-09
mkt_001783,0,603.56,315.0,46.26,12.0,7.0,356.26,2024-01-29
mkt_007259,1,721.16,748.0,57.87,16.0,3.0,373.73,2024-01-07
mkt_006856,1,340.6,18.0,83.25,10.0,8.0,180.79,2024-01-07
mkt_001954,0,220.92,39.0,9.03,13.0,2.0,165.9,2024-01-07
mkt_001746,0,221.81,235.0,14.98,17.0,9.0,1200.82,2024-01-22
mkt_003132,0,276.91,28.0,160.44,15.0,1.0,79.72,2024-01-07
mkt_008036,1,1219.54,64.0,50.47,14.0,8.0,455.97,2024-01-29
mkt_008850,1,450.33,409.0,67.02,7.0,0.0,234.56,2024-01-23
mkt_000994,0,349.92,51.0,8.94,15.0,9.0,92.5,2024-01-05
mkt_006108,1,3238.96,72.0,16.91,9.0,4.0,108.54,2024-01-04
mkt_000730,0,436.56,49.0,25.41,17.0,2.0,235.09,2024-01-12
mkt_006974,1,1141.34,99.0,31.44,14.0,5.0,756.98,2024-01-05
mkt_006273,1,949.86,73.0,7.37,9.0,5.0,120.35,2024-01-03
mkt_006751,1,83.09,34.0,39.63,13.0,1.0,560.48,2024-01-06
mkt_003509,0,241.9,19.0,24.95,11.0,7.0,135.61,2024-01-18
mkt_003533,0,99.36,6.0,6.74,11.0,3.0,105.89,2024-01-28
mkt_002513,0,477.97,70.0,25.68,7.0,6.0,185.56,2024-01-25
mkt_005436,1,197.01,63.0,85.01,12.0,2.0,54.75,2024-01-10
mkt_003625,0,246.1,306.0,11.12,10.0,9.0,303.64,2024-01-04
mkt_000465,0,1414.2,394.0,135.68,16.0,6.0,239.68,2024-01-27
mkt_006755,1,79.5,39.0,43.43,12.0,2.0,90.28,2024-01-21
mkt_006759,1,1387.12,148.0,69.94,8.0,0.0,263.46,2024-01-01
mkt_007991,1,342.69,1146.0,18.73,11.0,4.0,214.14,2024-01-25
mkt_000157,0,1020.3,82.0,50.18,10.0,5.0,147.59,2024-01-12
mkt_003960,0,445.0,154.0,7.59,8.0,6.0,260.34,2024-01-12
mkt_008832,1,258.3,115.0,12.61,10.0,2.0,557.96,2024-01-16
mkt_005470,1,192.55,126.0,16.77,10.0,0.0,197.1,2024-01-13
mkt_000185,0,1002.96,59.0,8.04,14.0,3.0,104.88,2024-01-08
mkt_001002,0,1474.15,17.0,4.89,16.0,1.0,191.08,2024-01-09
mkt_009508,1,1918.8,319.0,9.81,14.0,2.0,248.17,2024-01-29
mkt_005623,1,151.32,328.0,9.43,12.0,2.0,119.25,2024-01-26
mkt_000400,0,339.66,381.0,22.89,14.0,6.0,513.06,2024-01-03
mkt_006240,1,132.49,10.0,6.36,16.0,8.0,104.29,2024-01-27
mkt_008940,1,202.71,216.0,4.74,12.0,4.0,305.35,2024-01-11
mkt_009932,1,290.64,67.0,13.29,18.0,7.0,489.17,2024-01-14
mkt_007342,1,690.83,129.0,13.36,11.0,7.0,210.74,2024-01-24
mkt_009832,1,148.01,10.0,214.96,9.0,9.0,281.44,2024-01-07
mkt_008466,1,166.44,67.0,12.35,7.0,4.0,98.62,2024-01-15
mkt_008756,1,117.04,27.0,18.18,15.0,8.0,277.6,2024-01-26
mkt_007958,1,269.53,75.0,4.46,12.0,8.0,133.58,2024-01-17
mkt_001250,0,1105.31,186.0,38.53,7.0,1.0,264.76,2024-01-30
mkt_003143,0,270.7,253.0,10.47,9.0,8.0,714.41,2024-01-24
mkt_007430,1,1509.24,236.0,70.13,27.0,7.0,440.16,2024-01-11
mkt_000059,0,349.05,54.0,12.73,10.0,8.0,560.22,2024-01-10
mkt_007855,1,45.94,49.0,16.63,10.0,0.0,45.4,2024-01-19
mkt_001113,0,413.4,144.0,4.44,8.0,3.0,110.58,2024-01-24
mkt_003057,0,474.87,60.0,7.39,9.0,9.0,220.93,2024-01-11
mkt_009569,1,796.46,1028.0,9.69,8.0,4.0,1259.48,2024-01-19
mkt_001328,0,547.79,396.0,6.04,17.0,2.0,361.55,2024-01-22
mkt_004995,1,353.29,30.0,50.58,12.0,6.0,235.06,2024-01-02
mkt_006682,1,59.16,31.0,8.79,13.0,9.0,151.82,2024-01-16
mkt_002072,0,47.87,22.0,11.53,9.0,3.0,122.34,2024-01-25
mkt_004793,1,255.68,85.0,79.55,9.0,4.0,128.58,2024-01-19
mkt_006829,1,278.35,94.0,12.97,5.0,1.0,200.9,2024-01-19
mkt_009629,1,560.33,198.0,5.9,14.0,4.0,245.73,2024-01-30
mkt_008218,1,146.17,12.0,25.93,11.0,9.0,324.26,2024-01-17
mkt_007567,1,152.86,48.0,69.68,15.0,7.0,203.7,2024-01-19
mkt_005922,1,275.78,82.0,100.25,12.0,8.0,25.85,2024-01-15
mkt_001550,0,321.47,21.0,51.99,14.0,6.0,715.02,2024-01-24
mkt_001009,0,324.74,43.0,16.3,15.0,2.0,408.86,2024-01-01
mkt_003755,0,1174.66,152.0,77.19,14.0,8.0,87.52,2024-01-19
mkt_008681,1,158.9,30.0,6.0,18.0,9.0,1238.35,2024-01-27
mkt_009342,1,884.63,154.0,12.21,14.0,7.0,416.44,2024-01-19
mkt_008009,1,255.49,100.0,14.07,12.0,1.0,159.16,2024-01-16
mkt_003860,0,166.73,43.0,7.11,14.0,5.0,180.77,2024-01-10
mkt_003148,0,153.46,282.0,63.03,11.0,1.0,132.31,2024-01-06
mkt_002519,0,395.89,139.0,65.8,18.0,4.0,786.55,2024-01-07
mkt_003127,0,933.41,115.0,30.29,13.0,2.0,288.4,2024-01-26
mkt_009084,1,217.23,38.0,58.53,9.0,6.0,192.74,2024-01-01
mkt_005316,1,63.4,48.0,29.02,15.0,8.0,811.63,2024-01-02
mkt_001195,0,67.45,93.0,35.47,12.0,6.0,32.81,2024-01-29
mkt_009050,1,590.94,280.0,37.96,14.0,7.0,227.11,2024-01-09
mkt_000879,0,74.37,165.0,17.83,12.0,4.0,1354.14,2024-01-10
mkt_006989,1,297.15,58.0,10.38,11.0,0.0,430.06,2024-01-11
mkt_002487,0,1525.1,219.0,15.58,15.0,0.0,512.64,2024-01-18
mkt_002840,0,546.46,169.0,3.04,10.0,1.0,208.72,2024-01-04
mkt_004329,0,125.05,11.0,4.96,8.0,6.0,70.22,2024-01-24
mkt_002930,0,184.75,444.0,28.07,13.0,4.0,216.81,2024-01-29
mkt_006424,1,256.92,625.0,18.26,7.0,5.0,1034.56,2024-01-15
mkt_002485,0,54.73,4.0,44.6,8.0,0.0,155.4,2024-01-08
mkt_005747,1,526.25,122.0,42.56,12.0,4.0,61.74,2024-01-16
mkt_000883,0,222.73,78.0,63.21,6.0,1.0,678.02,2024-01-02
mkt_004914,1,526.14,216.0,165.77,14.0,5.0,289.31,2024-01-19
mkt_006210,1,823.68,39.0,8.59,7.0,6.0,137.05,2024-01-24
mkt_009578,1,268.06,279.0,50.97,12.0,8.0,233.38,2024-01-17
mkt_000211,0,85.12,45.0,11.49,14.0,5.0,126.56,2024-01-12
mkt_002275,0,341.15,497.0,16.62,10.0,8.0,405.06,2024-01-19
mkt_002328,0,341.74,164.0,10.71,15.0,9.0,355.12,2024-01-25
mkt_004950,1,430.2,48.0,24.03,16.0,0.0,111.24,2024-01-01
mkt_003319,0,760.48,378.0,5.05,12.0,7.0,301.08,2024-01-27
mkt_009834,1,155.36,97.0,30.78,17.0,7.0,48.79,2024-01-05
mkt_004607,1,117.6,177.0,63.04,12.0,5.0,346.12,2024-01-15
mkt_001438,0,251.87,92.0,7.26,12.0,0.0,423.31,2024-01-12
mkt_000467,0,693.04,25.0,7.36,8.0,4.0,303.73,2024-01-25
mkt_005466,1,519.03,210.0,11.1,9.0,7.0,424.99,2024-01-11
mkt_003329,0,23.08,14.0,18.31,11.0,4.0,212.61,2024-01-10
mkt_005828,1,66.88,22.0,78.57,12.0,4.0,222.93,2024-01-28
mkt_008607,1,1795.46,69.0,37.79,19.0,8.0,339.58,2024-01-27
mkt_000696,0,184.96,18.0,18.18,13.0,0.0,53.84,2024-01-06
mkt_007267,1,2275.72,338.0,13.6,15.0,8.0,387.53,2024-01-04
mkt_009144,1,73.62,176.0,41.88,16.0,2.0,868.06,2024-01-24
mkt_008180,1,289.19,51.0,6.99,10.0,7.0,472.93,2024-01-26
mkt_009938,1,123.23,48.0,9.67,11.0,9.0,552.51,2024-01-17
mkt_001314,0,753.12,106.0,7.74,10.0,2.0,501.47,2024-01-25
mkt_002301,0,319.57,20.0,16.97,9.0,7.0,77.74,2024-01-09
mkt_002039,0,402.68,54.0,133.23,9.0,8.0,275.18,2024-01-14
mkt_007108,1,382.7,361.0,11.31,11.0,6.0,389.61,2024-01-01
mkt_003666,0,951.59,339.0,8.1,15.0,6.0,324.76,2024-01-07
mkt_000914,0,170.67,73.0,12.52,5.0,4.0,694.37,2024-01-09
mkt_000012,0,2881.52,139.0,59.65,14.0,1.0,196.19,2024-01-17
mkt_008583,1,557.64,177.0,55.29,11.0,0.0,457.44,2024-01-18
mkt_006427,1,755.71,165.0,29.12,11.0,8.0,136.47,2024-01-20
mkt_001536,0,378.01,389.0,45.8,10.0,4.0,444.28,2024-01-23
mkt_000736,0,510.33,277.0,8.6,17.0,3.0,376.52,2024-01-02
mkt_008201,1,1296.85,111.0,19.5,8.0,1.0,147.03,2024-01-25
mkt_008652,1,1331.77,121.0,56.68,13.0,0.0,601.2,2024-01-15
mkt_000453,0,1233.76,222.0,35.42,9.0,9.0,753.41,2024-01-16
mkt_004345,0,225.62,819.0,15.86,6.0,0.0,53.17,2024-01-27
mkt_000927,0,95.09,11.0,20.1,12.0,1.0,9.6,2024-01-01
mkt_006291,1,962.25,166.0,13.79,7.0,6.0,415.85,2024-01-15
mkt_008281,1,529.81,13.0,2.41,17.0,9.0,318.51,2024-01-25
mkt_008722,1,697.57,660.0,28.02,12.0,7.0,687.31,2024-01-14
mkt_006473,1,540.27,164.0,12.33,16.0,9.0,59.49,2024-01-20
mkt_000037,0,541.49,88.0,9.56,17.0,7.0,184.71,2024-01-29
mkt_005770,1,107.08,378.0,42.01,13.0,7.0,532.89,2024-01-10
mkt_002554,0,61.39,502.0,27.17,17.0,1.0,392.04,2024-01-01
mkt_007632,1,142.65,9.0,138.69,14.0,9.0,119.77,2024-01-23
mkt_009998,1,432.74,87.0,22.42,19.0,6.0,39.92,2024-01-12
mkt_006620,1,80.38,368.0,177.6,12.0,4.0,1058.41,2024-01-13
mkt_000940,0,510.05,1396.0,64.24,9.0,4.0,569.44,2024-01-13
mkt_007398,1,393.85,52.0,116.75,21.0,9.0,806.03,2024-01-10
mkt_006128,1,164.3,199.0,13.32,17.0,8.0,137.15,2024-01-17
mkt_009829,1,527.59,67.0,17.2,11.0,7.0,358.25,2024-01-12
mkt_002680,0,84.91,53.0,35.21,14.0,8.0,141.08,2024-01-25
mkt_004354,0,305.04,230.0,12.61,10.0,7.0,368.02,2024-01-16
mkt_003058,0,165.0,42.0,10.66,15.0,9.0,354.29,2024-01-21
mkt_007880,1,543.11,370.0,78.16,9.0,3.0,590.29,2024-01-15
mkt_000738,0,160.8,161.0,49.61,13.0,9.0,513.9,2024-01-12
mkt_000538,0,258.47,137.0,18.4,12.0,0.0,211.55,2024-01-04
mkt_003325,0,277.76,43.0,5.04,17.0,7.0,321.62,2024-01-16
mkt_004239,0,132.09,236.0,16.95,7.0,1.0,99.9,2024-01-07
mkt_001400,0,228.28,236.0,9.29,16.0,8.0,2805.88,2024-01-11
mkt_004046,0,6160.57,1023.0,28.64,14.0,9.0,258.02,2024-01-06
mkt_005137,1,271.95,21.0,20.74,21.0,9.0,196.64,2024-01-13
mkt_004229,0,686.54,245.0,26.47,15.0,6.0,193.08,2024-01-01
mkt_004191,0,1171.08,495.0,6.9,11.0,3.0,443.5,2024-01-18
mkt_009142,1,454.23,493.0,111.06,9.0,8.0,302.47,2024-01-21
mkt_005538,1,204.0,39.0,10.81,12.0,5.0,125.32,2024-01-09
mkt_002692,0,105.97,140.0,53.45,19.0,4.0,547.92,2024-01-25
mkt_005340,1,338.47,44.0,29.79,12.0,5.0,110.58,2024-01-09
mkt_009917,1,80.39,301.0,36.96,9.0,9.0,389.87,2024-01-29
mkt_007670,1,60.19,39.0,2.59,13.0,9.0,36.79,2024-01-09
mkt_009173,1,558.47,21.0,17.23,13.0,6.0,240.25,2024-01-06
mkt_001807,0,2982.4,255.0,4.35,20.0,3.0,385.05,2024-01-16
mkt_005111,1,49.08,92.0,77.85,10.0,7.0,434.74,2024-01-16
mkt_003989,0,287.92,83.0,17.2,12.0,8.0,143.07,2024-01-03
mkt_003455,0,177.4,31.0,5.37,16.0,3.0,53.59,2024-01-03
mkt_002907,0,28.54,81.0,18.19,10.0,6.0,332.52,2024-01-04
mkt_006651,1,157.66,15.0,17.37,12.0,1.0,65.33,2024-01-11
mkt_008287,1,611.59,85.0,6.06,20.0,2.0,186.39,2024-01-23
mkt_006244,1,1142.18,244.0,17.37,4.0,1.0,147.23,2024-01-29
mkt_002697,0,330.45,1549.0,18.89,15.0,7.0,482.0,2024-01-14
mkt_004016,0,172.09,115.0,8.04,8.0,7.0,187.29,2024-01-01
mkt_004339,0,1168.52,336.0,29.65,9.0,3.0,295.51,2024-01-10
mkt_004645,1,441.17,50.0,10.88,13.0,0.0,228.87,2024-01-20
mkt_007739,1,83.08,13.0,23.86,14.0,0.0,175.58,2024-01-08
mkt_007091,1,969.05,133.0,22.69,18.0,7.0,588.8,2024-01-11
mkt_004692,1,212.04,34.0,28.3,21.0,5.0,408.94,2024-01-03
mkt_001739,0,440.14,17.0,70.59,8.0,0.0,113.01,2024-01-04
mkt_005406,1,304.84,397.0,2.72,7.0,9.0,333.16,2024-01-30
mkt_004588,1,276.75,87.0,37.45,13.0,4.0,441.87,2024-01-07
mkt_003125,0,243.07,155.0,30.69,13.0,4.0,92.13,2024-01-19
mkt_002157,0,285.48,17.0,8.86,13.0,8.0,187.72,2024-01-05
mkt_005333,1,1782.23,212.0,2.99,21.0,6.0,185.79,2024-01-20
mkt_008636,1,257.45,36.0,31.49,9.0,8.0,244.07,2024-01-16
mkt_001825,0,748.51,49.0,13.48,6.0,7.0,245.66,2024-01-19
mkt_004230,0,308.22,15.0,47.81,17.0,1.0,271.33,2024-01-16
mkt_003487,0,212.52,418.0,22.29,12.0,3.0,63.48,2024-01-08
mkt_009053,1,650.91,218.0,54.83,12.0,7.0,429.67,2024-01-21
mkt_009768,1,318.7,127.0,39.42,12.0,2.0,139.18,2024-01-27
mkt_003647,0,295.8,510.0,8.45,13.0,1.0,358.54,2024-01-10
mkt_005902,1,228.72,98.0,8.85,11.0,8.0,449.69,2024-01-29
mkt_006385,1,235.3,69.0,34.59,7.0,0.0,29.28,2024-01-28
mkt_005638,1,89.29,6.0,32.52,21.0,1.0,194.14,2024-01-08
mkt_006423,1,297.94,63.0,20.6,15.0,9.0,147.86,2024-01-01
mkt_007826,1,344.73,216.0,189.5,16.0,6.0,227.34,2024-01-16
mkt_007743,1,631.15,614.0,27.9,10.0,6.0,1639.7,2024-01-18
mkt_003012,0,4804.74,69.0,17.58,16.0,0.0,96.52,2024-01-30
mkt_007671,1,187.31,231.0,30.75,14.0,1.0,855.74,2024-01-11
mkt_009548,1,61.39,68.0,7.82,8.0,2.0,366.44,2024-01-20
mkt_009977,1,39.79,72.0,3.83,5.0,6.0,247.45,2024-01-29
mkt_003080,0,16.61,111.0,35.72,13.0,0.0,1334.67,2024-01-20
mkt_003520,0,519.96,65.0,55.52,14.0,2.0,624.94,2024-01-23
mkt_004978,1,246.3,86.0,2.1,18.0,4.0,337.92,2024-01-15
mkt_007619,1,442.21,123.0,38.29,11.0,5.0,255.06,2024-01-11
mkt_004347,0,464.52,32.0,33.5,12.0,2.0,165.43,2024-01-05
mkt_008440,1,94.73,82.0,60.09,7.0,3.0,211.28,2024-01-21
mkt_001346,0,624.04,16.0,3.82,7.0,2.0,181.93,2024-01-13
mkt_007087,1,329.52,50.0,71.51,16.0,0.0,120.55,2024-01-01
mkt_008947,1,214.19,1176.0,44.59,6.0,6.0,768.37,2024-01-16
mkt_005651,1,710.1,572.0,4.7,12.0,1.0,292.92,2024-01-14
mkt_008081,1,455.44,739.0,35.67,14.0,8.0,201.38,2024-01-14
mkt_001791,0,716.62,16.0,135.73,15.0,7.0,60.67,2024-01-27
mkt_007428,1,1929.04,256.0,12.17,3.0,2.0,81.79,2024-01-03
mkt_009579,1,738.99,115.0,25.52,11.0,8.0,182.76,2024-01-14
mkt_009959,1,126.2,42.0,28.48,15.0,2.0,125.67,2024-01-12
mkt_002270,0,58.62,79.0,31.29,19.0,1.0,465.77,2024-01-18
mkt_009766,1,337.59,232.0,34.05,20.0,9.0,224.3,2024-01-27
mkt_002955,0,448.74,74.0,22.58,11.0,8.0,164.51,2024-01-04
mkt_003443,0,27.87,52.0,23.23,20.0,0.0,283.99,2024-01-04
mkt_007735,1,391.49,15.0,5.58,8.0,9.0,69.32,2024-01-04
mkt_000833,0,212.33,30.0,10.93,10.0,8.0,254.37,2024-01-27
mkt_006498,1,107.7,64.0,2.41,14.0,1.0,395.32,2024-01-21
mkt_002991,0,463.61,40.0,3.95,11.0,2.0,119.94,2024-01-03
mkt_007792,1,165.84,13.0,47.4,13.0,4.0,28.53,2024-01-23
mkt_002150,0,228.05,84.0,6.54,14.0,1.0,579.31,2024-01-13
mkt_004022,0,723.43,91.0,22.17,11.0,2.0,256.67,2024-01-05
mkt_007614,1,688.6,118.0,27.84,10.0,3.0,228.59,2024-01-20
mkt_006123,1,217.76,12.0,23.86,16.0,2.0,88.7,2024-01-01
mkt_003338,0,229.82,56.0,28.58,11.0,5.0,958.55,2024-01-30
mkt_004343,0,257.34,8.0,120.36,15.0,4.0,97.13,2024-01-30
mkt_004463,0,436.29,34.0,7.08,17.0,5.0,176.46,2024-01-04
mkt_002375,0,112.02,21.0,60.09,9.0,9.0,706.41,2024-01-16
mkt_009043,1,264.9,316.0,10.37,14.0,4.0,711.45,2024-01-02
mkt_005570,1,352.45,94.0,104.16,13.0,2.0,627.31,2024-01-03
mkt_008598,1,497.63,96.0,22.69,14.0,7.0,329.05,2024-01-08
mkt_008503,1,14811.3,201.0,38.21,17.0,6.0,107.79,2024-01-14
mkt_008879,1,95.02,72.0,75.78,14.0,0.0,217.25,2024-01-19
mkt_001886,0,728.47,226.0,5.39,12.0,0.0,53.4,2024-01-03
mkt_001197,0,605.99,127.0,88.6,9.0,3.0,426.75,2024-01-01
mkt_006426,1,386.59,156.0,79.7,12.0,1.0,284.82,2024-01-16
mkt_008910,1,843.86,16.0,2.98,9.0,7.0,123.49,2024-01-22
mkt_002935,0,43.86,153.0,6.83,9.0,0.0,181.54,2024-01-17
mkt_006341,1,177.15,61.0,27.43,9.0,0.0,89.11,2024-01-02
mkt_001429,0,256.98,217.0,37.82,12.0,5.0,371.89,2024-01-17
mkt_006306,1,663.68,129.0,18.64,20.0,0.0,285.14,2024-01-17
mkt_003649,0,256.9,82.0,14.72,15.0,4.0,150.17,2024-01-04
mkt_001937,0,157.42,133.0,21.11,12.0,2.0,260.46,2024-01-30
mkt_005171,1,176.1,39.0,4.64,11.0,0.0,73.63,2024-01-05
mkt_007763,1,33.86,37.0,25.14,13.0,5.0,232.32,2024-01-16
mkt_006392,1,128.56,39.0,60.81,12.0,6.0,121.06,2024-01-25
mkt_001153,0,240.91,178.0,7.81,9.0,8.0,231.58,2024-01-07
mkt_006249,1,612.53,133.0,55.85,11.0,1.0,132.17,2024-01-09
mkt_007036,1,172.06,36.0,17.81,11.0,3.0,253.37,2024-01-30
mkt_004228,0,3506.68,45.0,8.0,18.0,2.0,317.41,2024-01-19
mkt_004974,1,606.8,102.0,11.31,14.0,0.0,231.36,2024-01-14
mkt_006400,1,142.74,139.0,8.45,13.0,0.0,163.07,2024-01-10
mkt_003639,0,219.41,204.0,48.47,12.0,7.0,542.3,2024-01-01
mkt_003971,0,379.79,70.0,19.92,13.0,6.0,320.89,2024-01-11
mkt_009593,1,667.17,310.0,11.46,9.0,2.0,422.31,2024-01-18
mkt_003375,0,307.64,53.0,40.14,11.0,8.0,464.51,2024-01-15
mkt_002486,0,229.24,17.0,30.43,16.0,4.0,71.06,2024-01-26
mkt_006953,1,119.57,10.0,11.12,8.0,2.0,56.08,2024-01-04
mkt_000605,0,121.51,120.0,11.61,16.0,2.0,40.68,2024-01-14
mkt_007443,1,1041.67,1281.0,225.79,12.0,0.0,252.02,2024-01-21
mkt_005927,1,834.8,312.0,18.43,11.0,9.0,280.66,2024-01-06
mkt_002453,0,199.19,54.0,18.65,13.0,7.0,100.53,2024-01-15
mkt_003608,0,3458.86,1817.0,37.72,13.0,4.0,332.81,2024-01-13
mkt_001483,0,852.48,63.0,32.16,12.0,2.0,229.14,2024-01-03
mkt_004518,1,2265.02,262.0,76.96,12.0,9.0,469.31,2024-01-01
mkt_003037,0,47.6,57.0,64.01,13.0,4.0,610.36,2024-01-15
mkt_009351,1,601.41,92.0,9.27,15.0,6.0,103.1,2024-01-10
mkt_007691,1,502.37,135.0,37.37,7.0,0.0,483.92,2024-01-14
mkt_004115,0,372.38,54.0,45.45,15.0,1.0,570.12,2024-01-03
mkt_001426,0,1317.67,287.0,23.99,12.0,3.0,300.34,2024-01-07
mkt_000496,0,670.68,89.0,25.13,13.0,8.0,92.62,2024-01-14
mkt_003352,0,341.32,43.0,25.16,17.0,8.0,310.61,2024-01-09
mkt_008793,1,1067.33,66.0,33.41,10.0,5.0,1204.58,2024-01-28
mkt_000758,0,661.94,72.0,14.52,11.0,3.0,92.75,2024-01-06
mkt_000837,0,712.28,293.0,5.41,13.0,3.0,133.16,2024-01-03
mkt_004326,0,73.75,211.0,70.56,12.0,3.0,287.41,2024-01-05
mkt_002127,0,345.39,22.0,19.6,18.0,6.0,117.71,2024-01-12
mkt_001022,0,38.62,26.0,7.5,11.0,8.0,186.91,2024-01-22
mkt_008761,1,1624.32,207.0,17.14,11.0,9.0,162.92,2024-01-02
mkt_005613,1,659.61,132.0,11.25,6.0,4.0,210.67,2024-01-17
mkt_005580,1,52.24,54.0,15.89,11.0,8.0,61.6,2024-01-11
mkt_001057,0,295.0,129.0,58.04,14.0,9.0,545.51,2024-01-30
mkt_009541,1,247.01,964.0,15.12,16.0,2.0,1203.2,2024-01-16
mkt_006855,1,171.12,136.0,53.31,7.0,9.0,148.33,2024-01-27
mkt_007348,1,256.19,100.0,247.02,12.0,0.0,333.05,2024-01-11
mkt_009044,1,135.33,48.0,19.32,13.0,9.0,100.22,2024-01-17
mkt_002128,0,115.78,14.0,36.44,6.0,1.0,174.65,2024-01-15
mkt_002766,0,54.59,9.0,99.69,10.0,5.0,65.54,2024-01-25
mkt_002108,0,311.16,49.0,82.73,12.0,6.0,87.82,2024-01-01
mkt_003616,0,424.89,156.0,56.38,15.0,2.0,126.32,2024-01-07
mkt_001544,0,257.13,162.0,6.54,18.0,0.0,542.88,2024-01-09
mkt_006913,1,821.23,1599.0,16.01,15.0,2.0,336.36,2024-01-22
mkt_001718,0,1125.99,62.0,92.89,5.0,4.0,42.38,2024-01-01
mkt_007434,1,312.91,429.0,11.67,16.0,4.0,956.85,2024-01-17
mkt_007364,1,496.31,32.0,23.68,19.0,8.0,313.37,2024-01-12
mkt_006234,1,431.3,249.0,5.73,19.0,3.0,496.72,2024-01-14
mkt_000724,0,1392.43,97.0,109.02,12.0,1.0,339.95,2024-01-23
mkt_006672,1,605.57,154.0,18.15,12.0,9.0,265.4,2024-01-13
mkt_008028,1,285.91,216.0,6.16,20.0,2.0,500.28,2024-01-06
mkt_005491,1,261.47,85.0,8.93,3.0,2.0,293.71,2024-01-30
mkt_001127,0,739.53,92.0,7.01,13.0,7.0,140.41,2024-01-09
mkt_002956,0,594.4,77.0,34.14,12.0,3.0,126.08,2024-01-24
mkt_005155,1,219.02,88.0,14.93,9.0,6.0,363.28,2024-01-16
mkt_004816,1,362.34,148.0,3.44,9.0,4.0,309.78,2024-01-23
mkt_006201,1,240.14,72.0,59.31,8.0,3.0,223.48,2024-01-08
mkt_006223,1,104.97,66.0,50.92,13.0,6.0,193.36,2024-01-04
mkt_008685,1,63.93,10.0,8.47,17.0,9.0,125.26,2024-01-10
mkt_007113,1,231.95,97.0,71.97,9.0,4.0,164.25,2024-01-02
mkt_005274,1,1284.87,213.0,5.71,9.0,4.0,1942.18,2024-01-23
mkt_008535,1,357.85,344.0,89.62,14.0,8.0,252.89,2024-01-18
mkt_003043,0,123.38,141.0,44.72,12.0,0.0,386.63,2024-01-17
mkt_006911,1,473.83,72.0,34.02,13.0,7.0,135.36,2024-01-25
mkt_000149,0,186.67,7.0,33.28,8.0,7.0,89.25,2024-01-11
mkt_007573,1,395.42,61.0,22.58,9.0,6.0,724.49,2024-01-06
mkt_004205,0,816.96,24.0,75.26,11.0,4.0,165.12,2024-01-15
mkt_005492,1,828.97,373.0,28.19,5.0,1.0,243.24,2024-01-25
mkt_002689,0,238.57,489.0,13.71,10.0,8.0,429.65,2024-01-23
mkt_004220,0,141.62,109.0,17.26,15.0,5.0,343.37,2024-01-21
mkt_009101,1,315.66,138.0,47.7,10.0,8.0,169.91,2024-01-01
mkt_000841,0,407.42,95.0,73.3,3.0,0.0,277.09,2024-01-13
mkt_008136,1,285.02,194.0,64.09,16.0,1.0,425.02,2024-01-21
mkt_006437,1,170.19,21.0,10.48,9.0,0.0,107.54,2024-01-20
mkt_009699,1,486.62,70.0,29.64,14.0,0.0,84.58,2024-01-02
mkt_006199,1,525.15,127.0,18.22,11.0,2.0,275.58,2024-01-24
mkt_002794,0,96.36,139.0,6.64,8.0,0.0,605.0,2024-01-24
mkt_007625,1,713.72,150.0,11.95,18.0,0.0,818.31,2024-01-11
mkt_008474,1,140.57,88.0,5.41,14.0,7.0,70.09,2024-01-09
mkt_007889,1,336.36,50.0,32.05,10.0,8.0,132.06,2024-01-02
mkt_006607,1,454.82,93.0,14.73,11.0,3.0,220.95,2024-01-17
mkt_009194,1,301.63,105.0,27.19,10.0,7.0,77.36,2024-01-05
mkt_008247,1,360.65,232.0,9.32,15.0,4.0,398.03,2024-01-05
mkt_001392,0,206.17,333.0,6.9,12.0,9.0,211.66,2024-01-30
mkt_001921,0,1087.36,59.0,12.77,12.0,1.0,93.12,2024-01-03
mkt_007018,1,1899.36,570.0,14.87,20.0,7.0,1631.64,2024-01-19
mkt_003621,0,81.37,275.0,1.97,14.0,6.0,198.29,2024-01-08
mkt_004848,1,799.03,356.0,18.63,14.0,0.0,295.26,2024-01-22
mkt_002291,0,3646.13,460.0,27.82,7.0,0.0,923.59,2024-01-06
mkt_002133,0,411.56,25.0,9.16,8.0,3.0,383.68,2024-01-15
mkt_000550,0,377.18,198.0,2.93,17.0,8.0,150.88,2024-01-01
mkt_001740,0,413.13,244.0,6.55,11.0,6.0,386.85,2024-01-11
mkt_005289,1,50.0,32.0,46.87,14.0,9.0,465.31,2024-01-18
mkt_001817,0,469.17,212.0,5.11,8.0,9.0,354.34,2024-01-14
mkt_004698,1,1151.52,189.0,38.14,6.0,9.0,393.88,2024-01-25
mkt_005181,1,286.98,96.0,10.33,15.0,8.0,101.72,2024-01-22
mkt_003018,0,277.76,20.0,7.72,9.0,3.0,432.26,2024-01-03
mkt_000017,0,532.75,161.0,125.12,14.0,0.0,221.65,2024-01-27
mkt_001770,0,143.82,594.0,25.62,9.0,3.0,1293.83,2024-01-03
mkt_001888,0,681.22,114.0,31.63,10.0,4.0,1325.21,2024-01-07
mkt_002152,0,105.62,257.0,10.51,11.0,5.0,192.69,2024-01-25
mkt_001642,0,176.6,35.0,15.9,18.0,3.0,317.14,2024-01-16
mkt_007846,1,731.93,139.0,29.28,14.0,1.0,471.79,2024-01-25
mkt_004193,0,1373.4,1825.0,6.91,9.0,5.0,196.82,2024-01-30
mkt_009432,1,87.3,13.0,14.01,9.0,7.0,424.02,2024-01-30
mkt_008898,1,46.41,34.0,8.21,10.0,9.0,62.0,2024-01-25
mkt_000533,0,309.21,146.0,24.37,7.0,9.0,1332.74,2024-01-18
mkt_000132,0,1017.33,191.0,40.33,12.0,6.0,842.57,2024-01-22
mkt_007722,1,93.42,18.0,24.79,14.0,8.0,202.2,2024-01-15
mkt_008458,1,177.44,7.0,37.7,12.0,6.0,37.73,2024-01-16
mkt_000964,0,133.37,279.0,21.36,15.0,4.0,229.07,2024-01-22
mkt_008719,1,167.81,369.0,6.82,12.0,8.0,707.33,2024-01-23
mkt_006412,1,331.88,92.0,72.54,12.0,2.0,153.83,2024-01-19
mkt_008285,1,408.2,62.0,75.4,13.0,5.0,836.74,2024-01-20
mkt_007853,1,385.65,132.0,8.68,13.0,4.0,290.46,2024-01-18
mkt_001095,0,121.28,19.0,59.86,21.0,7.0,154.11,2024-01-04
mkt_006929,1,4342.99,306.0,15.76,17.0,8.0,379.98,2024-01-18
mkt_009254,1,3118.2,979.0,25.99,12.0,9.0,549.91,2024-01-23
mkt_001561,0,509.31,481.0,83.74,14.0,5.0,1565.16,2024-01-26
mkt_001670,0,57.35,21.0,37.48,21.0,7.0,55.98,2024-01-23
mkt_006087,1,153.21,381.0,12.13,20.0,5.0,248.18,2024-01-13
mkt_006669,1,708.37,469.0,18.46,16.0,7.0,338.06,2024-01-10
mkt_005933,1,45.91,6.0,76.24,12.0,9.0,59.66,2024-01-24
mkt_008829,1,563.95,133.0,14.36,12.0,0.0,765.87,2024-01-27
mkt_007945,1,52.28,16.0,6.59,6.0,4.0,98.6,2024-01-15
mkt_003508,0,102.16,135.0,42.8,8.0,2.0,521.43,2024-01-12
mkt_002002,0,105.52,25.0,3.3,13.0,5.0,99.71,2024-01-26
mkt_005866,1,702.21,40.0,45.8,6.0,3.0,254.35,2024-01-12
mkt_000168,0,234.91,87.0,54.25,5.0,6.0,38.35,2024-01-19
mkt_002588,0,1280.53,9.0,25.4,11.0,3.0,23.61,2024-01-12
mkt_005905,1,347.84,106.0,15.66,9.0,7.0,194.51,2024-01-23
mkt_009529,1,261.05,36.0,10.22,13.0,6.0,469.8,2024-01-09
mkt_006384,1,426.94,15.0,19.18,10.0,9.0,19.28,2024-01-19
mkt_007824,1,945.82,342.0,58.42,18.0,3.0,347.31,2024-01-01
mkt_009779,1,653.27,482.0,66.32,13.0,2.0,713.34,2024-01-11
mkt_004629,1,1146.26,156.0,23.53,16.0,9.0,87.86,2024-01-24
mkt_008560,1,888.53,631.0,8.72,17.0,4.0,406.0,2024-01-27
mkt_009291,1,350.04,288.0,37.42,11.0,2.0,265.65,2024-01-25
mkt_006874,1,235.64,72.0,78.38,17.0,5.0,87.24,2024-01-14
mkt_006521,1,359.42,170.0,65.83,6.0,2.0,400.27,2024-01-06
mkt_008979,1,138.11,58.0,7.09,13.0,9.0,925.19,2024-01-06
mkt_006647,1,331.85,148.0,4.78,12.0,9.0,101.16,2024-01-10
mkt_009825,1,750.81,68.0,14.0,14.0,6.0,200.08,2024-01-17
mkt_000210,0,136.57,393.0,17.98,14.0,7.0,683.54,2024-01-26
mkt_005278,1,133.75,84.0,75.33,12.0,2.0,1990.63,2024-01-05
mkt_001919,0,376.32,109.0,6.38,15.0,6.0,2934.04,2024-01-12
mkt_000718,0,649.61,54.0,5.29,8.0,0.0,697.62,2024-01-05
mkt_004868,1,449.98,159.0,39.54,15.0,3.0,206.74,2024-01-30
mkt_007834,1,801.86,300.0,286.16,12.0,5.0,138.81,2024-01-03
mkt_001298,0,551.17,78.0,28.76,14.0,5.0,36.97,2024-01-18
mkt_009193,1,187.33,30.0,49.98,11.0,5.0,904.66,2024-01-23
mkt_004617,1,329.9,156.0,12.35,14.0,9.0,556.7,2024-01-11
mkt_003128,0,31.4,24.0,5.67,15.0,7.0,202.11,2024-01-12
mkt_009795,1,640.72,64.0,10.45,12.0,1.0,132.85,2024-01-17
mkt_003979,0,127.63,15.0,6.14,13.0,6.0,370.34,2024-01-13
mkt_009924,1,2084.03,848.0,16.27,12.0,1.0,380.77,2024-01-25
mkt_008317,1,193.52,34.0,56.28,12.0,9.0,159.66,2024-01-30
mkt_004393,0,299.21,841.0,5.72,17.0,5.0,533.34,2024-01-03
mkt_001287,0,351.42,281.0,30.12,11.0,1.0,354.62,2024-01-23
mkt_004355,0,314.81,222.0,56.12,9.0,8.0,529.21,2024-01-05
mkt_007013,1,205.55,81.0,9.33,11.0,5.0,260.69,2024-01-13
mkt_003885,0,1418.68,377.0,52.63,18.0,2.0,832.67,2024-01-30
mkt_005749,1,166.74,106.0,6.05,12.0,7.0,305.43,2024-01-24
mkt_009169,1,1137.36,45.0,15.31,12.0,9.0,137.73,2024-01-05
mkt_002407,0,137.16,44.0,1.91,20.0,0.0,222.82,2024-01-08
mkt_002013,0,1721.01,167.0,70.72,8.0,3.0,432.84,2024-01-09
mkt_005153,1,98.43,187.0,3.96,6.0,2.0,506.57,2024-01-17
mkt_008551,1,917.6,122.0,162.45,7.0,2.0,179.7,2024-01-30
mkt_004376,0,1647.43,516.0,102.69,15.0,6.0,167.08,2024-01-17
mkt_008822,1,529.07,132.0,37.03,7.0,4.0,190.22,2024-01-12
mkt_004273,0,1696.69,246.0,66.16,12.0,2.0,1037.75,2024-01-09
mkt_005825,1,1292.01,166.0,11.72,13.0,5.0,1129.52,2024-01-09
mkt_006699,1,526.77,12.0,269.77,16.0,9.0,83.24,2024-01-30
mkt_007243,1,395.28,52.0,13.65,17.0,5.0,195.6,2024-01-30
mkt_000449,0,923.76,200.0,24.09,9.0,7.0,145.02,2024-01-05
mkt_002227,0,282.68,25.0,9.01,14.0,5.0,253.43,2024-01-02
mkt_005756,1,56.31,87.0,23.62,11.0,8.0,296.63,2024-01-18
mkt_000810,0,193.83,36.0,4.66,16.0,2.0,178.59,2024-01-30
mkt_004180,0,187.78,75.0,3.77,8.0,8.0,297.26,2024-01-24
mkt_009000,1,445.91,90.0,31.41,11.0,8.0,226.94,2024-01-16
mkt_005438,1,93.26,72.0,13.06,18.0,0.0,297.39,2024-01-04
mkt_007533,1,92.15,303.0,28.03,11.0,1.0,917.21,2024-01-29
mkt_006369,1,162.88,45.0,35.97,12.0,8.0,138.63,2024-01-18
mkt_008416,1,785.93,848.0,5.42,8.0,1.0,263.41,2024-01-13
mkt_001477,0,284.32,560.0,7.63,8.0,6.0,501.04,2024-01-26
mkt_001790,0,686.75,337.0,24.88,13.0,0.0,444.46,2024-01-04
mkt_002008,0,386.81,25.0,4.01,13.0,1.0,95.48,2024-01-05
mkt_000682,0,285.93,87.0,14.54,9.0,3.0,156.59,2024-01-14
mkt_002816,0,554.99,537.0,130.98,11.0,5.0,156.09,2024-01-27
mkt_009431,1,332.73,75.0,6.48,13.0,7.0,62.98,2024-01-03
mkt_003774,0,46.1,28.0,40.8,13.0,0.0,166.63,2024-01-19
mkt_006495,1,198.08,168.0,11.82,17.0,7.0,546.41,2024-01-26
mkt_008878,1,324.29,87.0,5.72,11.0,9.0,36.23,2024-01-16
mkt_007361,1,272.95,96.0,2.91,14.0,6.0,293.66,2024-01-18
mkt_008366,1,532.55,33.0,10.21,10.0,8.0,224.54,2024-01-23
mkt_007474,1,361.08,177.0,42.17,9.0,1.0,431.57,2024-01-26
mkt_000046,0,81.19,7.0,43.28,10.0,2.0,286.78,2024-01-15
mkt_000030,0,188.64,7.0,62.43,9.0,8.0,87.19,2024-01-12
mkt_008250,1,783.65,226.0,3.71,15.0,6.0,67.75,2024-01-25
mkt_006935,1,914.44,1683.0,31.42,11.0,2.0,228.43,2024-01-03
mkt_001468,0,152.58,29.0,5.46,11.0,0.0,153.01,2024-01-19
mkt_001665,0,93.07,120.0,5.12,14.0,6.0,187.42,2024-01-15
mkt_001416,0,519.47,51.0,33.34,13.0,2.0,200.43,2024-01-25
mkt_006480,1,66.31,415.0,23.55,14.0,5.0,804.65,2024-01-25
mkt_004852,1,492.67,20.0,12.8,14.0,9.0,110.83,2024-01-24
mkt_002470,0,79.64,36.0,30.43,8.0,6.0,262.41,2024-01-17
mkt_004373,0,2070.6,97.0,46.68,14.0,7.0,68.75,2024-01-20
mkt_008524,1,556.76,244.0,29.04,13.0,9.0,132.5,2024-01-18
mkt_000429,0,331.27,65.0,28.94,10.0,7.0,88.47,2024-01-26
mkt_005244,1,239.83,163.0,37.29,7.0,0.0,186.21,2024-01-07
mkt_002119,0,82.34,53.0,41.11,18.0,5.0,205.53,2024-01-05
mkt_000385,0,32.84,52.0,14.61,9.0,4.0,159.04,2024-01-14
mkt_001945,0,55.05,18.0,5.34,16.0,6.0,66.52,2024-01-13
mkt_004224,0,423.31,1577.0,26.54,20.0,1.0,603.8,2024-01-07
mkt_000473,0,756.42,496.0,22.3,7.0,5.0,123.63,2024-01-14
mkt_002129,0,325.06,184.0,69.28,15.0,7.0,126.13,2024-01-09
mkt_006556,1,124.14,169.0,21.78,10.0,9.0,56.2,2024-01-08
mkt_006998,1,608.99,277.0,8.37,11.0,1.0,487.48,2024-01-02
mkt_001055,0,542.31,49.0,14.38,14.0,1.0,251.13,2024-01-16
mkt_003274,0,540.04,47.0,19.71,17.0,6.0,253.44,2024-01-16
mkt_004961,1,117.14,58.0,4.11,13.0,8.0,129.2,2024-01-07
mkt_005363,1,1288.29,636.0,127.83,21.0,1.0,748.87,2024-01-20
mkt_005816,1,46.01,34.0,14.23,13.0,5.0,43.0,2024-01-26
mkt_000811,0,619.59,245.0,9.16,16.0,8.0,562.92,2024-01-16
mkt_004573,1,201.97,130.0,2.25,10.0,6.0,138.24,2024-01-11
mkt_006137,1,127.62,34.0,7.43,7.0,9.0,359.29,2024-01-09
mkt_002388,0,238.21,182.0,14.72,10.0,1.0,130.04,2024-01-19
mkt_009648,1,374.67,30.0,33.75,18.0,5.0,339.53,2024-01-03
mkt_006225,1,216.8,174.0,7.26,12.0,9.0,353.29,2024-01-22
mkt_000111,0,401.71,227.0,74.42,11.0,0.0,251.74,2024-01-24
mkt_008909,1,1341.73,168.0,3.37,13.0,6.0,533.02,2024-01-19
mkt_001745,0,93.67,123.0,72.88,11.0,0.0,368.65,2024-01-18
mkt_007851,1,1092.05,387.0,8.82,11.0,9.0,358.37,2024-01-18
mkt_001452,0,238.32,38.0,7.63,13.0,9.0,132.43,2024-01-02
mkt_000319,0,258.88,67.0,48.64,9.0,4.0,518.81,2024-01-28
mkt_008593,1,176.77,76.0,14.31,11.0,1.0,74.79,2024-01-15
mkt_003333,0,91.15,33.0,118.42,12.0,2.0,105.37,2024-01-03
mkt_001922,0,63.23,40.0,8.88,11.0,9.0,74.82,2024-01-02
mkt_005865,1,95.89,358.0,22.56,7.0,4.0,1657.13,2024-01-30
mkt_009528,1,488.26,24.0,2.07,14.0,0.0,48.22,2024-01-01
mkt_003685,0,613.97,188.0,4.29,9.0,1.0,391.98,2024-01-11
mkt_004275,0,2386.13,64.0,12.66,10.0,1.0,176.82,2024-01-01
mkt_004889,1,400.71,297.0,5.51,14.0,6.0,356.04,2024-01-13
mkt_005225,1,1279.75,123.0,88.49,13.0,9.0,134.76,2024-01-30
mkt_007472,1,261.41,64.0,43.14,7.0,1.0,113.61,2024-01-21
mkt_003605,0,338.17,11.0,3.58,12.0,2.0,161.44,2024-01-08
mkt_001052,0,5750.03,58.0,28.49,11.0,2.0,899.53,2024-01-03
mkt_004156,0,3838.61,179.0,6.55,12.0,3.0,211.51,2024-01-04
mkt_009676,1,645.92,310.0,81.46,12.0,5.0,602.33,2024-01-14
mkt_000099,0,912.63,614.0,6.49,10.0,6.0,302.62,2024-01-18
mkt_007508,1,420.82,44.0,19.61,15.0,3.0,267.63,2024-01-04
mkt_001456,0,1343.42,353.0,25.55,15.0,9.0,1002.21,2024-01-01
mkt_007688,1,326.95,40.0,10.95,6.0,9.0,124.71,2024-01-29
mkt_004004,0,158.58,174.0,70.71,10.0,2.0,586.83,2024-01-10
mkt_006866,1,373.22,222.0,13.1,19.0,7.0,212.87,2024-01-19
mkt_004509,1,643.33,516.0,160.64,13.0,9.0,1293.9,2024-01-01
mkt_003299,0,720.42,66.0,3.17,20.0,8.0,264.54,2024-01-15
mkt_003799,0,118.18,105.0,23.88,13.0,9.0,612.67,2024-01-12
mkt_004281,0,608.32,24.0,81.24,9.0,4.0,38.7,2024-01-23
mkt_009051,1,2385.74,1725.0,7.88,11.0,7.0,574.92,2024-01-26
mkt_006462,1,298.55,57.0,58.64,13.0,3.0,221.26,2024-01-19
mkt_007912,1,478.5,386.0,16.49,14.0,8.0,269.96,2024-01-30
mkt_001414,0,253.66,31.0,236.28,8.0,6.0,85.42,2024-01-23
mkt_000540,0,153.61,68.0,50.26,13.0,5.0,572.61,2024-01-25
mkt_005815,1,213.61,274.0,51.59,10.0,4.0,298.65,2024-01-05
mkt_008199,1,122.07,27.0,17.28,15.0,5.0,536.73,2024-01-28
mkt_003680,0,327.87,486.0,8.51,22.0,7.0,850.22,2024-01-21
mkt_000754,0,441.22,425.0,37.53,15.0,8.0,988.09,2024-01-17
mkt_004196,0,59.74,84.0,23.11,17.0,8.0,135.71,2024-01-11
mkt_002650,0,317.21,34.0,16.68,9.0,5.0,186.8,2024-01-23
mkt_004522,1,284.08,34.0,24.53,9.0,7.0,166.43,2024-01-20
mkt_009519,1,426.75,124.0,52.05,11.0,8.0,303.61,2024-01-03
mkt_003118,0,403.03,1208.0,14.09,18.0,9.0,270.4,2024-01-04
mkt_003728,0,450.12,245.0,14.42,14.0,6.0,423.86,2024-01-26
mkt_003886,0,1729.36,21.0,17.21,14.0,4.0,1193.31,2024-01-29
mkt_007107,1,418.52,843.0,29.57,11.0,5.0,153.51,2024-01-25
mkt_008068,1,683.02,207.0,32.76,10.0,1.0,435.27,2024-01-11
mkt_007325,1,274.34,138.0,108.84,17.0,7.0,533.5,2024-01-10
mkt_008483,1,810.91,33.0,11.48,15.0,0.0,93.55,2024-01-11
mkt_008767,1,905.58,343.0,3.73,10.0,5.0,189.67,2024-01-10
mkt_006500,1,683.28,1287.0,18.59,17.0,2.0,714.82,2024-01-16
mkt_008426,1,86.97,190.0,15.68,16.0,6.0,216.73,2024-01-05
mkt_007963,1,250.1,43.0,10.47,10.0,8.0,156.66,2024-01-12
mkt_000601,0,607.09,26.0,17.62,13.0,2.0,48.87,2024-01-14
mkt_009249,1,532.79,87.0,8.36,8.0,0.0,122.76,2024-01-17
mkt_008919,1,576.46,885.0,6.53,13.0,0.0,407.04,2024-01-19
mkt_006814,1,128.73,120.0,9.88,12.0,9.0,423.26,2024-01-13
mkt_005411,1,1014.27,46.0,11.96,8.0,5.0,196.7,2024-01-04
mkt_008747,1,253.42,3.0,12.26,14.0,1.0,29.37,2024-01-09
mkt_005522,1,739.15,140.0,36.83,14.0,6.0,239.63,2024-01-03
mkt_001044,0,545.85,173.0,12.66,14.0,2.0,126.83,2024-01-15
mkt_007334,1,701.76,380.0,9.61,11.0,8.0,543.02,2024-01-09
mkt_001557,0,139.76,17.0,46.07,11.0,4.0,27.82,2024-01-08
mkt_003739,0,217.06,511.0,9.75,17.0,1.0,417.51,2024-01-16
mkt_003522,0,2020.74,174.0,6.41,11.0,3.0,237.79,2024-01-12
mkt_000180,0,81.57,28.0,29.01,14.0,4.0,285.47,2024-01-29
mkt_002115,0,657.91,105.0,30.76,7.0,2.0,366.89,2024-01-03
mkt_001699,0,53.89,14.0,27.06,15.0,8.0,54.5,2024-01-17
mkt_001379,0,193.8,300.0,42.55,12.0,9.0,80.08,2024-01-05
mkt_007229,1,51.75,20.0,84.49,12.0,1.0,79.98,2024-01-08
mkt_009143,1,2400.17,166.0,24.84,13.0,4.0,316.0,2024-01-10
mkt_000618,0,376.6,402.0,8.65,10.0,0.0,287.13,2024-01-12
mkt_003181,0,66.84,134.0,6.79,10.0,1.0,101.56,2024-01-30
mkt_009851,1,91.3,39.0,55.44,5.0,5.0,338.16,2024-01-04
mkt_001600,0,211.4,120.0,7.33,7.0,8.0,583.65,2024-01-21
mkt_005963,1,138.02,24.0,4.63,7.0,5.0,396.6,2024-01-26
mkt_001615,0,465.83,65.0,39.47,12.0,1.0,86.18,2024-01-02
mkt_005920,1,412.64,105.0,16.49,9.0,5.0,281.83,2024-01-26
mkt_009591,1,301.45,164.0,41.62,8.0,8.0,49.19,2024-01-10
mkt_003891,0,89.88,10.0,12.55,14.0,5.0,175.5,2024-01-28
mkt_002083,0,332.29,47.0,2.94,9.0,8.0,255.47,2024-01-26
mkt_004574,1,1643.77,170.0,26.9,13.0,2.0,51.02,2024-01-26
mkt_005594,1,263.66,16.0,12.27,14.0,7.0,556.96,2024-01-15
mkt_005121,1,298.75,85.0,43.16,12.0,2.0,207.91,2024-01-03
mkt_004587,1,324.35,206.0,96.71,11.0,9.0,458.4,2024-01-01
mkt_004902,1,278.03,49.0,22.98,10.0,3.0,72.26,2024-01-29
mkt_008252,1,121.06,9.0,65.82,14.0,9.0,76.71,2024-01-08
mkt_005916,1,263.03,88.0,19.58,12.0,3.0,119.52,2024-01-14
mkt_005129,1,185.91,216.0,39.83,14.0,6.0,1030.36,2024-01-10
mkt_008334,1,214.05,153.0,10.36,9.0,3.0,237.07,2024-01-15
mkt_001918,0,71.69,25.0,8.49,10.0,6.0,401.84,2024-01-22
mkt_008330,1,83.61,28.0,56.82,10.0,9.0,243.41,2024-01-30
mkt_005707,1,1268.79,568.0,9.27,15.0,3.0,518.77,2024-01-12
mkt_005384,1,234.27,146.0,24.18,11.0,0.0,484.38,2024-01-07
mkt_006336,1,207.21,147.0,11.52,11.0,4.0,1161.81,2024-01-11
mkt_002054,0,383.71,124.0,112.06,6.0,6.0,830.42,2024-01-17
mkt_007612,1,90.94,25.0,26.37,16.0,7.0,279.59,2024-01-26
mkt_009209,1,575.41,542.0,25.95,10.0,8.0,615.72,2024-01-11
mkt_003963,0,442.75,110.0,15.93,12.0,1.0,517.99,2024-01-13
mkt_001126,0,304.49,231.0,14.59,12.0,3.0,186.76,2024-01-18
mkt_003428,0,58.88,98.0,9.33,11.0,7.0,110.13,2024-01-25
mkt_004601,1,1072.57,535.0,15.19,16.0,8.0,2461.67,2024-01-13
mkt_003721,0,1019.38,157.0,19.39,18.0,9.0,270.08,2024-01-30
mkt_002389,0,302.04,316.0,11.58,12.0,4.0,505.91,2024-01-03
mkt_001322,0,101.74,8.0,27.1,15.0,4.0,214.83,2024-01-18
mkt_001603,0,421.03,51.0,2.92,22.0,3.0,227.25,2024-01-04
mkt_007224,1,125.55,706.0,162.45,11.0,3.0,2244.51,2024-01-25
mkt_007425,1,15080.82,2190.0,90.56,15.0,6.0,848.59,2024-01-01
mkt_004336,0,323.15,52.0,7.27,16.0,4.0,35.82,2024-01-15
mkt_005593,1,307.89,60.0,47.92,13.0,3.0,189.53,2024-01-25
mkt_004411,0,102.5,17.0,5.02,12.0,9.0,49.17,2024-01-11
mkt_005858,1,369.33,69.0,255.99,14.0,1.0,314.26,2024-01-06
mkt_009343,1,134.18,112.0,56.62,7.0,2.0,227.71,2024-01-16
mkt_003991,0,662.84,48.0,3.11,14.0,4.0,1331.52,2024-01-26
mkt_006079,1,466.86,307.0,28.21,15.0,5.0,420.28,2024-01-05
mkt_001559,0,303.75,97.0,26.65,11.0,8.0,326.57,2024-01-15
mkt_004682,1,100.71,26.0,19.51,10.0,5.0,397.46,2024-01-12
mkt_007557,1,112.62,1.0,8.47,16.0,3.0,64.52,2024-01-20
mkt_003772,0,289.01,72.0,8.54,14.0,2.0,49.61,2024-01-30
mkt_008779,1,355.62,87.0,2.67,13.0,8.0,272.39,2024-01-22
mkt_003457,0,43.12,183.0,24.36,15.0,4.0,115.78,2024-01-08
mkt_008383,1,297.68,117.0,13.88,8.0,6.0,541.56,2024-01-13
mkt_001354,0,205.75,230.0,4.59,10.0,6.0,980.68,2024-01-20
mkt_000045,0,71.32,33.0,12.19,14.0,5.0,28.02,2024-01-05
mkt_009872,1,438.47,388.0,31.21,11.0,4.0,1679.66,2024-01-03
mkt_000748,0,164.12,56.0,29.48,14.0,1.0,71.22,2024-01-10
mkt_007917,1,287.49,93.0,31.4,7.0,4.0,192.16,2024-01-28
mkt_004241,0,418.23,16.0,7.09,10.0,0.0,55.75,2024-01-06
mkt_005628,1,2800.79,81.0,61.64,12.0,7.0,136.07,2024-01-15
mkt_004657,1,155.31,646.0,26.17,19.0,1.0,170.41,2024-01-04
mkt_004238,0,46.7,183.0,4.11,8.0,6.0,282.85,2024-01-24
mkt_003460,0,902.22,125.0,92.05,9.0,0.0,179.54,2024-01-13
mkt_007381,1,385.78,87.0,67.16,15.0,8.0,268.93,2024-01-30
mkt_005549,1,222.29,145.0,29.94,7.0,3.0,95.32,2024-01-01
mkt_007075,1,615.98,87.0,27.06,15.0,3.0,295.71,2024-01-09
mkt_005838,1,355.95,44.0,33.84,13.0,1.0,911.22,2024-01-24
mkt_008091,1,1280.03,81.0,5.84,5.0,8.0,101.17,2024-01-19
mkt_005474,1,293.18,6.0,15.49,15.0,4.0,346.42,2024-01-22
mkt_003614,0,1850.38,63.0,9.7,17.0,8.0,202.47,2024-01-04
mkt_007501,1,1909.07,318.0,10.72,14.0,9.0,464.28,2024-01-07
mkt_007053,1,471.38,147.0,5.56,10.0,7.0,271.95,2024-01-15
mkt_007367,1,31.6,15.0,131.84,12.0,2.0,100.75,2024-01-24
mkt_008019,1,174.1,67.0,43.54,6.0,7.0,55.82,2024-01-09
mkt_009638,1,126.7,15.0,37.09,13.0,2.0,120.31,2024-01-01
mkt_009055,1,2544.04,72.0,27.29,11.0,9.0,964.93,2024-01-20
mkt_000664,0,87.25,97.0,141.75,11.0,0.0,255.08,2024-01-27
mkt_002319,0,154.13,290.0,24.62,8.0,6.0,372.11,2024-01-30
mkt_003542,0,1325.46,108.0,36.97,11.0,2.0,265.9,2024-01-08
mkt_003677,0,578.5,674.0,23.23,12.0,3.0,284.3,2024-01-13
mkt_009599,1,434.51,180.0,35.87,13.0,4.0,94.9,2024-01-16
mkt_003091,0,781.03,196.0,3.07,11.0,4.0,410.64,2024-01-30
mkt_000675,0,275.81,188.0,61.88,10.0,9.0,1733.68,2024-01-18
mkt_008676,1,215.67,303.0,8.82,10.0,2.0,318.29,2024-01-14
mkt_004884,1,3406.43,2190.0,7.19,17.0,3.0,553.04,2024-01-19
mkt_008079,1,296.34,63.0,14.51,12.0,2.0,138.19,2024-01-06
mkt_001962,0,534.75,92.0,36.18,8.0,6.0,90.01,2024-01-18
mkt_001840,0,1060.58,810.0,7.27,11.0,8.0,969.81,2024-01-12
mkt_007168,1,184.55,390.0,13.83,14.0,4.0,281.22,2024-01-04
mkt_009898,1,274.46,232.0,59.64,13.0,0.0,266.16,2024-01-24
mkt_003538,0,188.54,8.0,7.34,15.0,9.0,89.0,2024-01-10
mkt_008026,1,975.62,66.0,8.56,7.0,3.0,137.99,2024-01-24
mkt_004866,1,1044.49,451.0,139.29,10.0,3.0,261.29,2024-01-25
mkt_004174,0,511.69,15.0,5.57,16.0,9.0,473.18,2024-01-22
mkt_008088,1,364.47,64.0,4.84,14.0,9.0,143.63,2024-01-30
mkt_004377,0,193.22,7.0,12.32,10.0,9.0,144.98,2024-01-01
mkt_006211,1,155.5,130.0,37.15,15.0,1.0,592.73,2024-01-16
mkt_004766,1,220.8,160.0,79.07,14.0,9.0,107.51,2024-01-12
mkt_000411,0,209.14,75.0,42.26,10.0,5.0,158.28,2024-01-16
mkt_000613,0,2413.9,276.0,25.55,22.0,7.0,414.2,2024-01-26
mkt_006126,1,579.51,228.0,116.42,15.0,5.0,195.73,2024-01-28
mkt_005210,1,155.89,56.0,13.98,12.0,1.0,75.74,2024-01-19
mkt_001430,0,212.12,53.0,12.29,11.0,5.0,89.85,2024-01-26
mkt_002425,0,478.33,144.0,5.84,15.0,4.0,475.44,2024-01-02
mkt_008841,1,846.62,97.0,9.15,6.0,9.0,258.12,2024-01-27
mkt_003833,0,73.32,86.0,17.3,9.0,5.0,145.68,2024-01-18
mkt_004718,1,901.4,46.0,89.47,4.0,4.0,57.45,2024-01-16
mkt_007185,1,426.17,152.0,28.04,11.0,3.0,199.31,2024-01-15
mkt_001417,0,70.25,32.0,65.44,9.0,9.0,78.77,2024-01-09
mkt_007199,1,447.42,609.0,51.11,8.0,7.0,1022.04,2024-01-02
mkt_000604,0,1549.45,167.0,7.73,16.0,0.0,504.6,2024-01-10
mkt_001272,0,213.05,118.0,16.87,10.0,0.0,188.22,2024-01-20
mkt_003964,0,680.96,102.0,119.37,12.0,1.0,347.54,2024-01-18
mkt_006367,1,152.18,76.0,10.26,18.0,4.0,148.67,2024-01-11
mkt_008746,1,469.34,44.0,10.85,12.0,7.0,128.52,2024-01-04
mkt_000247,0,126.32,7.0,4.41,17.0,1.0,160.06,2024-01-17
mkt_009226,1,611.05,186.0,28.93,6.0,8.0,216.3,2024-01-17
mkt_001982,0,355.16,363.0,1.67,12.0,7.0,285.38,2024-01-08
mkt_002835,0,86.23,719.0,24.24,9.0,5.0,1015.79,2024-01-23
mkt_005375,1,101.55,9.0,106.05,11.0,4.0,94.48,2024-01-30
mkt_000199,0,125.66,23.0,17.89,5.0,5.0,78.06,2024-01-05
mkt_000485,0,176.32,27.0,38.57,13.0,1.0,28.44,2024-01-16
mkt_006083,1,201.39,109.0,63.41,8.0,8.0,321.13,2024-01-25
mkt_008956,1,907.12,42.0,4.4,7.0,7.0,293.55,2024-01-11
mkt_000455,0,271.79,14.0,40.59,12.0,0.0,259.07,2024-01-09
mkt_009798,1,408.24,1098.0,5.52,10.0,0.0,1314.3,2024-01-11
mkt_008826,1,185.17,10.0,31.62,12.0,2.0,198.65,2024-01-28
mkt_006515,1,138.43,1536.0,13.54,14.0,5.0,57.09,2024-01-13
mkt_001721,0,1237.89,270.0,11.2,20.0,9.0,264.37,2024-01-29
mkt_007050,1,155.61,12.0,33.46,10.0,0.0,132.5,2024-01-11
mkt_006382,1,382.76,18.0,14.93,7.0,5.0,102.0,2024-01-03
mkt_008165,1,1611.47,61.0,18.36,9.0,3.0,65.04,2024-01-15
mkt_005767,1,558.86,26.0,20.56,8.0,4.0,191.31,2024-01-11
mkt_005809,1,39.28,10.0,22.24,13.0,3.0,125.99,2024-01-11
mkt_004626,1,438.82,118.0,61.06,14.0,1.0,54.71,2024-01-04
mkt_000862,0,173.06,104.0,8.69,19.0,4.0,319.22,2024-01-06
mkt_002094,0,1187.22,14.0,15.94,12.0,0.0,57.49,2024-01-04
mkt_000947,0,1303.75,589.0,28.81,18.0,1.0,86.15,2024-01-15
mkt_005641,1,203.06,542.0,26.16,8.0,0.0,1267.94,2024-01-28
mkt_001444,0,105.24,78.0,36.32,11.0,4.0,196.49,2024-01-23
mkt_001280,0,73.45,86.0,7.99,11.0,3.0,106.8,2024-01-24
mkt_003110,0,337.56,43.0,12.25,20.0,5.0,50.34,2024-01-08
mkt_008952,1,154.16,8.0,32.89,13.0,6.0,122.39,2024-01-04
mkt_007609,1,124.08,48.0,17.18,15.0,4.0,147.41,2024-01-01
mkt_005135,1,128.82,123.0,18.55,13.0,7.0,174.08,2024-01-29
mkt_003016,0,216.4,458.0,9.08,13.0,3.0,1128.3,2024-01-12
mkt_002302,0,477.82,15.0,8.56,18.0,3.0,197.43,2024-01-28
mkt_002004,0,189.33,13.0,12.09,16.0,5.0,153.97,2024-01-09
mkt_004580,1,80.66,18.0,10.62,9.0,5.0,307.37,2024-01-16
mkt_008704,1,660.24,33.0,23.47,20.0,1.0,487.49,2024-01-20
mkt_001005,0,15695.62,551.0,166.54,12.0,8.0,137.98,2024-01-15
mkt_005138,1,166.18,67.0,18.52,11.0,2.0,208.14,2024-01-24
mkt_004317,0,74.43,140.0,43.58,17.0,5.0,406.29,2024-01-01
mkt_006558,1,731.18,36.0,8.14,14.0,9.0,327.77,2024-01-26
mkt_004387,0,358.42,120.0,20.21,19.0,2.0,279.72,2024-01-24
mkt_002132,0,695.48,186.0,17.38,12.0,5.0,992.35,2024-01-06
mkt_004265,0,153.27,145.0,5.76,14.0,7.0,114.58,2024-01-28
mkt_002057,0,225.32,99.0,14.61,12.0,4.0,110.62,2024-01-06
mkt_005386,1,358.83,291.0,94.88,12.0,7.0,443.36,2024-01-19
mkt_000229,0,92.23,165.0,48.01,11.0,9.0,271.56,2024-01-06
mkt_002889,0,162.77,58.0,3.43,10.0,7.0,110.05,2024-01-04
mkt_004472,0,248.73,156.0,187.25,9.0,9.0,219.84,2024-01-22
mkt_006064,1,496.44,30.0,31.87,13.0,2.0,659.73,2024-01-16
mkt_007924,1,224.42,24.0,11.46,7.0,9.0,375.74,2024-01-29
mkt_007649,1,2545.04,321.0,30.35,10.0,2.0,185.65,2024-01-15
mkt_008381,1,323.1,46.0,74.53,14.0,8.0,358.41,2024-01-26
mkt_000209,0,982.24,38.0,41.49,18.0,8.0,129.63,2024-01-23
mkt_002758,0,335.36,16.0,15.92,11.0,3.0,66.14,2024-01-29
mkt_008471,1,56.8,146.0,52.61,16.0,0.0,183.87,2024-01-26
mkt_002948,0,184.69,48.0,15.8,11.0,1.0,157.56,2024-01-20
mkt_007116,1,566.74,360.0,9.64,12.0,0.0,745.61,2024-01-12
mkt_006330,1,657.79,48.0,9.63,11.0,7.0,59.58,2024-01-21
mkt_001728,0,82.44,16.0,19.18,15.0,9.0,344.59,2024-01-05
mkt_004176,0,444.35,286.0,3.98,6.0,2.0,109.69,2024-01-15
mkt_000337,0,173.16,99.0,10.46,12.0,8.0,547.3,2024-01-21
mkt_004984,1,101.14,26.0,25.4,13.0,9.0,57.02,2024-01-12
mkt_006878,1,100.64,759.0,47.73,10.0,7.0,294.62,2024-01-17
mkt_007248,1,143.71,20.0,17.0,13.0,6.0,89.41,2024-01-18
mkt_008452,1,205.49,81.0,5.9,10.0,8.0,157.13,2024-01-26
mkt_001226,0,718.05,180.0,5.4,12.0,2.0,179.96,2024-01-20
mkt_007608,1,368.82,194.0,7.71,7.0,8.0,405.91,2024-01-20
mkt_006827,1,382.6,18.0,43.13,8.0,8.0,368.32,2024-01-06
mkt_003540,0,96.0,46.0,44.52,7.0,8.0,189.35,2024-01-01
mkt_005868,1,87.39,128.0,8.77,10.0,7.0,119.32,2024-01-27
mkt_002111,0,272.44,63.0,6.21,10.0,6.0,657.41,2024-01-24
mkt_002691,0,246.97,102.0,17.48,11.0,8.0,433.04,2024-01-29
mkt_007153,1,232.24,36.0,11.07,13.0,8.0,74.97,2024-01-24
mkt_003707,0,393.22,25.0,14.67,12.0,9.0,88.03,2024-01-30
mkt_001017,0,152.33,27.0,33.37,4.0,8.0,40.98,2024-01-30
mkt_008511,1,609.98,258.0,19.38,12.0,0.0,178.15,2024-01-18
mkt_002807,0,194.63,14.0,54.82,10.0,8.0,363.56,2024-01-26
mkt_005015,1,715.11,108.0,9.99,11.0,3.0,445.87,2024-01-21
mkt_001928,0,943.66,218.0,3.12,17.0,7.0,1498.01,2024-01-10
mkt_000350,0,216.37,124.0,13.25,9.0,1.0,193.97,2024-01-06
mkt_005173,1,357.1,292.0,28.61,16.0,5.0,117.36,2024-01-24
mkt_004192,0,2782.37,341.0,4.24,13.0,0.0,134.82,2024-01-05
mkt_001934,0,682.64,58.0,22.58,15.0,0.0,213.38,2024-01-18
mkt_006901,1,107.31,34.0,8.01,12.0,2.0,64.25,2024-01-05
mkt_004823,1,256.43,103.0,12.41,9.0,1.0,163.82,2024-01-15
mkt_000564,0,102.65,2.0,49.17,10.0,8.0,138.96,2024-01-28
mkt_001582,0,259.73,48.0,96.69,14.0,4.0,231.3,2024-01-16
mkt_004694,1,468.04,874.0,20.16,10.0,5.0,229.03,2024-01-12
mkt_002175,0,327.35,38.0,53.19,14.0,9.0,252.45,2024-01-15
mkt_007028,1,156.99,315.0,15.36,7.0,3.0,266.3,2024-01-04
mkt_004880,1,195.45,86.0,21.02,10.0,8.0,566.18,2024-01-02
mkt_002228,0,279.88,55.0,12.06,8.0,6.0,71.07,2024-01-11
mkt_001115,0,100.13,24.0,77.74,16.0,7.0,205.67,2024-01-22
mkt_003126,0,1411.97,106.0,21.97,9.0,8.0,195.23,2024-01-11
mkt_003544,0,499.5,77.0,54.73,12.0,6.0,179.38,2024-01-03
mkt_005048,1,171.72,267.0,12.21,17.0,8.0,268.74,2024-01-25
mkt_007476,1,413.01,297.0,4.17,18.0,5.0,721.98,2024-01-22
mkt_000821,0,255.59,33.0,17.36,16.0,9.0,58.85,2024-01-12
mkt_006532,1,484.36,1098.0,11.06,10.0,9.0,644.56,2024-01-30
mkt_002272,0,135.01,10.0,9.38,11.0,4.0,59.84,2024-01-13
mkt_005545,1,1322.28,846.0,19.68,13.0,4.0,862.96,2024-01-17
mkt_000081,0,104.17,50.0,57.16,12.0,4.0,299.56,2024-01-02
mkt_001323,0,249.99,335.0,7.12,15.0,3.0,296.08,2024-01-16
mkt_009405,1,381.63,187.0,3.95,14.0,4.0,302.91,2024-01-17
mkt_001614,0,210.78,54.0,17.97,12.0,7.0,200.2,2024-01-24
mkt_000831,0,171.52,148.0,14.07,16.0,9.0,109.29,2024-01-04
mkt_003883,0,420.99,524.0,14.55,11.0,7.0,437.68,2024-01-16
mkt_008641,1,104.8,4.0,130.61,17.0,9.0,40.39,2024-01-28
mkt_004464,0,362.69,232.0,13.88,15.0,9.0,418.79,2024-01-05
mkt_005339,1,266.7,86.0,42.32,15.0,0.0,1334.23,2024-01-17
mkt_008066,1,511.17,482.0,4.36,10.0,4.0,125.53,2024-01-02
mkt_001649,0,78.27,14.0,27.45,15.0,7.0,188.32,2024-01-30
mkt_004065,0,278.53,56.0,64.16,6.0,1.0,452.09,2024-01-02
mkt_009665,1,1328.75,229.0,21.32,11.0,1.0,198.44,2024-01-19
mkt_003038,0,615.86,249.0,13.37,10.0,9.0,584.83,2024-01-29
mkt_003320,0,875.09,439.0,16.44,11.0,8.0,251.18,2024-01-02
mkt_007143,1,2015.93,180.0,95.68,15.0,4.0,397.64,2024-01-17
mkt_006889,1,454.16,201.0,11.88,12.0,4.0,955.02,2024-01-17
mkt_005092,1,3867.7,1130.0,32.2,13.0,6.0,417.54,2024-01-15
mkt_003720,0,529.08,195.0,10.46,13.0,0.0,218.15,2024-01-06
mkt_002423,0,83.36,23.0,32.09,14.0,6.0,361.37,2024-01-28
mkt_000749,0,280.37,90.0,23.78,12.0,0.0,394.92,2024-01-18
mkt_005271,1,400.38,46.0,13.48,12.0,1.0,15.74,2024-01-11
mkt_002373,0,206.75,37.0,9.69,10.0,2.0,739.4,2024-01-08
mkt_004693,1,30.59,21.0,50.1,7.0,4.0,153.32,2024-01-24
mkt_009879,1,101.73,55.0,4.63,8.0,7.0,60.61,2024-01-09
mkt_008370,1,84.77,573.0,22.36,15.0,8.0,209.43,2024-01-03
mkt_007319,1,1260.24,264.0,46.01,10.0,9.0,330.96,2024-01-26
mkt_004368,0,88.69,14.0,2.46,11.0,1.0,163.31,2024-01-01
mkt_006785,1,516.83,147.0,8.68,9.0,0.0,187.47,2024-01-25
mkt_007401,1,1179.58,393.0,2.63,16.0,2.0,801.88,2024-01-08
mkt_001139,0,274.56,124.0,24.51,14.0,6.0,496.84,2024-01-26
mkt_007631,1,325.29,46.0,4.49,14.0,6.0,235.63,2024-01-09
mkt_002231,0,301.36,127.0,9.46,7.0,4.0,158.19,2024-01-21
mkt_002164,0,182.84,86.0,19.86,17.0,8.0,60.32,2024-01-15
mkt_005217,1,248.76,60.0,36.78,12.0,2.0,211.12,2024-01-23
mkt_009444,1,5142.25,300.0,9.49,16.0,4.0,148.69,2024-01-17
mkt_009237,1,166.74,247.0,60.21,8.0,1.0,165.84,2024-01-14
mkt_004561,1,439.74,108.0,23.16,11.0,2.0,392.9,2024-01-18
mkt_001570,0,368.13,75.0,184.91,16.0,3.0,182.88,2024-01-05
mkt_000172,0,252.9,425.0,65.26,11.0,4.0,83.1,2024-01-05
mkt_007163,1,419.25,278.0,14.77,16.0,7.0,125.96,2024-01-20
mkt_002087,0,131.52,110.0,11.34,8.0,7.0,192.59,2024-01-27
mkt_004667,1,221.85,25.0,9.66,13.0,4.0,175.59,2024-01-18
mkt_004565,1,208.67,175.0,13.54,16.0,4.0,408.65,2024-01-15
mkt_007089,1,110.75,24.0,10.64,12.0,4.0,229.22,2024-01-06
mkt_006569,1,129.13,57.0,14.34,8.0,6.0,285.6,2024-01-20
mkt_004783,1,394.01,942.0,46.27,12.0,2.0,559.62,2024-01-29
mkt_002684,0,195.11,105.0,15.61,4.0,0.0,110.76,2024-01-14
mkt_001832,0,256.55,5.0,2.79,15.0,2.0,48.58,2024-01-08
mkt_008546,1,243.0,116.0,144.08,10.0,2.0,270.76,2024-01-09
mkt_005065,1,661.47,181.0,52.84,14.0,7.0,1145.09,2024-01-03
mkt_009130,1,135.57,24.0,14.77,15.0,9.0,287.04,2024-01-05
mkt_009355,1,570.27,277.0,17.79,9.0,8.0,196.49,2024-01-23
mkt_004412,0,369.96,51.0,24.19,13.0,7.0,92.17,2024-01-07
mkt_007207,1,922.25,2186.0,19.6,9.0,2.0,385.02,2024-01-25
mkt_009890,1,311.73,430.0,16.13,17.0,3.0,426.39,2024-01-10
mkt_000834,0,878.56,263.0,98.99,15.0,9.0,412.14,2024-01-30
mkt_006821,1,227.76,139.0,8.92,12.0,9.0,357.49,2024-01-30
mkt_003781,0,65.85,36.0,89.21,13.0,8.0,123.14,2024-01-06
mkt_009012,1,703.71,86.0,28.73,12.0,6.0,226.57,2024-01-26
mkt_007499,1,415.16,387.0,6.4,9.0,3.0,332.75,2024-01-14
mkt_003424,0,750.03,273.0,49.43,12.0,0.0,329.77,2024-01-24
mkt_000065,0,586.39,131.0,67.19,19.0,7.0,378.39,2024-01-03
mkt_002963,0,552.15,178.0,207.82,16.0,8.0,451.62,2024-01-18
mkt_005669,1,373.8,291.0,339.1,11.0,9.0,888.78,2024-01-05
mkt_008962,1,212.4,28.0,9.15,9.0,8.0,97.26,2024-01-29
mkt_000354,0,136.69,105.0,2.15,7.0,6.0,179.96,2024-01-18
mkt_008171,1,2794.39,196.0,9.72,15.0,5.0,923.15,2024-01-09
mkt_004030,0,115.31,117.0,59.75,22.0,3.0,644.96,2024-01-06
mkt_008534,1,350.59,18.0,29.72,8.0,8.0,131.37,2024-01-18
mkt_003651,0,270.63,117.0,133.21,6.0,0.0,169.48,2024-01-14
mkt_006739,1,105.73,463.0,4.96,9.0,3.0,442.39,2024-01-23
mkt_003297,0,215.92,27.0,49.12,11.0,5.0,137.36,2024-01-02
mkt_004127,0,357.9,451.0,108.92,9.0,7.0,1310.19,2024-01-27
mkt_008043,1,450.33,234.0,12.4,10.0,7.0,84.93,2024-01-29
mkt_004767,1,103.73,213.0,129.39,18.0,8.0,195.38,2024-01-08
mkt_000472,0,129.79,30.0,19.18,19.0,9.0,198.89,2024-01-26
mkt_003761,0,452.67,51.0,11.53,12.0,0.0,63.35,2024-01-02
mkt_008617,1,2915.51,210.0,14.71,13.0,1.0,207.16,2024-01-13
mkt_003566,0,242.04,73.0,119.27,7.0,3.0,178.54,2024-01-02
mkt_002760,0,305.01,13.0,16.62,11.0,6.0,94.2,2024-01-24
mkt_000868,0,121.27,47.0,73.99,12.0,1.0,342.62,2024-01-08
mkt_009382,1,200.68,19.0,18.39,12.0,5.0,63.9,2024-01-11
mkt_008688,1,132.72,230.0,32.09,12.0,5.0,186.25,2024-01-23
mkt_004052,0,1154.13,130.0,24.53,7.0,0.0,253.93,2024-01-08
mkt_006130,1,348.5,45.0,15.16,8.0,4.0,268.33,2024-01-19
mkt_003244,0,73.36,205.0,12.81,11.0,3.0,108.17,2024-01-02
mkt_004842,1,132.12,19.0,26.76,14.0,8.0,121.81,2024-01-18
mkt_009330,1,109.66,8.0,37.71,13.0,7.0,70.15,2024-01-17
mkt_005640,1,709.39,180.0,18.0,14.0,8.0,65.64,2024-01-17
mkt_005780,1,130.35,343.0,19.6,16.0,7.0,136.53,2024-01-10
mkt_008540,1,416.48,97.0,48.1,18.0,1.0,596.5,2024-01-24
mkt_001075,0,316.01,62.0,158.98,19.0,7.0,351.42,2024-01-24
mkt_002957,0,106.93,103.0,67.79,13.0,8.0,342.07,2024-01-20
mkt_006752,1,115.6,236.0,1.2,8.0,7.0,393.15,2024-01-18
mkt_008657,1,230.36,30.0,17.78,14.0,0.0,386.9,2024-01-10
mkt_007272,1,734.02,18.0,5.8,8.0,8.0,306.24,2024-01-18
mkt_004759,1,191.95,56.0,10.94,10.0,7.0,190.32,2024-01-25
mkt_004862,1,1024.69,244.0,5.49,14.0,6.0,867.89,2024-01-01
mkt_007025,1,205.05,80.0,23.12,7.0,5.0,117.09,2024-01-05
mkt_007647,1,1106.38,51.0,94.48,9.0,9.0,211.93,2024-01-16
mkt_007161,1,191.3,236.0,10.38,9.0,8.0,253.9,2024-01-22
mkt_000073,0,246.42,33.0,8.34,16.0,2.0,52.6,2024-01-10
mkt_004901,1,385.06,67.0,12.68,15.0,2.0,145.71,2024-01-12
mkt_004375,0,1686.54,62.0,26.49,16.0,4.0,751.75,2024-01-11
mkt_006698,1,553.7,4.0,9.49,17.0,0.0,160.26,2024-01-09
mkt_009805,1,165.44,18.0,7.63,10.0,3.0,110.74,2024-01-12
mkt_001101,0,212.02,52.0,28.79,12.0,1.0,137.25,2024-01-23
mkt_009537,1,170.46,385.0,44.0,13.0,7.0,321.77,2024-01-19
mkt_007655,1,342.98,87.0,48.89,9.0,7.0,475.53,2024-01-30
mkt_005235,1,229.06,300.0,7.71,16.0,8.0,161.01,2024-01-18
mkt_005165,1,319.14,164.0,25.41,16.0,8.0,420.76,2024-01-02
mkt_000118,0,383.87,74.0,9.89,13.0,6.0,152.53,2024-01-17
mkt_002022,0,471.52,49.0,11.85,15.0,6.0,636.38,2024-01-03
mkt_009885,1,221.28,274.0,20.26,13.0,8.0,185.43,2024-01-09
mkt_002638,0,367.09,234.0,125.41,15.0,4.0,1353.73,2024-01-26
mkt_002034,0,8234.8,1092.0,56.25,13.0,6.0,531.39,2024-01-22
mkt_002564,0,650.59,95.0,100.71,12.0,2.0,1232.99,2024-01-18
mkt_008665,1,221.56,92.0,6.01,13.0,5.0,135.1,2024-01-04
mkt_003543,0,1022.89,471.0,57.17,9.0,5.0,221.73,2024-01-26
mkt_001219,0,1771.99,55.0,40.35,22.0,8.0,236.52,2024-01-29
mkt_009714,1,7329.97,195.0,32.03,19.0,6.0,577.21,2024-01-01
mkt_006711,1,597.83,146.0,13.36,14.0,7.0,648.03,2024-01-17
mkt_002903,0,120.64,29.0,10.2,7.0,9.0,243.82,2024-01-02
mkt_003026,0,1502.75,641.0,18.95,13.0,9.0,972.84,2024-01-24
mkt_002510,0,307.19,10.0,10.09,17.0,3.0,969.74,2024-01-28
mkt_004201,0,93.67,43.0,6.64,13.0,8.0,770.16,2024-01-26
mkt_003207,0,138.5,63.0,59.04,4.0,3.0,138.49,2024-01-15
mkt_004489,0,333.12,464.0,8.6,21.0,5.0,524.76,2024-01-13
mkt_002755,0,541.99,67.0,56.36,19.0,1.0,388.53,2024-01-17
mkt_008889,1,862.42,122.0,10.73,9.0,2.0,490.14,2024-01-08
mkt_000177,0,106.13,132.0,91.15,12.0,6.0,194.16,2024-01-27
mkt_001643,0,355.2,1441.0,17.91,9.0,7.0,225.48,2024-01-23
mkt_009292,1,380.96,111.0,7.34,11.0,5.0,365.11,2024-01-01
mkt_003518,0,418.64,87.0,27.06,13.0,3.0,154.5,2024-01-01
mkt_001374,0,139.15,30.0,12.06,11.0,8.0,273.53,2024-01-08
mkt_001720,0,377.65,15.0,36.16,12.0,5.0,184.72,2024-01-21
mkt_003995,0,125.03,65.0,8.19,13.0,6.0,513.47,2024-01-04
mkt_003688,0,160.37,80.0,20.24,12.0,6.0,746.65,2024-01-13
mkt_002264,0,575.81,181.0,7.75,8.0,7.0,239.4,2024-01-29
mkt_000087,0,218.56,44.0,6.82,11.0,7.0,185.95,2024-01-01
mkt_002848,0,1141.67,22.0,35.72,9.0,8.0,208.43,2024-01-26
mkt_008687,1,222.75,61.0,17.67,16.0,3.0,93.41,2024-01-30
mkt_000403,0,671.02,53.0,15.66,11.0,6.0,177.68,2024-01-03
mkt_009900,1,135.71,30.0,48.93,8.0,7.0,177.53,2024-01-14
mkt_004077,0,673.52,58.0,5.59,10.0,4.0,156.19,2024-01-07
mkt_006835,1,229.89,100.0,21.11,14.0,4.0,331.46,2024-01-03
mkt_006537,1,161.38,28.0,11.49,11.0,3.0,417.44,2024-01-12
mkt_002456,0,425.02,89.0,48.99,12.0,6.0,621.67,2024-01-21
mkt_002751,0,3487.85,36.0,52.17,11.0,9.0,127.61,2024-01-01
mkt_002214,0,1153.49,412.0,24.53,13.0,4.0,310.42,2024-01-24
mkt_001027,0,68.52,14.0,53.12,10.0,8.0,48.99,2024-01-10
mkt_009703,1,238.7,148.0,7.42,17.0,3.0,252.99,2024-01-28
mkt_001421,0,193.95,294.0,12.32,9.0,1.0,53.18,2024-01-08
mkt_002436,0,603.89,21.0,21.51,16.0,0.0,70.26,2024-01-19
mkt_004277,0,227.48,138.0,28.29,16.0,0.0,69.95,2024-01-03
mkt_009609,1,65.84,16.0,24.01,13.0,4.0,88.18,2024-01-12
mkt_001278,0,186.37,46.0,19.69,10.0,4.0,1040.41,2024-01-25
mkt_006220,1,227.65,174.0,15.53,10.0,3.0,1012.66,2024-01-29
mkt_004907,1,95.3,2.0,57.82,7.0,7.0,133.01,2024-01-18
mkt_005064,1,190.83,96.0,93.97,8.0,0.0,202.97,2024-01-08
mkt_001978,0,238.44,25.0,26.12,11.0,0.0,59.24,2024-01-23
mkt_001061,0,208.39,32.0,7.08,8.0,2.0,103.5,2024-01-09
mkt_005014,1,66.53,69.0,107.57,11.0,7.0,245.33,2024-01-07
mkt_004535,1,238.76,32.0,24.52,13.0,8.0,63.72,2024-01-16
mkt_006993,1,821.66,86.0,12.68,10.0,6.0,503.55,2024-01-14
mkt_009253,1,213.9,33.0,3.54,8.0,3.0,178.45,2024-01-03
mkt_001502,0,1073.68,88.0,3.9,11.0,6.0,322.94,2024-01-15
mkt_008568,1,623.94,114.0,20.18,17.0,2.0,150.93,2024-01-19
mkt_009314,1,709.81,49.0,48.15,15.0,3.0,220.16,2024-01-04
mkt_008836,1,60.58,43.0,48.85,10.0,0.0,117.16,2024-01-29
mkt_008920,1,387.75,216.0,24.05,7.0,1.0,2441.63,2024-01-20
mkt_004918,1,523.77,36.0,18.97,6.0,3.0,92.58,2024-01-03
mkt_000678,0,428.94,59.0,4.89,13.0,9.0,317.82,2024-01-22
mkt_005076,1,205.94,8.0,26.4,13.0,9.0,34.16,2024-01-02
mkt_008064,1,188.46,62.0,16.01,8.0,9.0,148.46,2024-01-26
mkt_007568,1,284.75,34.0,3.52,14.0,3.0,94.44,2024-01-21
mkt_000102,0,187.47,135.0,14.9,14.0,7.0,360.49,2024-01-06
mkt_000957,0,577.32,23.0,44.26,15.0,6.0,226.14,2024-01-23
mkt_008556,1,99.09,45.0,13.03,13.0,4.0,271.9,2024-01-05
mkt_003785,0,1296.53,392.0,95.77,8.0,4.0,310.64,2024-01-16
mkt_009630,1,173.19,44.0,22.19,10.0,6.0,282.66,2024-01-26
mkt_007173,1,270.92,46.0,4.19,11.0,3.0,94.36,2024-01-18
mkt_004043,0,1306.31,541.0,2.72,11.0,5.0,381.27,2024-01-03
mkt_002648,0,3291.38,400.0,18.39,12.0,5.0,609.79,2024-01-28
mkt_006000,1,129.86,56.0,20.99,9.0,6.0,111.56,2024-01-14
mkt_007927,1,72.37,196.0,17.15,16.0,9.0,267.55,2024-01-12
mkt_002826,0,62.92,19.0,10.66,8.0,1.0,230.02,2024-01-19
mkt_004094,0,309.74,266.0,9.8,15.0,7.0,157.34,2024-01-04
mkt_007774,1,122.06,36.0,174.33,11.0,2.0,274.61,2024-01-18
mkt_009258,1,548.3,69.0,23.04,14.0,1.0,53.59,2024-01-19
mkt_008113,1,570.37,49.0,7.45,17.0,6.0,148.78,2024-01-11
mkt_004772,1,110.99,38.0,24.72,14.0,8.0,345.68,2024-01-11
mkt_001947,0,101.79,51.0,62.9,11.0,1.0,65.12,2024-01-16
mkt_006109,1,95.36,78.0,117.56,13.0,6.0,124.74,2024-01-22
mkt_002299,0,475.76,47.0,35.26,15.0,9.0,171.15,2024-01-28
mkt_007844,1,268.94,114.0,23.17,10.0,9.0,850.09,2024-01-29
mkt_004382,0,220.92,66.0,38.87,13.0,9.0,868.69,2024-01-14
mkt_005425,1,198.57,67.0,70.66,16.0,7.0,891.67,2024-01-16
mkt_006771,1,104.21,66.0,25.75,13.0,3.0,353.79,2024-01-21
mkt_008578,1,114.73,4.0,50.46,12.0,6.0,55.91,2024-01-08
mkt_004291,0,124.64,55.0,17.56,13.0,8.0,458.89,2024-01-29
mkt_000528,0,521.61,126.0,60.66,10.0,0.0,86.56,2024-01-30
mkt_001233,0,132.41,38.0,40.0,10.0,9.0,586.64,2024-01-11
mkt_000779,0,1324.3,298.0,24.99,12.0,8.0,69.91,2024-01-28
mkt_005859,1,702.43,88.0,21.31,9.0,7.0,156.06,2024-01-05
mkt_003059,0,30.19,32.0,7.06,10.0,0.0,266.8,2024-01-23
mkt_008587,1,964.75,423.0,43.92,11.0,0.0,1139.12,2024-01-21
mkt_001860,0,607.46,231.0,3.77,16.0,7.0,269.66,2024-01-09
mkt_008438,1,259.32,44.0,7.33,13.0,5.0,274.64,2024-01-10
mkt_007403,1,56.2,52.0,8.18,5.0,0.0,97.49,2024-01-19
mkt_004639,1,3120.26,477.0,18.29,13.0,9.0,74.91,2024-01-30
mkt_004250,0,98.18,3.0,17.69,8.0,1.0,175.77,2024-01-17
mkt_001992,0,616.67,103.0,10.48,17.0,9.0,181.92,2024-01-04
mkt_007379,1,1185.01,338.0,27.39,5.0,4.0,123.07,2024-01-08
mkt_007305,1,66.16,138.0,21.78,10.0,1.0,335.86,2024-01-08
mkt_005303,1,184.77,40.0,27.04,10.0,7.0,60.58,2024-01-30
mkt_008192,1,460.43,69.0,20.2,15.0,2.0,333.11,2024-01-03
mkt_007447,1,200.75,49.0,2.95,20.0,3.0,185.4,2024-01-05
mkt_002471,0,171.53,67.0,30.58,14.0,6.0,177.83,2024-01-12
mkt_007197,1,326.84,194.0,29.86,8.0,6.0,434.06,2024-01-28
mkt_005312,1,73.67,106.0,45.2,9.0,0.0,341.0,2024-01-18
mkt_009035,1,486.69,24.0,17.26,9.0,0.0,41.26,2024-01-29
mkt_001396,0,90.47,149.0,58.74,10.0,2.0,147.82,2024-01-19
mkt_004002,0,357.96,23.0,14.7,14.0,0.0,233.12,2024-01-20
mkt_005371,1,188.91,538.0,20.44,17.0,6.0,310.73,2024-01-02
mkt_003235,0,340.82,26.0,5.69,12.0,9.0,215.89,2024-01-01
mkt_001042,0,51.97,33.0,23.69,11.0,8.0,58.83,2024-01-08
mkt_003298,0,423.08,46.0,5.63,9.0,2.0,85.78,2024-01-14
mkt_007256,1,7030.16,433.0,30.53,8.0,0.0,87.77,2024-01-26
mkt_000257,0,763.32,92.0,21.81,9.0,4.0,387.23,2024-01-10
mkt_007286,1,149.89,62.0,16.0,16.0,7.0,424.52,2024-01-02
mkt_008616,1,526.48,51.0,15.9,17.0,5.0,246.92,2024-01-23
mkt_007816,1,605.42,483.0,9.13,10.0,3.0,1966.29,2024-01-04
mkt_005843,1,378.31,511.0,5.1,4.0,2.0,328.6,2024-01-23
mkt_002089,0,721.98,41.0,12.66,12.0,2.0,26.03,2024-01-20
mkt_007702,1,296.0,410.0,43.78,8.0,1.0,836.61,2024-01-04
mkt_000503,0,256.92,314.0,9.82,11.0,3.0,210.12,2024-01-04
mkt_005265,1,519.01,165.0,10.06,18.0,0.0,916.14,2024-01-22
mkt_008814,1,750.31,206.0,42.76,14.0,5.0,277.1,2024-01-26
mkt_001345,0,455.74,71.0,6.33,8.0,6.0,278.65,2024-01-19
mkt_008455,1,148.79,84.0,124.37,12.0,7.0,142.07,2024-01-05
mkt_005046,1,221.81,32.0,47.99,12.0,3.0,65.7,2024-01-02
mkt_002248,0,30.34,21.0,45.97,7.0,9.0,79.62,2024-01-22
mkt_004981,1,2063.86,1678.0,23.17,12.0,1.0,594.54,2024-01-02
mkt_000372,0,161.01,70.0,13.49,11.0,4.0,308.56,2024-01-06
mkt_008454,1,139.38,128.0,31.32,17.0,8.0,427.95,2024-01-12
mkt_003370,0,387.7,39.0,26.84,13.0,6.0,204.92,2024-01-17
mkt_002006,0,230.42,55.0,3.87,14.0,4.0,139.32,2024-01-22
mkt_003656,0,20.05,22.0,7.74,7.0,2.0,235.0,2024-01-13
mkt_008327,1,235.12,42.0,19.69,8.0,3.0,92.0,2024-01-29
mkt_007521,1,319.99,64.0,36.13,11.0,4.0,191.58,2024-01-18
mkt_004001,0,493.61,758.0,10.95,9.0,4.0,1584.15,2024-01-09
mkt_006072,1,187.03,86.0,7.25,7.0,1.0,186.02,2024-01-22
mkt_008736,1,113.58,230.0,34.08,12.0,8.0,257.83,2024-01-21
mkt_000997,0,218.23,897.0,24.62,10.0,8.0,297.49,2024-01-29
mkt_008179,1,102.47,10.0,12.18,10.0,5.0,64.59,2024-01-24
mkt_003290,0,305.0,441.0,37.13,7.0,3.0,1377.28,2024-01-26
mkt_001176,0,99.96,10.0,27.0,10.0,4.0,34.18,2024-01-08
mkt_000551,0,1080.44,87.0,3.78,12.0,5.0,639.6,2024-01-09
mkt_000744,0,172.96,179.0,29.62,20.0,6.0,493.63,2024-01-06
mkt_007223,1,300.91,477.0,26.09,20.0,8.0,178.45,2024-01-17
mkt_004554,1,536.77,39.0,52.56,10.0,7.0,265.25,2024-01-12
mkt_002859,0,330.32,43.0,47.05,11.0,5.0,73.37,2024-01-28
mkt_008820,1,212.62,133.0,22.57,3.0,7.0,118.94,2024-01-29
mkt_003459,0,754.37,401.0,10.14,13.0,0.0,338.38,2024-01-11
mkt_002724,0,81.92,132.0,39.68,14.0,5.0,252.54,2024-01-03
mkt_006847,1,556.8,132.0,37.02,14.0,3.0,350.91,2024-01-29
mkt_007615,1,1979.79,399.0,5.54,8.0,4.0,376.67,2024-01-11
mkt_007547,1,255.03,31.0,10.39,16.0,6.0,143.17,2024-01-26
mkt_009174,1,22.7,138.0,3.41,11.0,9.0,219.63,2024-01-28
mkt_006393,1,183.2,85.0,26.98,17.0,7.0,312.96,2024-01-22
mkt_005358,1,108.26,82.0,23.6,14.0,1.0,188.95,2024-01-05
mkt_009488,1,463.55,134.0,20.57,14.0,3.0,203.77,2024-01-09
mkt_002968,0,445.99,326.0,16.15,9.0,2.0,182.6,2024-01-15
mkt_000693,0,251.08,27.0,16.14,13.0,2.0,72.03,2024-01-02
mkt_002533,0,336.49,14.0,18.07,17.0,8.0,31.35,2024-01-08
mkt_006399,1,29.21,84.0,51.44,22.0,6.0,550.92,2024-01-04
mkt_000982,0,1283.41,94.0,13.95,10.0,5.0,264.25,2024-01-22
mkt_005364,1,443.41,87.0,4.48,14.0,6.0,237.1,2024-01-08
mkt_000079,0,255.28,53.0,46.18,14.0,5.0,1027.04,2024-01-22
mkt_004053,0,49.17,46.0,8.92,18.0,2.0,103.32,2024-01-25
mkt_006258,1,189.36,165.0,88.47,11.0,2.0,544.15,2024-01-05
mkt_009576,1,340.56,469.0,3.65,8.0,2.0,473.33,2024-01-29
mkt_009025,1,244.87,250.0,8.18,15.0,7.0,97.44,2024-01-27
mkt_003107,0,52.5,8.0,26.75,11.0,5.0,289.07,2024-01-10
mkt_003601,0,513.51,50.0,16.28,19.0,5.0,215.5,2024-01-09
mkt_006073,1,315.47,26.0,9.19,15.0,0.0,106.59,2024-01-13
mkt_008126,1,157.44,169.0,5.47,14.0,4.0,522.25,2024-01-04
mkt_002142,0,1205.95,277.0,13.96,9.0,6.0,1784.68,2024-01-19
mkt_006310,1,115.66,181.0,9.3,4.0,4.0,51.37,2024-01-20
mkt_002268,0,215.58,24.0,5.89,7.0,0.0,65.2,2024-01-17
mkt_000445,0,64.52,335.0,12.04,18.0,9.0,366.87,2024-01-25
mkt_004883,1,721.07,103.0,27.48,10.0,6.0,377.35,2024-01-02
mkt_004466,0,529.73,29.0,27.35,11.0,6.0,254.54,2024-01-02
mkt_009026,1,213.17,16.0,28.66,19.0,1.0,385.29,2024-01-11
mkt_006632,1,78.32,61.0,23.75,14.0,8.0,212.57,2024-01-18
mkt_003316,0,1070.05,103.0,10.62,11.0,9.0,108.25,2024-01-18
mkt_001701,0,736.56,74.0,7.5,9.0,4.0,307.59,2024-01-27
mkt_002526,0,54.65,79.0,212.82,8.0,2.0,231.38,2024-01-09
mkt_000068,0,126.66,72.0,16.29,6.0,0.0,112.75,2024-01-09
mkt_001168,0,430.17,37.0,56.22,9.0,6.0,70.23,2024-01-27
mkt_000048,0,1540.77,92.0,12.53,8.0,7.0,134.82,2024-01-10
mkt_001053,0,335.32,55.0,70.75,11.0,3.0,101.0,2024-01-06
mkt_004029,0,158.47,68.0,21.79,8.0,8.0,103.02,2024-01-26
mkt_000880,0,461.88,162.0,30.05,10.0,0.0,267.45,2024-01-10
mkt_002651,0,226.68,107.0,41.58,7.0,3.0,199.5,2024-01-16
mkt_007759,1,234.58,13.0,17.58,14.0,6.0,64.54,2024-01-26
mkt_002439,0,1267.54,5.0,20.19,9.0,5.0,147.66,2024-01-08
mkt_004924,1,357.66,43.0,12.26,17.0,2.0,255.41,2024-01-21
mkt_001467,0,12346.01,334.0,16.92,7.0,8.0,347.1,2024-01-22
mkt_007292,1,462.5,198.0,41.52,14.0,7.0,397.75,2024-01-23
mkt_005035,1,543.21,138.0,7.6,3.0,1.0,87.81,2024-01-01
mkt_002441,0,224.5,188.0,39.53,9.0,7.0,598.5,2024-01-24
mkt_006554,1,129.03,78.0,6.76,10.0,9.0,166.48,2024-01-16
mkt_000230,0,238.52,70.0,14.23,13.0,6.0,414.36,2024-01-30
mkt_001320,0,1371.66,190.0,14.33,6.0,7.0,448.23,2024-01-08
mkt_000041,0,475.73,140.0,79.72,15.0,1.0,486.61,2024-01-24
mkt_000777,0,185.2,15.0,2.87,15.0,9.0,211.8,2024-01-09
mkt_008950,1,606.33,79.0,26.97,14.0,5.0,3224.14,2024-01-03
mkt_008404,1,454.89,511.0,6.01,8.0,0.0,218.91,2024-01-09
mkt_001729,0,528.45,174.0,250.99,17.0,0.0,207.49,2024-01-28
mkt_003910,0,186.3,94.0,28.07,14.0,2.0,72.49,2024-01-04
mkt_000579,0,679.17,56.0,10.28,10.0,8.0,592.79,2024-01-04
mkt_009941,1,325.64,145.0,14.04,7.0,5.0,420.77,2024-01-01
mkt_005839,1,135.18,73.0,16.02,17.0,7.0,241.74,2024-01-05
mkt_008271,1,142.69,444.0,18.79,16.0,0.0,178.14,2024-01-02
mkt_007275,1,768.55,33.0,7.77,11.0,1.0,32.68,2024-01-21
mkt_001491,0,119.37,68.0,152.85,14.0,1.0,56.44,2024-01-26
mkt_009109,1,496.01,20.0,7.18,10.0,2.0,14.61,2024-01-03
mkt_005610,1,103.63,25.0,13.6,11.0,2.0,224.03,2024-01-18
mkt_000061,0,282.23,46.0,20.03,17.0,6.0,300.25,2024-01-16
mkt_005471,1,326.41,69.0,24.05,12.0,1.0,315.77,2024-01-29
mkt_003905,0,111.01,100.0,6.85,12.0,3.0,151.68,2024-01-07
mkt_006531,1,358.94,48.0,13.99,19.0,8.0,246.53,2024-01-13
mkt_000402,0,1145.34,146.0,56.1,10.0,5.0,244.84,2024-01-03
mkt_000332,0,275.78,20.0,144.4,9.0,7.0,168.48,2024-01-27
mkt_002084,0,989.5,145.0,41.8,7.0,0.0,279.35,2024-01-11
mkt_009557,1,323.34,24.0,6.08,13.0,9.0,337.84,2024-01-12
mkt_000164,0,587.49,67.0,76.35,16.0,4.0,89.05,2024-01-03
mkt_004379,0,593.06,8.0,150.38,11.0,8.0,18.52,2024-01-25
mkt_002715,0,56.88,9.0,47.52,8.0,0.0,42.42,2024-01-16
mkt_008923,1,250.03,94.0,47.03,12.0,8.0,344.5,2024-01-07
mkt_007346,1,912.59,590.0,23.68,10.0,8.0,94.05,2024-01-18
mkt_005453,1,338.96,19.0,47.01,15.0,2.0,184.28,2024-01-29
mkt_007046,1,679.13,164.0,12.93,17.0,7.0,162.85,2024-01-12
mkt_001334,0,117.07,62.0,5.23,15.0,8.0,193.2,2024-01-18
mkt_008698,1,2252.26,265.0,6.65,15.0,1.0,131.35,2024-01-23
mkt_001659,0,305.07,51.0,2.59,16.0,8.0,483.08,2024-01-12
mkt_003578,0,106.45,19.0,208.12,6.0,4.0,69.64,2024-01-02
mkt_000753,0,530.19,173.0,43.79,6.0,5.0,161.71,2024-01-03
mkt_006584,1,158.16,16.0,19.72,10.0,2.0,359.21,2024-01-28
mkt_000706,0,112.01,225.0,58.28,10.0,5.0,141.35,2024-01-05
mkt_003014,0,387.86,93.0,29.96,10.0,5.0,306.47,2024-01-10
mkt_008558,1,289.59,54.0,23.05,4.0,8.0,217.37,2024-01-02
mkt_009875,1,157.62,9.0,69.01,11.0,8.0,117.36,2024-01-09
mkt_009582,1,113.32,27.0,126.87,5.0,0.0,178.43,2024-01-02
mkt_008928,1,171.04,88.0,61.49,10.0,1.0,290.62,2024-01-10
mkt_009556,1,126.7,876.0,323.55,14.0,0.0,383.43,2024-01-17
mkt_008983,1,3380.26,127.0,52.08,17.0,1.0,302.9,2024-01-20
mkt_001834,0,795.89,1097.0,59.54,7.0,4.0,499.49,2024-01-29
mkt_002996,0,297.3,40.0,11.41,9.0,4.0,286.07,2024-01-13
mkt_005427,1,290.31,138.0,8.72,5.0,1.0,133.33,2024-01-04
mkt_003879,0,193.45,129.0,15.19,9.0,4.0,170.47,2024-01-06
mkt_007156,1,1414.88,165.0,58.2,15.0,3.0,247.53,2024-01-16
mkt_005081,1,67.38,13.0,4.1,5.0,3.0,271.03,2024-01-20
mkt_009114,1,626.43,360.0,10.22,13.0,6.0,1197.83,2024-01-20
mkt_007244,1,215.27,327.0,29.39,21.0,0.0,277.98,2024-01-22
mkt_005400,1,234.02,260.0,12.82,13.0,9.0,126.6,2024-01-08
mkt_005395,1,35.99,25.0,7.69,8.0,3.0,105.98,2024-01-09
mkt_009427,1,248.28,48.0,68.17,9.0,9.0,99.83,2024-01-28
mkt_002246,0,946.12,29.0,15.55,20.0,1.0,643.19,2024-01-07
mkt_000835,0,74.71,24.0,141.53,18.0,3.0,576.85,2024-01-04
mkt_008394,1,470.92,2190.0,41.16,8.0,6.0,835.74,2024-01-15
mkt_009042,1,322.12,304.0,24.71,15.0,7.0,597.52,2024-01-12
mkt_000432,0,494.94,490.0,13.57,13.0,8.0,186.51,2024-01-27
mkt_003378,0,469.25,82.0,14.85,10.0,9.0,191.66,2024-01-12
mkt_006817,1,668.47,138.0,1.84,17.0,8.0,272.87,2024-01-14
mkt_008131,1,840.36,536.0,154.24,8.0,1.0,440.08,2024-01-08
mkt_009621,1,59.26,70.0,8.02,12.0,4.0,38.74,2024-01-29
mkt_006066,1,153.93,46.0,13.65,16.0,5.0,405.21,2024-01-22
mkt_001193,0,205.18,1239.0,40.7,14.0,0.0,916.97,2024-01-09
mkt_006934,1,46.27,42.0,17.59,12.0,9.0,251.28,2024-01-24
mkt_005461,1,78.86,27.0,60.89,13.0,6.0,222.8,2024-01-03
mkt_003071,0,1982.31,386.0,35.76,13.0,9.0,367.82,2024-01-16
mkt_003044,0,278.46,190.0,100.75,12.0,5.0,72.59,2024-01-10
mkt_003263,0,91.29,310.0,8.31,12.0,2.0,479.03,2024-01-20
mkt_002729,0,258.31,46.0,23.27,8.0,4.0,389.23,2024-01-16
mkt_003433,0,1771.72,257.0,10.22,11.0,2.0,337.52,2024-01-28
mkt_000433,0,118.44,18.0,54.57,15.0,4.0,176.67,2024-01-24
mkt_003272,0,948.5,377.0,121.43,11.0,2.0,140.74,2024-01-22
mkt_007001,1,557.96,218.0,4.75,18.0,4.0,364.75,2024-01-08
mkt_009726,1,250.93,130.0,23.33,18.0,6.0,73.47,2024-01-02
mkt_000104,0,1009.14,21.0,30.37,10.0,3.0,187.88,2024-01-22
mkt_003315,0,4932.6,43.0,15.43,15.0,2.0,184.24,2024-01-15
mkt_001656,0,293.44,137.0,37.98,18.0,1.0,203.94,2024-01-29
mkt_001533,0,516.73,308.0,16.77,7.0,0.0,298.42,2024-01-02
mkt_004680,1,389.26,1530.0,10.99,8.0,0.0,203.75,2024-01-07
mkt_008813,1,5382.46,54.0,34.01,15.0,1.0,63.72,2024-01-09
mkt_009002,1,609.54,378.0,52.91,10.0,7.0,744.37,2024-01-09
mkt_006622,1,9376.12,151.0,33.89,10.0,6.0,712.84,2024-01-02
mkt_001443,0,111.83,560.0,38.23,9.0,5.0,178.01,2024-01-27
mkt_000214,0,157.24,40.0,16.08,15.0,1.0,201.23,2024-01-03
mkt_005356,1,327.28,100.0,75.33,7.0,3.0,166.97,2024-01-26
mkt_009218,1,317.26,133.0,11.87,12.0,7.0,599.91,2024-01-11
mkt_006322,1,192.9,150.0,97.69,11.0,9.0,220.53,2024-01-01
mkt_004989,1,227.31,46.0,17.5,16.0,2.0,108.99,2024-01-28
mkt_001419,0,1005.54,40.0,5.55,9.0,7.0,41.86,2024-01-08
mkt_009516,1,1077.58,122.0,2.55,14.0,5.0,160.47,2024-01-13
mkt_008606,1,228.33,93.0,15.36,9.0,9.0,779.56,2024-01-23
mkt_000181,0,1038.16,135.0,123.59,16.0,0.0,242.08,2024-01-14
mkt_004352,0,147.26,52.0,58.48,12.0,8.0,172.22,2024-01-05
mkt_008700,1,245.52,68.0,13.88,13.0,4.0,90.72,2024-01-03
mkt_002446,0,722.62,257.0,66.83,6.0,4.0,587.44,2024-01-20
mkt_005321,1,419.11,238.0,36.12,12.0,2.0,556.41,2024-01-29
mkt_008045,1,157.71,14.0,127.53,12.0,2.0,91.02,2024-01-23
mkt_005684,1,170.62,111.0,258.04,9.0,9.0,464.79,2024-01-29
mkt_003532,0,400.82,103.0,5.63,10.0,7.0,200.31,2024-01-02
mkt_008244,1,192.05,9.0,9.73,13.0,4.0,215.35,2024-01-14
mkt_007976,1,245.21,135.0,19.65,11.0,3.0,148.46,2024-01-01
mkt_003698,0,176.44,37.0,35.18,8.0,1.0,77.5,2024-01-11
mkt_000070,0,108.24,51.0,15.05,10.0,5.0,31.59,2024-01-26
mkt_000544,0,46.55,6.0,4.76,12.0,7.0,51.27,2024-01-25
mkt_001204,0,165.61,17.0,6.76,17.0,3.0,105.01,2024-01-26
mkt_003078,0,3129.49,122.0,111.52,14.0,0.0,95.61,2024-01-04
mkt_009106,1,2386.8,20.0,6.55,13.0,0.0,935.89,2024-01-10
mkt_009120,1,86.9,56.0,8.42,15.0,1.0,134.31,2024-01-26
mkt_009680,1,175.81,828.0,41.7,12.0,5.0,502.12,2024-01-18
mkt_006180,1,56.04,36.0,20.51,9.0,7.0,218.34,2024-01-29
mkt_008329,1,5582.17,340.0,30.09,16.0,9.0,728.56,2024-01-01
mkt_004284,0,183.75,137.0,85.89,11.0,0.0,192.84,2024-01-01
mkt_004007,0,123.87,13.0,15.51,10.0,0.0,115.5,2024-01-09
mkt_008713,1,538.84,160.0,17.9,8.0,3.0,418.22,2024-01-22
mkt_000877,0,186.99,194.0,43.78,12.0,0.0,416.29,2024-01-03
mkt_008060,1,810.45,408.0,57.99,14.0,6.0,79.08,2024-01-24
mkt_000196,0,150.32,49.0,70.86,17.0,4.0,385.46,2024-01-18
mkt_009746,1,481.0,350.0,38.62,20.0,0.0,849.88,2024-01-01
mkt_004010,0,1380.06,14.0,5.98,16.0,4.0,108.62,2024-01-11
mkt_009962,1,124.51,15.0,14.27,16.0,1.0,163.29,2024-01-30
mkt_002571,0,904.31,725.0,11.06,9.0,5.0,559.88,2024-01-07
mkt_003753,0,400.28,120.0,7.28,12.0,8.0,1892.18,2024-01-16
mkt_009247,1,489.8,140.0,8.75,14.0,3.0,218.36,2024-01-23
mkt_008628,1,112.07,403.0,18.34,11.0,9.0,159.48,2024-01-26
mkt_009368,1,318.13,115.0,46.06,10.0,9.0,993.61,2024-01-26
mkt_006159,1,184.1,193.0,27.17,12.0,5.0,219.0,2024-01-11
mkt_004791,1,94.58,220.0,5.54,8.0,3.0,393.43,2024-01-16
mkt_005337,1,395.16,114.0,6.98,11.0,2.0,215.37,2024-01-10
mkt_003024,0,153.43,19.0,10.25,10.0,5.0,35.1,2024-01-16
mkt_002718,0,233.91,514.0,67.12,14.0,1.0,712.85,2024-01-25
mkt_008655,1,158.01,157.0,13.46,8.0,1.0,224.71,2024-01-03
mkt_006916,1,945.66,72.0,155.12,12.0,9.0,403.34,2024-01-03
mkt_003984,0,131.99,66.0,25.38,10.0,7.0,264.88,2024-01-28
mkt_007308,1,795.56,621.0,30.78,9.0,2.0,235.19,2024-01-20
mkt_005953,1,2199.11,30.0,104.28,12.0,7.0,210.77,2024-01-20
mkt_003844,0,146.7,94.0,8.11,16.0,6.0,155.86,2024-01-21
mkt_002682,0,2671.9,1825.0,13.22,14.0,1.0,2247.7,2024-01-29
mkt_004024,0,258.28,364.0,28.17,7.0,4.0,98.73,2024-01-16
mkt_008715,1,2563.48,397.0,55.74,9.0,6.0,351.83,2024-01-18
mkt_003139,0,219.59,151.0,7.21,11.0,5.0,562.5,2024-01-12
mkt_004237,0,1145.3,146.0,29.66,8.0,1.0,259.97,2024-01-12
mkt_000218,0,131.0,35.0,69.35,8.0,9.0,182.86,2024-01-12
mkt_006618,1,776.04,700.0,13.67,13.0,2.0,722.56,2024-01-23
mkt_009606,1,222.83,39.0,10.5,9.0,6.0,141.78,2024-01-23
mkt_005268,1,689.61,476.0,10.87,13.0,6.0,520.93,2024-01-22
mkt_002543,0,384.19,104.0,11.78,19.0,5.0,423.68,2024-01-13
mkt_002870,0,1108.19,59.0,6.83,5.0,9.0,107.81,2024-01-24
mkt_001244,0,416.61,756.0,145.94,18.0,7.0,3081.32,2024-01-18
mkt_000420,0,329.09,270.0,6.34,13.0,7.0,149.14,2024-01-08
mkt_006227,1,649.51,286.0,35.9,14.0,9.0,426.6,2024-01-06
mkt_002058,0,165.83,77.0,2.66,3.0,1.0,93.7,2024-01-15
mkt_008493,1,268.53,204.0,51.56,6.0,3.0,142.18,2024-01-22
mkt_006434,1,764.38,355.0,19.24,9.0,4.0,133.85,2024-01-08
mkt_003422,0,351.09,103.0,10.65,12.0,3.0,539.05,2024-01-16
mkt_004510,1,163.66,81.0,12.26,8.0,6.0,315.55,2024-01-13
mkt_001166,0,186.85,33.0,8.99,10.0,7.0,321.85,2024-01-30
mkt_000254,0,1222.38,1265.0,5.52,17.0,9.0,440.28,2024-01-15
mkt_000415,0,240.52,72.0,17.59,12.0,4.0,45.19,2024-01-09
mkt_009175,1,643.15,99.0,33.43,10.0,3.0,102.65,2024-01-22
mkt_003469,0,2546.27,1485.0,17.47,10.0,0.0,743.51,2024-01-26
mkt_003050,0,35.65,23.0,5.37,16.0,1.0,111.94,2024-01-21
mkt_000759,0,3703.59,694.0,19.24,10.0,2.0,192.89,2024-01-15
mkt_001385,0,148.83,387.0,28.79,21.0,1.0,547.17,2024-01-29
mkt_000654,0,164.37,40.0,40.01,10.0,9.0,121.43,2024-01-11
mkt_001201,0,531.35,44.0,41.75,8.0,0.0,288.14,2024-01-03
mkt_002413,0,749.54,185.0,17.57,13.0,1.0,472.4,2024-01-17
mkt_005579,1,371.66,45.0,12.31,21.0,5.0,211.86,2024-01-08
mkt_005993,1,1029.04,165.0,9.98,13.0,6.0,112.4,2024-01-10
mkt_005294,1,1942.59,1126.0,29.75,6.0,3.0,308.01,2024-01-21
mkt_003055,0,190.9,24.0,17.92,11.0,6.0,113.37,2024-01-26
mkt_002830,0,565.14,318.0,28.98,16.0,8.0,443.53,2024-01-28
mkt_002970,0,300.73,205.0,15.84,9.0,1.0,115.17,2024-01-18
mkt_000328,0,726.04,52.0,13.41,9.0,6.0,137.48,2024-01-15
mkt_004270,0,197.47,20.0,16.67,10.0,1.0,213.18,2024-01-15
mkt_005994,1,294.66,30.0,2.89,9.0,4.0,856.59,2024-01-24
mkt_004392,0,354.03,96.0,7.44,12.0,5.0,714.26,2024-01-10
mkt_002063,0,25.07,19.0,8.48,13.0,6.0,173.14,2024-01-28
mkt_008301,1,469.17,273.0,35.05,14.0,9.0,188.9,2024-01-18
mkt_009013,1,321.01,39.0,124.84,11.0,3.0,92.04,2024-01-27
mkt_009329,1,165.52,55.0,63.68,10.0,9.0,1100.04,2024-01-25
mkt_005169,1,293.87,201.0,9.0,17.0,7.0,357.67,2024-01-26
mkt_004429,0,163.97,81.0,41.66,4.0,2.0,304.34,2024-01-02
mkt_001281,0,377.6,27.0,31.98,12.0,2.0,94.68,2024-01-24
mkt_003381,0,182.76,100.0,63.21,8.0,8.0,65.17,2024-01-15
mkt_002636,0,55.0,51.0,5.02,8.0,9.0,82.57,2024-01-28
mkt_003328,0,76.48,695.0,2.53,10.0,7.0,750.4,2024-01-20
mkt_006436,1,521.71,237.0,26.65,11.0,6.0,402.16,2024-01-08
mkt_005018,1,179.68,220.0,12.38,12.0,8.0,555.79,2024-01-22
mkt_007324,1,1439.68,78.0,56.04,16.0,7.0,140.88,2024-01-29
mkt_003795,0,2224.44,292.0,69.17,13.0,1.0,440.84,2024-01-18
mkt_002663,0,621.16,89.0,15.8,12.0,6.0,143.87,2024-01-16
mkt_008282,1,804.48,21.0,27.63,7.0,0.0,151.6,2024-01-08
mkt_001282,0,454.55,50.0,30.07,10.0,8.0,188.3,2024-01-10
mkt_004148,0,151.98,28.0,12.56,15.0,3.0,343.86,2024-01-29
mkt_001362,0,588.71,272.0,12.3,13.0,2.0,528.36,2024-01-24
mkt_001437,0,280.75,218.0,35.01,18.0,6.0,233.6,2024-01-09
mkt_009628,1,634.91,213.0,20.25,16.0,4.0,3423.72,2024-01-09
mkt_003441,0,578.48,706.0,59.44,16.0,3.0,486.94,2024-01-15
mkt_000056,0,451.75,162.0,6.43,13.0,1.0,112.05,2024-01-23
mkt_004597,1,76.83,222.0,6.83,13.0,7.0,296.67,2024-01-08
mkt_008479,1,484.68,140.0,37.56,9.0,6.0,166.61,2024-01-19
mkt_005365,1,107.71,63.0,19.44,12.0,1.0,85.82,2024-01-11
mkt_001844,0,201.32,396.0,42.51,15.0,9.0,374.69,2024-01-17
mkt_005515,1,52.3,165.0,68.55,14.0,6.0,171.46,2024-01-16
mkt_008573,1,140.0,14.0,5.46,16.0,7.0,91.34,2024-01-04
mkt_006263,1,304.27,44.0,8.63,7.0,9.0,128.74,2024-01-26
mkt_002880,0,53.41,115.0,49.13,12.0,3.0,38.39,2024-01-04
mkt_001743,0,84.53,30.0,66.92,7.0,4.0,693.21,2024-01-22
mkt_008398,1,1357.95,282.0,56.62,9.0,0.0,352.62,2024-01-26
mkt_004169,0,409.06,677.0,46.34,20.0,0.0,274.14,2024-01-16
mkt_005197,1,172.07,99.0,28.07,8.0,8.0,75.7,2024-01-08
mkt_008993,1,500.47,43.0,17.72,16.0,7.0,287.19,2024-01-24
mkt_000740,0,110.87,54.0,6.04,14.0,2.0,79.74,2024-01-23
mkt_009066,1,328.62,199.0,65.09,6.0,0.0,1076.07,2024-01-25
mkt_001624,0,565.32,5.0,18.89,10.0,9.0,50.37,2024-01-20
mkt_000524,0,627.6,172.0,61.29,13.0,2.0,196.71,2024-01-09
mkt_007999,1,202.53,1034.0,15.29,9.0,2.0,232.37,2024-01-16
mkt_004419,0,241.07,130.0,45.35,9.0,5.0,206.81,2024-01-08
mkt_005426,1,235.76,25.0,30.31,11.0,8.0,99.56,2024-01-05
mkt_006689,1,53.57,10.0,3.33,11.0,4.0,60.31,2024-01-12
mkt_007382,1,421.04,109.0,124.17,13.0,2.0,44.9,2024-01-30
mkt_000435,0,308.14,1416.0,54.07,12.0,6.0,508.93,2024-01-11
mkt_002960,0,291.34,40.0,31.21,11.0,5.0,554.73,2024-01-10
mkt_000308,0,991.78,133.0,6.71,9.0,5.0,496.35,2024-01-17
mkt_001565,0,105.51,18.0,6.67,10.0,6.0,240.61,2024-01-01
mkt_002631,0,356.8,98.0,485.15,17.0,8.0,120.2,2024-01-16
mkt_005597,1,249.49,86.0,44.13,13.0,2.0,12.98,2024-01-05
mkt_009477,1,617.92,114.0,13.48,8.0,7.0,571.2,2024-01-29
mkt_000401,0,102.31,17.0,7.52,17.0,2.0,236.93,2024-01-03
mkt_003826,0,248.66,48.0,20.5,6.0,0.0,132.16,2024-01-14
mkt_000881,0,195.0,705.0,39.61,9.0,5.0,390.95,2024-01-10
mkt_003997,0,91.93,216.0,41.55,11.0,7.0,452.75,2024-01-08
mkt_007118,1,125.29,14.0,12.35,19.0,8.0,322.46,2024-01-20
mkt_003265,0,86.36,190.0,23.59,12.0,1.0,217.71,2024-01-04
mkt_008406,1,166.88,68.0,1.9,13.0,7.0,725.43,2024-01-25
mkt_005009,1,88.47,80.0,33.29,7.0,6.0,110.77,2024-01-30
mkt_005736,1,355.31,33.0,79.9,10.0,4.0,411.69,2024-01-17
mkt_005554,1,127.89,158.0,3.73,13.0,5.0,594.21,2024-01-07
mkt_000288,0,300.37,43.0,49.5,6.0,9.0,130.94,2024-01-24
mkt_005564,1,882.12,63.0,21.18,9.0,4.0,405.17,2024-01-09
mkt_008324,1,225.76,326.0,9.7,12.0,8.0,163.18,2024-01-08
mkt_002623,0,230.38,1533.0,31.92,10.0,9.0,399.28,2024-01-17
mkt_008859,1,233.54,123.0,14.94,12.0,5.0,599.02,2024-01-24
mkt_000476,0,167.4,135.0,35.67,19.0,7.0,148.82,2024-01-24
mkt_008591,1,183.4,2190.0,62.62,18.0,6.0,1268.25,2024-01-19
mkt_009713,1,454.96,90.0,45.98,12.0,1.0,376.71,2024-01-10
mkt_006522,1,1823.64,315.0,26.47,13.0,4.0,63.33,2024-01-30
mkt_003111,0,316.01,155.0,5.9,9.0,4.0,407.61,2024-01-28
mkt_009470,1,876.71,352.0,21.04,23.0,0.0,149.55,2024-01-12
mkt_000737,0,227.94,214.0,33.88,14.0,5.0,66.47,2024-01-01
mkt_003133,0,221.5,103.0,15.3,17.0,6.0,187.57,2024-01-30
mkt_008047,1,407.59,151.0,4.41,12.0,8.0,49.75,2024-01-02
mkt_006551,1,134.97,56.0,41.03,13.0,9.0,432.78,2024-01-24
mkt_005407,1,182.71,52.0,19.61,12.0,5.0,348.5,2024-01-03
mkt_005563,1,224.05,46.0,25.61,11.0,3.0,157.32,2024-01-07
mkt_005328,1,89.56,141.0,37.8,11.0,5.0,121.34,2024-01-02
mkt_006718,1,2144.61,208.0,50.34,16.0,6.0,286.1,2024-01-01
mkt_005118,1,303.61,51.0,94.63,10.0,1.0,555.13,2024-01-14
mkt_004619,1,245.23,134.0,42.97,11.0,7.0,291.72,2024-01-04
mkt_003689,0,383.18,35.0,4.98,16.0,5.0,179.77,2024-01-27
mkt_007716,1,160.02,38.0,10.54,13.0,6.0,131.71,2024-01-30
mkt_001839,0,32.71,55.0,10.08,11.0,2.0,446.91,2024-01-17
mkt_001995,0,713.99,71.0,31.97,18.0,6.0,320.56,2024-01-04
mkt_002399,0,353.04,212.0,75.89,13.0,0.0,642.1,2024-01-22
mkt_006510,1,87.75,6.0,42.98,8.0,0.0,46.72,2024-01-23
mkt_009356,1,628.26,16.0,32.66,14.0,7.0,59.39,2024-01-29
mkt_004119,0,452.59,251.0,30.11,16.0,3.0,1478.94,2024-01-07
mkt_005894,1,16.78,49.0,6.33,15.0,4.0,199.03,2024-01-30
mkt_000800,0,91.48,39.0,10.33,15.0,4.0,1067.83,2024-01-26
mkt_008423,1,626.7,409.0,67.36,10.0,8.0,282.8,2024-01-02
mkt_007680,1,1003.71,199.0,83.9,14.0,8.0,2593.13,2024-01-30
mkt_001405,0,145.39,78.0,13.24,14.0,2.0,38.91,2024-01-26
mkt_005431,1,467.37,36.0,87.02,20.0,7.0,49.76,2024-01-17
mkt_000069,0,852.09,564.0,8.75,18.0,2.0,825.17,2024-01-27
mkt_009543,1,106.76,9.0,11.27,8.0,1.0,343.33,2024-01-23
mkt_002759,0,1804.21,129.0,34.53,14.0,0.0,1007.44,2024-01-06
mkt_008294,1,546.62,28.0,5.5,8.0,2.0,294.37,2024-01-15
mkt_001586,0,534.2,47.0,11.26,12.0,2.0,337.16,2024-01-01
mkt_006666,1,114.15,157.0,23.79,10.0,4.0,228.45,2024-01-30
mkt_008014,1,800.12,267.0,33.07,10.0,8.0,278.37,2024-01-17
mkt_001074,0,220.68,170.0,12.68,5.0,8.0,376.09,2024-01-13
mkt_003063,0,1011.91,107.0,4.6,17.0,9.0,444.52,2024-01-25
mkt_006487,1,202.41,40.0,5.23,15.0,7.0,123.24,2024-01-10
mkt_004705,1,159.27,194.0,3.26,13.0,6.0,255.39,2024-01-26
mkt_009069,1,872.19,156.0,7.36,15.0,9.0,316.75,2024-01-05
mkt_002603,0,505.26,18.0,121.71,8.0,0.0,93.52,2024-01-18
mkt_007738,1,137.38,100.0,38.92,15.0,4.0,121.78,2024-01-26
mkt_001579,0,240.6,43.0,23.4,11.0,8.0,362.16,2024-01-22
mkt_005058,1,347.67,304.0,42.7,16.0,8.0,506.95,2024-01-21
mkt_005753,1,231.5,85.0,7.98,13.0,4.0,904.53,2024-01-21
mkt_003548,0,138.67,31.0,40.36,16.0,0.0,328.87,2024-01-03
mkt_000409,0,272.55,35.0,25.58,9.0,3.0,231.05,2024-01-03
mkt_004097,0,112.7,70.0,4.15,21.0,7.0,186.96,2024-01-18
mkt_006461,1,297.69,90.0,21.33,11.0,7.0,335.75,2024-01-02
mkt_005601,1,105.9,134.0,23.68,11.0,1.0,314.4,2024-01-15
mkt_005231,1,1585.97,111.0,19.93,21.0,9.0,245.18,2024-01-02
mkt_003777,0,1535.26,206.0,59.48,17.0,8.0,250.27,2024-01-28
mkt_002726,0,127.34,22.0,19.62,13.0,4.0,158.43,2024-01-11
mkt_000477,0,636.77,67.0,6.88,6.0,0.0,366.57,2024-01-29
mkt_001329,0,1870.58,278.0,7.77,9.0,5.0,557.21,2024-01-11
mkt_004035,0,700.65,1097.0,49.34,9.0,3.0,541.1,2024-01-04
mkt_009642,1,267.45,134.0,36.32,16.0,5.0,471.94,2024-01-11
mkt_001777,0,786.54,616.0,18.04,16.0,2.0,174.27,2024-01-30
mkt_006096,1,152.49,7.0,15.9,14.0,1.0,81.09,2024-01-07
mkt_000751,0,596.89,134.0,9.09,6.0,3.0,111.03,2024-01-26
mkt_005792,1,1225.2,64.0,18.2,7.0,2.0,88.01,2024-01-09
mkt_004060,0,485.45,13.0,66.48,8.0,0.0,55.05,2024-01-11
mkt_009041,1,139.62,139.0,100.73,13.0,2.0,338.19,2024-01-10
mkt_006030,1,966.17,482.0,13.85,14.0,3.0,282.87,2024-01-23
mkt_005898,1,199.03,10.0,10.68,11.0,4.0,234.27,2024-01-05
mkt_009338,1,831.69,91.0,11.95,12.0,1.0,408.32,2024-01-09
mkt_009160,1,56.22,15.0,128.6,12.0,2.0,620.98,2024-01-19
mkt_009996,1,769.0,122.0,24.83,8.0,4.0,255.42,2024-01-02
mkt_005151,1,370.58,72.0,9.37,16.0,4.0,147.33,2024-01-01
mkt_000468,0,154.04,67.0,45.42,6.0,0.0,339.67,2024-01-25
mkt_001545,0,199.84,183.0,40.76,14.0,5.0,1107.32,2024-01-16
mkt_006311,1,5013.21,78.0,12.11,16.0,3.0,76.48,2024-01-16
mkt_002683,0,215.8,147.0,23.35,13.0,6.0,59.66,2024-01-22
mkt_008966,1,331.33,79.0,2.78,8.0,3.0,378.06,2024-01-07
mkt_006181,1,496.1,144.0,3.77,14.0,4.0,909.14,2024-01-09
mkt_001025,0,7523.42,442.0,43.98,13.0,6.0,542.15,2024-01-08
mkt_005112,1,420.31,103.0,100.51,17.0,8.0,71.0,2024-01-13
mkt_008562,1,61.61,31.0,1.91,13.0,2.0,190.49,2024-01-11
mkt_005368,1,1259.65,165.0,9.11,5.0,5.0,329.25,2024-01-15
mkt_002354,0,37.15,81.0,9.13,11.0,3.0,70.13,2024-01-29
mkt_007278,1,807.99,82.0,37.39,7.0,9.0,1346.01,2024-01-09
mkt_003602,0,198.22,15.0,56.37,13.0,7.0,92.35,2024-01-22
mkt_000773,0,290.37,38.0,3.16,13.0,9.0,310.69,2024-01-14
mkt_006773,1,220.48,28.0,39.28,13.0,3.0,153.72,2024-01-09
mkt_008809,1,736.88,255.0,10.51,9.0,3.0,521.35,2024-01-17
mkt_003382,0,161.39,28.0,14.68,12.0,1.0,82.45,2024-01-27
mkt_000641,0,507.61,45.0,7.61,17.0,0.0,138.55,2024-01-13
mkt_004233,0,266.63,608.0,31.62,12.0,3.0,1343.89,2024-01-16
mkt_003815,0,257.07,80.0,39.62,12.0,9.0,123.53,2024-01-25
mkt_004104,0,181.97,109.0,20.3,14.0,8.0,41.44,2024-01-28
mkt_009925,1,613.4,412.0,6.99,9.0,9.0,730.52,2024-01-20
mkt_001108,0,135.3,168.0,6.84,16.0,5.0,257.32,2024-01-26
mkt_003527,0,507.69,61.0,113.35,15.0,5.0,1615.6,2024-01-29
mkt_003495,0,221.37,208.0,47.77,13.0,3.0,78.38,2024-01-10
mkt_001420,0,4787.14,671.0,5.59,8.0,5.0,406.74,2024-01-08
mkt_006923,1,171.65,52.0,17.09,12.0,1.0,483.81,2024-01-07
mkt_003881,0,801.29,100.0,21.53,12.0,8.0,288.41,2024-01-28
mkt_008353,1,351.91,52.0,9.81,10.0,9.0,345.16,2024-01-01
mkt_006245,1,1494.36,2017.0,25.5,9.0,4.0,381.4,2024-01-23
mkt_004938,1,513.26,195.0,22.52,10.0,6.0,156.15,2024-01-05
mkt_006798,1,128.41,37.0,2.78,7.0,7.0,24.01,2024-01-29
mkt_007812,1,138.83,135.0,48.98,19.0,3.0,267.64,2024-01-04
mkt_001680,0,314.31,69.0,4.13,13.0,4.0,149.12,2024-01-10
mkt_006715,1,79.08,21.0,145.72,13.0,1.0,49.14,2024-01-19
mkt_000633,0,120.27,187.0,14.52,14.0,1.0,372.71,2024-01-18
mkt_002569,0,347.27,245.0,6.13,19.0,9.0,155.7,2024-01-05
mkt_007359,1,610.12,520.0,4.97,7.0,2.0,264.91,2024-01-02
mkt_002166,0,751.09,11.0,155.24,9.0,8.0,424.15,2024-01-26
mkt_008169,1,701.21,66.0,9.26,10.0,7.0,340.39,2024-01-18
mkt_008845,1,440.06,64.0,166.72,11.0,3.0,56.48,2024-01-02
mkt_002825,0,67.06,354.0,63.11,19.0,6.0,144.28,2024-01-14
mkt_004087,0,89.81,12.0,19.2,9.0,7.0,425.49,2024-01-29
mkt_006243,1,357.43,124.0,21.63,17.0,2.0,92.44,2024-01-18
mkt_008364,1,76.58,14.0,9.54,9.0,0.0,258.64,2024-01-22
mkt_003941,0,180.75,534.0,67.34,18.0,2.0,390.77,2024-01-16
mkt_009179,1,454.19,55.0,23.67,14.0,3.0,198.67,2024-01-07
mkt_008075,1,622.95,229.0,8.61,12.0,0.0,205.13,2024-01-03
mkt_009195,1,106.77,168.0,16.86,12.0,1.0,53.05,2024-01-20
mkt_004128,0,619.28,161.0,8.47,8.0,3.0,384.19,2024-01-02
mkt_001172,0,94.07,269.0,27.93,16.0,1.0,118.52,2024-01-17
mkt_008668,1,86.19,94.0,20.08,10.0,6.0,175.68,2024-01-11
mkt_004222,0,57.55,29.0,19.26,12.0,4.0,147.5,2024-01-19
mkt_004834,1,293.96,54.0,28.6,17.0,0.0,99.29,2024-01-02
mkt_002576,0,313.76,65.0,11.78,18.0,5.0,354.37,2024-01-25
mkt_001989,0,192.23,69.0,12.44,11.0,3.0,95.48,2024-01-07
mkt_006973,1,388.4,252.0,13.54,16.0,9.0,291.8,2024-01-20
mkt_005836,1,105.75,438.0,8.0,16.0,7.0,291.46,2024-01-25
mkt_004532,1,150.21,94.0,1.78,16.0,7.0,76.9,2024-01-10
mkt_003209,0,495.61,43.0,33.94,10.0,6.0,42.34,2024-01-23
mkt_003855,0,90.31,16.0,14.74,9.0,6.0,77.59,2024-01-22
mkt_002628,0,68.54,59.0,55.68,16.0,1.0,148.69,2024-01-11
mkt_007803,1,15776.29,820.0,15.97,16.0,9.0,221.5,2024-01-09
mkt_001410,0,11048.15,1447.0,139.51,13.0,2.0,130.52,2024-01-03
mkt_008257,1,154.78,98.0,11.69,6.0,9.0,133.09,2024-01-23
mkt_007386,1,82.37,40.0,8.03,10.0,8.0,266.49,2024-01-04
mkt_004303,0,528.45,245.0,36.04,14.0,6.0,310.85,2024-01-14
mkt_006750,1,1079.8,2113.0,9.16,11.0,5.0,927.12,2024-01-10
mkt_006555,1,144.09,134.0,16.45,7.0,9.0,158.77,2024-01-09
mkt_000815,0,5579.56,374.0,93.01,11.0,4.0,174.09,2024-01-02
mkt_002404,0,96.42,241.0,11.48,7.0,9.0,180.04,2024-01-12
mkt_005397,1,223.87,147.0,43.48,8.0,4.0,405.89,2024-01-04
mkt_009956,1,138.55,81.0,91.03,13.0,2.0,205.92,2024-01-03
mkt_002131,0,139.05,47.0,8.89,15.0,0.0,147.71,2024-01-26
mkt_001797,0,542.56,43.0,8.21,13.0,9.0,79.88,2024-01-26
mkt_003090,0,675.43,20.0,10.17,11.0,0.0,73.57,2024-01-26
mkt_004184,0,320.46,146.0,119.13,10.0,4.0,11.96,2024-01-12
mkt_004564,1,24.67,20.0,25.78,11.0,4.0,741.45,2024-01-23
mkt_005030,1,230.8,312.0,41.88,16.0,5.0,912.79,2024-01-19
mkt_008048,1,1148.67,649.0,28.13,11.0,1.0,604.32,2024-01-08
mkt_000122,0,151.33,83.0,11.93,6.0,6.0,104.24,2024-01-07
mkt_000179,0,242.78,50.0,20.86,12.0,6.0,177.42,2024-01-01
mkt_009250,1,385.52,190.0,41.53,15.0,9.0,110.7,2024-01-04
mkt_008095,1,137.86,314.0,59.29,11.0,2.0,309.7,2024-01-06
mkt_006429,1,130.61,562.0,36.06,15.0,7.0,450.68,2024-01-22
mkt_009737,1,47.48,2.0,6.11,11.0,2.0,3.04,2024-01-08
mkt_004992,1,384.1,74.0,6.17,13.0,8.0,91.95,2024-01-09
mkt_001157,0,764.41,157.0,20.12,14.0,5.0,837.29,2024-01-21
mkt_009003,1,1179.49,67.0,39.11,11.0,3.0,683.64,2024-01-19
mkt_001532,0,262.04,443.0,7.1,14.0,1.0,400.81,2024-01-19
mkt_008992,1,913.99,639.0,11.04,11.0,5.0,353.56,2024-01-24
mkt_007859,1,1318.72,187.0,4.2,11.0,8.0,311.49,2024-01-19
mkt_009110,1,380.84,240.0,17.11,5.0,3.0,81.35,2024-01-26
mkt_001535,0,983.42,690.0,24.62,12.0,8.0,789.92,2024-01-19
mkt_009259,1,1088.49,45.0,1.15,17.0,6.0,372.48,2024-01-26
mkt_005517,1,240.75,226.0,31.11,7.0,9.0,197.59,2024-01-06
mkt_002605,0,692.99,987.0,35.36,8.0,1.0,564.34,2024-01-28
mkt_006127,1,1940.34,66.0,11.19,13.0,1.0,197.93,2024-01-09
mkt_009141,1,1377.91,242.0,24.4,9.0,5.0,232.41,2024-01-15
mkt_007458,1,837.7,67.0,37.25,13.0,2.0,166.55,2024-01-10
mkt_002177,0,1108.79,56.0,69.33,9.0,6.0,551.66,2024-01-30
mkt_007990,1,390.51,63.0,7.01,20.0,2.0,506.07,2024-01-17
mkt_002351,0,830.71,85.0,52.02,15.0,9.0,670.95,2024-01-03
mkt_009177,1,154.78,34.0,26.64,10.0,3.0,187.36,2024-01-10
mkt_003502,0,132.01,12.0,2.93,15.0,6.0,126.87,2024-01-25
mkt_002134,0,142.38,21.0,23.72,19.0,3.0,147.97,2024-01-24
mkt_001480,0,3714.86,137.0,7.28,15.0,2.0,224.53,2024-01-01
mkt_002793,0,306.69,50.0,12.03,3.0,2.0,86.0,2024-01-03
mkt_004843,1,222.98,1238.0,12.92,9.0,6.0,348.73,2024-01-16
mkt_009780,1,1248.55,2190.0,53.66,12.0,2.0,989.11,2024-01-13
mkt_009934,1,273.33,109.0,24.26,12.0,7.0,626.62,2024-01-12
mkt_004762,1,581.04,193.0,9.98,18.0,0.0,590.71,2024-01-21
mkt_007191,1,95.63,62.0,21.42,17.0,8.0,172.65,2024-01-17
mkt_006041,1,772.2,224.0,16.76,4.0,8.0,49.3,2024-01-11
mkt_009636,1,94.73,19.0,14.62,11.0,6.0,145.06,2024-01-03
mkt_003445,0,323.43,42.0,42.28,15.0,3.0,401.39,2024-01-03
mkt_008149,1,1475.99,199.0,10.05,15.0,3.0,516.69,2024-01-28
mkt_007765,1,226.33,114.0,4.55,8.0,6.0,259.73,2024-01-11
mkt_003620,0,189.29,339.0,10.12,9.0,2.0,599.19,2024-01-22
mkt_001952,0,181.0,5.0,5.34,14.0,0.0,56.54,2024-01-24
mkt_000555,0,159.39,119.0,34.91,11.0,6.0,587.85,2024-01-01
mkt_004264,0,53.48,14.0,29.29,16.0,3.0,239.61,2024-01-21
mkt_001163,0,351.89,274.0,4.54,9.0,7.0,255.29,2024-01-05
mkt_001584,0,203.08,6.0,13.06,14.0,2.0,146.91,2024-01-01
mkt_006151,1,338.0,134.0,2.03,10.0,1.0,797.59,2024-01-18
mkt_009720,1,219.32,58.0,21.47,6.0,0.0,152.4,2024-01-20
mkt_005837,1,116.22,21.0,11.3,17.0,3.0,100.32,2024-01-05
mkt_005261,1,275.92,63.0,93.59,11.0,0.0,138.92,2024-01-30
mkt_005239,1,79.94,148.0,30.01,12.0,0.0,1165.09,2024-01-17
mkt_007913,1,1257.71,589.0,37.25,10.0,4.0,92.03,2024-01-02
mkt_009162,1,463.48,25.0,19.39,15.0,3.0,142.27,2024-01-10
mkt_001598,0,1450.83,76.0,6.15,11.0,7.0,54.24,2024-01-01
mkt_007182,1,642.06,16.0,37.2,16.0,9.0,159.3,2024-01-01
mkt_000300,0,1452.89,1123.0,18.14,14.0,6.0,8851.31,2024-01-26
mkt_009660,1,46.9,37.0,11.03,10.0,6.0,88.05,2024-01-21
mkt_006947,1,87.73,98.0,6.8,16.0,5.0,934.86,2024-01-26
mkt_003794,0,118.22,15.0,184.22,14.0,7.0,136.96,2024-01-30
mkt_004572,1,141.26,76.0,43.19,4.0,4.0,347.65,2024-01-10
mkt_004335,0,135.36,507.0,14.53,8.0,9.0,275.91,2024-01-28
mkt_002858,0,95.21,79.0,8.68,14.0,7.0,259.32,2024-01-30
mkt_005694,1,62.74,178.0,11.5,13.0,1.0,123.75,2024-01-24
mkt_003142,0,586.03,102.0,14.39,16.0,2.0,54.13,2024-01-06
mkt_001359,0,106.69,48.0,59.13,12.0,5.0,179.23,2024-01-24
mkt_004533,1,146.13,324.0,19.15,12.0,0.0,87.6,2024-01-01
mkt_009749,1,379.71,1516.0,7.03,13.0,2.0,440.13,2024-01-30
mkt_005687,1,774.5,13.0,39.01,16.0,3.0,197.04,2024-01-20
mkt_000486,0,104.13,8.0,6.06,11.0,4.0,11.74,2024-01-08
mkt_007836,1,198.38,210.0,51.63,5.0,8.0,276.76,2024-01-15
mkt_009554,1,275.16,118.0,50.31,9.0,3.0,44.79,2024-01-19
mkt_005900,1,377.28,271.0,17.6,12.0,8.0,253.57,2024-01-30
mkt_008116,1,674.55,216.0,197.5,15.0,4.0,402.87,2024-01-07
mkt_007362,1,1543.22,259.0,16.17,14.0,5.0,234.25,2024-01-25
mkt_001152,0,835.4,248.0,84.55,10.0,0.0,431.67,2024-01-18
mkt_005382,1,153.63,36.0,13.5,13.0,4.0,53.95,2024-01-09
mkt_009741,1,94.1,121.0,33.27,16.0,1.0,294.88,2024-01-15
mkt_005424,1,1408.2,1315.0,25.08,11.0,4.0,715.34,2024-01-27
mkt_008807,1,146.51,38.0,9.53,16.0,2.0,92.94,2024-01-22
mkt_005186,1,119.17,26.0,34.21,12.0,1.0,823.72,2024-01-05
mkt_008409,1,595.07,90.0,17.07,15.0,5.0,127.39,2024-01-14
mkt_006189,1,1032.78,39.0,66.25,18.0,5.0,174.79,2024-01-05
mkt_009702,1,468.58,76.0,18.65,14.0,2.0,197.03,2024-01-17
mkt_008269,1,668.6,691.0,52.44,12.0,2.0,416.76,2024-01-10
mkt_005314,1,163.5,187.0,12.83,4.0,2.0,203.57,2024-01-30
mkt_009903,1,506.96,319.0,16.53,11.0,7.0,619.1,2024-01-01
mkt_000665,0,1545.28,71.0,6.08,15.0,7.0,382.63,2024-01-05
mkt_003353,0,1208.94,233.0,19.51,15.0,5.0,584.24,2024-01-29
mkt_008851,1,1620.35,315.0,7.2,14.0,6.0,277.86,2024-01-08
mkt_008061,1,386.28,78.0,84.94,8.0,8.0,360.41,2024-01-03
mkt_000642,0,1017.4,83.0,19.14,11.0,3.0,373.91,2024-01-29
mkt_009242,1,213.67,175.0,36.5,4.0,2.0,250.19,2024-01-23
mkt_000176,0,201.78,18.0,5.61,15.0,8.0,151.24,2024-01-05
mkt_006431,1,218.0,15.0,61.05,5.0,1.0,57.96,2024-01-15
mkt_009910,1,1096.33,312.0,11.01,12.0,0.0,281.74,2024-01-27
mkt_003438,0,909.28,103.0,9.85,13.0,1.0,508.77,2024-01-18
mkt_000786,0,137.05,192.0,46.81,10.0,6.0,1483.32,2024-01-20
mkt_006391,1,499.43,98.0,62.42,11.0,8.0,196.38,2024-01-13
mkt_009065,1,667.07,69.0,20.41,15.0,0.0,268.95,2024-01-01
mkt_009927,1,1377.89,13.0,5.77,13.0,0.0,155.61,2024-01-23
mkt_003202,0,9913.35,56.0,61.6,12.0,7.0,81.13,2024-01-20
mkt_004803,1,129.45,56.0,107.23,17.0,6.0,107.23,2024-01-07
mkt_007835,1,359.4,67.0,18.05,12.0,4.0,258.31,2024-01-22
mkt_007940,1,466.13,80.0,124.71,10.0,8.0,236.46,2024-01-09
mkt_000091,0,355.87,169.0,15.5,10.0,2.0,244.7,2024-01-27
mkt_005762,1,596.46,28.0,6.61,11.0,9.0,380.07,2024-01-25
mkt_009027,1,130.13,57.0,86.43,9.0,8.0,447.26,2024-01-13
mkt_009504,1,1026.31,571.0,23.76,17.0,9.0,195.05,2024-01-17
mkt_008237,1,699.48,186.0,15.59,17.0,2.0,1361.2,2024-01-17
mkt_001971,0,387.36,11.0,68.95,14.0,0.0,108.94,2024-01-30
mkt_002905,0,515.12,40.0,47.74,12.0,5.0,342.18,2024-01-12
mkt_000530,0,336.57,38.0,63.03,13.0,0.0,221.5,2024-01-18
mkt_003635,0,187.33,33.0,5.57,6.0,5.0,132.95,2024-01-23
mkt_000996,0,189.65,10.0,49.85,8.0,1.0,154.12,2024-01-30
mkt_005852,1,615.84,67.0,15.45,16.0,1.0,268.75,2024-01-16
mkt_004226,0,172.09,170.0,27.62,14.0,6.0,238.52,2024-01-01
mkt_005616,1,708.18,188.0,75.9,15.0,2.0,486.93,2024-01-05
mkt_002312,0,121.3,86.0,33.09,15.0,9.0,216.98,2024-01-11
mkt_002154,0,687.37,114.0,2.68,13.0,3.0,82.21,2024-01-02
mkt_005317,1,839.6,304.0,36.49,16.0,9.0,480.94,2024-01-04
mkt_001427,0,649.25,242.0,15.28,18.0,0.0,429.41,2024-01-23
mkt_008630,1,1094.5,332.0,10.77,16.0,4.0,168.38,2024-01-11
mkt_006032,1,486.2,160.0,263.05,13.0,3.0,212.4,2024-01-23
mkt_004415,0,355.33,177.0,47.19,15.0,9.0,158.7,2024-01-10
mkt_008818,1,3331.51,194.0,26.21,13.0,6.0,65.13,2024-01-09
mkt_003085,0,139.74,232.0,22.49,8.0,9.0,168.75,2024-01-27
mkt_007798,1,1072.59,24.0,8.2,15.0,0.0,62.49,2024-01-22
mkt_009153,1,106.88,62.0,58.19,11.0,3.0,250.36,2024-01-19
mkt_008209,1,168.18,524.0,2.48,12.0,5.0,618.33,2024-01-12
mkt_009573,1,436.15,142.0,37.49,9.0,3.0,185.61,2024-01-04
mkt_009534,1,137.9,61.0,44.21,7.0,6.0,80.85,2024-01-13
mkt_000495,0,494.89,91.0,23.09,18.0,4.0,329.64,2024-01-11
mkt_003749,0,641.74,38.0,17.61,11.0,7.0,42.44,2024-01-17
mkt_002321,0,976.29,130.0,47.6,13.0,6.0,766.46,2024-01-01
mkt_004267,0,242.87,241.0,42.41,10.0,8.0,265.39,2024-01-10
mkt_003405,0,615.73,423.0,6.97,12.0,0.0,724.58,2024-01-22
mkt_000151,0,111.2,35.0,10.17,17.0,9.0,1271.23,2024-01-06
mkt_007369,1,237.43,228.0,3.3,17.0,0.0,512.82,2024-01-21
mkt_000694,0,266.6,56.0,18.99,11.0,6.0,63.03,2024-01-11
mkt_004417,0,446.72,96.0,101.95,12.0,6.0,298.35,2024-01-21
mkt_005697,1,144.18,79.0,27.74,16.0,7.0,495.81,2024-01-11
mkt_001738,0,187.49,30.0,14.59,14.0,5.0,66.16,2024-01-17
mkt_003001,0,271.77,53.0,86.9,14.0,8.0,46.95,2024-01-25
mkt_000167,0,557.71,180.0,5.17,10.0,1.0,284.41,2024-01-11
mkt_006111,1,337.12,148.0,84.05,8.0,4.0,73.3,2024-01-01
mkt_004622,1,1104.93,349.0,31.09,12.0,7.0,491.86,2024-01-28
mkt_002865,0,402.89,92.0,12.48,18.0,1.0,432.66,2024-01-17
mkt_008544,1,113.77,67.0,47.6,13.0,8.0,66.47,2024-01-02
mkt_004702,1,330.99,99.0,13.23,15.0,5.0,254.98,2024-01-02
mkt_002883,0,110.85,58.0,9.92,12.0,3.0,300.16,2024-01-01
mkt_003031,0,432.15,71.0,11.85,10.0,1.0,173.74,2024-01-10
mkt_008183,1,372.92,94.0,73.59,8.0,1.0,282.43,2024-01-23
mkt_008980,1,80.68,226.0,4.09,12.0,9.0,268.62,2024-01-09
mkt_008528,1,756.6,1602.0,83.74,10.0,7.0,438.1,2024-01-10
mkt_005681,1,200.34,211.0,21.83,12.0,9.0,461.16,2024-01-10
mkt_007209,1,463.02,322.0,32.61,15.0,3.0,152.83,2024-01-19
mkt_005991,1,1247.13,54.0,1.79,6.0,9.0,23.21,2024-01-12
mkt_002276,0,148.35,330.0,5.6,13.0,2.0,227.6,2024-01-23
mkt_007132,1,72.07,34.0,28.21,10.0,6.0,192.93,2024-01-15
mkt_005705,1,94.47,176.0,10.3,11.0,1.0,140.14,2024-01-23
mkt_007998,1,1055.96,348.0,8.57,14.0,8.0,98.21,2024-01-06
mkt_005292,1,194.63,3.0,39.33,14.0,9.0,130.11,2024-01-16
mkt_004304,0,79.73,23.0,67.31,9.0,3.0,758.56,2024-01-01
mkt_007445,1,50.36,354.0,46.27,8.0,0.0,328.65,2024-01-02
mkt_000428,0,656.04,15.0,66.89,18.0,2.0,437.54,2024-01-16
mkt_007068,1,41.48,24.0,13.61,9.0,7.0,338.35,2024-01-08
mkt_006364,1,110.83,687.0,51.04,11.0,6.0,250.23,2024-01-15
mkt_004215,0,216.35,172.0,16.13,16.0,7.0,357.79,2024-01-27
mkt_000426,0,418.04,28.0,2.18,9.0,3.0,124.22,2024-01-04
mkt_002223,0,593.55,86.0,228.45,12.0,8.0,126.74,2024-01-26
mkt_000100,0,201.2,20.0,9.49,7.0,6.0,187.87,2024-01-10
mkt_009244,1,166.53,544.0,74.48,13.0,8.0,629.91,2024-01-16
mkt_003307,0,578.64,124.0,45.03,8.0,0.0,451.81,2024-01-19
mkt_002762,0,1561.58,1332.0,24.72,16.0,7.0,585.6,2024-01-01
mkt_005857,1,953.4,54.0,41.27,13.0,6.0,154.63,2024-01-16
mkt_004738,1,591.8,72.0,6.35,14.0,2.0,409.8,2024-01-19
mkt_007092,1,330.38,49.0,80.07,14.0,5.0,440.82,2024-01-25
mkt_009632,1,1450.92,34.0,5.28,15.0,9.0,832.11,2024-01-09
mkt_003286,0,302.43,274.0,20.57,15.0,1.0,71.23,2024-01-15
mkt_007712,1,240.96,70.0,7.82,11.0,8.0,916.47,2024-01-25
mkt_007868,1,2217.93,187.0,59.21,9.0,8.0,359.22,2024-01-22
mkt_006067,1,470.24,715.0,12.02,7.0,3.0,529.09,2024-01-30
mkt_009235,1,687.41,54.0,30.37,16.0,8.0,121.51,2024-01-14
mkt_003577,0,216.92,53.0,19.44,12.0,2.0,150.94,2024-01-11
mkt_001465,0,93.88,36.0,29.87,15.0,3.0,102.54,2024-01-18
mkt_007675,1,118.05,126.0,75.11,10.0,4.0,298.14,2024-01-10
mkt_002234,0,333.75,894.0,33.05,10.0,0.0,524.3,2024-01-27
mkt_001744,0,185.98,58.0,109.62,14.0,8.0,422.14,2024-01-26
mkt_009754,1,962.7,1538.0,7.74,20.0,0.0,442.35,2024-01-02
mkt_006094,1,78.05,12.0,69.45,14.0,6.0,419.21,2024-01-02
mkt_008781,1,752.99,194.0,62.22,17.0,2.0,1279.11,2024-01-15
mkt_009401,1,107.85,202.0,20.85,8.0,6.0,130.55,2024-01-03
mkt_008371,1,895.58,91.0,22.66,9.0,8.0,141.79,2024-01-22
mkt_005027,1,521.17,315.0,22.52,12.0,5.0,2384.58,2024-01-08
mkt_009234,1,187.52,61.0,20.12,10.0,9.0,386.55,2024-01-22
mkt_003944,0,196.65,13.0,23.11,20.0,3.0,150.81,2024-01-23
mkt_006862,1,274.69,211.0,43.03,11.0,2.0,251.42,2024-01-05
mkt_005350,1,348.12,139.0,36.27,16.0,0.0,1195.13,2024-01-24
mkt_009422,1,86.57,50.0,52.21,16.0,7.0,33.59,2024-01-18
mkt_002121,0,950.57,364.0,33.22,11.0,8.0,531.4,2024-01-27
mkt_004972,1,131.95,98.0,30.43,8.0,8.0,81.4,2024-01-29
mkt_008576,1,961.76,303.0,6.53,6.0,1.0,40.97,2024-01-06
mkt_003784,0,363.64,103.0,63.5,10.0,8.0,68.58,2024-01-01
mkt_006872,1,95.64,19.0,65.49,12.0,9.0,480.2,2024-01-24
mkt_000916,0,64.52,14.0,18.88,18.0,8.0,95.47,2024-01-04
mkt_009394,1,181.99,37.0,34.64,24.0,4.0,1077.58,2024-01-09
mkt_007252,1,123.37,100.0,93.86,14.0,6.0,522.83,2024-01-04
mkt_008012,1,2433.2,268.0,10.06,14.0,8.0,818.56,2024-01-21
mkt_005821,1,88.06,156.0,6.02,8.0,3.0,751.95,2024-01-11
mkt_004403,0,641.3,53.0,9.77,10.0,0.0,601.53,2024-01-27
mkt_004863,1,1946.97,9.0,16.5,13.0,1.0,233.45,2024-01-18
mkt_008515,1,388.95,28.0,30.16,11.0,1.0,110.59,2024-01-07
mkt_005422,1,48.19,63.0,9.76,7.0,4.0,401.55,2024-01-30
mkt_007733,1,377.82,30.0,441.7,10.0,2.0,263.69,2024-01-17
mkt_001203,0,1895.4,72.0,4.5,12.0,5.0,106.87,2024-01-30
mkt_003768,0,397.71,162.0,10.59,9.0,6.0,485.07,2024-01-10
mkt_005357,1,122.26,87.0,54.22,14.0,5.0,176.45,2024-01-08
mkt_003852,0,314.96,329.0,48.39,13.0,8.0,481.01,2024-01-29
mkt_001926,0,247.46,9.0,14.2,11.0,7.0,350.29,2024-01-30
mkt_003114,0,675.11,84.0,1.9,11.0,5.0,1317.41,2024-01-02
mkt_002641,0,286.58,120.0,34.49,8.0,2.0,262.24,2024-01-09
mkt_007639,1,221.83,160.0,7.98,16.0,7.0,92.51,2024-01-20
mkt_007360,1,550.36,912.0,2.77,11.0,8.0,436.08,2024-01-18
mkt_008182,1,187.0,33.0,6.46,11.0,3.0,194.4,2024-01-03
mkt_007610,1,148.49,39.0,10.5,15.0,8.0,118.61,2024-01-29
mkt_002728,0,115.25,32.0,19.64,11.0,5.0,22.81,2024-01-22
mkt_009597,1,182.82,39.0,5.48,15.0,7.0,257.06,2024-01-29
mkt_004985,1,537.48,310.0,80.96,13.0,2.0,1081.14,2024-01-25
mkt_006846,1,801.04,116.0,11.76,13.0,7.0,133.2,2024-01-21
mkt_007698,1,574.36,76.0,1.86,15.0,9.0,386.15,2024-01-23
mkt_004012,0,992.11,494.0,11.19,17.0,0.0,1313.07,2024-01-23
mkt_002626,0,519.18,80.0,30.09,12.0,8.0,382.18,2024-01-03
mkt_007238,1,167.54,25.0,5.41,20.0,4.0,63.06,2024-01-04
mkt_008255,1,315.82,169.0,5.84,11.0,7.0,537.27,2024-01-24
mkt_009565,1,975.62,568.0,64.6,13.0,3.0,753.44,2024-01-17
mkt_000805,0,797.76,41.0,25.53,12.0,9.0,104.13,2024-01-30
mkt_004634,1,2907.7,309.0,17.26,8.0,9.0,247.1,2024-01-27
mkt_005247,1,475.02,8.0,21.39,4.0,3.0,362.65,2024-01-06
mkt_005566,1,39.72,75.0,24.07,14.0,9.0,178.38,2024-01-26
mkt_005739,1,197.57,39.0,24.15,8.0,7.0,247.08,2024-01-05
mkt_005143,1,459.74,18.0,3.47,9.0,2.0,208.3,2024-01-13
mkt_008265,1,121.44,18.0,20.69,9.0,4.0,130.78,2024-01-16
mkt_004459,0,612.76,373.0,6.38,12.0,6.0,501.64,2024-01-19
mkt_001242,0,127.09,8.0,72.49,9.0,0.0,161.46,2024-01-28
mkt_006945,1,445.56,171.0,14.83,13.0,6.0,110.12,2024-01-18
mkt_005740,1,418.56,60.0,15.17,6.0,1.0,39.6,2024-01-03
mkt_005325,1,763.0,250.0,54.65,9.0,9.0,1018.72,2024-01-19
mkt_000547,0,200.39,59.0,15.86,12.0,7.0,85.68,2024-01-21
mkt_003022,0,517.01,55.0,14.37,13.0,3.0,113.67,2024-01-15
mkt_005761,1,273.07,156.0,62.02,14.0,7.0,191.42,2024-01-18
mkt_004031,0,273.94,45.0,39.96,7.0,4.0,74.92,2024-01-05
mkt_000026,0,337.67,422.0,28.08,16.0,4.0,933.27,2024-01-04
mkt_004952,1,647.14,105.0,18.06,12.0,6.0,66.44,2024-01-02
mkt_005152,1,502.43,109.0,10.65,8.0,1.0,104.47,2024-01-03
mkt_002508,0,952.37,166.0,79.11,8.0,9.0,272.99,2024-01-13
mkt_001433,0,153.34,148.0,6.87,13.0,4.0,360.58,2024-01-08
mkt_002582,0,370.79,104.0,16.01,17.0,1.0,302.07,2024-01-27
mkt_001302,0,333.71,41.0,58.57,14.0,7.0,124.67,2024-01-17
mkt_005812,1,24.82,3.0,18.9,11.0,5.0,16.3,2024-01-11
mkt_007349,1,5008.05,32.0,16.99,11.0,7.0,78.52,2024-01-29
mkt_005281,1,213.08,26.0,11.17,5.0,3.0,452.46,2024-01-19
mkt_006114,1,1883.76,13.0,4.16,13.0,2.0,67.18,2024-01-26
mkt_001221,0,838.69,9.0,7.14,13.0,8.0,54.15,2024-01-02
mkt_007435,1,1584.15,286.0,62.03,11.0,9.0,590.53,2024-01-03
mkt_002548,0,192.12,64.0,51.65,12.0,7.0,315.97,2024-01-05
mkt_000750,0,40.74,39.0,3.17,18.0,9.0,788.9,2024-01-21
mkt_000437,0,1130.49,177.0,20.29,13.0,5.0,688.43,2024-01-21
mkt_004371,0,266.32,241.0,8.93,7.0,5.0,145.88,2024-01-01
mkt_004448,0,245.44,132.0,11.29,7.0,2.0,50.16,2024-01-18
mkt_002847,0,918.24,237.0,114.64,15.0,1.0,239.52,2024-01-04
mkt_001173,0,109.64,58.0,51.02,9.0,9.0,195.19,2024-01-16
mkt_007495,1,416.94,396.0,172.27,11.0,0.0,158.73,2024-01-30
mkt_002699,0,244.38,10.0,25.67,10.0,5.0,91.62,2024-01-28
mkt_009888,1,990.9,122.0,2.13,12.0,1.0,346.36,2024-01-19
mkt_009506,1,88.43,20.0,86.51,12.0,7.0,891.44,2024-01-16
mkt_006395,1,983.24,61.0,21.99,15.0,1.0,184.9,2024-01-08
mkt_002481,0,814.59,46.0,21.36,16.0,5.0,148.04,2024-01-22
mkt_005456,1,89.4,112.0,23.71,9.0,3.0,296.5,2024-01-02
mkt_008444,1,107.54,87.0,5.67,23.0,0.0,1138.2,2024-01-23
mkt_002706,0,131.05,962.0,40.39,12.0,0.0,1005.74,2024-01-10
mkt_004661,1,319.84,222.0,8.69,12.0,7.0,499.91,2024-01-17
mkt_000326,0,210.43,36.0,50.43,6.0,5.0,114.7,2024-01-03
mkt_001039,0,300.87,31.0,77.21,16.0,3.0,40.1,2024-01-03
mkt_002637,0,111.88,199.0,28.29,8.0,8.0,131.05,2024-01-16
mkt_005022,1,42.61,26.0,5.4,12.0,5.0,85.02,2024-01-24
mkt_002499,0,471.6,181.0,35.91,12.0,2.0,653.7,2024-01-03
mkt_001004,0,150.19,20.0,8.13,4.0,3.0,44.87,2024-01-15
mkt_002861,0,82.66,111.0,17.38,13.0,8.0,673.96,2024-01-27
mkt_003233,0,59.19,238.0,17.51,15.0,8.0,1149.65,2024-01-03
mkt_001870,0,188.3,176.0,19.98,8.0,7.0,104.18,2024-01-29
mkt_004245,0,291.65,1517.0,40.43,16.0,5.0,246.36,2024-01-30
mkt_006927,1,498.67,66.0,33.82,9.0,3.0,252.66,2024-01-10
mkt_008385,1,579.54,27.0,10.06,10.0,0.0,214.9,2024-01-16
mkt_000534,0,615.93,4.0,47.67,7.0,7.0,57.87,2024-01-06
mkt_009827,1,263.46,36.0,4.26,15.0,7.0,104.67,2024-01-17
mkt_007148,1,112.27,48.0,236.79,6.0,5.0,196.98,2024-01-08
mkt_007365,1,2418.49,614.0,26.11,9.0,7.0,270.53,2024-01-23
mkt_000585,0,117.35,89.0,13.76,13.0,8.0,176.95,2024-01-06
mkt_009914,1,957.48,46.0,48.25,11.0,8.0,118.38,2024-01-23
mkt_003035,0,475.42,1171.0,32.29,18.0,3.0,688.27,2024-01-05
mkt_004428,0,616.81,23.0,6.2,14.0,6.0,141.86,2024-01-05
mkt_004089,0,351.35,31.0,62.25,16.0,4.0,193.91,2024-01-24
mkt_001703,0,437.28,161.0,5.75,16.0,3.0,309.39,2024-01-30
mkt_004295,0,270.06,80.0,42.7,12.0,1.0,142.07,2024-01-04
mkt_005719,1,761.08,139.0,75.15,11.0,3.0,765.38,2024-01-08
mkt_000491,0,713.25,317.0,38.59,14.0,7.0,718.22,2024-01-09
mkt_006899,1,553.0,228.0,26.17,14.0,7.0,637.44,2024-01-10
mkt_004353,0,439.86,347.0,8.22,7.0,6.0,143.69,2024-01-18
mkt_002836,0,375.78,407.0,55.95,14.0,4.0,2134.59,2024-01-20
mkt_002266,0,155.94,60.0,5.32,10.0,9.0,111.79,2024-01-29
mkt_007718,1,263.33,26.0,1.73,11.0,1.0,39.48,2024-01-11
mkt_009523,1,802.24,308.0,95.74,13.0,6.0,358.27,2024-01-23
mkt_008022,1,267.69,500.0,23.74,12.0,2.0,304.62,2024-01-22
mkt_004707,1,8923.76,184.0,36.19,14.0,1.0,217.08,2024-01-10
mkt_009843,1,396.84,45.0,16.17,15.0,6.0,140.35,2024-01-20
mkt_002900,0,288.87,53.0,5.98,16.0,3.0,548.32,2024-01-20
mkt_009618,1,216.48,44.0,41.18,13.0,5.0,586.0,2024-01-16
mkt_002944,0,603.97,261.0,5.56,10.0,6.0,340.62,2024-01-12
mkt_001916,0,2103.52,110.0,4.51,13.0,3.0,62.3,2024-01-20
mkt_003185,0,108.65,20.0,21.88,8.0,8.0,33.86,2024-01-23
mkt_008626,1,188.54,76.0,17.25,11.0,5.0,494.62,2024-01-04
mkt_009434,1,614.31,1083.0,44.46,15.0,8.0,592.08,2024-01-13
mkt_007255,1,304.35,81.0,6.95,10.0,8.0,198.29,2024-01-27
mkt_004246,0,2804.55,653.0,3.4,13.0,0.0,252.49,2024-01-26
mkt_008615,1,288.15,939.0,4.39,15.0,0.0,1490.37,2024-01-12
mkt_005146,1,514.37,109.0,64.26,19.0,5.0,219.67,2024-01-22
mkt_008565,1,3574.26,56.0,7.79,14.0,5.0,160.09,2024-01-14
mkt_002518,0,230.69,5.0,82.85,9.0,8.0,413.15,2024-01-04
mkt_000397,0,198.51,364.0,4.46,10.0,4.0,181.76,2024-01-21
mkt_001317,0,460.54,380.0,15.57,14.0,5.0,282.54,2024-01-16
mkt_004560,1,397.35,132.0,11.51,14.0,6.0,125.3,2024-01-28
mkt_000121,0,364.71,94.0,7.1,12.0,6.0,849.74,2024-01-26
mkt_002449,0,427.62,179.0,4.41,13.0,0.0,48.81,2024-01-10
mkt_008855,1,73.71,30.0,27.72,16.0,7.0,240.36,2024-01-18
mkt_008108,1,136.9,8.0,13.67,9.0,6.0,81.9,2024-01-29
mkt_001566,0,101.62,25.0,19.49,8.0,3.0,91.47,2024-01-04
mkt_001984,0,401.56,173.0,11.37,8.0,8.0,408.28,2024-01-03
mkt_004333,0,123.83,112.0,9.17,13.0,1.0,359.45,2024-01-04
mkt_007910,1,338.82,76.0,4.09,14.0,3.0,151.81,2024-01-12
mkt_009286,1,827.93,1290.0,11.14,11.0,8.0,962.73,2024-01-16
mkt_003918,0,142.82,13.0,163.24,9.0,7.0,46.52,2024-01-09
mkt_002173,0,121.97,20.0,38.01,13.0,1.0,63.03,2024-01-17
mkt_003283,0,205.69,441.0,20.13,15.0,5.0,210.49,2024-01-01
mkt_008495,1,206.64,50.0,3.45,10.0,0.0,130.81,2024-01-19
mkt_008584,1,130.41,27.0,44.96,12.0,7.0,195.66,2024-01-26
mkt_002333,0,260.66,21.0,5.56,7.0,0.0,110.5,2024-01-12
mkt_000573,0,122.13,8.0,4.99,6.0,8.0,107.96,2024-01-18
mkt_003660,0,614.48,29.0,208.85,5.0,8.0,202.04,2024-01-15
mkt_009075,1,193.33,50.0,121.69,11.0,5.0,298.77,2024-01-11
mkt_000981,0,411.77,63.0,3.32,9.0,5.0,484.38,2024-01-11
mkt_009370,1,462.04,54.0,52.87,9.0,4.0,134.59,2024-01-19
mkt_001407,0,565.25,111.0,4.86,16.0,7.0,134.62,2024-01-24
mkt_000535,0,2518.84,329.0,13.7,18.0,4.0,588.03,2024-01-12
mkt_004315,0,262.65,56.0,376.43,18.0,7.0,240.75,2024-01-11
mkt_004598,1,154.34,145.0,48.51,15.0,7.0,336.94,2024-01-23
mkt_008622,1,81.32,34.0,77.19,10.0,1.0,235.91,2024-01-03
mkt_008758,1,1998.51,114.0,96.22,14.0,1.0,76.03,2024-01-27
mkt_001434,0,740.43,119.0,21.64,20.0,7.0,69.04,2024-01-22
mkt_006994,1,438.01,1.0,20.03,15.0,7.0,26.53,2024-01-02
mkt_002579,0,64.84,236.0,57.27,11.0,5.0,292.91,2024-01-30
mkt_009403,1,237.43,315.0,36.74,11.0,9.0,116.14,2024-01-29
mkt_003269,0,743.78,96.0,17.43,15.0,5.0,111.83,2024-01-13
mkt_009553,1,452.01,39.0,5.28,11.0,2.0,136.56,2024-01-26
mkt_003838,0,1436.31,103.0,12.47,12.0,4.0,153.3,2024-01-05
mkt_001867,0,612.25,103.0,34.48,12.0,7.0,96.09,2024-01-27
mkt_001454,0,517.19,186.0,25.15,14.0,0.0,125.83,2024-01-08
mkt_001786,0,323.47,82.0,11.33,15.0,2.0,337.21,2024-01-08
mkt_009912,1,1304.49,163.0,5.19,12.0,1.0,562.62,2024-01-24
mkt_007095,1,1426.23,170.0,55.72,6.0,4.0,291.09,2024-01-06
mkt_002521,0,28.13,45.0,8.49,11.0,4.0,350.58,2024-01-09
mkt_004439,0,197.42,63.0,25.49,14.0,3.0,56.12,2024-01-01
mkt_001820,0,129.77,89.0,18.73,7.0,6.0,143.81,2024-01-01
mkt_005615,1,1953.42,1059.0,11.26,6.0,3.0,402.15,2024-01-29
mkt_002929,0,181.4,91.0,12.0,13.0,5.0,709.55,2024-01-27
mkt_000051,0,576.89,369.0,38.62,12.0,6.0,239.99,2024-01-06
mkt_004726,1,700.74,1006.0,4.39,16.0,1.0,536.63,2024-01-03
mkt_005716,1,724.5,232.0,29.63,15.0,4.0,109.62,2024-01-15
mkt_005465,1,183.21,26.0,49.57,11.0,3.0,258.61,2024-01-28
mkt_000469,0,1896.65,352.0,111.76,6.0,2.0,366.27,2024-01-15
mkt_002629,0,29.21,157.0,184.51,9.0,3.0,121.51,2024-01-15
mkt_006513,1,192.5,4.0,10.29,7.0,6.0,55.95,2024-01-02
mkt_007467,1,407.12,28.0,27.55,13.0,2.0,443.24,2024-01-24
mkt_003945,0,77.9,63.0,16.71,9.0,8.0,312.18,2024-01-10
mkt_006204,1,340.5,154.0,44.06,12.0,7.0,230.57,2024-01-12
mkt_004262,0,145.24,548.0,58.05,13.0,7.0,580.81,2024-01-04
mkt_001858,0,121.54,54.0,58.49,12.0,6.0,823.68,2024-01-09
mkt_009532,1,1175.97,903.0,5.35,12.0,0.0,2102.95,2024-01-25
mkt_000865,0,257.15,383.0,24.79,11.0,9.0,259.14,2024-01-17
mkt_006390,1,153.44,38.0,21.25,16.0,2.0,134.89,2024-01-11
mkt_007212,1,346.39,72.0,1.05,9.0,1.0,392.93,2024-01-26
mkt_004921,1,3408.96,2190.0,32.5,14.0,9.0,772.65,2024-01-07
mkt_008101,1,1319.49,916.0,21.46,13.0,1.0,1183.77,2024-01-13
mkt_004792,1,139.94,328.0,9.35,10.0,0.0,598.96,2024-01-04
mkt_008854,1,350.07,122.0,10.41,12.0,2.0,419.74,2024-01-23
mkt_006250,1,117.37,97.0,77.1,11.0,1.0,218.87,2024-01-11
mkt_005936,1,655.31,154.0,254.35,11.0,0.0,307.12,2024-01-02
mkt_000425,0,143.73,155.0,5.01,17.0,1.0,348.1,2024-01-24
mkt_000188,0,650.14,269.0,12.61,21.0,8.0,390.36,2024-01-27
mkt_005629,1,270.52,55.0,6.37,8.0,6.0,491.6,2024-01-05
mkt_004359,0,359.17,264.0,45.65,16.0,3.0,529.43,2024-01-23
mkt_000228,0,1209.78,102.0,8.48,12.0,5.0,361.26,2024-01-21
mkt_007757,1,257.6,97.0,6.22,17.0,4.0,475.91,2024-01-25
mkt_007677,1,262.25,228.0,36.81,9.0,9.0,1341.56,2024-01-01
mkt_002741,0,571.18,221.0,34.24,16.0,9.0,695.31,2024-01-30
mkt_001041,0,585.29,46.0,6.02,13.0,1.0,200.32,2024-01-24
mkt_004075,0,927.95,20.0,5.55,13.0,4.0,231.52,2024-01-21
mkt_009140,1,540.34,212.0,43.14,14.0,6.0,548.78,2024-01-24
mkt_006118,1,254.02,147.0,9.07,16.0,9.0,571.55,2024-01-01
mkt_006902,1,1575.1,68.0,42.8,9.0,3.0,92.08,2024-01-08
mkt_000471,0,500.81,283.0,7.06,14.0,7.0,149.57,2024-01-04
mkt_002921,0,120.35,37.0,37.29,14.0,5.0,313.1,2024-01-05
mkt_001905,0,210.48,71.0,49.94,11.0,9.0,187.34,2024-01-21
mkt_008876,1,215.55,394.0,31.08,12.0,1.0,599.92,2024-01-13
mkt_000801,0,539.54,131.0,9.53,17.0,2.0,257.1,2024-01-16
mkt_001487,0,152.61,130.0,13.06,10.0,6.0,266.13,2024-01-06
mkt_008441,1,65.96,15.0,148.77,9.0,4.0,51.72,2024-01-25
mkt_000227,0,226.01,24.0,2.87,11.0,4.0,581.54,2024-01-21
mkt_007890,1,209.56,78.0,22.04,15.0,4.0,247.72,2024-01-08
mkt_001128,0,451.31,36.0,23.68,14.0,9.0,186.91,2024-01-24
mkt_005070,1,452.16,1639.0,5.93,16.0,0.0,1407.27,2024-01-27
mkt_009166,1,156.64,34.0,13.56,7.0,3.0,508.49,2024-01-02
mkt_002208,0,407.6,169.0,74.97,14.0,9.0,1172.09,2024-01-18
mkt_007993,1,149.54,79.0,5.82,14.0,8.0,157.88,2024-01-27
mkt_009842,1,123.08,75.0,83.81,11.0,8.0,377.96,2024-01-02
mkt_006559,1,621.68,43.0,7.82,17.0,5.0,889.75,2024-01-30
mkt_009921,1,204.67,50.0,26.81,12.0,9.0,76.81,2024-01-22
mkt_003153,0,86.63,144.0,13.24,11.0,1.0,162.9,2024-01-09
mkt_004441,0,309.75,198.0,15.36,12.0,2.0,179.55,2024-01-27
mkt_007505,1,846.59,74.0,3.14,11.0,8.0,198.94,2024-01-19
mkt_008957,1,504.71,68.0,26.05,9.0,0.0,223.38,2024-01-15
mkt_006215,1,449.49,134.0,4.78,11.0,3.0,257.11,2024-01-29
mkt_009598,1,257.51,171.0,261.22,18.0,4.0,301.02,2024-01-24
mkt_002144,0,181.09,12.0,7.87,12.0,5.0,442.15,2024-01-21
mkt_007411,1,532.2,55.0,13.92,13.0,8.0,295.53,2024-01-30
mkt_008929,1,518.24,73.0,16.57,12.0,6.0,88.76,2024-01-10
mkt_002374,0,90.97,600.0,41.98,12.0,2.0,321.26,2024-01-09
mkt_002577,0,43.73,51.0,3.64,10.0,6.0,111.51,2024-01-26
mkt_001632,0,218.19,91.0,25.07,14.0,3.0,77.55,2024-01-24
mkt_004832,1,733.23,45.0,27.01,10.0,0.0,748.38,2024-01-19
mkt_002298,0,1829.58,530.0,3.33,13.0,6.0,440.09,2024-01-02
mkt_005033,1,1447.67,129.0,14.97,16.0,3.0,447.48,2024-01-17
mkt_000156,0,381.69,59.0,27.68,12.0,3.0,72.93,2024-01-17
mkt_008046,1,616.57,424.0,28.96,10.0,1.0,504.52,2024-01-07
mkt_006706,1,287.76,186.0,44.58,14.0,1.0,89.08,2024-01-06
mkt_003349,0,97.5,22.0,14.71,10.0,7.0,69.78,2024-01-20
mkt_002879,0,765.88,183.0,3.82,13.0,0.0,1490.02,2024-01-25
mkt_003413,0,116.61,21.0,53.05,9.0,0.0,68.31,2024-01-22
mkt_007768,1,37.85,28.0,110.92,10.0,9.0,93.56,2024-01-20
mkt_004189,0,946.36,134.0,22.35,11.0,3.0,100.07,2024-01-19
mkt_009610,1,95.52,464.0,92.54,6.0,1.0,410.94,2024-01-27
mkt_009734,1,556.8,10.0,12.26,9.0,0.0,77.61,2024-01-30
mkt_007251,1,1321.2,283.0,42.05,8.0,0.0,88.52,2024-01-02
mkt_007613,1,267.63,123.0,7.55,8.0,4.0,71.65,2024-01-19
mkt_006919,1,126.71,67.0,25.15,12.0,4.0,181.34,2024-01-08
mkt_009681,1,160.78,582.0,5.56,11.0,8.0,310.85,2024-01-29
mkt_009671,1,1278.41,285.0,11.91,8.0,8.0,59.63,2024-01-18
mkt_004794,1,536.45,104.0,12.63,10.0,1.0,191.82,2024-01-06
mkt_005654,1,253.63,43.0,20.34,14.0,8.0,238.77,2024-01-03
mkt_002495,0,91.02,230.0,55.8,16.0,9.0,216.85,2024-01-06
mkt_007304,1,79.72,19.0,19.67,12.0,0.0,640.09,2024-01-09
mkt_002372,0,109.05,287.0,62.19,14.0,4.0,431.12,2024-01-06
mkt_004091,0,148.03,156.0,6.82,17.0,7.0,913.21,2024-01-01
mkt_009471,1,154.83,127.0,25.46,13.0,9.0,169.99,2024-01-02
mkt_003461,0,108.73,10.0,14.99,19.0,4.0,204.77,2024-01-09
mkt_007006,1,220.21,36.0,4.54,16.0,2.0,149.92,2024-01-12
mkt_005391,1,227.69,276.0,13.4,14.0,8.0,512.32,2024-01-24
mkt_007172,1,114.78,69.0,5.59,9.0,6.0,187.7,2024-01-17
mkt_005696,1,691.4,766.0,4.24,11.0,1.0,292.9,2024-01-14
mkt_005664,1,1055.32,10.0,27.89,10.0,3.0,123.49,2024-01-09
mkt_004503,1,573.56,361.0,69.36,10.0,9.0,856.85,2024-01-19
mkt_002550,0,284.95,206.0,13.52,6.0,3.0,1690.21,2024-01-14
mkt_004715,1,713.83,1000.0,22.77,13.0,7.0,442.25,2024-01-09
mkt_000847,0,548.92,414.0,6.15,11.0,0.0,1647.45,2024-01-11
mkt_003344,0,951.79,31.0,13.15,18.0,0.0,177.58,2024-01-28
mkt_000938,0,400.33,57.0,6.31,13.0,2.0,194.17,2024-01-17
mkt_004825,1,146.1,20.0,9.32,7.0,6.0,283.45,2024-01-29
mkt_009693,1,614.6,162.0,3.75,14.0,6.0,240.86,2024-01-26
mkt_008863,1,432.48,105.0,16.93,12.0,6.0,147.36,2024-01-25
mkt_008610,1,813.43,66.0,37.52,13.0,5.0,577.19,2024-01-02
mkt_005354,1,483.69,112.0,74.17,9.0,7.0,62.82,2024-01-14
mkt_005477,1,258.73,258.0,48.99,14.0,4.0,54.75,2024-01-03
mkt_009723,1,413.59,108.0,4.58,11.0,8.0,36.27,2024-01-24
mkt_000756,0,166.3,348.0,3.16,6.0,7.0,847.28,2024-01-26
mkt_004750,1,2332.2,460.0,162.88,18.0,0.0,938.06,2024-01-05
mkt_002644,0,64.34,92.0,113.23,10.0,2.0,246.45,2024-01-16
mkt_004162,0,804.47,14.0,24.03,8.0,3.0,121.76,2024-01-30
mkt_008648,1,506.01,192.0,49.17,16.0,0.0,253.15,2024-01-21
mkt_003165,0,373.0,248.0,38.86,10.0,3.0,84.7,2024-01-09
mkt_006497,1,69.04,80.0,62.12,10.0,3.0,218.86,2024-01-25
mkt_005987,1,93.83,126.0,4.29,16.0,7.0,192.73,2024-01-06
mkt_003873,0,124.79,281.0,30.03,11.0,7.0,199.8,2024-01-26
mkt_007751,1,124.57,44.0,13.58,5.0,1.0,298.84,2024-01-05
mkt_006523,1,881.75,40.0,11.08,11.0,0.0,132.93,2024-01-09
mkt_003418,0,626.11,1825.0,20.06,13.0,1.0,412.05,2024-01-03
mkt_009904,1,1388.17,100.0,10.94,10.0,8.0,384.72,2024-01-08
mkt_002061,0,216.63,28.0,25.55,9.0,7.0,258.84,2024-01-14
mkt_000549,0,119.31,48.0,12.84,8.0,1.0,174.28,2024-01-18
mkt_004453,0,1119.97,237.0,40.14,9.0,4.0,128.19,2024-01-17
mkt_002812,0,184.41,34.0,19.27,11.0,0.0,723.83,2024-01-02
mkt_008777,1,268.06,8.0,89.72,18.0,0.0,265.35,2024-01-01
mkt_008995,1,194.79,28.0,27.79,13.0,9.0,299.84,2024-01-25
mkt_002549,0,79.95,60.0,18.7,9.0,7.0,533.42,2024-01-02
mkt_006069,1,1725.33,722.0,24.04,13.0,7.0,1186.25,2024-01-22
mkt_003169,0,110.69,113.0,3.45,19.0,0.0,158.24,2024-01-24
mkt_007054,1,289.06,12.0,16.7,10.0,2.0,431.02,2024-01-30
mkt_004828,1,406.94,428.0,12.36,7.0,5.0,190.49,2024-01-30
mkt_009570,1,2792.71,657.0,61.74,15.0,5.0,170.14,2024-01-09
mkt_001259,0,76.71,2.0,17.24,12.0,1.0,50.88,2024-01-11
mkt_008712,1,195.06,15.0,68.89,9.0,0.0,118.18,2024-01-05
mkt_003661,0,145.22,92.0,43.63,9.0,0.0,158.33,2024-01-07
mkt_007922,1,443.74,159.0,6.01,14.0,2.0,229.35,2024-01-24
mkt_001024,0,57.47,102.0,21.03,11.0,9.0,132.4,2024-01-09
mkt_004965,1,1192.34,123.0,67.92,9.0,2.0,403.05,2024-01-25
mkt_000752,0,136.97,18.0,119.61,15.0,9.0,336.13,2024-01-06
mkt_003942,0,229.05,79.0,30.62,6.0,7.0,144.0,2024-01-04
mkt_003710,0,93.0,286.0,5.88,17.0,6.0,1107.95,2024-01-06
mkt_009960,1,60.07,7.0,33.16,18.0,7.0,159.89,2024-01-21
mkt_001951,0,186.72,77.0,154.97,15.0,1.0,414.97,2024-01-25
mkt_006314,1,386.54,81.0,41.49,13.0,8.0,1353.84,2024-01-08
mkt_000351,0,182.45,62.0,28.08,13.0,1.0,66.75,2024-01-09
mkt_001511,0,82.14,57.0,11.98,8.0,7.0,141.13,2024-01-01
mkt_004829,1,241.37,80.0,5.49,15.0,9.0,183.01,2024-01-13
mkt_009616,1,818.48,147.0,26.02,13.0,5.0,198.91,2024-01-02
mkt_003746,0,129.64,75.0,14.72,13.0,4.0,183.52,2024-01-26
mkt_005799,1,244.44,450.0,86.02,11.0,6.0,258.38,2024-01-28
mkt_000701,0,278.33,43.0,9.32,9.0,5.0,229.79,2024-01-12
mkt_003693,0,161.67,178.0,18.79,14.0,4.0,208.68,2024-01-29
mkt_004614,1,274.08,70.0,24.7,10.0,6.0,201.7,2024-01-05
mkt_007213,1,504.85,2005.0,29.41,11.0,4.0,481.49,2024-01-02
mkt_000561,0,197.41,31.0,19.27,14.0,1.0,330.8,2024-01-26
mkt_002318,0,69.06,35.0,8.95,17.0,9.0,186.17,2024-01-18
mkt_003098,0,122.18,179.0,105.78,13.0,8.0,244.54,2024-01-21
mkt_004838,1,204.52,338.0,124.57,11.0,9.0,397.23,2024-01-06
mkt_003150,0,423.09,142.0,30.56,13.0,6.0,29.87,2024-01-04
mkt_005608,1,362.58,195.0,24.97,13.0,0.0,233.98,2024-01-13
mkt_004299,0,288.61,182.0,7.84,5.0,1.0,252.73,2024-01-04
mkt_004618,1,317.97,8.0,9.52,13.0,9.0,109.4,2024-01-24
mkt_004074,0,202.96,113.0,73.94,11.0,9.0,317.45,2024-01-12
mkt_003994,0,298.86,99.0,36.58,15.0,4.0,501.96,2024-01-11
mkt_006373,1,317.81,42.0,17.61,8.0,5.0,84.99,2024-01-29
mkt_006167,1,112.08,82.0,25.92,9.0,1.0,469.08,2024-01-10
mkt_001047,0,191.01,23.0,9.18,11.0,6.0,41.81,2024-01-09
mkt_002939,0,24.78,48.0,12.85,9.0,2.0,348.74,2024-01-08
mkt_001808,0,29.29,12.0,83.62,10.0,5.0,63.3,2024-01-10
mkt_003166,0,328.52,106.0,4.14,14.0,5.0,265.83,2024-01-22
mkt_000414,0,311.2,108.0,3.22,9.0,9.0,166.71,2024-01-25
mkt_001340,0,132.66,309.0,12.82,17.0,5.0,235.69,2024-01-11
mkt_009371,1,615.17,156.0,14.45,7.0,2.0,175.65,2024-01-13
mkt_007740,1,204.46,332.0,33.17,10.0,3.0,422.02,2024-01-11
mkt_005060,1,8428.63,27.0,5.56,15.0,9.0,104.81,2024-01-19
mkt_004633,1,110.88,28.0,32.17,11.0,8.0,151.04,2024-01-02
mkt_004609,1,148.65,112.0,49.71,7.0,3.0,353.57,2024-01-21
mkt_007366,1,556.24,236.0,66.97,14.0,5.0,96.12,2024-01-11
mkt_001469,0,1629.8,108.0,70.25,11.0,9.0,545.85,2024-01-12
mkt_001710,0,984.49,567.0,84.34,12.0,8.0,132.21,2024-01-05
mkt_006270,1,162.27,32.0,15.7,8.0,4.0,207.19,2024-01-15
mkt_008732,1,377.72,79.0,38.22,10.0,1.0,233.44,2024-01-13
mkt_002271,0,2307.91,1007.0,15.53,12.0,2.0,369.2,2024-01-03
mkt_001583,0,150.02,28.0,88.9,13.0,4.0,254.39,2024-01-29
mkt_001412,0,391.37,130.0,6.85,13.0,1.0,105.23,2024-01-28
mkt_004111,0,81.09,75.0,34.62,8.0,1.0,164.51,2024-01-08
mkt_007652,1,69.89,28.0,123.04,8.0,0.0,196.41,2024-01-08
mkt_006693,1,1179.45,91.0,50.26,11.0,7.0,751.65,2024-01-03
mkt_001722,0,73.49,158.0,61.36,14.0,7.0,95.46,2024-01-20
mkt_002024,0,87.04,489.0,81.1,13.0,5.0,550.56,2024-01-05
mkt_002212,0,66.0,108.0,22.61,14.0,9.0,240.2,2024-01-09
mkt_001507,0,417.42,140.0,14.69,10.0,7.0,683.73,2024-01-04
mkt_002622,0,96.76,8.0,9.99,15.0,9.0,68.96,2024-01-12
mkt_005290,1,244.24,511.0,21.08,11.0,5.0,1990.38,2024-01-26
mkt_009128,1,1095.48,418.0,20.36,16.0,2.0,193.54,2024-01-11
mkt_001321,0,106.16,27.0,366.02,13.0,4.0,350.09,2024-01-02
mkt_000842,0,21984.45,125.0,19.74,7.0,3.0,91.87,2024-01-09
mkt_001146,0,494.74,93.0,19.34,12.0,5.0,352.86,2024-01-10
mkt_003624,0,258.33,119.0,8.68,14.0,5.0,394.01,2024-01-29
mkt_004280,0,1231.67,519.0,4.83,8.0,4.0,120.09,2024-01-27
mkt_009010,1,385.28,278.0,13.59,13.0,4.0,712.71,2024-01-25
mkt_008986,1,727.09,175.0,6.2,16.0,2.0,488.14,2024-01-12
mkt_004681,1,65.13,163.0,43.44,13.0,3.0,499.55,2024-01-28
mkt_000463,0,492.17,19.0,18.84,15.0,8.0,146.08,2024-01-07
mkt_001754,0,40.19,40.0,11.18,11.0,7.0,183.59,2024-01-24
mkt_003936,0,139.01,199.0,5.88,9.0,8.0,275.71,2024-01-10
mkt_007933,1,308.09,235.0,16.01,15.0,1.0,1232.4,2024-01-23
mkt_009460,1,1956.25,75.0,30.45,8.0,9.0,38.41,2024-01-17
mkt_004401,0,303.32,276.0,32.2,15.0,9.0,358.6,2024-01-05
mkt_004700,1,142.79,57.0,45.14,6.0,1.0,313.04,2024-01-17
mkt_008991,1,216.57,522.0,29.54,9.0,8.0,366.84,2024-01-20
mkt_000378,0,869.81,40.0,17.28,9.0,7.0,177.03,2024-01-20
mkt_003106,0,245.44,656.0,12.97,10.0,8.0,286.56,2024-01-03
mkt_008215,1,357.28,42.0,19.31,17.0,5.0,54.77,2024-01-26
mkt_001335,0,46.55,22.0,32.69,17.0,2.0,214.75,2024-01-20
mkt_001223,0,1403.89,122.0,24.5,15.0,3.0,499.33,2024-01-07
mkt_003848,0,660.18,61.0,170.82,15.0,7.0,36.07,2024-01-22
mkt_002716,0,1083.14,43.0,22.54,10.0,9.0,52.68,2024-01-10
mkt_006837,1,553.91,80.0,15.62,17.0,1.0,108.55,2024-01-25
mkt_002952,0,63.99,51.0,16.79,12.0,1.0,304.95,2024-01-17
mkt_001350,0,773.99,136.0,46.29,7.0,9.0,368.24,2024-01-15
mkt_001082,0,113.25,40.0,2.16,15.0,7.0,50.97,2024-01-08
mkt_006453,1,171.62,208.0,90.81,10.0,9.0,153.38,2024-01-08
mkt_001811,0,303.26,70.0,266.16,12.0,4.0,26.1,2024-01-26
mkt_004121,0,337.9,85.0,26.52,7.0,1.0,238.27,2024-01-19
mkt_001351,0,1586.07,991.0,9.36,5.0,3.0,3154.29,2024-01-07
mkt_007817,1,291.16,272.0,17.84,15.0,2.0,487.86,2024-01-15
mkt_008796,1,128.6,84.0,10.39,13.0,4.0,679.68,2024-01-17
mkt_001894,0,208.88,121.0,30.86,14.0,9.0,631.26,2024-01-08
mkt_006639,1,66.83,18.0,55.55,13.0,2.0,82.2,2024-01-25
mkt_000565,0,150.42,82.0,30.68,13.0,4.0,43.25,2024-01-01
mkt_003903,0,45.39,24.0,2.39,2.0,5.0,508.94,2024-01-01
mkt_007100,1,186.27,9.0,9.9,10.0,3.0,31.56,2024-01-10
mkt_003673,0,180.56,1425.0,26.6,8.0,7.0,217.03,2024-01-21
mkt_004366,0,142.37,123.0,26.14,7.0,2.0,1980.78,2024-01-28
mkt_007545,1,865.51,363.0,13.19,7.0,4.0,531.29,2024-01-17
mkt_001212,0,168.96,19.0,27.1,16.0,8.0,207.77,2024-01-08
mkt_001189,0,1459.58,67.0,9.11,9.0,8.0,612.66,2024-01-01
mkt_003955,0,438.15,184.0,32.37,15.0,6.0,596.39,2024-01-01
mkt_000898,0,1427.22,100.0,11.94,21.0,7.0,620.75,2024-01-14
mkt_004786,1,227.31,21.0,32.11,10.0,0.0,31.15,2024-01-22
mkt_008092,1,403.39,46.0,10.38,15.0,4.0,308.38,2024-01-14
mkt_004602,1,159.87,28.0,18.54,13.0,4.0,351.62,2024-01-01
mkt_008896,1,344.68,88.0,37.83,16.0,6.0,197.2,2024-01-02
mkt_003454,0,175.81,16.0,12.59,13.0,6.0,69.8,2024-01-11
mkt_003609,0,149.51,89.0,1.17,4.0,0.0,136.5,2024-01-15
mkt_008157,1,301.73,38.0,71.82,11.0,6.0,610.06,2024-01-12
mkt_008765,1,269.93,18.0,47.89,13.0,6.0,52.66,2024-01-10
mkt_009677,1,174.7,85.0,23.81,11.0,6.0,86.9,2024-01-16
mkt_007572,1,734.72,536.0,9.9,15.0,2.0,351.76,2024-01-04
mkt_003909,0,277.46,73.0,10.55,12.0,0.0,74.21,2024-01-04
mkt_004028,0,73.3,87.0,6.09,6.0,8.0,843.93,2024-01-03
mkt_003931,0,69.07,59.0,7.06,10.0,8.0,141.63,2024-01-17
mkt_002332,0,522.15,52.0,27.57,14.0,7.0,98.64,2024-01-01
mkt_007302,1,2817.66,234.0,46.74,13.0,2.0,328.42,2024-01-12
mkt_002262,0,431.56,20.0,36.52,16.0,0.0,83.72,2024-01-24
mkt_009260,1,508.18,76.0,17.65,12.0,3.0,98.76,2024-01-13
mkt_005781,1,276.26,102.0,42.48,10.0,7.0,107.63,2024-01-28
mkt_002595,0,938.54,225.0,10.94,7.0,1.0,386.27,2024-01-30
mkt_007200,1,456.98,256.0,13.26,7.0,2.0,291.36,2024-01-21
mkt_003593,0,217.54,323.0,139.44,12.0,2.0,599.2,2024-01-23
mkt_005216,1,596.41,38.0,8.29,16.0,4.0,200.33,2024-01-12
mkt_001030,0,1718.65,46.0,3.0,14.0,1.0,2248.92,2024-01-15
mkt_007433,1,289.2,56.0,84.68,12.0,3.0,129.15,2024-01-02
mkt_007877,1,332.71,18.0,26.27,14.0,2.0,79.42,2024-01-12
mkt_008823,1,249.74,16.0,10.82,8.0,4.0,341.88,2024-01-19
mkt_008236,1,440.39,56.0,33.97,6.0,9.0,2353.96,2024-01-10
mkt_005733,1,242.04,98.0,2.56,13.0,0.0,110.57,2024-01-22
mkt_005378,1,204.27,43.0,31.26,11.0,3.0,549.78,2024-01-30
mkt_007762,1,565.17,211.0,23.25,13.0,2.0,63.48,2024-01-05
mkt_001755,0,3409.72,100.0,9.37,12.0,9.0,276.75,2024-01-26
mkt_007355,1,3002.76,132.0,8.9,8.0,7.0,349.12,2024-01-13
mkt_004161,0,162.43,67.0,25.06,4.0,0.0,55.58,2024-01-24
mkt_000231,0,267.15,66.0,10.03,10.0,9.0,197.88,2024-01-12
mkt_008104,1,333.4,182.0,26.23,10.0,6.0,182.91,2024-01-16
mkt_000110,0,75.8,19.0,111.31,11.0,0.0,135.02,2024-01-29
mkt_005457,1,170.53,79.0,14.24,13.0,4.0,287.95,2024-01-16
mkt_006708,1,129.66,40.0,11.23,12.0,8.0,254.93,2024-01-18
mkt_002514,0,1149.75,361.0,74.13,13.0,1.0,185.1,2024-01-30
mkt_005961,1,1708.91,126.0,19.38,10.0,8.0,115.53,2024-01-11
mkt_004279,0,473.63,155.0,9.46,16.0,9.0,93.79,2024-01-28
mkt_004720,1,258.52,188.0,21.3,12.0,1.0,620.05,2024-01-01
mkt_002917,0,115.19,74.0,28.34,12.0,6.0,174.71,2024-01-26
mkt_009390,1,684.04,62.0,40.34,14.0,1.0,151.5,2024-01-18
mkt_002992,0,2720.53,54.0,15.1,13.0,4.0,194.17,2024-01-16
mkt_002317,0,391.26,23.0,57.35,11.0,6.0,255.64,2024-01-18
mkt_004847,1,893.23,103.0,23.78,12.0,9.0,739.13,2024-01-03
mkt_004292,0,47.43,125.0,41.06,10.0,9.0,145.13,2024-01-11
mkt_006991,1,72.5,16.0,60.96,18.0,5.0,86.31,2024-01-09
mkt_001515,0,1141.45,140.0,46.57,10.0,7.0,655.03,2024-01-09
mkt_000216,0,222.68,52.0,13.21,10.0,4.0,893.94,2024-01-09
mkt_009213,1,890.95,1194.0,7.85,15.0,1.0,211.94,2024-01-20
mkt_009061,1,442.65,202.0,54.83,15.0,9.0,286.77,2024-01-02
mkt_008417,1,263.34,81.0,204.61,14.0,4.0,791.62,2024-01-23
mkt_002263,0,269.18,57.0,45.53,11.0,8.0,435.7,2024-01-16
mkt_005326,1,332.97,410.0,12.34,10.0,2.0,638.03,2024-01-29
mkt_006840,1,3346.75,267.0,24.3,14.0,5.0,1862.67,2024-01-10
mkt_008498,1,134.88,28.0,15.62,14.0,9.0,258.25,2024-01-25
mkt_006010,1,251.84,31.0,6.24,8.0,2.0,52.43,2024-01-24
mkt_000893,0,134.14,142.0,21.46,17.0,8.0,286.2,2024-01-30
mkt_001490,0,185.86,54.0,23.08,15.0,0.0,259.74,2024-01-18
mkt_003003,0,107.7,18.0,8.44,10.0,7.0,183.26,2024-01-19
mkt_001850,0,474.42,599.0,72.35,17.0,0.0,91.7,2024-01-09
mkt_005199,1,1318.7,105.0,284.29,15.0,7.0,480.55,2024-01-18
mkt_006380,1,195.81,9.0,5.54,9.0,6.0,34.64,2024-01-09
mkt_000324,0,547.94,27.0,21.44,12.0,2.0,208.08,2024-01-08
mkt_001215,0,79.38,176.0,17.65,13.0,9.0,139.46,2024-01-19
mkt_002899,0,76.84,15.0,13.84,18.0,4.0,89.68,2024-01-02
mkt_002933,0,295.78,85.0,13.75,11.0,0.0,188.12,2024-01-08
mkt_003658,0,176.47,26.0,20.72,12.0,5.0,172.14,2024-01-10
mkt_008678,1,403.53,248.0,59.51,6.0,6.0,100.36,2024-01-07
mkt_006673,1,463.57,116.0,7.67,13.0,7.0,84.59,2024-01-01
mkt_007972,1,443.69,162.0,10.01,11.0,8.0,378.81,2024-01-09
mkt_008586,1,179.39,446.0,27.68,8.0,0.0,207.04,2024-01-23
mkt_006169,1,788.46,592.0,10.05,15.0,2.0,255.07,2024-01-18
mkt_009724,1,60.44,151.0,34.62,14.0,1.0,335.99,2024-01-22
mkt_001129,0,458.36,61.0,20.73,20.0,0.0,77.16,2024-01-08
mkt_008856,1,342.93,178.0,28.62,11.0,8.0,252.18,2024-01-06
mkt_002918,0,93.81,88.0,20.39,7.0,4.0,174.33,2024-01-16
mkt_003902,0,838.75,108.0,23.31,9.0,3.0,354.75,2024-01-08
mkt_007947,1,890.01,85.0,11.02,10.0,4.0,406.9,2024-01-05
mkt_009097,1,2238.1,368.0,121.68,19.0,9.0,491.12,2024-01-04
mkt_003827,0,237.32,782.0,12.72,12.0,4.0,250.63,2024-01-03
mkt_004923,1,207.2,98.0,2.13,10.0,4.0,365.47,2024-01-05
mkt_000208,0,320.28,40.0,152.12,16.0,7.0,198.94,2024-01-17
mkt_003254,0,685.34,534.0,6.01,9.0,4.0,834.42,2024-01-21
mkt_002795,0,73.12,35.0,19.98,13.0,6.0,806.29,2024-01-23
mkt_005106,1,215.78,62.0,9.63,11.0,8.0,1196.55,2024-01-23
mkt_009011,1,124.74,28.0,182.85,9.0,4.0,135.64,2024-01-23
mkt_000798,0,592.75,18.0,13.32,6.0,5.0,124.66,2024-01-05
mkt_009105,1,881.46,206.0,7.88,14.0,4.0,97.32,2024-01-10
mkt_000734,0,202.51,50.0,10.38,12.0,1.0,99.69,2024-01-30
mkt_002244,0,243.28,38.0,36.51,9.0,5.0,582.35,2024-01-16
mkt_000178,0,93.43,19.0,47.03,8.0,5.0,113.13,2024-01-01
mkt_005830,1,182.56,166.0,7.89,8.0,3.0,207.93,2024-01-17
mkt_007008,1,507.97,249.0,12.85,21.0,6.0,643.2,2024-01-08
mkt_001174,0,85.72,856.0,5.57,8.0,5.0,1259.0,2024-01-05
mkt_006642,1,539.5,476.0,6.6,8.0,7.0,892.98,2024-01-23
mkt_005848,1,3686.64,1189.0,18.98,12.0,4.0,807.65,2024-01-22
mkt_001831,0,180.47,2.0,8.84,13.0,2.0,94.48,2024-01-02
mkt_007995,1,237.0,8.0,2.91,9.0,7.0,215.6,2024-01-25
mkt_009279,1,697.79,613.0,16.0,13.0,6.0,2499.07,2024-01-08
mkt_007897,1,135.41,28.0,16.99,12.0,9.0,203.7,2024-01-12
mkt_008597,1,1921.57,358.0,36.49,10.0,9.0,662.03,2024-01-01
mkt_008522,1,140.76,196.0,42.48,7.0,5.0,270.07,2024-01-17
mkt_000198,0,95.94,24.0,22.08,16.0,4.0,32.56,2024-01-13
mkt_007928,1,483.06,319.0,52.09,11.0,2.0,665.64,2024-01-29
mkt_007076,1,673.1,171.0,12.29,15.0,5.0,63.44,2024-01-22
mkt_009284,1,112.99,68.0,34.02,7.0,6.0,214.08,2024-01-09
mkt_001097,0,243.51,104.0,5.54,9.0,1.0,144.28,2024-01-02
mkt_000548,0,211.97,263.0,13.66,11.0,1.0,203.53,2024-01-30
mkt_006908,1,197.89,44.0,42.81,9.0,1.0,41.96,2024-01-27
mkt_008229,1,617.26,453.0,28.83,7.0,4.0,89.15,2024-01-08
mkt_004706,1,566.56,57.0,32.08,14.0,0.0,174.29,2024-01-04
mkt_006912,1,658.06,164.0,6.93,13.0,9.0,267.11,2024-01-12
mkt_003369,0,58.18,26.0,7.16,11.0,6.0,974.63,2024-01-11
mkt_007583,1,487.93,26.0,17.39,16.0,5.0,79.5,2024-01-18
mkt_002532,0,587.82,409.0,7.81,11.0,0.0,234.59,2024-01-16
mkt_004055,0,682.41,161.0,4.56,10.0,9.0,105.63,2024-01-23
mkt_002314,0,828.44,692.0,9.27,11.0,8.0,1230.48,2024-01-12
mkt_006653,1,459.04,68.0,13.75,12.0,7.0,282.07,2024-01-05
mkt_006885,1,25.49,3.0,8.2,10.0,3.0,100.33,2024-01-17
mkt_005937,1,279.63,84.0,30.27,13.0,5.0,246.53,2024-01-01
mkt_002815,0,99.94,21.0,52.66,10.0,0.0,241.76,2024-01-12
mkt_003437,0,122.33,16.0,16.06,15.0,8.0,153.65,2024-01-09
mkt_003880,0,467.63,41.0,71.18,8.0,3.0,41.3,2024-01-08
mkt_004157,0,225.0,607.0,9.81,15.0,7.0,311.91,2024-01-04
mkt_000066,0,168.64,325.0,42.66,6.0,3.0,103.28,2024-01-20
mkt_007866,1,1067.64,188.0,6.89,10.0,8.0,435.82,2024-01-04
mkt_000616,0,49.38,17.0,73.77,8.0,8.0,98.17,2024-01-30
mkt_001118,0,1191.05,144.0,25.8,8.0,3.0,580.15,2024-01-26
mkt_003260,0,1190.16,167.0,22.08,8.0,7.0,309.48,2024-01-01
mkt_003401,0,489.98,383.0,137.15,10.0,1.0,498.02,2024-01-11
mkt_003692,0,52.11,233.0,43.95,17.0,7.0,144.3,2024-01-17
mkt_000937,0,205.23,32.0,28.1,9.0,3.0,81.33,2024-01-08
mkt_006604,1,210.55,2.0,18.17,8.0,7.0,1.83,2024-01-06
mkt_002572,0,1663.2,129.0,24.69,14.0,8.0,758.38,2024-01-10
mkt_007536,1,50.38,18.0,15.56,13.0,1.0,98.13,2024-01-22
mkt_006324,1,375.44,261.0,12.58,16.0,3.0,57.12,2024-01-12
mkt_000622,0,153.67,71.0,75.47,8.0,5.0,66.15,2024-01-25
mkt_001681,0,1454.41,70.0,52.27,13.0,9.0,251.55,2024-01-29
mkt_002126,0,385.02,185.0,10.88,15.0,4.0,482.44,2024-01-02
mkt_000787,0,746.34,73.0,34.55,19.0,9.0,510.07,2024-01-07
mkt_003332,0,446.63,11.0,32.71,10.0,1.0,46.26,2024-01-09
mkt_007236,1,293.49,1119.0,4.81,14.0,3.0,1878.58,2024-01-26
mkt_001092,0,71.72,80.0,8.77,13.0,8.0,265.38,2024-01-11
mkt_009103,1,676.75,36.0,29.83,15.0,0.0,369.7,2024-01-23
mkt_005020,1,126.53,319.0,126.83,10.0,2.0,144.39,2024-01-29
mkt_009353,1,164.33,46.0,15.47,7.0,8.0,277.67,2024-01-24
mkt_005944,1,124.77,51.0,14.25,12.0,6.0,197.93,2024-01-17
mkt_003280,0,135.6,11.0,16.03,6.0,4.0,419.3,2024-01-04
mkt_008186,1,1020.58,285.0,12.0,11.0,3.0,499.08,2024-01-27
mkt_002201,0,471.85,72.0,14.39,10.0,2.0,298.4,2024-01-16
mkt_001160,0,54.61,17.0,30.45,15.0,2.0,273.72,2024-01-12
mkt_005581,1,117.39,130.0,12.02,6.0,5.0,132.74,2024-01-07
mkt_003592,0,1495.65,16.0,39.8,5.0,5.0,341.14,2024-01-17
mkt_003952,0,238.73,16.0,26.41,7.0,4.0,187.86,2024-01-05
mkt_009691,1,210.95,34.0,42.2,9.0,9.0,143.81,2024-01-19
mkt_006247,1,705.88,109.0,10.1,9.0,6.0,200.76,2024-01-02
mkt_004153,0,1033.21,210.0,5.16,4.0,9.0,282.72,2024-01-16
mkt_000478,0,446.0,242.0,39.54,10.0,5.0,122.98,2024-01-19
mkt_001352,0,96.37,38.0,6.26,10.0,8.0,460.09,2024-01-11
mkt_004309,0,430.97,64.0,12.62,17.0,7.0,30.21,2024-01-03
mkt_005698,1,152.15,258.0,28.14,10.0,0.0,355.16,2024-01-23
mkt_002647,0,201.55,45.0,135.81,16.0,7.0,55.62,2024-01-14
mkt_008460,1,404.79,211.0,57.39,14.0,7.0,503.22,2024-01-08
mkt_008198,1,157.11,61.0,52.98,9.0,2.0,241.25,2024-01-05
mkt_007689,1,2483.03,319.0,5.99,9.0,7.0,191.91,2024-01-10
mkt_009257,1,51.24,114.0,11.74,14.0,9.0,664.06,2024-01-20
mkt_002589,0,1565.33,75.0,26.88,15.0,1.0,128.72,2024-01-05
mkt_001033,0,105.47,28.0,12.7,12.0,1.0,292.57,2024-01-08
mkt_004686,1,98.09,193.0,7.29,13.0,6.0,75.49,2024-01-10
mkt_005011,1,535.9,88.0,4.19,10.0,6.0,1946.81,2024-01-02
mkt_002598,0,126.3,64.0,4.12,7.0,8.0,110.04,2024-01-18
mkt_005819,1,449.52,326.0,20.15,12.0,9.0,331.16,2024-01-04
mkt_004608,1,406.86,18.0,15.38,9.0,8.0,163.78,2024-01-09
mkt_008470,1,80.25,126.0,9.37,9.0,2.0,1617.95,2024-01-08
mkt_009040,1,218.05,40.0,13.93,14.0,9.0,14.42,2024-01-11
mkt_007450,1,192.86,246.0,15.96,13.0,1.0,158.92,2024-01-18
mkt_004671,1,108.99,494.0,13.92,17.0,2.0,269.94,2024-01-07
mkt_005583,1,384.43,586.0,31.56,19.0,3.0,221.89,2024-01-26
mkt_003717,0,603.0,46.0,39.74,10.0,6.0,206.76,2024-01-11
mkt_009327,1,487.81,87.0,10.19,16.0,4.0,165.32,2024-01-10
mkt_003928,0,1426.99,270.0,209.92,8.0,5.0,219.09,2024-01-19
mkt_003617,0,316.82,189.0,129.83,11.0,1.0,258.14,2024-01-22
mkt_001425,0,200.66,180.0,1.97,17.0,9.0,433.66,2024-01-23
mkt_009378,1,226.31,386.0,72.18,12.0,4.0,715.05,2024-01-12
mkt_002919,0,995.52,866.0,127.96,12.0,3.0,938.73,2024-01-24
mkt_003819,0,44.0,44.0,4.9,5.0,3.0,451.24,2024-01-03
mkt_001871,0,251.93,78.0,108.69,11.0,3.0,200.42,2024-01-10
mkt_005487,1,472.94,140.0,23.72,7.0,4.0,358.27,2024-01-08
mkt_000480,0,291.68,40.0,9.71,7.0,0.0,298.34,2024-01-05
mkt_005972,1,123.88,199.0,31.63,16.0,7.0,141.6,2024-01-18
mkt_009600,1,213.95,40.0,6.44,8.0,9.0,116.1,2024-01-11
mkt_002888,0,68.94,6.0,14.65,15.0,8.0,144.21,2024-01-15
mkt_006686,1,227.31,249.0,10.76,15.0,9.0,123.69,2024-01-01
mkt_006315,1,49.1,75.0,19.01,9.0,7.0,81.55,2024-01-12
mkt_000527,0,87.83,60.0,19.86,9.0,8.0,146.76,2024-01-02
mkt_004129,0,937.23,119.0,88.01,11.0,6.0,138.02,2024-01-12
mkt_000722,0,111.48,2.0,13.9,16.0,6.0,494.71,2024-01-25
mkt_005120,1,286.0,93.0,33.67,8.0,7.0,168.95,2024-01-24
mkt_004722,1,619.43,72.0,31.4,10.0,6.0,346.24,2024-01-23
mkt_000220,0,258.74,51.0,20.03,11.0,6.0,223.3,2024-01-22
mkt_009188,1,1301.5,375.0,18.34,11.0,9.0,126.25,2024-01-28
mkt_001935,0,110.93,125.0,52.29,11.0,4.0,104.14,2024-01-16
mkt_000344,0,809.07,1367.0,7.89,9.0,5.0,158.76,2024-01-19
mkt_008332,1,361.0,72.0,27.49,13.0,9.0,262.78,2024-01-15
mkt_009674,1,110.56,70.0,14.87,12.0,6.0,122.72,2024-01-29
mkt_004483,0,58.63,112.0,65.77,15.0,0.0,52.28,2024-01-10
mkt_009706,1,1327.51,130.0,22.14,16.0,4.0,458.04,2024-01-24
mkt_008486,1,218.51,56.0,21.04,6.0,7.0,289.99,2024-01-26
mkt_009216,1,574.53,975.0,58.94,14.0,5.0,779.95,2024-01-29
mkt_006903,1,1174.78,718.0,44.0,14.0,0.0,252.77,2024-01-05
mkt_009154,1,710.92,68.0,47.52,11.0,9.0,97.39,2024-01-28
mkt_005960,1,425.66,19.0,13.48,8.0,3.0,89.99,2024-01-03
mkt_007034,1,100.39,135.0,8.97,11.0,5.0,219.7,2024-01-20
mkt_006051,1,624.72,2190.0,7.73,15.0,7.0,129.43,2024-01-09
mkt_002391,0,409.76,17.0,13.54,10.0,2.0,140.04,2024-01-14
mkt_007181,1,438.1,288.0,15.39,20.0,0.0,478.36,2024-01-18
mkt_004328,0,182.57,169.0,382.23,10.0,5.0,308.9,2024-01-12
mkt_006452,1,921.49,484.0,17.79,12.0,1.0,755.66,2024-01-04
mkt_001983,0,298.64,23.0,6.65,9.0,7.0,815.88,2024-01-29
mkt_008246,1,214.65,265.0,14.09,12.0,9.0,639.16,2024-01-09
mkt_001554,0,124.24,105.0,14.84,15.0,8.0,114.57,2024-01-01
mkt_004850,1,1056.92,211.0,123.35,13.0,7.0,447.9,2024-01-11
mkt_009095,1,89.77,32.0,68.6,11.0,0.0,379.65,2024-01-15
mkt_009922,1,128.68,54.0,16.67,9.0,1.0,138.91,2024-01-18
mkt_007532,1,85.71,62.0,76.11,9.0,4.0,39.78,2024-01-05
mkt_006853,1,366.06,31.0,12.46,9.0,5.0,93.39,2024-01-11
mkt_004641,1,143.16,150.0,46.4,11.0,1.0,184.48,2024-01-23
mkt_002881,0,1005.01,504.0,20.5,15.0,4.0,211.59,2024-01-18
mkt_001677,0,2342.27,74.0,26.87,11.0,8.0,252.79,2024-01-15
mkt_004885,1,87.39,261.0,3.37,13.0,0.0,106.95,2024-01-27
mkt_001964,0,332.26,187.0,94.77,15.0,0.0,365.27,2024-01-27
mkt_000901,0,978.75,230.0,16.27,12.0,6.0,267.64,2024-01-21
mkt_007130,1,273.28,69.0,17.44,10.0,2.0,124.42,2024-01-14
mkt_003068,0,326.75,531.0,12.15,15.0,8.0,221.7,2024-01-06
mkt_002296,0,324.55,34.0,28.78,11.0,9.0,218.6,2024-01-23
mkt_006237,1,142.17,8.0,9.12,10.0,9.0,56.71,2024-01-15
mkt_005862,1,587.4,126.0,112.24,16.0,8.0,498.34,2024-01-21
mkt_000296,0,467.62,631.0,14.88,14.0,1.0,1133.4,2024-01-05
mkt_008778,1,364.55,122.0,29.36,15.0,4.0,64.71,2024-01-12
mkt_000057,0,185.18,44.0,52.56,14.0,7.0,637.46,2024-01-14
mkt_007242,1,155.76,14.0,4.27,11.0,5.0,408.52,2024-01-08
mkt_004385,0,423.38,202.0,2.03,14.0,7.0,383.77,2024-01-01
mkt_002984,0,213.8,249.0,47.56,11.0,1.0,1671.53,2024-01-20
mkt_000027,0,486.22,1171.0,11.28,12.0,0.0,2164.74,2024-01-21
mkt_004407,0,94.76,86.0,14.23,19.0,1.0,122.77,2024-01-22
mkt_009877,1,308.66,58.0,27.89,8.0,9.0,331.27,2024-01-19
mkt_002676,0,315.98,49.0,5.76,7.0,5.0,154.98,2024-01-11
mkt_008545,1,323.27,152.0,110.08,9.0,1.0,215.82,2024-01-09
mkt_005262,1,621.68,43.0,16.41,13.0,5.0,114.15,2024-01-06
mkt_005841,1,186.33,50.0,54.22,9.0,8.0,177.74,2024-01-01
mkt_007021,1,161.82,84.0,14.25,16.0,3.0,185.18,2024-01-26
mkt_003248,0,284.28,35.0,31.76,10.0,0.0,234.04,2024-01-07
mkt_005667,1,228.09,867.0,5.54,13.0,8.0,1325.43,2024-01-18
mkt_003884,0,1053.81,591.0,18.7,11.0,7.0,1610.29,2024-01-16
mkt_007663,1,380.65,34.0,25.94,11.0,6.0,363.2,2024-01-13
mkt_000295,0,269.09,14.0,12.15,15.0,1.0,99.48,2024-01-01
mkt_003161,0,201.71,85.0,58.78,14.0,3.0,416.28,2024-01-18
mkt_002580,0,61.61,161.0,65.47,11.0,9.0,148.52,2024-01-07
mkt_003870,0,51.87,8.0,23.13,11.0,0.0,280.91,2024-01-27
mkt_009210,1,188.43,300.0,8.16,7.0,5.0,119.79,2024-01-12
mkt_004404,0,65.16,29.0,39.7,5.0,3.0,652.82,2024-01-10
mkt_006952,1,299.76,132.0,77.31,11.0,9.0,199.58,2024-01-15
mkt_000648,0,89.38,30.0,15.74,14.0,2.0,2457.36,2024-01-12
mkt_001370,0,481.23,332.0,24.95,7.0,4.0,691.52,2024-01-28
mkt_009855,1,119.36,55.0,16.52,18.0,0.0,429.86,2024-01-16
mkt_006992,1,1667.35,596.0,65.25,17.0,0.0,324.23,2024-01-10
mkt_005532,1,92.46,32.0,1.35,15.0,6.0,100.84,2024-01-06
mkt_009620,1,399.88,88.0,3.38,13.0,6.0,251.5,2024-01-26
mkt_005708,1,128.07,25.0,2.52,7.0,7.0,196.86,2024-01-09
mkt_004209,0,414.17,304.0,2.92,15.0,3.0,257.73,2024-01-26
mkt_000681,0,273.5,12.0,8.88,10.0,5.0,348.51,2024-01-09
mkt_000434,0,1160.18,114.0,26.94,6.0,6.0,116.48,2024-01-19
mkt_009309,1,1215.27,94.0,9.56,12.0,9.0,276.17,2024-01-30
mkt_004824,1,34.76,30.0,101.12,15.0,9.0,156.97,2024-01-24
mkt_009761,1,346.4,124.0,11.13,11.0,5.0,272.61,2024-01-16
mkt_003159,0,780.02,119.0,33.89,9.0,6.0,664.32,2024-01-05
mkt_001489,0,623.82,70.0,44.66,9.0,5.0,112.29,2024-01-12
mkt_002987,0,688.75,125.0,36.08,15.0,0.0,147.24,2024-01-29
mkt_000812,0,716.85,80.0,26.23,13.0,4.0,259.25,2024-01-08
mkt_001882,0,315.58,28.0,16.03,7.0,4.0,99.34,2024-01-04
mkt_009267,1,281.96,84.0,12.79,17.0,8.0,786.29,2024-01-17
mkt_004936,1,379.13,373.0,38.59,12.0,0.0,805.21,2024-01-02
mkt_009935,1,280.25,13.0,29.28,14.0,0.0,89.35,2024-01-27
mkt_001940,0,312.64,135.0,23.96,16.0,4.0,161.93,2024-01-29
mkt_003296,0,792.29,107.0,70.99,4.0,8.0,32.38,2024-01-21
mkt_003534,0,204.47,21.0,75.64,7.0,7.0,178.23,2024-01-01
mkt_004525,1,210.62,390.0,52.51,17.0,1.0,1199.25,2024-01-22
mkt_003729,0,128.8,50.0,31.59,12.0,1.0,151.09,2024-01-15
mkt_007015,1,591.35,78.0,61.59,12.0,4.0,141.81,2024-01-20
mkt_001612,0,88.13,108.0,20.36,14.0,3.0,84.58,2024-01-04
mkt_001181,0,196.83,308.0,23.26,13.0,3.0,584.55,2024-01-18
mkt_001375,0,160.04,83.0,222.68,12.0,8.0,260.57,2024-01-01
mkt_009224,1,475.87,357.0,7.41,10.0,7.0,805.79,2024-01-12
mkt_003946,0,359.09,42.0,15.45,8.0,4.0,131.12,2024-01-28
mkt_007210,1,564.84,6.0,38.0,9.0,3.0,165.71,2024-01-11
mkt_005211,1,1934.64,259.0,81.82,6.0,9.0,154.83,2024-01-27
mkt_000063,0,143.58,36.0,27.41,9.0,6.0,51.15,2024-01-20
mkt_000626,0,419.85,675.0,7.39,4.0,4.0,1867.41,2024-01-15
mkt_004421,0,552.42,28.0,3.34,12.0,9.0,39.72,2024-01-04
mkt_001669,0,526.1,72.0,18.67,14.0,4.0,481.16,2024-01-19
mkt_002112,0,434.88,131.0,39.2,12.0,6.0,384.67,2024-01-01
mkt_005804,1,341.87,64.0,9.16,11.0,5.0,426.85,2024-01-25
mkt_009763,1,139.2,104.0,80.15,18.0,9.0,233.41,2024-01-12
mkt_004032,0,169.37,87.0,4.09,10.0,8.0,252.72,2024-01-04
mkt_006545,1,343.66,356.0,23.19,14.0,2.0,1363.12,2024-01-11
mkt_007948,1,553.22,63.0,24.36,17.0,5.0,93.54,2024-01-07
mkt_000084,0,557.52,104.0,22.36,12.0,0.0,407.33,2024-01-11
mkt_009180,1,620.67,1548.0,15.9,13.0,5.0,468.04,2024-01-15
mkt_001462,0,256.76,379.0,24.63,5.0,8.0,313.47,2024-01-26
mkt_002283,0,40.85,112.0,6.66,15.0,3.0,531.7,2024-01-20
mkt_002887,0,47.84,116.0,34.51,9.0,0.0,207.02,2024-01-29
mkt_005834,1,210.6,122.0,1.9,16.0,5.0,407.05,2024-01-02
mkt_000684,0,304.84,19.0,11.51,11.0,7.0,321.22,2024-01-27
mkt_004469,0,99.04,15.0,46.32,10.0,3.0,74.71,2024-01-01
mkt_000418,0,999.75,125.0,35.64,10.0,7.0,324.1,2024-01-26
mkt_005228,1,180.62,138.0,15.98,13.0,5.0,80.8,2024-01-29
mkt_004253,0,1019.14,617.0,17.88,18.0,8.0,2219.54,2024-01-12
mkt_002709,0,267.24,115.0,4.6,9.0,2.0,322.71,2024-01-25
mkt_002357,0,102.04,19.0,7.58,14.0,1.0,191.79,2024-01-23
mkt_008059,1,166.03,62.0,43.74,17.0,2.0,181.12,2024-01-29
mkt_001366,0,255.46,201.0,84.4,12.0,2.0,83.1,2024-01-10
mkt_006277,1,461.45,342.0,8.8,12.0,3.0,604.09,2024-01-03
mkt_003916,0,159.24,135.0,22.85,13.0,7.0,230.01,2024-01-04
mkt_000293,0,184.79,384.0,64.55,8.0,8.0,480.43,2024-01-30
mkt_002639,0,202.76,30.0,90.32,12.0,0.0,277.11,2024-01-11
mkt_009458,1,194.46,21.0,33.96,12.0,3.0,293.19,2024-01-16
mkt_001506,0,116.71,17.0,26.44,15.0,5.0,440.98,2024-01-25
mkt_009037,1,271.23,40.0,62.28,12.0,0.0,26.52,2024-01-30
mkt_007393,1,124.57,91.0,11.78,20.0,1.0,484.74,2024-01-24
mkt_001634,0,183.68,43.0,23.4,11.0,0.0,209.65,2024-01-26
mkt_002457,0,282.8,62.0,21.03,12.0,2.0,391.77,2024-01-03
mkt_009891,1,214.25,12.0,10.01,21.0,2.0,71.76,2024-01-21
mkt_005558,1,243.68,144.0,30.2,16.0,5.0,722.6,2024-01-09
mkt_009751,1,634.93,196.0,8.48,11.0,4.0,144.23,2024-01-28
mkt_002300,0,174.6,33.0,13.25,20.0,6.0,101.26,2024-01-24
mkt_004537,1,1119.2,320.0,22.4,7.0,7.0,934.01,2024-01-17
mkt_002938,0,648.99,49.0,32.08,11.0,6.0,96.7,2024-01-29
mkt_001563,0,1187.59,362.0,18.37,11.0,7.0,455.04,2024-01-05
mkt_005689,1,201.32,22.0,29.26,17.0,6.0,956.19,2024-01-19
mkt_008658,1,705.84,124.0,4.82,10.0,2.0,165.46,2024-01-29
mkt_007517,1,285.0,36.0,98.14,16.0,8.0,280.62,2024-01-11
mkt_001979,0,330.18,177.0,19.29,10.0,8.0,124.03,2024-01-07
mkt_001883,0,222.41,12.0,18.57,10.0,4.0,450.21,2024-01-28
mkt_003803,0,403.43,102.0,22.81,13.0,4.0,237.57,2024-01-11
mkt_000438,0,79.17,36.0,17.43,12.0,0.0,797.49,2024-01-29
mkt_004635,1,701.72,894.0,4.77,13.0,0.0,1167.33,2024-01-28
mkt_004528,1,345.0,121.0,17.91,6.0,9.0,163.29,2024-01-25
mkt_004332,0,49.05,60.0,27.95,10.0,3.0,498.07,2024-01-08
mkt_003573,0,93.55,206.0,11.86,10.0,6.0,516.34,2024-01-18
mkt_008741,1,283.95,616.0,31.88,12.0,8.0,576.41,2024-01-03
mkt_008911,1,157.57,50.0,23.77,12.0,7.0,96.02,2024-01-28
mkt_004817,1,191.88,49.0,89.99,15.0,3.0,61.14,2024-01-02
mkt_006435,1,747.38,312.0,8.09,11.0,8.0,383.63,2024-01-19
mkt_002986,0,124.59,31.0,56.48,10.0,5.0,72.05,2024-01-24
mkt_007838,1,1134.98,241.0,3.01,12.0,6.0,105.94,2024-01-19
mkt_000704,0,432.85,442.0,11.39,7.0,2.0,533.75,2024-01-23
mkt_002280,0,131.37,180.0,41.5,18.0,3.0,265.96,2024-01-02
mkt_008734,1,723.02,184.0,38.91,8.0,9.0,176.3,2024-01-18
mkt_004147,0,34.47,26.0,17.17,11.0,2.0,124.81,2024-01-08
mkt_005412,1,110.86,25.0,2.6,10.0,5.0,303.66,2024-01-04
mkt_000373,0,209.16,322.0,12.82,20.0,4.0,634.14,2024-01-26
mkt_006405,1,219.61,36.0,41.46,10.0,9.0,249.91,2024-01-04
mkt_009223,1,150.26,8.0,75.44,8.0,1.0,280.36,2024-01-24
mkt_002585,0,819.96,214.0,149.94,9.0,3.0,516.1,2024-01-08
mkt_001332,0,270.61,106.0,5.44,10.0,1.0,103.18,2024-01-11
mkt_009572,1,602.1,24.0,22.31,11.0,3.0,136.75,2024-01-29
mkt_005282,1,682.89,97.0,355.56,7.0,6.0,249.46,2024-01-05
mkt_009131,1,90.49,20.0,7.32,14.0,7.0,141.67,2024-01-13
mkt_008315,1,181.02,907.0,39.56,16.0,3.0,505.72,2024-01-03
mkt_009809,1,341.68,306.0,8.11,13.0,2.0,299.13,2024-01-27
mkt_001784,0,1662.82,842.0,14.9,9.0,6.0,988.99,2024-01-30
mkt_003182,0,69.09,80.0,60.33,18.0,4.0,463.45,2024-01-03
mkt_000494,0,299.12,241.0,5.57,16.0,4.0,1292.54,2024-01-09
mkt_007363,1,2390.71,64.0,155.22,13.0,6.0,460.47,2024-01-09
mkt_002860,0,120.69,219.0,154.78,12.0,9.0,740.63,2024-01-10
mkt_007929,1,616.21,38.0,9.51,14.0,5.0,52.48,2024-01-10
mkt_004041,0,140.28,14.0,7.14,14.0,0.0,110.86,2024-01-29
mkt_007178,1,81.97,820.0,4.28,15.0,3.0,660.69,2024-01-27
mkt_002897,0,408.67,89.0,19.99,16.0,1.0,178.22,2024-01-22
mkt_000366,0,224.68,59.0,7.5,9.0,4.0,111.49,2024-01-24
mkt_000849,0,1967.98,102.0,23.34,8.0,1.0,506.58,2024-01-14
mkt_007440,1,196.51,63.0,7.06,6.0,2.0,94.06,2024-01-07
mkt_009454,1,101.45,8.0,4.84,14.0,2.0,71.85,2024-01-08
mkt_004301,0,1075.72,133.0,22.28,11.0,8.0,409.15,2024-01-10
mkt_002653,0,152.3,10.0,18.94,10.0,9.0,322.05,2024-01-03
mkt_003503,0,55.38,93.0,14.45,8.0,4.0,305.37,2024-01-20
mkt_001541,0,52.33,12.0,25.7,10.0,6.0,133.32,2024-01-11
mkt_004165,0,276.42,140.0,21.82,14.0,5.0,625.54,2024-01-22
mkt_008866,1,418.56,112.0,105.31,9.0,3.0,706.64,2024-01-30
mkt_000322,0,1056.61,1014.0,20.45,14.0,6.0,371.76,2024-01-23
mkt_002031,0,15.53,52.0,60.72,10.0,2.0,118.05,2024-01-19
mkt_000813,0,490.99,25.0,142.15,14.0,0.0,83.29,2024-01-05
mkt_008939,1,130.83,145.0,13.2,15.0,0.0,296.03,2024-01-24
mkt_009375,1,460.2,139.0,19.4,9.0,7.0,115.03,2024-01-25
mkt_001079,0,204.2,37.0,9.83,12.0,7.0,13.87,2024-01-01
mkt_002226,0,284.16,144.0,6.72,15.0,7.0,557.65,2024-01-07
mkt_009136,1,120.79,62.0,22.13,12.0,9.0,98.05,2024-01-20
mkt_009531,1,208.79,14.0,7.99,11.0,4.0,225.3,2024-01-23
mkt_002705,0,270.62,468.0,24.1,17.0,0.0,680.48,2024-01-15
mkt_006824,1,39.41,117.0,14.24,14.0,6.0,355.25,2024-01-22
mkt_007556,1,5854.28,51.0,75.61,12.0,0.0,380.47,2024-01-27
mkt_001164,0,701.59,26.0,16.36,13.0,1.0,44.44,2024-01-09
mkt_003261,0,207.44,320.0,10.1,5.0,2.0,380.18,2024-01-22
mkt_004687,1,1032.65,60.0,23.32,17.0,2.0,793.67,2024-01-21
mkt_001450,0,495.31,475.0,45.29,13.0,0.0,697.31,2024-01-17
mkt_003862,0,117.03,579.0,10.86,16.0,4.0,242.89,2024-01-29
mkt_006103,1,728.63,40.0,12.15,15.0,1.0,120.01,2024-01-26
mkt_009215,1,213.89,932.0,5.35,9.0,7.0,1270.26,2024-01-29
mkt_007120,1,855.0,380.0,2.23,12.0,2.0,1508.81,2024-01-29
mkt_006398,1,8069.6,273.0,27.78,8.0,0.0,135.77,2024-01-30
mkt_009588,1,566.54,234.0,28.9,10.0,6.0,1516.5,2024-01-01
mkt_006214,1,439.85,51.0,15.42,13.0,4.0,197.7,2024-01-20
mkt_009645,1,286.9,116.0,11.69,18.0,8.0,669.2,2024-01-17
mkt_005336,1,524.76,244.0,11.37,14.0,1.0,349.14,2024-01-18
mkt_004056,0,108.36,64.0,47.34,8.0,4.0,367.39,2024-01-13
mkt_009511,1,379.68,56.0,31.5,16.0,5.0,449.84,2024-01-17
mkt_002999,0,209.81,31.0,7.75,12.0,9.0,16.34,2024-01-16
mkt_009024,1,1025.22,108.0,17.97,16.0,3.0,208.08,2024-01-21
mkt_001231,0,121.93,155.0,28.06,7.0,5.0,296.8,2024-01-05
mkt_001514,0,635.6,63.0,4.87,15.0,9.0,89.66,2024-01-17
mkt_002313,0,95.92,8.0,25.63,12.0,1.0,218.96,2024-01-21
mkt_001451,0,151.63,29.0,43.29,10.0,5.0,186.71,2024-01-23
mkt_005267,1,1782.22,192.0,14.34,13.0,9.0,292.36,2024-01-24
mkt_006131,1,282.63,134.0,49.65,12.0,9.0,190.03,2024-01-08
mkt_008531,1,234.87,86.0,63.09,12.0,3.0,350.03,2024-01-14
mkt_006464,1,545.33,79.0,43.33,18.0,4.0,294.89,2024-01-22
mkt_000838,0,621.08,71.0,6.68,7.0,0.0,212.15,2024-01-29
mkt_009915,1,2323.2,949.0,37.22,17.0,2.0,989.06,2024-01-19
mkt_008261,1,356.48,138.0,24.19,12.0,8.0,523.52,2024-01-16
mkt_006414,1,538.72,289.0,2.16,12.0,4.0,351.41,2024-01-12
mkt_008504,1,117.99,1.0,46.96,9.0,9.0,156.82,2024-01-09
mkt_003567,0,533.74,121.0,86.64,9.0,0.0,155.55,2024-01-03
mkt_009264,1,312.93,120.0,32.55,14.0,7.0,138.86,2024-01-30
mkt_003087,0,531.66,79.0,36.82,5.0,8.0,168.84,2024-01-29
mkt_008643,1,199.38,206.0,12.06,13.0,5.0,93.17,2024-01-12
mkt_001714,0,912.69,72.0,15.87,16.0,4.0,278.36,2024-01-30
mkt_000339,0,797.56,117.0,6.04,9.0,5.0,191.92,2024-01-08
mkt_009563,1,416.86,139.0,27.61,14.0,1.0,275.74,2024-01-01
mkt_005942,1,99.17,85.0,53.89,6.0,6.0,338.73,2024-01-25
mkt_009869,1,136.67,20.0,9.54,11.0,5.0,507.31,2024-01-09
mkt_008102,1,197.46,91.0,50.53,14.0,5.0,500.17,2024-01-01
mkt_008488,1,68.16,25.0,7.62,7.0,5.0,85.84,2024-01-11
mkt_000588,0,432.57,133.0,11.2,20.0,6.0,51.66,2024-01-18
mkt_003365,0,1023.41,75.0,10.17,15.0,8.0,64.35,2024-01-14
mkt_002670,0,152.1,20.0,165.52,14.0,9.0,112.55,2024-01-19
mkt_003589,0,82.5,365.0,107.91,19.0,7.0,490.93,2024-01-29
mkt_000034,0,227.45,62.0,5.49,14.0,6.0,90.63,2024-01-02
mkt_000028,0,461.11,120.0,27.85,8.0,6.0,492.52,2024-01-23
mkt_008553,1,773.47,279.0,21.13,13.0,0.0,324.57,2024-01-17
mkt_008117,1,531.53,100.0,14.2,19.0,5.0,709.26,2024-01-13
mkt_002170,0,222.31,48.0,10.43,16.0,6.0,1145.84,2024-01-20
mkt_008377,1,127.39,67.0,4.7,20.0,2.0,355.44,2024-01-12
mkt_005620,1,63.06,16.0,15.7,13.0,9.0,315.88,2024-01-01
mkt_000889,0,117.71,16.0,19.77,7.0,1.0,272.13,2024-01-27
mkt_006489,1,37.48,49.0,91.57,11.0,2.0,175.7,2024-01-16
mkt_003322,0,5950.4,721.0,5.53,13.0,1.0,320.43,2024-01-23
mkt_009396,1,667.61,558.0,14.31,15.0,2.0,238.63,2024-01-11
mkt_003514,0,867.86,193.0,32.03,7.0,2.0,389.11,2024-01-30
mkt_004420,0,114.57,58.0,21.53,5.0,1.0,25.41,2024-01-02
mkt_008351,1,153.65,212.0,17.6,13.0,8.0,487.56,2024-01-01
mkt_005361,1,74.58,32.0,110.41,13.0,6.0,1531.83,2024-01-18
mkt_003733,0,708.34,149.0,17.21,12.0,1.0,506.24,2024-01-07
mkt_009463,1,356.26,21.0,31.89,12.0,8.0,552.23,2024-01-05
mkt_007081,1,106.1,43.0,25.72,9.0,7.0,157.73,2024-01-19
mkt_001654,0,581.41,101.0,27.39,13.0,5.0,222.78,2024-01-13
mkt_005032,1,357.26,606.0,5.35,14.0,5.0,111.39,2024-01-11
mkt_000223,0,311.77,103.0,14.09,15.0,2.0,141.7,2024-01-02
mkt_008625,1,500.01,262.0,14.75,17.0,4.0,154.82,2024-01-08
mkt_006194,1,229.23,157.0,71.12,12.0,0.0,407.98,2024-01-10
mkt_001590,0,1773.48,1427.0,71.39,9.0,8.0,274.9,2024-01-26
mkt_005982,1,864.2,60.0,307.59,13.0,7.0,343.81,2024-01-26
mkt_003256,0,556.63,27.0,39.2,7.0,3.0,173.26,2024-01-26
mkt_006680,1,105.98,8.0,23.08,6.0,8.0,31.39,2024-01-08
mkt_004770,1,908.87,169.0,65.16,13.0,2.0,282.23,2024-01-11
mkt_002181,0,79.15,128.0,58.78,10.0,1.0,316.9,2024-01-04
mkt_006803,1,840.88,180.0,16.68,14.0,0.0,70.25,2024-01-25
mkt_004913,1,127.25,28.0,8.92,10.0,2.0,28.05,2024-01-09
mkt_006786,1,183.32,51.0,22.87,12.0,2.0,507.28,2024-01-01
mkt_004789,1,61.43,90.0,12.31,9.0,9.0,104.92,2024-01-04
mkt_001209,0,34.38,5.0,48.93,9.0,1.0,215.38,2024-01-16
mkt_000421,0,1157.94,155.0,15.94,12.0,3.0,495.08,2024-01-30
mkt_008740,1,308.49,243.0,3.56,16.0,4.0,476.9,2024-01-01
mkt_001706,0,1589.49,44.0,8.96,14.0,1.0,173.32,2024-01-07
mkt_001158,0,174.38,71.0,20.71,9.0,5.0,66.87,2024-01-01
mkt_002306,0,834.7,159.0,12.31,12.0,6.0,157.57,2024-01-24
mkt_000273,0,301.55,60.0,12.19,9.0,0.0,158.58,2024-01-08
mkt_000171,0,1385.87,279.0,16.5,8.0,2.0,137.21,2024-01-17
mkt_003956,0,438.47,255.0,17.05,14.0,3.0,825.78,2024-01-25
mkt_006696,1,354.75,78.0,56.41,13.0,7.0,256.74,2024-01-16
mkt_003188,0,583.79,798.0,408.1,17.0,2.0,880.69,2024-01-14
mkt_008132,1,100.01,58.0,10.45,15.0,6.0,960.19,2024-01-13
mkt_004808,1,2712.09,963.0,12.13,18.0,2.0,624.06,2024-01-07
mkt_008083,1,85.07,133.0,134.44,14.0,8.0,67.98,2024-01-17
mkt_001564,0,834.86,64.0,12.07,12.0,7.0,69.13,2024-01-29
mkt_001782,0,907.17,170.0,260.26,11.0,2.0,302.18,2024-01-07
mkt_000843,0,243.54,30.0,5.6,10.0,9.0,64.25,2024-01-05
mkt_009345,1,191.98,27.0,11.07,4.0,6.0,283.28,2024-01-17
mkt_004461,0,475.02,123.0,33.8,11.0,4.0,232.44,2024-01-29
mkt_000904,0,4625.81,306.0,17.99,14.0,7.0,220.69,2024-01-16
mkt_005911,1,347.46,63.0,40.22,15.0,9.0,142.14,2024-01-08
mkt_009950,1,374.53,100.0,62.92,8.0,0.0,268.1,2024-01-29
mkt_009297,1,153.19,3.0,9.2,6.0,8.0,45.6,2024-01-21
mkt_001547,0,949.12,27.0,40.84,15.0,3.0,305.69,2024-01-01
mkt_002080,0,264.94,26.0,20.19,9.0,1.0,65.83,2024-01-28
mkt_009881,1,773.83,38.0,22.83,11.0,6.0,101.6,2024-01-16
mkt_003985,0,390.93,118.0,10.26,19.0,3.0,189.02,2024-01-24
mkt_006389,1,118.55,13.0,29.35,12.0,4.0,176.18,2024-01-03
mkt_007579,1,514.17,369.0,56.0,11.0,4.0,161.51,2024-01-12
mkt_009245,1,378.11,258.0,11.59,15.0,9.0,569.14,2024-01-05
mkt_006567,1,189.47,38.0,48.08,16.0,6.0,205.49,2024-01-30
mkt_008206,1,235.93,136.0,45.51,7.0,1.0,125.6,2024-01-18
mkt_003820,0,347.17,289.0,55.71,9.0,4.0,150.17,2024-01-23
mkt_002646,0,286.08,393.0,3.76,11.0,6.0,263.91,2024-01-18
mkt_004454,0,152.66,25.0,23.74,10.0,4.0,290.7,2024-01-29
mkt_007159,1,459.08,80.0,123.55,11.0,3.0,181.31,2024-01-24
mkt_008221,1,118.83,45.0,479.11,8.0,1.0,168.49,2024-01-17
mkt_008596,1,292.49,188.0,7.18,15.0,8.0,268.87,2024-01-26
mkt_009589,1,541.03,913.0,42.44,9.0,3.0,576.21,2024-01-07
mkt_006071,1,276.36,51.0,44.11,13.0,8.0,460.86,2024-01-02
mkt_002155,0,312.62,82.0,36.65,11.0,5.0,354.73,2024-01-24
mkt_006712,1,175.86,25.0,2.6,18.0,2.0,242.2,2024-01-03
mkt_003715,0,194.47,31.0,79.55,11.0,5.0,198.28,2024-01-02
mkt_004057,0,1769.28,150.0,10.07,10.0,0.0,271.57,2024-01-19
mkt_005952,1,703.36,18.0,47.7,13.0,9.0,234.46,2024-01-24
mkt_003102,0,552.52,33.0,184.12,10.0,3.0,18.82,2024-01-29
mkt_000558,0,604.77,346.0,77.93,15.0,3.0,35.81,2024-01-11
mkt_004610,1,6604.58,1639.0,3.58,15.0,9.0,325.44,2024-01-04
mkt_006978,1,930.65,205.0,21.72,7.0,8.0,107.28,2024-01-25
mkt_001436,0,1472.01,63.0,20.13,7.0,8.0,352.77,2024-01-02
mkt_000507,0,50.58,5.0,207.12,10.0,4.0,111.08,2024-01-20
mkt_001869,0,4339.41,76.0,16.72,11.0,2.0,260.59,2024-01-08
mkt_000755,0,818.94,353.0,27.1,12.0,9.0,1175.33,2024-01-10
mkt_005419,1,463.33,481.0,63.91,19.0,4.0,1428.63,2024-01-29
mkt_004050,0,180.75,508.0,3.02,8.0,2.0,282.49,2024-01-18
mkt_008089,1,97.75,363.0,18.85,9.0,5.0,712.69,2024-01-08
mkt_003836,0,2423.53,537.0,22.24,9.0,6.0,676.55,2024-01-05
mkt_002118,0,320.51,985.0,17.93,13.0,6.0,517.27,2024-01-23
mkt_006152,1,1289.0,177.0,62.58,15.0,6.0,135.46,2024-01-19
mkt_007808,1,28.84,52.0,6.61,19.0,8.0,182.0,2024-01-15
mkt_000501,0,1743.78,93.0,33.87,12.0,3.0,166.39,2024-01-12
mkt_006259,1,1641.02,150.0,48.3,13.0,4.0,116.07,2024-01-17
mkt_009743,1,386.34,110.0,16.78,17.0,2.0,965.02,2024-01-05
mkt_001539,0,657.67,436.0,23.27,16.0,9.0,360.59,2024-01-30
mkt_006141,1,396.19,980.0,16.33,12.0,6.0,929.73,2024-01-01
mkt_001211,0,433.31,111.0,6.59,12.0,5.0,56.32,2024-01-11
mkt_009122,1,238.45,355.0,30.67,11.0,1.0,292.94,2024-01-24
mkt_000672,0,127.71,5.0,12.57,10.0,3.0,46.14,2024-01-11
mkt_003377,0,1626.36,529.0,31.94,13.0,6.0,610.41,2024-01-03
mkt_008783,1,179.12,37.0,48.57,12.0,8.0,97.83,2024-01-04
mkt_001464,0,260.25,161.0,10.84,19.0,3.0,301.98,2024-01-23
mkt_001192,0,126.95,94.0,6.84,20.0,2.0,1415.93,2024-01-03
mkt_006984,1,215.15,135.0,10.4,15.0,7.0,61.32,2024-01-09
mkt_001872,0,1452.24,156.0,25.25,10.0,9.0,550.93,2024-01-19
mkt_003590,0,1709.67,659.0,18.04,6.0,8.0,1356.99,2024-01-13
mkt_006726,1,2168.3,1022.0,26.7,19.0,9.0,208.39,2024-01-04
mkt_000505,0,192.36,83.0,45.11,8.0,3.0,327.24,2024-01-01
mkt_008118,1,140.12,90.0,5.46,16.0,7.0,155.25,2024-01-23
mkt_000506,0,385.33,317.0,33.17,11.0,7.0,133.32,2024-01-21
mkt_009449,1,219.35,361.0,8.83,5.0,7.0,583.51,2024-01-03
mkt_007131,1,810.02,48.0,19.88,13.0,7.0,65.93,2024-01-19
mkt_004807,1,281.56,81.0,10.06,11.0,5.0,159.35,2024-01-12
mkt_007303,1,931.29,1992.0,23.26,19.0,5.0,845.31,2024-01-30
mkt_001773,0,381.07,85.0,49.35,11.0,5.0,196.95,2024-01-05
mkt_006854,1,125.35,26.0,16.99,13.0,3.0,216.08,2024-01-21
mkt_004906,1,119.7,154.0,51.23,14.0,0.0,201.87,2024-01-24
mkt_000797,0,1337.26,57.0,32.7,13.0,4.0,245.54,2024-01-18
mkt_008785,1,43.52,14.0,26.62,13.0,3.0,169.72,2024-01-14
mkt_007070,1,612.76,396.0,20.93,10.0,6.0,292.94,2024-01-08
mkt_002829,0,267.65,327.0,10.05,10.0,0.0,601.61,2024-01-24
mkt_009319,1,1647.29,106.0,60.88,17.0,7.0,64.81,2024-01-28
mkt_008737,1,834.58,416.0,16.76,14.0,3.0,161.04,2024-01-10
mkt_000312,0,89.08,89.0,12.02,11.0,7.0,134.71,2024-01-08
mkt_000746,0,3580.98,59.0,3.33,18.0,2.0,267.57,2024-01-06
mkt_003569,0,248.88,226.0,6.01,10.0,4.0,348.62,2024-01-22
mkt_000790,0,181.67,58.0,13.77,12.0,1.0,278.65,2024-01-03
mkt_002476,0,211.31,91.0,5.69,15.0,1.0,150.67,2024-01-27
mkt_009325,1,163.02,1519.0,131.94,18.0,2.0,992.85,2024-01-24
mkt_002570,0,870.98,237.0,56.19,11.0,6.0,425.77,2024-01-13
mkt_005286,1,530.45,991.0,34.45,10.0,9.0,760.3,2024-01-01
mkt_005215,1,950.93,950.0,45.22,12.0,8.0,291.58,2024-01-10
mkt_002163,0,74.72,25.0,30.14,11.0,3.0,380.66,2024-01-24
mkt_006577,1,23.48,28.0,15.93,11.0,2.0,673.78,2024-01-16
mkt_008449,1,367.06,433.0,20.08,9.0,6.0,820.06,2024-01-03
mkt_000380,0,470.01,1322.0,38.25,8.0,7.0,673.0,2024-01-08
mkt_008508,1,192.74,52.0,11.02,14.0,6.0,138.04,2024-01-29
mkt_001292,0,681.0,623.0,6.27,8.0,9.0,54.37,2024-01-16
mkt_001912,0,315.92,535.0,23.58,8.0,6.0,889.18,2024-01-07
mkt_000599,0,112.5,357.0,15.74,17.0,8.0,96.42,2024-01-15
mkt_003892,0,298.78,173.0,79.57,11.0,5.0,151.52,2024-01-15
mkt_004141,0,283.57,166.0,19.91,8.0,7.0,342.16,2024-01-18
mkt_001652,0,315.03,32.0,5.01,21.0,9.0,74.49,2024-01-06
mkt_005224,1,1159.57,81.0,15.7,12.0,2.0,241.9,2024-01-16
mkt_001893,0,164.31,78.0,17.7,12.0,4.0,292.75,2024-01-23
mkt_001944,0,78.43,50.0,210.41,11.0,3.0,78.28,2024-01-22
mkt_003395,0,173.3,86.0,30.42,8.0,9.0,176.96,2024-01-14
mkt_005479,1,1028.72,423.0,48.27,13.0,6.0,256.47,2024-01-17
mkt_009769,1,623.99,471.0,4.35,10.0,6.0,874.61,2024-01-19
mkt_000375,0,158.57,65.0,18.71,9.0,0.0,310.05,2024-01-06
mkt_001966,0,132.5,230.0,39.6,10.0,3.0,272.79,2024-01-10
mkt_003957,0,113.48,146.0,12.03,13.0,3.0,363.12,2024-01-01
mkt_007135,1,62.13,76.0,32.35,9.0,2.0,88.04,2024-01-25
mkt_007478,1,21.24,15.0,12.33,13.0,0.0,258.97,2024-01-30
mkt_004505,1,905.51,310.0,26.14,11.0,4.0,340.01,2024-01-14
mkt_009580,1,164.6,30.0,7.05,12.0,0.0,211.1,2024-01-10
mkt_005288,1,53.44,78.0,33.48,11.0,2.0,1733.11,2024-01-19
mkt_001471,0,256.68,62.0,22.92,15.0,1.0,292.53,2024-01-17
mkt_003346,0,5314.37,553.0,8.26,14.0,7.0,952.57,2024-01-24
mkt_006253,1,211.47,78.0,102.6,7.0,2.0,37.5,2024-01-01
mkt_002853,0,106.13,24.0,76.39,9.0,9.0,124.51,2024-01-21
mkt_008988,1,653.7,114.0,33.03,6.0,2.0,315.07,2024-01-05
mkt_009775,1,3941.17,471.0,47.07,9.0,2.0,367.6,2024-01-13
mkt_006459,1,247.3,139.0,4.03,17.0,4.0,546.16,2024-01-03
mkt_004062,0,801.38,169.0,4.58,5.0,3.0,209.69,2024-01-25
mkt_005863,1,144.36,88.0,16.44,3.0,7.0,126.5,2024-01-28
mkt_004306,0,519.39,148.0,29.08,17.0,1.0,666.12,2024-01-02
mkt_004877,1,1285.44,232.0,12.56,10.0,1.0,757.62,2024-01-04
mkt_007249,1,414.82,87.0,105.76,14.0,1.0,45.53,2024-01-05
mkt_005273,1,324.64,120.0,28.74,14.0,3.0,425.75,2024-01-05
mkt_003990,0,84.59,43.0,33.06,6.0,4.0,75.23,2024-01-09
mkt_001049,0,422.16,124.0,8.48,11.0,5.0,129.94,2024-01-08
mkt_006175,1,161.06,303.0,145.06,6.0,3.0,622.84,2024-01-30
mkt_006926,1,230.93,172.0,12.95,16.0,7.0,974.69,2024-01-30
mkt_007864,1,491.57,158.0,4.79,18.0,1.0,503.49,2024-01-19
mkt_002035,0,850.39,140.0,8.93,9.0,9.0,215.82,2024-01-03
mkt_004039,0,180.81,23.0,11.48,13.0,4.0,145.89,2024-01-27
mkt_006875,1,254.24,75.0,16.2,16.0,6.0,249.15,2024-01-22
mkt_009354,1,84.98,96.0,10.25,15.0,1.0,713.75,2024-01-22
mkt_001972,0,320.95,515.0,3.47,7.0,7.0,491.02,2024-01-10
mkt_005072,1,441.06,12.0,44.88,12.0,5.0,303.6,2024-01-30
mkt_002099,0,850.41,104.0,12.1,7.0,1.0,210.35,2024-01-18
mkt_001499,0,384.78,21.0,17.15,13.0,3.0,195.01,2024-01-10
mkt_009612,1,117.96,79.0,5.27,17.0,5.0,71.25,2024-01-24
mkt_000652,0,109.49,13.0,27.35,8.0,5.0,259.78,2024-01-01
mkt_000170,0,99.53,88.0,34.75,7.0,8.0,66.31,2024-01-10
mkt_004085,0,123.72,261.0,141.43,13.0,2.0,859.73,2024-01-05
mkt_000242,0,107.4,13.0,30.35,11.0,7.0,126.53,2024-01-18
mkt_005710,1,530.0,21.0,26.16,12.0,6.0,126.16,2024-01-20
mkt_006972,1,1680.23,75.0,37.29,15.0,3.0,104.12,2024-01-01
mkt_002756,0,1029.52,46.0,32.92,15.0,6.0,182.28,2024-01-20
mkt_006884,1,4486.71,176.0,18.11,11.0,5.0,581.82,2024-01-27
mkt_005446,1,223.84,116.0,10.8,10.0,1.0,205.03,2024-01-23
mkt_002076,0,441.44,21.0,4.37,13.0,4.0,40.32,2024-01-09
mkt_004103,0,343.63,120.0,19.29,14.0,3.0,102.6,2024-01-22
mkt_009559,1,544.01,88.0,14.92,10.0,0.0,167.72,2024-01-16
mkt_007571,1,241.07,99.0,8.15,13.0,1.0,605.19,2024-01-09
mkt_009466,1,82.93,38.0,25.43,14.0,8.0,160.08,2024-01-27
mkt_004894,1,610.7,74.0,24.39,11.0,4.0,50.3,2024-01-13
mkt_006692,1,415.08,60.0,26.08,14.0,5.0,617.79,2024-01-24
mkt_008054,1,898.32,93.0,45.1,7.0,8.0,104.73,2024-01-25
mkt_005389,1,176.03,225.0,5.81,15.0,5.0,352.09,2024-01-25
mkt_009373,1,68.98,14.0,13.82,8.0,4.0,155.14,2024-01-14
mkt_008021,1,382.91,394.0,12.86,13.0,7.0,1142.82,2024-01-26
mkt_008604,1,52.19,46.0,22.64,11.0,1.0,229.42,2024-01-24
mkt_004480,0,4460.58,273.0,17.28,14.0,6.0,875.11,2024-01-04
mkt_008326,1,104.93,4.0,22.41,17.0,0.0,183.18,2024-01-18
mkt_004078,0,63.26,19.0,6.8,16.0,8.0,337.39,2024-01-14
mkt_000640,0,117.37,14.0,45.26,9.0,3.0,46.3,2024-01-26
mkt_001270,0,753.41,357.0,26.55,18.0,6.0,144.1,2024-01-30
mkt_002778,0,1030.3,200.0,13.27,11.0,5.0,217.31,2024-01-21
mkt_009497,1,238.43,550.0,2.55,13.0,4.0,811.13,2024-01-05
mkt_003861,0,143.49,25.0,4.65,15.0,6.0,269.65,2024-01-30
mkt_003480,0,262.32,46.0,10.04,14.0,3.0,1014.05,2024-01-06
mkt_001534,0,346.03,76.0,27.53,17.0,6.0,331.56,2024-01-27
mkt_000325,0,241.68,121.0,26.32,17.0,5.0,439.4,2024-01-21
mkt_002338,0,586.95,148.0,73.24,13.0,9.0,294.55,2024-01-14
mkt_003980,0,205.07,6.0,87.72,12.0,9.0,258.86,2024-01-24
mkt_006877,1,628.8,81.0,4.91,13.0,3.0,344.79,2024-01-25
mkt_004054,0,72.67,28.0,6.21,9.0,9.0,126.28,2024-01-23
mkt_002237,0,798.18,38.0,11.34,11.0,9.0,443.68,2024-01-12
mkt_007106,1,299.68,69.0,14.34,13.0,4.0,396.5,2024-01-22
mkt_009668,1,196.82,187.0,17.89,13.0,3.0,397.17,2024-01-20
mkt_004745,1,100.12,55.0,5.25,6.0,0.0,281.44,2024-01-19
mkt_000864,0,499.95,198.0,34.1,14.0,6.0,86.13,2024-01-05
mkt_006203,1,134.21,150.0,14.91,13.0,6.0,178.53,2024-01-24
mkt_005508,1,263.5,79.0,17.4,18.0,6.0,155.28,2024-01-23
mkt_007429,1,423.36,279.0,9.67,12.0,8.0,209.43,2024-01-22
mkt_000371,0,252.03,324.0,53.45,15.0,9.0,109.61,2024-01-12
mkt_006296,1,254.21,157.0,7.17,18.0,8.0,131.41,2024-01-29
mkt_005551,1,438.11,120.0,43.02,12.0,4.0,487.71,2024-01-02
mkt_005723,1,1441.37,430.0,78.43,12.0,7.0,165.36,2024-01-09
mkt_005899,1,87.86,76.0,34.5,8.0,9.0,176.82,2024-01-12
mkt_009287,1,261.05,286.0,5.51,12.0,3.0,572.25,2024-01-25
mkt_007871,1,349.37,21.0,10.18,4.0,6.0,98.13,2024-01-21
mkt_002364,0,175.59,30.0,33.13,13.0,1.0,210.32,2024-01-05
mkt_003213,0,1223.27,175.0,6.25,14.0,0.0,203.06,2024-01-18
mkt_000911,0,573.49,95.0,28.45,15.0,4.0,1160.91,2024-01-03
mkt_009047,1,136.46,313.0,12.94,13.0,1.0,599.79,2024-01-11
mkt_009790,1,1956.64,111.0,23.01,11.0,5.0,85.22,2024-01-02
mkt_007289,1,198.13,39.0,8.97,14.0,4.0,1129.23,2024-01-22
mkt_009958,1,470.99,153.0,47.73,22.0,1.0,995.84,2024-01-02
mkt_006536,1,318.01,139.0,37.03,18.0,4.0,131.73,2024-01-18
mkt_009192,1,370.28,44.0,52.43,10.0,6.0,276.59,2024-01-26
mkt_001423,0,305.6,54.0,18.58,16.0,2.0,290.81,2024-01-25
mkt_009807,1,134.18,39.0,19.58,15.0,4.0,75.61,2024-01-26
mkt_000479,0,317.86,639.0,32.22,10.0,9.0,108.14,2024-01-09
mkt_000662,0,339.79,106.0,46.23,8.0,0.0,141.05,2024-01-28
mkt_004476,0,195.37,182.0,52.67,17.0,3.0,639.27,2024-01-18
mkt_008982,1,84.55,40.0,20.69,12.0,1.0,894.83,2024-01-08
mkt_008077,1,118.04,1754.0,18.65,13.0,7.0,1073.76,2024-01-11
mkt_002988,0,338.57,65.0,62.28,13.0,9.0,112.72,2024-01-06
mkt_001119,0,790.66,93.0,9.57,9.0,7.0,97.06,2024-01-20
mkt_002776,0,214.27,301.0,54.69,12.0,6.0,433.48,2024-01-12
mkt_009835,1,631.34,350.0,22.63,11.0,0.0,265.17,2024-01-09
mkt_005003,1,131.09,146.0,137.3,13.0,3.0,169.83,2024-01-25
mkt_006649,1,507.0,73.0,51.38,10.0,6.0,49.9,2024-01-21
mkt_007254,1,204.7,368.0,33.66,18.0,9.0,787.58,2024-01-17
mkt_004427,0,244.25,78.0,17.27,12.0,2.0,77.33,2024-01-19
mkt_007431,1,347.28,36.0,6.38,12.0,0.0,347.84,2024-01-13
mkt_003981,0,111.23,215.0,15.96,9.0,4.0,562.95,2024-01-13
mkt_006351,1,1604.77,344.0,21.15,10.0,8.0,951.61,2024-01-10
mkt_002893,0,53.63,20.0,74.61,15.0,0.0,98.0,2024-01-13
mkt_002669,0,82.41,39.0,30.15,12.0,6.0,69.36,2024-01-29
mkt_003977,0,429.98,149.0,6.2,13.0,8.0,132.28,2024-01-17
mkt_005259,1,1083.9,56.0,28.54,13.0,7.0,258.13,2024-01-08
mkt_000279,0,651.35,908.0,43.15,19.0,4.0,386.41,2024-01-11
mkt_006730,1,108.27,194.0,19.92,12.0,5.0,465.23,2024-01-20
mkt_006104,1,201.15,118.0,5.31,14.0,5.0,267.27,2024-01-01
mkt_007020,1,392.48,72.0,86.81,10.0,1.0,389.08,2024-01-15
mkt_001694,0,35.21,18.0,10.83,12.0,3.0,174.28,2024-01-03
mkt_008912,1,159.86,25.0,40.77,8.0,6.0,168.56,2024-01-30
mkt_003479,0,556.3,258.0,9.1,13.0,4.0,1040.74,2024-01-13
mkt_004416,0,83.05,46.0,16.99,10.0,8.0,184.78,2024-01-12
mkt_007592,1,473.4,96.0,11.44,18.0,0.0,210.04,2024-01-30
mkt_006282,1,139.46,40.0,19.14,13.0,4.0,132.45,2024-01-01
mkt_005603,1,40.23,87.0,4.93,14.0,0.0,72.9,2024-01-19
mkt_008619,1,448.32,344.0,7.96,7.0,8.0,313.69,2024-01-30
mkt_007780,1,683.59,138.0,109.85,7.0,8.0,189.68,2024-01-07
mkt_004296,0,556.38,13.0,6.87,14.0,9.0,370.22,2024-01-06
mkt_004593,1,152.13,6.0,4.41,14.0,6.0,226.48,2024-01-28
mkt_004844,1,246.55,49.0,4.74,7.0,6.0,97.58,2024-01-22
mkt_002209,0,54.77,41.0,48.49,6.0,2.0,143.33,2024-01-04
mkt_007605,1,48.36,86.0,3.82,13.0,5.0,333.57,2024-01-16
mkt_005501,1,1328.99,225.0,58.07,12.0,4.0,294.2,2024-01-25
mkt_000184,0,52.55,63.0,5.4,13.0,6.0,104.76,2024-01-13
mkt_004800,1,188.77,44.0,13.75,14.0,9.0,253.12,2024-01-27
mkt_004845,1,228.08,26.0,102.54,13.0,9.0,93.91,2024-01-17
mkt_002350,0,29.82,23.0,82.02,10.0,0.0,74.41,2024-01-22
mkt_000553,0,670.62,306.0,69.68,12.0,3.0,598.35,2024-01-19
mkt_001397,0,82.71,50.0,12.96,15.0,6.0,242.83,2024-01-02
mkt_001384,0,370.87,119.0,24.91,13.0,3.0,226.12,2024-01-15
mkt_009182,1,159.14,20.0,23.49,7.0,9.0,106.11,2024-01-06
mkt_009817,1,651.48,76.0,103.82,10.0,5.0,244.93,2024-01-10
mkt_000297,0,475.4,3.0,49.85,15.0,5.0,44.51,2024-01-17
mkt_000443,0,224.2,25.0,13.07,15.0,3.0,178.66,2024-01-25
mkt_007338,1,69.57,46.0,13.18,14.0,9.0,166.86,2024-01-26
mkt_002077,0,227.68,34.0,26.89,20.0,8.0,170.61,2024-01-01
mkt_007815,1,510.95,255.0,66.04,9.0,0.0,93.0,2024-01-08
mkt_002229,0,54.1,9.0,77.29,12.0,4.0,13.6,2024-01-19
mkt_002842,0,625.75,36.0,32.44,13.0,0.0,236.49,2024-01-09
mkt_002537,0,4052.32,137.0,17.05,12.0,5.0,62.96,2024-01-30
mkt_008145,1,349.42,16.0,214.83,13.0,1.0,230.76,2024-01-10
mkt_009536,1,185.11,48.0,139.01,11.0,6.0,603.66,2024-01-24
mkt_006443,1,192.82,100.0,41.27,12.0,3.0,155.71,2024-01-16
mkt_003367,0,122.06,48.0,33.28,16.0,1.0,127.03,2024-01-15
mkt_004486,0,1661.83,85.0,85.74,7.0,6.0,125.16,2024-01-16
mkt_002578,0,493.01,337.0,51.05,15.0,1.0,739.39,2024-01-17
mkt_001131,0,104.88,153.0,31.94,11.0,6.0,721.9,2024-01-11
mkt_004818,1,94.35,73.0,2.94,12.0,9.0,167.3,2024-01-26
mkt_000320,0,1438.42,143.0,38.19,12.0,8.0,256.99,2024-01-01
mkt_001371,0,210.67,1743.0,20.43,16.0,0.0,486.62,2024-01-06
mkt_004042,0,199.86,165.0,6.82,11.0,4.0,201.82,2024-01-17
mkt_009125,1,1036.26,39.0,91.06,11.0,8.0,195.72,2024-01-29
mkt_005145,1,232.42,651.0,52.11,7.0,7.0,535.91,2024-01-09
mkt_000907,0,707.63,43.0,62.25,10.0,6.0,137.23,2024-01-29
mkt_009426,1,305.11,211.0,5.41,6.0,7.0,502.97,2024-01-11
mkt_003950,0,160.6,47.0,90.07,16.0,2.0,119.89,2024-01-05
mkt_006145,1,511.31,231.0,16.8,4.0,5.0,127.17,2024-01-11
mkt_008886,1,260.2,27.0,11.61,15.0,6.0,81.01,2024-01-26
mkt_006695,1,230.12,74.0,67.17,19.0,0.0,1389.87,2024-01-26
mkt_004977,1,958.42,103.0,7.66,15.0,9.0,358.98,2024-01-23
mkt_006092,1,206.18,63.0,24.23,8.0,2.0,41.46,2024-01-09
mkt_008408,1,426.51,36.0,14.92,15.0,3.0,495.35,2024-01-25
mkt_000926,0,55.9,9.0,6.38,12.0,2.0,55.91,2024-01-28
mkt_006143,1,208.71,477.0,9.92,12.0,1.0,335.13,2024-01-13
mkt_000015,0,1823.31,275.0,45.81,9.0,8.0,77.6,2024-01-20
mkt_000143,0,232.43,1201.0,148.84,11.0,9.0,881.04,2024-01-16
mkt_002363,0,120.79,97.0,19.53,13.0,7.0,151.17,2024-01-09
mkt_000129,0,459.33,1825.0,30.69,7.0,8.0,816.7,2024-01-18
mkt_001161,0,374.78,53.0,26.29,13.0,2.0,1185.9,2024-01-29
mkt_007551,1,280.61,188.0,104.49,10.0,1.0,230.21,2024-01-02
mkt_006129,1,320.12,51.0,12.91,7.0,2.0,85.59,2024-01-25
mkt_004665,1,343.09,232.0,8.63,12.0,5.0,444.1,2024-01-10
mkt_005660,1,217.91,62.0,16.61,8.0,5.0,88.42,2024-01-01
mkt_006460,1,455.42,40.0,12.27,9.0,8.0,91.37,2024-01-10
mkt_001876,0,229.65,207.0,4.56,18.0,9.0,344.84,2024-01-30
mkt_002488,0,270.96,103.0,86.37,14.0,0.0,369.31,2024-01-24
mkt_005327,1,89.37,75.0,10.91,7.0,6.0,180.6,2024-01-20
mkt_009361,1,669.9,1033.0,11.6,12.0,2.0,618.43,2024-01-09
mkt_001182,0,208.01,31.0,5.78,13.0,2.0,95.71,2024-01-19
mkt_006135,1,1015.53,180.0,19.93,11.0,0.0,83.61,2024-01-07
mkt_006377,1,259.05,291.0,12.12,8.0,9.0,184.61,2024-01-10
mkt_001170,0,598.53,64.0,16.04,11.0,8.0,244.27,2024-01-22
mkt_002182,0,195.12,37.0,57.55,15.0,0.0,142.3,2024-01-11
mkt_003371,0,1752.78,292.0,50.69,8.0,5.0,440.12,2024-01-08
mkt_008040,1,102.22,241.0,16.98,18.0,0.0,125.88,2024-01-03
mkt_001859,0,116.64,9.0,16.02,9.0,4.0,54.24,2024-01-02
mkt_004860,1,1427.56,398.0,85.26,12.0,2.0,241.54,2024-01-20
mkt_009255,1,97.28,74.0,12.57,14.0,6.0,388.91,2024-01-23
mkt_008345,1,156.3,4.0,10.85,14.0,7.0,97.72,2024-01-10
mkt_007347,1,174.47,54.0,8.53,14.0,6.0,41.36,2024-01-07
mkt_004864,1,690.81,87.0,8.42,15.0,0.0,162.68,2024-01-30
mkt_009886,1,28.31,13.0,52.17,13.0,0.0,113.67,2024-01-25
mkt_006388,1,170.51,9.0,8.31,14.0,2.0,438.98,2024-01-10
mkt_003121,0,466.72,1825.0,60.39,12.0,3.0,334.17,2024-01-13
mkt_000387,0,568.96,216.0,12.76,10.0,2.0,368.35,2024-01-02
mkt_007785,1,671.41,225.0,30.32,14.0,5.0,675.83,2024-01-18
mkt_001032,0,131.9,20.0,4.92,17.0,2.0,202.91,2024-01-04
mkt_007852,1,1250.1,255.0,39.89,8.0,5.0,234.52,2024-01-10
mkt_005418,1,964.12,192.0,7.99,11.0,2.0,561.54,2024-01-07
mkt_000931,0,385.85,1267.0,54.55,11.0,0.0,377.51,2024-01-13
mkt_004019,0,148.27,61.0,36.56,7.0,1.0,311.44,2024-01-11
mkt_000691,0,526.92,43.0,118.25,17.0,2.0,284.17,2024-01-22
mkt_005298,1,886.71,32.0,57.86,7.0,6.0,334.65,2024-01-18
mkt_006658,1,1120.78,1407.0,14.07,9.0,2.0,584.82,2024-01-16
mkt_000829,0,192.26,130.0,84.73,18.0,8.0,304.92,2024-01-12
mkt_003498,0,125.91,221.0,33.91,12.0,0.0,446.49,2024-01-07
mkt_002081,0,215.61,212.0,13.38,10.0,1.0,1950.81,2024-01-26
mkt_009440,1,79.08,60.0,132.2,10.0,0.0,37.77,2024-01-01
mkt_000044,0,841.94,800.0,69.34,14.0,4.0,551.33,2024-01-11
mkt_003939,0,1375.37,104.0,1.0,13.0,4.0,236.07,2024-01-06
mkt_005257,1,1987.5,111.0,7.22,16.0,2.0,686.31,2024-01-13
mkt_008437,1,131.56,146.0,35.38,21.0,3.0,487.63,2024-01-29
mkt_004319,0,181.14,104.0,5.98,12.0,5.0,891.17,2024-01-01
mkt_002965,0,77.36,17.0,12.65,18.0,5.0,84.25,2024-01-24
mkt_003969,0,211.5,15.0,81.42,7.0,9.0,258.74,2024-01-18
mkt_001187,0,199.65,46.0,69.62,16.0,8.0,151.03,2024-01-17
mkt_000284,0,417.13,74.0,7.05,15.0,0.0,426.0,2024-01-11
mkt_008873,1,73.41,15.0,2.0,8.0,4.0,47.71,2024-01-15
mkt_004159,0,94.27,60.0,93.98,7.0,5.0,425.34,2024-01-12
mkt_003092,0,211.62,42.0,3.32,9.0,5.0,223.48,2024-01-20
mkt_004556,1,231.06,13.0,11.14,10.0,6.0,30.19,2024-01-01
mkt_004584,1,109.47,82.0,6.77,8.0,1.0,108.15,2024-01-08
mkt_004323,0,519.44,29.0,2.6,10.0,7.0,780.48,2024-01-15
mkt_005504,1,724.64,198.0,18.23,10.0,4.0,86.22,2024-01-25
mkt_007074,1,678.58,93.0,24.74,8.0,2.0,181.53,2024-01-02
mkt_003364,0,1236.24,80.0,6.1,9.0,4.0,822.05,2024-01-03
mkt_008025,1,547.82,247.0,35.5,12.0,5.0,1734.6,2024-01-18
mkt_003195,0,418.41,25.0,28.8,10.0,2.0,233.41,2024-01-10
mkt_008810,1,915.34,6.0,22.21,16.0,9.0,57.49,2024-01-30
mkt_000969,0,1067.18,36.0,12.64,12.0,9.0,85.55,2024-01-21
mkt_003734,0,161.0,3.0,102.22,12.0,8.0,55.68,2024-01-13
mkt_000925,0,669.78,143.0,5.16,10.0,0.0,563.01,2024-01-09
mkt_009496,1,1270.79,105.0,49.95,12.0,1.0,177.39,2024-01-22
mkt_006451,1,154.94,20.0,44.99,14.0,9.0,111.24,2024-01-04
mkt_008797,1,383.84,302.0,7.78,11.0,6.0,236.72,2024-01-23
mkt_002851,0,1268.81,23.0,7.13,7.0,5.0,321.08,2024-01-06
mkt_005180,1,726.52,553.0,7.91,7.0,3.0,1300.65,2024-01-21
mkt_006723,1,135.18,103.0,34.39,7.0,4.0,226.53,2024-01-01
mkt_009322,1,394.44,81.0,46.22,11.0,7.0,352.97,2024-01-20
mkt_007810,1,96.76,87.0,8.54,10.0,8.0,227.77,2024-01-17
mkt_004471,0,503.66,337.0,3.84,10.0,4.0,93.88,2024-01-24
mkt_005168,1,469.48,30.0,21.0,15.0,1.0,302.51,2024-01-25
mkt_004348,0,41.77,38.0,51.27,16.0,1.0,196.65,2024-01-03
mkt_007903,1,854.98,152.0,167.9,14.0,3.0,238.94,2024-01-04
mkt_003626,0,1320.36,27.0,10.09,13.0,5.0,597.07,2024-01-04
mkt_001789,0,5418.13,321.0,15.67,8.0,9.0,205.52,2024-01-10
mkt_008293,1,346.77,18.0,16.6,14.0,6.0,97.57,2024-01-10
mkt_002059,0,1078.65,241.0,8.26,13.0,1.0,1092.32,2024-01-26
mkt_004013,0,117.84,69.0,23.81,16.0,7.0,373.57,2024-01-16
mkt_001902,0,930.56,36.0,62.04,14.0,1.0,288.88,2024-01-18
mkt_005573,1,1170.76,1905.0,23.24,10.0,1.0,595.24,2024-01-27
mkt_006925,1,106.72,20.0,28.93,20.0,9.0,115.05,2024-01-26
mkt_000075,0,538.42,110.0,19.2,15.0,0.0,69.58,2024-01-08
mkt_002345,0,312.83,1825.0,12.36,16.0,1.0,670.67,2024-01-04
mkt_005484,1,1244.93,190.0,1.16,13.0,5.0,1181.85,2024-01-18
mkt_000430,0,128.03,62.0,112.59,17.0,7.0,316.83,2024-01-20
mkt_004586,1,309.24,92.0,7.05,12.0,0.0,123.42,2024-01-15
mkt_008099,1,415.7,183.0,84.12,12.0,7.0,120.63,2024-01-03
mkt_008457,1,1633.82,405.0,21.33,11.0,0.0,1219.9,2024-01-15
mkt_008156,1,188.51,44.0,5.98,13.0,6.0,116.86,2024-01-02
mkt_007893,1,414.92,38.0,28.43,14.0,1.0,38.34,2024-01-19
mkt_001553,0,130.73,25.0,46.47,6.0,0.0,151.62,2024-01-12
mkt_000240,0,1159.52,12.0,4.07,15.0,8.0,230.72,2024-01-02
mkt_000783,0,282.36,24.0,2.86,14.0,5.0,178.43,2024-01-30
mkt_003066,0,148.23,509.0,15.84,11.0,3.0,201.58,2024-01-04
mkt_000977,0,99.73,112.0,10.54,17.0,3.0,305.16,2024-01-10
mkt_002941,0,363.88,141.0,62.8,13.0,6.0,772.62,2024-01-16
mkt_005377,1,341.33,194.0,8.03,10.0,5.0,219.79,2024-01-01
mkt_004730,1,2836.09,798.0,12.75,16.0,1.0,266.81,2024-01-26
mkt_001620,0,3882.09,29.0,40.3,11.0,1.0,209.49,2024-01-20
mkt_002146,0,1226.82,117.0,37.5,12.0,1.0,46.8,2024-01-30
mkt_001801,0,145.74,87.0,128.68,12.0,5.0,93.52,2024-01-28
mkt_002095,0,319.76,150.0,9.48,9.0,1.0,240.21,2024-01-05
mkt_006074,1,255.66,98.0,15.8,9.0,0.0,209.67,2024-01-07
mkt_005245,1,152.16,79.0,8.52,9.0,9.0,567.82,2024-01-09
mkt_001357,0,635.41,1825.0,55.87,17.0,2.0,458.1,2024-01-30
mkt_008063,1,1984.65,111.0,47.38,15.0,5.0,214.74,2024-01-12
mkt_006050,1,6091.33,63.0,63.76,13.0,0.0,53.24,2024-01-30
mkt_008368,1,161.14,12.0,44.33,21.0,0.0,361.58,2024-01-26
mkt_006017,1,345.26,91.0,15.84,24.0,0.0,518.63,2024-01-17
mkt_009931,1,262.94,223.0,145.8,9.0,6.0,246.54,2024-01-23
mkt_008769,1,958.99,228.0,7.34,12.0,6.0,69.69,2024-01-03
mkt_007503,1,365.6,20.0,25.64,15.0,6.0,232.0,2024-01-18
mkt_001609,0,441.83,48.0,14.01,13.0,1.0,156.2,2024-01-17
mkt_003096,0,89.67,166.0,4.91,10.0,6.0,727.39,2024-01-17
mkt_009771,1,379.52,93.0,28.52,14.0,6.0,138.53,2024-01-03
mkt_002415,0,958.9,63.0,9.06,16.0,9.0,405.45,2024-01-23
mkt_002017,0,24.48,69.0,6.16,16.0,2.0,120.65,2024-01-21
mkt_006018,1,789.73,81.0,13.63,20.0,1.0,305.77,2024-01-27
mkt_004125,0,25.61,13.0,109.9,11.0,8.0,91.65,2024-01-30
mkt_009802,1,272.01,90.0,7.28,8.0,6.0,390.74,2024-01-06
mkt_003246,0,582.67,59.0,24.87,10.0,3.0,90.76,2024-01-16
mkt_000124,0,1591.79,163.0,75.85,16.0,0.0,311.99,2024-01-10
mkt_006425,1,826.97,337.0,80.88,13.0,3.0,456.28,2024-01-17
mkt_005308,1,132.37,148.0,4.89,8.0,7.0,122.84,2024-01-21
mkt_007463,1,445.41,459.0,9.14,13.0,1.0,234.24,2024-01-24
mkt_009157,1,917.75,633.0,5.58,10.0,0.0,107.94,2024-01-30
mkt_003341,0,690.6,35.0,34.57,11.0,7.0,252.13,2024-01-24
mkt_000598,0,206.42,32.0,20.16,19.0,8.0,52.83,2024-01-30
mkt_002123,0,841.23,55.0,7.83,10.0,1.0,78.43,2024-01-30
mkt_009498,1,338.16,37.0,5.03,11.0,1.0,100.33,2024-01-17
mkt_007685,1,526.55,19.0,69.75,14.0,8.0,297.61,2024-01-04
mkt_007049,1,493.61,574.0,12.55,9.0,7.0,421.35,2024-01-16
mkt_009661,1,71.03,80.0,13.08,12.0,6.0,53.08,2024-01-13
mkt_002197,0,497.8,80.0,50.41,10.0,4.0,58.39,2024-01-01
mkt_004051,0,485.36,234.0,3.14,13.0,1.0,317.53,2024-01-29
mkt_006054,1,282.15,290.0,8.02,11.0,1.0,915.56,2024-01-16
mkt_003362,0,1157.71,136.0,160.97,8.0,4.0,133.22,2024-01-30
mkt_006851,1,291.82,262.0,71.59,8.0,0.0,306.37,2024-01-11
mkt_000725,0,306.99,705.0,53.5,8.0,0.0,424.58,2024-01-22
mkt_004934,1,498.5,102.0,10.69,11.0,8.0,103.74,2024-01-29
mkt_000978,0,589.33,125.0,33.85,11.0,0.0,200.65,2024-01-11
mkt_000808,0,131.22,214.0,88.94,13.0,7.0,82.43,2024-01-10
mkt_009603,1,345.92,21.0,8.52,18.0,3.0,68.16,2024-01-04
mkt_001475,0,145.99,171.0,61.81,18.0,4.0,144.0,2024-01-29
mkt_005935,1,805.73,138.0,5.81,12.0,7.0,116.04,2024-01-23
mkt_009036,1,570.14,200.0,77.29,15.0,7.0,55.76,2024-01-05
mkt_007335,1,256.03,127.0,17.59,9.0,7.0,444.76,2024-01-04
mkt_003962,0,354.33,52.0,83.35,9.0,7.0,203.33,2024-01-07
mkt_006422,1,1244.28,378.0,6.23,8.0,3.0,325.67,2024-01-14
mkt_004905,1,604.47,43.0,4.91,10.0,3.0,17.91,2024-01-18
mkt_001235,0,172.5,385.0,65.57,13.0,1.0,330.64,2024-01-03
mkt_001225,0,464.5,238.0,3.33,11.0,9.0,144.53,2024-01-11
mkt_008049,1,243.6,26.0,283.79,6.0,9.0,112.39,2024-01-26
mkt_009278,1,925.99,442.0,58.06,15.0,6.0,882.84,2024-01-23
mkt_008671,1,335.29,66.0,22.12,15.0,8.0,397.34,2024-01-07
mkt_005229,1,742.26,237.0,3.38,19.0,0.0,591.97,2024-01-16
mkt_006950,1,869.12,709.0,13.84,13.0,4.0,287.8,2024-01-10
mkt_003217,0,394.99,37.0,12.81,9.0,2.0,179.43,2024-01-07
mkt_000287,0,50.29,23.0,81.6,9.0,3.0,104.62,2024-01-02
mkt_005023,1,9352.51,189.0,30.39,10.0,0.0,208.75,2024-01-18
mkt_002966,0,74.31,210.0,98.26,12.0,0.0,494.37,2024-01-11
mkt_003164,0,645.52,392.0,2.19,9.0,2.0,391.21,2024-01-04
mkt_006003,1,637.85,439.0,21.41,11.0,8.0,130.05,2024-01-16
mkt_008887,1,190.25,73.0,13.58,10.0,9.0,99.21,2024-01-15
mkt_001657,0,138.34,57.0,28.44,4.0,5.0,169.93,2024-01-08
mkt_001975,0,398.56,52.0,27.43,10.0,6.0,68.58,2024-01-13
mkt_002397,0,164.51,37.0,66.27,16.0,3.0,149.76,2024-01-01
mkt_000452,0,159.28,80.0,11.44,15.0,5.0,409.44,2024-01-20
mkt_008030,1,664.93,195.0,13.9,16.0,8.0,413.91,2024-01-16
mkt_004696,1,1396.24,176.0,49.47,16.0,5.0,612.28,2024-01-29
mkt_003681,0,61.07,162.0,6.8,10.0,6.0,385.71,2024-01-16
mkt_000422,0,606.61,231.0,44.67,12.0,2.0,206.46,2024-01-29
mkt_009725,1,109.22,61.0,38.87,16.0,5.0,680.55,2024-01-25
mkt_000657,0,281.69,45.0,40.87,12.0,4.0,424.61,2024-01-25
mkt_003301,0,449.56,662.0,97.13,10.0,2.0,643.86,2024-01-12
mkt_006394,1,310.26,1404.0,6.65,16.0,7.0,1619.62,2024-01-05
mkt_002845,0,192.4,17.0,16.54,9.0,3.0,971.24,2024-01-07
mkt_008291,1,1376.08,63.0,10.06,18.0,7.0,200.68,2024-01-30
mkt_007497,1,73.41,10.0,9.53,11.0,7.0,42.02,2024-01-20
mkt_001001,0,180.12,453.0,6.32,6.0,8.0,191.73,2024-01-26
mkt_004198,0,659.56,17.0,28.88,17.0,9.0,68.74,2024-01-08
mkt_002418,0,122.82,79.0,4.08,8.0,5.0,47.8,2024-01-25
mkt_007482,1,221.7,50.0,51.62,8.0,9.0,70.21,2024-01-08
mkt_005706,1,1406.01,121.0,4.59,4.0,5.0,227.38,2024-01-26
mkt_003847,0,339.19,41.0,15.95,10.0,4.0,142.75,2024-01-03
mkt_000961,0,98.55,229.0,39.7,8.0,3.0,221.34,2024-01-25
mkt_001580,0,257.12,41.0,19.78,10.0,5.0,112.34,2024-01-26
mkt_005007,1,434.88,346.0,24.73,14.0,4.0,214.9,2024-01-03
mkt_002206,0,3837.83,411.0,58.12,15.0,5.0,1987.17,2024-01-13
mkt_006312,1,465.97,157.0,2.83,11.0,0.0,63.1,2024-01-12
mkt_009562,1,140.58,56.0,4.02,7.0,3.0,282.07,2024-01-06
mkt_004231,0,2128.88,176.0,27.36,10.0,4.0,360.29,2024-01-13
mkt_000757,0,634.4,660.0,8.35,13.0,0.0,828.57,2024-01-30
mkt_002284,0,533.16,249.0,14.28,12.0,9.0,338.25,2024-01-25
mkt_006663,1,138.34,55.0,6.99,8.0,9.0,134.23,2024-01-08
mkt_004755,1,153.62,132.0,22.09,12.0,7.0,231.97,2024-01-04
mkt_008211,1,167.53,57.0,9.46,10.0,9.0,101.3,2024-01-04
mkt_000807,0,295.85,88.0,16.75,6.0,8.0,422.48,2024-01-30
mkt_006575,1,304.38,186.0,2.85,8.0,0.0,176.28,2024-01-15
mkt_007719,1,224.45,225.0,38.74,10.0,1.0,434.75,2024-01-18
mkt_001956,0,532.07,361.0,4.73,10.0,1.0,243.34,2024-01-04
mkt_002445,0,1217.5,212.0,27.03,15.0,9.0,742.27,2024-01-13
mkt_005875,1,1580.23,70.0,71.1,10.0,5.0,646.08,2024-01-10
mkt_008163,1,830.33,157.0,65.86,12.0,7.0,542.53,2024-01-04
mkt_006138,1,491.76,79.0,42.32,19.0,7.0,247.78,2024-01-18
mkt_002402,0,646.09,344.0,47.12,15.0,6.0,152.71,2024-01-02
mkt_001073,0,1737.73,41.0,81.05,15.0,4.0,1191.04,2024-01-04
mkt_006557,1,263.54,25.0,15.24,11.0,7.0,108.57,2024-01-03
mkt_004240,0,200.75,114.0,7.2,9.0,0.0,168.6,2024-01-27
mkt_008509,1,131.61,146.0,81.32,14.0,9.0,486.79,2024-01-15
mkt_002091,0,5562.5,89.0,17.67,14.0,7.0,116.7,2024-01-24
mkt_004527,1,656.53,690.0,18.57,10.0,5.0,368.11,2024-01-28
mkt_007202,1,548.19,100.0,25.81,24.0,5.0,116.98,2024-01-03
mkt_006795,1,2238.32,379.0,12.35,13.0,6.0,774.27,2024-01-08
mkt_007237,1,212.65,585.0,45.01,10.0,2.0,97.44,2024-01-14
mkt_007422,1,460.91,70.0,21.3,9.0,5.0,130.82,2024-01-10
mkt_006849,1,306.94,201.0,171.8,9.0,7.0,83.38,2024-01-15
mkt_006836,1,81.58,60.0,32.65,11.0,4.0,185.31,2024-01-23
mkt_001003,0,806.7,53.0,13.02,14.0,5.0,411.27,2024-01-09
mkt_009099,1,395.45,247.0,19.8,19.0,8.0,209.54,2024-01-04
mkt_006562,1,362.27,34.0,35.63,20.0,1.0,138.75,2024-01-09
mkt_005614,1,426.12,94.0,97.56,7.0,3.0,64.9,2024-01-25
mkt_004651,1,1094.47,153.0,24.38,17.0,0.0,157.86,2024-01-11
mkt_005313,1,559.78,2006.0,6.5,11.0,5.0,425.41,2024-01-21
mkt_001485,0,243.31,149.0,21.53,18.0,6.0,96.9,2024-01-17
mkt_007607,1,176.11,54.0,12.78,17.0,5.0,204.4,2024-01-22
mkt_001411,0,272.03,35.0,19.13,12.0,1.0,96.47,2024-01-09
mkt_009303,1,178.78,114.0,217.55,13.0,4.0,64.76,2024-01-13
mkt_000709,0,545.44,224.0,4.9,13.0,5.0,460.71,2024-01-16
mkt_009806,1,146.2,40.0,62.12,11.0,0.0,378.0,2024-01-29
mkt_008042,1,65.73,85.0,4.8,7.0,8.0,596.41,2024-01-24
mkt_007211,1,94.08,68.0,113.36,9.0,9.0,409.19,2024-01-19
mkt_003076,0,120.31,14.0,26.71,7.0,4.0,603.01,2024-01-18
mkt_008314,1,784.23,61.0,7.15,7.0,5.0,124.8,2024-01-16
mkt_004101,0,96.52,176.0,5.64,13.0,8.0,442.7,2024-01-07
mkt_005114,1,347.89,144.0,24.62,7.0,2.0,217.97,2024-01-26
mkt_002722,0,68.12,272.0,8.18,7.0,5.0,1224.45,2024-01-01
mkt_009359,1,90.9,12.0,9.76,12.0,1.0,51.97,2024-01-19
mkt_001268,0,1419.53,128.0,41.55,13.0,8.0,99.42,2024-01-24
mkt_002462,0,1056.92,144.0,38.51,7.0,6.0,282.76,2024-01-01
mkt_005464,1,529.71,31.0,4.52,10.0,0.0,258.21,2024-01-01
mkt_000268,0,688.9,1656.0,12.01,9.0,5.0,396.92,2024-01-22
mkt_003580,0,265.42,873.0,37.1,13.0,2.0,1752.08,2024-01-20
mkt_005349,1,91.03,30.0,24.82,10.0,8.0,175.43,2024-01-22
mkt_007290,1,325.99,63.0,2.91,12.0,7.0,202.37,2024-01-05
mkt_005157,1,177.35,152.0,144.93,10.0,8.0,284.43,2024-01-24
mkt_006601,1,1235.08,147.0,10.18,19.0,6.0,153.31,2024-01-10
mkt_002821,0,8710.88,321.0,9.97,14.0,8.0,1801.15,2024-01-01
mkt_005807,1,83.2,30.0,39.68,16.0,0.0,185.11,2024-01-26
mkt_000589,0,68.5,36.0,45.12,15.0,0.0,74.43,2024-01-12
mkt_005955,1,100.49,86.0,38.88,10.0,4.0,156.54,2024-01-23
mkt_005254,1,106.55,52.0,31.01,13.0,8.0,113.78,2024-01-16
mkt_006661,1,141.54,103.0,27.54,12.0,1.0,167.39,2024-01-03
mkt_007656,1,756.67,385.0,16.94,13.0,8.0,2561.48,2024-01-11
mkt_008725,1,143.69,33.0,46.3,14.0,0.0,196.7,2024-01-26
mkt_006896,1,231.27,1579.0,66.99,12.0,8.0,445.73,2024-01-29
mkt_007594,1,247.57,10.0,27.04,11.0,9.0,168.87,2024-01-02
mkt_002028,0,64.91,161.0,36.44,10.0,2.0,647.14,2024-01-03
mkt_006818,1,115.95,63.0,90.99,8.0,9.0,132.92,2024-01-23
mkt_000677,0,151.23,20.0,16.0,2.0,0.0,55.36,2024-01-08
mkt_005763,1,246.27,20.0,19.99,20.0,4.0,135.31,2024-01-13
mkt_001232,0,555.24,102.0,19.33,12.0,3.0,309.86,2024-01-22
mkt_005296,1,1192.6,90.0,12.61,14.0,7.0,631.66,2024-01-16
mkt_007103,1,314.88,164.0,29.5,10.0,0.0,281.05,2024-01-08
mkt_005034,1,115.92,103.0,17.75,8.0,9.0,143.31,2024-01-13
mkt_005452,1,451.97,92.0,48.96,8.0,5.0,118.88,2024-01-09
mkt_002432,0,418.17,64.0,8.17,9.0,7.0,201.82,2024-01-26
mkt_006319,1,1254.5,2190.0,2.55,15.0,6.0,521.77,2024-01-21
mkt_006119,1,257.58,1417.0,4.29,8.0,9.0,359.47,2024-01-25
mkt_009158,1,270.23,21.0,27.05,7.0,0.0,78.2,2024-01-15
mkt_009953,1,713.77,30.0,11.58,10.0,8.0,148.24,2024-01-09
mkt_000896,0,219.21,21.0,23.15,16.0,5.0,401.36,2024-01-19
mkt_001611,0,291.87,226.0,12.36,6.0,9.0,232.49,2024-01-07
mkt_006474,1,822.46,954.0,23.09,16.0,8.0,302.38,2024-01-01
mkt_007661,1,412.07,189.0,26.91,8.0,9.0,173.64,2024-01-09
mkt_007460,1,165.52,330.0,11.54,7.0,5.0,635.06,2024-01-26
mkt_003806,0,277.91,27.0,43.58,11.0,6.0,90.82,2024-01-10
mkt_008273,1,71.83,58.0,10.94,9.0,5.0,23.43,2024-01-27
mkt_009451,1,235.53,262.0,54.6,13.0,4.0,562.25,2024-01-11
mkt_004701,1,478.23,22.0,33.71,12.0,4.0,104.5,2024-01-03
mkt_003961,0,342.67,109.0,5.96,14.0,3.0,611.58,2024-01-07
mkt_005417,1,644.77,138.0,17.29,9.0,9.0,1048.84,2024-01-17
mkt_000890,0,332.83,51.0,25.51,13.0,4.0,65.87,2024-01-13
mkt_004999,1,1352.08,175.0,23.68,10.0,3.0,664.81,2024-01-18
mkt_007506,1,61.59,64.0,32.79,12.0,3.0,366.27,2024-01-13
mkt_007881,1,496.15,214.0,68.26,12.0,7.0,697.95,2024-01-26
mkt_005095,1,713.77,429.0,10.11,11.0,6.0,1059.74,2024-01-24
mkt_006932,1,135.57,164.0,22.54,11.0,3.0,395.12,2024-01-09
mkt_009617,1,926.07,38.0,8.99,12.0,3.0,129.16,2024-01-06
mkt_002799,0,617.33,251.0,3.73,8.0,2.0,207.34,2024-01-23
mkt_000584,0,657.37,247.0,7.61,16.0,8.0,267.52,2024-01-24
mkt_003268,0,180.36,54.0,29.66,9.0,1.0,51.13,2024-01-18
mkt_003932,0,295.69,19.0,13.98,14.0,3.0,48.78,2024-01-04
mkt_001260,0,5713.76,70.0,17.23,20.0,7.0,330.25,2024-01-26
mkt_006205,1,110.86,174.0,11.5,16.0,8.0,437.06,2024-01-09
mkt_000310,0,35.96,85.0,15.61,8.0,7.0,298.12,2024-01-19
mkt_007789,1,211.4,146.0,2.53,16.0,2.0,86.79,2024-01-17
mkt_006458,1,293.34,800.0,19.03,12.0,9.0,425.87,2024-01-18
mkt_006206,1,477.71,60.0,23.86,7.0,0.0,69.19,2024-01-19
mkt_005882,1,775.86,165.0,73.46,9.0,7.0,132.55,2024-01-02
mkt_004668,1,448.32,342.0,4.92,9.0,0.0,561.52,2024-01-07
mkt_004298,0,115.92,10.0,42.86,10.0,3.0,86.59,2024-01-07
mkt_003783,0,295.14,38.0,6.5,7.0,8.0,78.4,2024-01-15
mkt_001008,0,194.2,47.0,12.46,15.0,2.0,341.06,2024-01-27
mkt_008354,1,210.69,61.0,32.77,12.0,3.0,22.96,2024-01-20
mkt_002185,0,327.56,173.0,42.67,12.0,8.0,365.94,2024-01-04
mkt_003623,0,111.74,152.0,15.08,11.0,0.0,162.46,2024-01-18
mkt_007039,1,124.73,39.0,224.62,9.0,1.0,83.99,2024-01-02
mkt_004922,1,169.32,410.0,16.99,17.0,6.0,628.12,2024-01-17
mkt_009673,1,388.49,307.0,144.4,9.0,1.0,339.96,2024-01-09
mkt_007950,1,710.31,618.0,14.9,19.0,2.0,582.48,2024-01-21
mkt_006125,1,948.21,106.0,55.66,16.0,9.0,179.09,2024-01-23
mkt_004756,1,257.34,609.0,14.27,10.0,9.0,331.63,2024-01-21
mkt_005074,1,279.05,73.0,34.42,8.0,6.0,598.1,2024-01-13
mkt_000090,0,347.68,598.0,59.97,11.0,9.0,128.88,2024-01-06
mkt_005974,1,896.31,99.0,21.53,13.0,8.0,436.34,2024-01-03
mkt_006418,1,139.5,10.0,20.21,15.0,6.0,156.29,2024-01-08
mkt_008640,1,99.9,21.0,27.36,14.0,4.0,484.13,2024-01-12
mkt_008690,1,712.12,73.0,70.17,19.0,2.0,440.99,2024-01-18
mkt_002117,0,264.29,107.0,36.54,8.0,2.0,147.9,2024-01-10
mkt_002937,0,393.42,24.0,6.57,11.0,5.0,61.78,2024-01-10
mkt_006842,1,252.65,116.0,3.57,14.0,0.0,477.16,2024-01-23
mkt_000983,0,44.2,113.0,59.78,13.0,6.0,408.68,2024-01-18
mkt_007260,1,131.4,30.0,42.7,14.0,4.0,359.48,2024-01-18
mkt_009985,1,872.66,300.0,10.29,10.0,9.0,322.99,2024-01-21
mkt_002925,0,583.7,29.0,3.14,18.0,8.0,632.39,2024-01-01
mkt_006061,1,1110.87,282.0,42.71,11.0,3.0,486.56,2024-01-10
mkt_003214,0,112.99,27.0,17.64,8.0,2.0,78.99,2024-01-04
mkt_006447,1,76.23,93.0,99.17,14.0,7.0,167.63,2024-01-20
mkt_006779,1,864.65,278.0,13.91,4.0,1.0,145.52,2024-01-06
mkt_007038,1,582.82,55.0,9.67,9.0,3.0,180.78,2024-01-03
mkt_005663,1,2534.17,237.0,112.69,13.0,9.0,143.89,2024-01-27
mkt_000627,0,724.83,109.0,6.35,8.0,5.0,369.18,2024-01-23
mkt_008008,1,136.99,3.0,2.1,16.0,6.0,93.95,2024-01-18
mkt_005125,1,1230.48,454.0,29.06,15.0,6.0,103.64,2024-01-09
mkt_004765,1,629.43,63.0,26.2,19.0,0.0,350.0,2024-01-25
mkt_008143,1,344.85,31.0,118.81,16.0,0.0,88.27,2024-01-04
mkt_009594,1,713.61,585.0,18.2,9.0,0.0,275.29,2024-01-29
mkt_001269,0,127.75,112.0,10.04,11.0,6.0,388.12,2024-01-25
mkt_000128,0,37.65,81.0,6.78,9.0,3.0,132.37,2024-01-30
mkt_006112,1,314.92,76.0,29.76,9.0,4.0,328.6,2024-01-03
mkt_001711,0,229.06,33.0,19.97,10.0,3.0,180.89,2024-01-30
mkt_007862,1,877.61,632.0,7.79,14.0,4.0,174.86,2024-01-24
mkt_004235,0,220.0,156.0,13.87,15.0,3.0,418.79,2024-01-10
mkt_005192,1,450.21,656.0,13.37,11.0,4.0,269.39,2024-01-12
mkt_002398,0,66.79,53.0,31.35,14.0,3.0,270.59,2024-01-12
mkt_005434,1,8743.74,31.0,7.31,8.0,4.0,108.34,2024-01-04
mkt_006057,1,228.69,15.0,19.65,12.0,3.0,32.24,2024-01-10
mkt_009318,1,362.99,2.0,9.38,10.0,6.0,611.6,2024-01-30
mkt_001186,0,33.63,381.0,25.67,8.0,7.0,958.24,2024-01-24
mkt_006013,1,65.64,2190.0,22.39,9.0,6.0,570.53,2024-01-19
mkt_009793,1,1350.13,684.0,49.41,5.0,2.0,194.16,2024-01-05
mkt_006014,1,74.16,62.0,8.9,13.0,9.0,294.07,2024-01-05
mkt_001977,0,102.92,79.0,12.16,16.0,4.0,349.77,2024-01-19
mkt_009887,1,235.76,25.0,12.89,10.0,8.0,85.2,2024-01-08
mkt_004247,0,847.43,139.0,78.03,13.0,7.0,506.93,2024-01-25
mkt_007672,1,73.33,136.0,26.81,14.0,2.0,1646.5,2024-01-15
mkt_000915,0,122.45,5.0,4.56,19.0,0.0,78.13,2024-01-28
mkt_001305,0,431.28,83.0,11.63,12.0,3.0,202.01,2024-01-04
mkt_005455,1,182.29,286.0,12.56,13.0,5.0,661.35,2024-01-02
mkt_003049,0,150.21,86.0,12.47,15.0,1.0,425.05,2024-01-04
mkt_009521,1,102.69,72.0,27.5,8.0,9.0,154.41,2024-01-08
mkt_001273,0,705.12,76.0,50.76,17.0,1.0,179.73,2024-01-25
mkt_008055,1,549.5,355.0,20.22,19.0,2.0,69.7,2024-01-07
mkt_002796,0,408.83,61.0,30.27,18.0,5.0,214.97,2024-01-10
mkt_001398,0,889.51,40.0,19.21,13.0,6.0,119.46,2024-01-09
mkt_003358,0,501.97,28.0,28.43,13.0,5.0,50.38,2024-01-03
mkt_000183,0,302.09,65.0,36.44,10.0,7.0,168.32,2024-01-17
mkt_006867,1,258.44,274.0,29.75,5.0,6.0,238.97,2024-01-12
mkt_005695,1,38.18,14.0,14.71,9.0,5.0,64.61,2024-01-19
mkt_008835,1,245.7,67.0,13.26,17.0,2.0,634.26,2024-01-04
mkt_009626,1,732.29,27.0,15.38,10.0,6.0,185.06,2024-01-01
mkt_006170,1,311.2,1272.0,138.47,12.0,1.0,361.42,2024-01-26
mkt_006987,1,184.18,34.0,2.27,13.0,2.0,72.83,2024-01-03
mkt_004567,1,1786.92,532.0,5.91,9.0,4.0,133.35,2024-01-28
mkt_008955,1,121.69,15.0,49.07,21.0,0.0,201.48,2024-01-09
mkt_002656,0,492.96,755.0,84.63,17.0,9.0,670.76,2024-01-29
mkt_008309,1,125.61,7.0,54.73,13.0,9.0,104.32,2024-01-23
mkt_006857,1,900.28,40.0,44.4,8.0,0.0,172.66,2024-01-22
mkt_001961,0,75.1,37.0,20.6,13.0,8.0,152.15,2024-01-04
mkt_006383,1,383.76,27.0,39.8,8.0,7.0,36.67,2024-01-10
mkt_008853,1,283.4,212.0,7.52,14.0,2.0,216.94,2024-01-12
mkt_009973,1,171.12,32.0,17.81,12.0,2.0,36.76,2024-01-11
mkt_001251,0,200.07,74.0,23.09,15.0,0.0,239.66,2024-01-30
mkt_003176,0,396.03,51.0,10.13,12.0,1.0,115.89,2024-01-17
mkt_007760,1,234.34,158.0,7.98,7.0,6.0,128.26,2024-01-10
mkt_005013,1,403.53,506.0,48.11,10.0,3.0,492.64,2024-01-13
mkt_009705,1,345.04,403.0,10.9,11.0,7.0,237.0,2024-01-23
mkt_006539,1,416.4,57.0,52.96,11.0,2.0,104.69,2024-01-16
mkt_003289,0,589.74,214.0,57.09,12.0,5.0,287.16,2024-01-08
mkt_006448,1,268.07,64.0,34.27,12.0,8.0,101.2,2024-01-23
mkt_008726,1,439.25,132.0,5.34,12.0,9.0,243.6,2024-01-09
mkt_007611,1,361.37,61.0,9.25,12.0,2.0,107.75,2024-01-24
mkt_006275,1,193.14,720.0,28.29,15.0,7.0,480.31,2024-01-17
mkt_006887,1,493.26,229.0,8.66,15.0,1.0,319.15,2024-01-25
mkt_001051,0,1347.02,331.0,15.27,14.0,3.0,171.99,2024-01-30
mkt_004069,0,743.03,36.0,19.58,11.0,0.0,141.44,2024-01-10
mkt_006022,1,334.53,267.0,74.71,16.0,8.0,1340.22,2024-01-13
mkt_005552,1,471.42,82.0,13.19,15.0,0.0,376.14,2024-01-12
mkt_000272,0,304.2,362.0,25.18,11.0,2.0,215.45,2024-01-18
mkt_002042,0,435.84,94.0,20.44,12.0,1.0,396.29,2024-01-24
mkt_004763,1,153.18,10.0,102.93,10.0,6.0,50.98,2024-01-19
mkt_008997,1,633.67,163.0,108.71,14.0,5.0,440.19,2024-01-23
mkt_005204,1,402.43,52.0,13.45,12.0,3.0,166.98,2024-01-12
mkt_009509,1,547.47,70.0,6.96,15.0,0.0,86.58,2024-01-17
mkt_001086,0,1050.44,94.0,29.62,10.0,2.0,101.98,2024-01-10
mkt_008373,1,115.37,20.0,74.63,16.0,7.0,166.07,2024-01-18
mkt_007732,1,545.8,603.0,3.66,10.0,0.0,225.96,2024-01-25
mkt_007515,1,81.79,73.0,8.17,9.0,6.0,613.34,2024-01-19
mkt_006678,1,331.02,120.0,8.49,14.0,4.0,270.96,2024-01-10
mkt_004322,0,1168.66,892.0,111.19,13.0,2.0,713.96,2024-01-04
mkt_006946,1,322.94,24.0,17.09,19.0,8.0,316.12,2024-01-02
mkt_007747,1,384.42,289.0,275.34,13.0,6.0,353.31,2024-01-02
mkt_006772,1,857.26,58.0,53.4,11.0,0.0,491.0,2024-01-15
mkt_005518,1,719.77,69.0,45.77,14.0,7.0,112.14,2024-01-25
mkt_005117,1,324.61,114.0,19.69,10.0,0.0,303.9,2024-01-19
mkt_006179,1,433.05,2190.0,5.05,7.0,7.0,627.8,2024-01-19
mkt_004709,1,436.47,1782.0,1.83,11.0,6.0,745.73,2024-01-09
mkt_008121,1,142.85,128.0,60.31,15.0,1.0,120.53,2024-01-06
mkt_005969,1,482.21,285.0,28.09,8.0,0.0,342.88,2024-01-10
mkt_006784,1,1063.44,915.0,16.24,15.0,7.0,907.08,2024-01-06
mkt_003478,0,659.38,360.0,10.3,10.0,9.0,675.83,2024-01-22
mkt_008414,1,95.4,93.0,56.01,9.0,5.0,152.46,2024-01-08
mkt_003924,0,62.32,105.0,23.75,12.0,7.0,393.26,2024-01-13
mkt_001748,0,1124.36,621.0,26.47,17.0,1.0,128.19,2024-01-23
mkt_000732,0,281.89,98.0,5.43,4.0,1.0,968.21,2024-01-30
mkt_002553,0,1192.79,563.0,31.62,7.0,5.0,247.19,2024-01-26
mkt_005458,1,245.67,109.0,3.66,15.0,3.0,476.77,2024-01-19
mkt_005873,1,74.46,74.0,9.48,14.0,1.0,253.14,2024-01-27
mkt_002662,0,856.93,15.0,19.66,13.0,0.0,393.9,2024-01-20
mkt_009398,1,168.72,70.0,9.58,16.0,4.0,255.51,2024-01-05
mkt_006455,1,4011.08,660.0,56.04,14.0,6.0,352.14,2024-01-05
mkt_003113,0,747.21,92.0,3.76,11.0,8.0,80.4,2024-01-05
mkt_003303,0,58.36,34.0,4.22,9.0,9.0,231.48,2024-01-18
mkt_001344,0,214.04,66.0,26.08,7.0,1.0,184.51,2024-01-23
mkt_001690,0,88.87,74.0,18.68,9.0,7.0,318.45,2024-01-27
mkt_007180,1,1000.52,994.0,9.29,8.0,3.0,719.95,2024-01-29
mkt_006499,1,302.69,859.0,57.91,18.0,8.0,139.32,2024-01-16
mkt_003308,0,1269.7,131.0,5.27,7.0,0.0,562.19,2024-01-15
mkt_001504,0,269.04,202.0,11.7,9.0,1.0,806.93,2024-01-04
mkt_001806,0,196.82,8.0,25.39,15.0,8.0,468.22,2024-01-04
mkt_008469,1,321.9,195.0,18.13,15.0,4.0,728.54,2024-01-12
mkt_005369,1,847.69,82.0,49.29,14.0,0.0,395.17,2024-01-14
mkt_003791,0,274.44,94.0,4.76,8.0,5.0,248.66,2024-01-16
mkt_009520,1,681.74,610.0,35.73,15.0,2.0,1578.01,2024-01-17
mkt_007329,1,332.5,34.0,65.57,10.0,1.0,360.64,2024-01-03
mkt_005909,1,374.44,1052.0,2.56,7.0,8.0,5009.23,2024-01-14
mkt_006825,1,1119.93,105.0,11.77,13.0,5.0,78.18,2024-01-04
mkt_007263,1,1310.66,44.0,13.27,11.0,6.0,92.36,2024-01-27
mkt_001848,0,56.27,61.0,5.31,9.0,3.0,189.93,2024-01-08
mkt_004512,1,32.24,79.0,25.49,15.0,4.0,806.74,2024-01-19
mkt_002431,0,731.75,100.0,10.05,14.0,4.0,297.05,2024-01-10
mkt_004660,1,497.74,31.0,19.5,10.0,0.0,224.09,2024-01-12
mkt_008885,1,399.35,20.0,84.19,14.0,7.0,163.77,2024-01-24
mkt_005584,1,430.67,1306.0,18.23,14.0,4.0,472.41,2024-01-04
mkt_000142,0,890.97,34.0,243.5,14.0,1.0,744.54,2024-01-16
mkt_008760,1,456.59,145.0,34.15,10.0,9.0,240.44,2024-01-18
mkt_009211,1,473.69,15.0,21.49,8.0,3.0,136.12,2024-01-17
mkt_005264,1,147.03,50.0,7.72,9.0,0.0,764.44,2024-01-11
mkt_003409,0,36.21,62.0,20.59,12.0,0.0,230.2,2024-01-25
mkt_001117,0,520.61,32.0,32.8,15.0,1.0,100.05,2024-01-03
mkt_001756,0,81.13,49.0,195.99,10.0,0.0,1418.56,2024-01-22
mkt_000497,0,76.53,36.0,9.12,14.0,5.0,100.88,2024-01-23
mkt_008031,1,163.61,165.0,6.39,10.0,9.0,131.55,2024-01-04
mkt_000870,0,686.98,85.0,81.77,19.0,3.0,145.45,2024-01-03
mkt_003357,0,175.66,24.0,56.62,10.0,9.0,259.76,2024-01-30
mkt_000912,0,127.08,175.0,109.47,19.0,8.0,282.08,2024-01-22
mkt_000721,0,628.12,68.0,27.23,10.0,0.0,21.22,2024-01-05
mkt_002805,0,82.77,90.0,29.84,15.0,5.0,51.31,2024-01-30
mkt_009943,1,82.17,628.0,17.89,15.0,8.0,197.55,2024-01-07
mkt_000886,0,138.28,227.0,41.77,18.0,9.0,580.86,2024-01-21
mkt_009592,1,133.53,36.0,17.7,11.0,9.0,254.94,2024-01-07
mkt_006587,1,233.28,146.0,12.25,7.0,5.0,417.12,2024-01-09
mkt_008100,1,630.66,723.0,21.91,16.0,5.0,321.53,2024-01-19
mkt_001520,0,435.13,1157.0,16.6,14.0,2.0,873.44,2024-01-20
mkt_008689,1,292.37,190.0,85.99,16.0,9.0,441.73,2024-01-17
mkt_002746,0,215.09,17.0,34.15,14.0,6.0,235.96,2024-01-30
mkt_006700,1,247.94,87.0,17.73,11.0,0.0,406.92,2024-01-22
mkt_005775,1,152.77,48.0,60.04,11.0,3.0,172.23,2024-01-08
mkt_000314,0,51.4,86.0,7.86,11.0,4.0,215.46,2024-01-29
mkt_001799,0,91.19,60.0,39.89,17.0,0.0,65.27,2024-01-26
mkt_000327,0,831.73,233.0,36.39,9.0,5.0,126.15,2024-01-23
mkt_005642,1,119.59,236.0,126.65,17.0,4.0,1635.52,2024-01-19
mkt_004204,0,447.23,95.0,13.51,9.0,2.0,280.6,2024-01-27
mkt_003129,0,359.9,126.0,7.43,16.0,5.0,1107.9,2024-01-05
mkt_006860,1,13310.18,145.0,5.67,3.0,0.0,574.96,2024-01-05
mkt_009905,1,363.45,416.0,5.32,16.0,6.0,536.19,2024-01-03
mkt_003968,0,1462.72,398.0,68.56,8.0,7.0,418.43,2024-01-29
mkt_005743,1,303.04,8.0,11.97,12.0,2.0,203.17,2024-01-09
mkt_006226,1,77.17,22.0,84.1,20.0,4.0,319.1,2024-01-22
mkt_001973,0,129.53,25.0,8.74,19.0,7.0,208.4,2024-01-14
mkt_000336,0,174.54,134.0,20.94,11.0,1.0,769.72,2024-01-26
mkt_002764,0,350.48,61.0,20.53,9.0,3.0,113.91,2024-01-20
mkt_007660,1,429.54,163.0,4.61,23.0,5.0,75.71,2024-01-11
mkt_000275,0,774.05,350.0,6.01,6.0,2.0,396.83,2024-01-29
mkt_002985,0,551.92,108.0,39.7,12.0,7.0,129.66,2024-01-03
mkt_005646,1,372.58,56.0,68.86,9.0,0.0,135.48,2024-01-24
mkt_005849,1,439.31,78.0,7.4,15.0,4.0,158.67,2024-01-29
mkt_003477,0,255.12,135.0,7.09,14.0,8.0,94.63,2024-01-26
mkt_007558,1,357.54,44.0,29.9,10.0,0.0,79.07,2024-01-04
mkt_003558,0,70.6,19.0,16.9,9.0,0.0,331.36,2024-01-26
mkt_002809,0,574.63,761.0,15.15,14.0,7.0,178.17,2024-01-01
mkt_009113,1,119.89,187.0,24.08,15.0,5.0,270.37,2024-01-20
mkt_004861,1,309.19,28.0,8.26,9.0,6.0,163.22,2024-01-25
mkt_006586,1,175.51,170.0,39.45,15.0,6.0,241.43,2024-01-20
mkt_003416,0,166.98,55.0,10.45,6.0,5.0,231.16,2024-01-17
mkt_000307,0,303.9,110.0,32.31,19.0,8.0,428.22,2024-01-04
mkt_003908,0,250.68,102.0,7.8,14.0,1.0,410.74,2024-01-04
mkt_000348,0,133.61,51.0,15.71,21.0,5.0,182.71,2024-01-30
mkt_000826,0,146.44,121.0,38.21,9.0,5.0,521.9,2024-01-22
mkt_009501,1,263.61,100.0,20.22,13.0,4.0,329.03,2024-01-08
mkt_004482,0,542.26,29.0,1.34,14.0,3.0,552.12,2024-01-14
mkt_006576,1,524.47,30.0,46.57,13.0,7.0,176.57,2024-01-04
mkt_003682,0,633.12,222.0,6.8,20.0,5.0,142.33,2024-01-23
mkt_005876,1,406.86,115.0,10.06,17.0,4.0,143.84,2024-01-09
mkt_008387,1,389.38,572.0,4.72,13.0,8.0,232.47,2024-01-29
mkt_002053,0,707.8,96.0,4.59,16.0,4.0,49.14,2024-01-23
mkt_000071,0,1508.06,250.0,24.03,14.0,1.0,211.3,2024-01-27
mkt_005507,1,884.26,133.0,26.95,12.0,4.0,298.83,2024-01-23
mkt_008514,1,113.11,145.0,17.67,14.0,9.0,215.66,2024-01-17
mkt_007510,1,148.01,496.0,14.63,6.0,5.0,447.83,2024-01-18
mkt_008151,1,573.19,412.0,18.59,7.0,7.0,677.65,2024-01-01
mkt_001666,0,286.33,60.0,2.66,18.0,7.0,109.35,2024-01-20
mkt_007861,1,319.58,51.0,66.98,12.0,0.0,500.63,2024-01-07
mkt_009159,1,220.24,133.0,50.7,20.0,4.0,277.7,2024-01-11
mkt_005688,1,1172.94,958.0,10.3,17.0,2.0,1383.43,2024-01-03
mkt_001445,0,246.25,38.0,35.06,17.0,0.0,110.03,2024-01-21
mkt_005227,1,475.0,788.0,4.18,15.0,8.0,557.5,2024-01-04
mkt_006982,1,313.38,62.0,31.94,10.0,2.0,521.69,2024-01-23
mkt_001695,0,359.43,31.0,123.24,16.0,1.0,354.13,2024-01-04
mkt_002892,0,2198.32,19.0,32.35,8.0,6.0,86.25,2024-01-04
mkt_001574,0,338.23,161.0,9.12,18.0,0.0,154.94,2024-01-28
mkt_003203,0,1147.68,88.0,37.35,10.0,3.0,23.17,2024-01-16
mkt_004405,0,475.22,90.0,27.31,11.0,0.0,116.77,2024-01-15
mkt_001630,0,583.18,164.0,20.88,13.0,7.0,536.96,2024-01-19
mkt_008380,1,441.5,46.0,16.19,13.0,3.0,687.63,2024-01-15
mkt_001881,0,631.57,1174.0,10.53,15.0,2.0,1552.51,2024-01-04
mkt_008821,1,619.83,60.0,22.16,13.0,5.0,379.56,2024-01-14
mkt_006463,1,628.23,2190.0,10.94,16.0,1.0,554.86,2024-01-11
mkt_000848,0,243.45,42.0,18.76,13.0,2.0,86.39,2024-01-22
mkt_009923,1,321.56,39.0,12.58,13.0,3.0,280.43,2024-01-14
mkt_006188,1,178.92,104.0,26.94,7.0,8.0,178.64,2024-01-20
mkt_005869,1,32.97,15.0,22.22,9.0,5.0,160.8,2024-01-22
mkt_002877,0,2119.2,209.0,37.08,13.0,7.0,126.07,2024-01-04
mkt_000186,0,171.42,2.0,46.08,9.0,5.0,18.51,2024-01-08
mkt_003779,0,76.39,153.0,23.07,14.0,9.0,154.55,2024-01-13
mkt_001830,0,292.27,149.0,33.03,16.0,8.0,301.7,2024-01-23
mkt_008325,1,409.71,348.0,53.54,13.0,9.0,281.47,2024-01-05
mkt_009241,1,85.87,30.0,57.76,11.0,1.0,38.69,2024-01-16
mkt_006378,1,224.81,70.0,31.55,10.0,0.0,68.67,2024-01-02
mkt_001234,0,70.37,18.0,116.51,16.0,0.0,189.03,2024-01-18
mkt_006964,1,241.63,67.0,21.51,13.0,3.0,161.69,2024-01-17
mkt_003915,0,300.68,72.0,8.38,11.0,1.0,118.92,2024-01-04
mkt_000446,0,450.34,212.0,14.26,7.0,0.0,130.68,2024-01-19
mkt_000844,0,237.2,79.0,47.14,9.0,8.0,135.53,2024-01-03
mkt_008062,1,127.24,84.0,63.6,9.0,0.0,257.2,2024-01-03
mkt_005402,1,140.48,154.0,8.24,12.0,6.0,91.54,2024-01-23
mkt_002440,0,193.5,68.0,13.76,12.0,7.0,218.94,2024-01-12
mkt_003103,0,606.81,39.0,3.41,20.0,8.0,236.49,2024-01-16
mkt_008585,1,106.97,19.0,15.24,13.0,1.0,75.24,2024-01-25
mkt_006791,1,79.58,32.0,9.44,7.0,0.0,68.04,2024-01-21
mkt_005650,1,628.0,36.0,61.92,9.0,6.0,141.11,2024-01-21
mkt_001294,0,441.75,18.0,91.24,12.0,0.0,433.38,2024-01-19
mkt_005079,1,5275.64,184.0,6.08,8.0,9.0,345.6,2024-01-02
mkt_009016,1,172.32,91.0,7.67,8.0,7.0,249.25,2024-01-25
mkt_005067,1,585.54,247.0,60.47,10.0,3.0,81.11,2024-01-25
mkt_003442,0,192.36,90.0,17.28,7.0,1.0,171.67,2024-01-17
mkt_008451,1,40.6,12.0,8.18,13.0,1.0,29.15,2024-01-19
mkt_007273,1,534.71,21.0,6.86,10.0,6.0,291.65,2024-01-20
mkt_006105,1,579.88,342.0,68.79,11.0,2.0,1131.04,2024-01-04
mkt_000776,0,1133.86,59.0,17.65,17.0,1.0,370.32,2024-01-08
mkt_009716,1,193.49,16.0,13.21,7.0,9.0,97.48,2024-01-23
mkt_002153,0,770.59,934.0,13.25,16.0,3.0,128.71,2024-01-19
mkt_004920,1,696.98,272.0,7.6,17.0,2.0,907.47,2024-01-20
mkt_005360,1,643.15,236.0,19.24,19.0,1.0,143.47,2024-01-29
mkt_009735,1,6089.62,864.0,7.21,13.0,9.0,280.93,2024-01-07
mkt_005957,1,55.69,9.0,4.72,10.0,4.0,134.62,2024-01-16
mkt_008411,1,280.9,164.0,21.69,12.0,9.0,711.68,2024-01-12
mkt_008432,1,162.6,34.0,20.46,12.0,5.0,152.03,2024-01-17
mkt_003183,0,49.32,125.0,12.33,11.0,1.0,131.68,2024-01-18
mkt_006792,1,529.92,160.0,13.72,14.0,6.0,527.51,2024-01-07
mkt_003199,0,302.18,122.0,18.06,12.0,6.0,163.22,2024-01-20
mkt_009369,1,1767.17,27.0,67.55,11.0,1.0,181.95,2024-01-08
mkt_001289,0,347.52,75.0,48.14,12.0,5.0,104.3,2024-01-02
mkt_004581,1,127.25,156.0,3.39,16.0,0.0,1090.12,2024-01-16
mkt_006192,1,259.13,129.0,55.31,12.0,6.0,327.0,2024-01-08
mkt_008935,1,852.46,128.0,23.74,14.0,7.0,701.23,2024-01-12
mkt_007149,1,317.14,103.0,5.52,4.0,0.0,89.18,2024-01-29
mkt_009846,1,70.25,159.0,27.26,10.0,4.0,247.55,2024-01-30
mkt_004106,0,453.42,489.0,154.77,15.0,2.0,277.33,2024-01-28
mkt_004126,0,71.14,73.0,13.49,11.0,6.0,351.81,2024-01-18
mkt_008300,1,319.13,218.0,32.02,10.0,4.0,178.5,2024-01-03
mkt_003966,0,606.58,101.0,8.15,8.0,9.0,49.96,2024-01-21
mkt_001879,0,94.93,9.0,98.14,15.0,3.0,85.56,2024-01-05
mkt_008496,1,415.55,153.0,20.7,13.0,6.0,88.89,2024-01-05
mkt_009299,1,199.17,138.0,8.05,17.0,5.0,538.57,2024-01-06
mkt_006348,1,150.4,39.0,120.63,10.0,5.0,95.38,2024-01-24
mkt_003587,0,1613.27,137.0,6.04,14.0,2.0,104.92,2024-01-29
mkt_007372,1,138.6,247.0,38.98,14.0,4.0,634.71,2024-01-04
mkt_003865,0,36.49,86.0,17.4,11.0,0.0,610.36,2024-01-25
mkt_008487,1,510.32,168.0,25.1,9.0,5.0,162.08,2024-01-15
mkt_004131,0,779.83,311.0,37.66,12.0,8.0,116.56,2024-01-23
mkt_001036,0,589.03,433.0,37.87,9.0,8.0,254.89,2024-01-27
mkt_000636,0,1480.52,669.0,12.2,8.0,7.0,210.1,2024-01-06
mkt_006153,1,2594.01,12.0,15.47,10.0,0.0,54.26,2024-01-30
mkt_004134,0,841.58,128.0,7.08,13.0,7.0,463.53,2024-01-24
mkt_005338,1,225.62,13.0,20.11,11.0,3.0,81.2,2024-01-11
mkt_001083,0,1200.76,70.0,15.41,10.0,8.0,208.82,2024-01-23
mkt_000861,0,416.37,28.0,45.26,12.0,6.0,318.87,2024-01-18
mkt_000903,0,684.4,133.0,6.01,18.0,1.0,139.29,2024-01-30
mkt_000191,0,760.35,754.0,140.72,10.0,0.0,431.9,2024-01-18
mkt_000109,0,297.43,163.0,147.3,10.0,8.0,195.55,2024-01-09
mkt_004455,0,1691.61,34.0,16.22,15.0,3.0,274.29,2024-01-24
mkt_001942,0,57.99,112.0,16.37,7.0,0.0,105.44,2024-01-04
mkt_005856,1,1143.71,38.0,9.38,19.0,7.0,604.33,2024-01-15
mkt_004331,0,529.7,380.0,48.85,15.0,7.0,118.19,2024-01-21
mkt_008541,1,632.74,283.0,9.44,16.0,2.0,235.88,2024-01-10
mkt_002040,0,393.47,50.0,46.01,12.0,8.0,924.88,2024-01-28
mkt_007331,1,438.2,2190.0,12.99,10.0,7.0,395.72,2024-01-29
mkt_007317,1,257.75,226.0,12.23,12.0,8.0,938.05,2024-01-01
mkt_007779,1,357.12,457.0,5.63,9.0,1.0,311.36,2024-01-12
mkt_004659,1,308.55,78.0,24.83,12.0,9.0,153.54,2024-01-05
mkt_007313,1,672.95,102.0,14.32,7.0,2.0,654.34,2024-01-19
mkt_002775,0,42.31,42.0,33.73,13.0,6.0,149.66,2024-01-02
mkt_004145,0,551.37,40.0,146.47,15.0,1.0,1378.36,2024-01-01
mkt_002323,0,233.35,96.0,13.15,8.0,0.0,224.57,2024-01-14
mkt_000762,0,1067.17,11.0,4.32,11.0,1.0,81.09,2024-01-11
mkt_002617,0,1306.03,214.0,142.11,16.0,2.0,802.28,2024-01-03
mkt_002411,0,448.31,53.0,68.56,10.0,1.0,613.95,2024-01-11
mkt_001094,0,1276.97,139.0,16.75,12.0,4.0,125.97,2024-01-30
mkt_006173,1,371.42,93.0,27.06,14.0,7.0,162.79,2024-01-30
mkt_007048,1,498.43,99.0,77.17,11.0,5.0,180.34,2024-01-23
mkt_009272,1,1534.52,268.0,20.02,18.0,2.0,491.83,2024-01-24
mkt_003135,0,210.12,138.0,6.25,13.0,5.0,182.58,2024-01-16
mkt_007787,1,505.7,193.0,37.46,14.0,2.0,1019.8,2024-01-25
mkt_005040,1,332.87,162.0,97.52,13.0,1.0,399.27,2024-01-07
mkt_003805,0,1168.21,1507.0,79.88,7.0,7.0,1859.7,2024-01-12
mkt_000884,0,265.64,210.0,40.82,11.0,9.0,457.07,2024-01-22
mkt_002654,0,476.02,67.0,63.9,18.0,7.0,177.25,2024-01-19
mkt_005921,1,261.08,105.0,4.02,9.0,9.0,94.17,2024-01-05
mkt_006187,1,238.52,192.0,81.47,12.0,8.0,1267.01,2024-01-23
mkt_008085,1,58.88,42.0,82.4,7.0,3.0,264.93,2024-01-05
mkt_006742,1,801.95,172.0,16.59,10.0,0.0,242.1,2024-01-12
mkt_007626,1,4992.7,978.0,6.78,12.0,3.0,316.78,2024-01-02
mkt_005680,1,77.22,135.0,6.57,6.0,0.0,973.65,2024-01-08
mkt_007007,1,596.09,1203.0,9.28,14.0,1.0,440.37,2024-01-12
mkt_009686,1,355.27,93.0,1.83,10.0,3.0,68.93,2024-01-23
mkt_002202,0,424.18,41.0,62.72,14.0,1.0,166.06,2024-01-23
mkt_006107,1,614.15,34.0,23.21,13.0,5.0,402.12,2024-01-19
mkt_006417,1,174.37,37.0,27.2,13.0,1.0,77.96,2024-01-14
mkt_001262,0,551.7,383.0,39.82,12.0,6.0,877.05,2024-01-17
mkt_008379,1,199.16,595.0,5.25,12.0,0.0,604.38,2024-01-29
mkt_000975,0,2099.85,61.0,15.53,20.0,9.0,78.28,2024-01-26
mkt_005831,1,60.58,6.0,31.26,17.0,7.0,172.11,2024-01-03
mkt_004925,1,488.43,92.0,13.43,12.0,5.0,208.79,2024-01-24
mkt_000941,0,43.37,96.0,49.64,6.0,2.0,44.36,2024-01-08
mkt_004723,1,5089.31,258.0,23.76,11.0,5.0,321.91,2024-01-13
mkt_002387,0,334.42,63.0,7.88,10.0,9.0,298.76,2024-01-18
mkt_009728,1,283.69,114.0,11.13,12.0,6.0,106.38,2024-01-16
mkt_005021,1,1578.98,26.0,44.19,7.0,9.0,194.26,2024-01-02
mkt_004391,0,67.15,87.0,27.63,7.0,8.0,149.14,2024-01-03
mkt_005148,1,493.01,70.0,7.66,19.0,5.0,46.51,2024-01-30
mkt_003221,0,378.91,49.0,12.78,8.0,0.0,154.88,2024-01-05
mkt_003882,0,274.56,320.0,23.69,6.0,2.0,88.28,2024-01-10
mkt_009438,1,282.48,177.0,1.0,12.0,5.0,126.67,2024-01-14
mkt_006624,1,58.87,163.0,62.92,10.0,5.0,265.31,2024-01-05
mkt_005918,1,2066.93,253.0,21.13,20.0,9.0,348.36,2024-01-08
mkt_002789,0,291.04,125.0,34.48,15.0,9.0,847.43,2024-01-02
mkt_000944,0,165.16,133.0,13.76,16.0,8.0,302.94,2024-01-25
mkt_008908,1,725.77,133.0,12.38,14.0,1.0,432.62,2024-01-06
mkt_001857,0,194.4,55.0,12.3,15.0,7.0,95.21,2024-01-15
mkt_009080,1,63.24,98.0,4.84,18.0,8.0,1014.94,2024-01-19
mkt_004108,0,1078.42,356.0,10.75,14.0,6.0,596.23,2024-01-06
mkt_008513,1,1405.91,753.0,157.7,11.0,7.0,918.32,2024-01-16
mkt_003255,0,135.3,143.0,104.98,7.0,2.0,72.0,2024-01-17
mkt_002690,0,261.67,576.0,66.23,13.0,2.0,177.74,2024-01-03
mkt_009512,1,435.73,50.0,11.42,12.0,1.0,132.79,2024-01-11
mkt_006961,1,215.47,289.0,13.02,13.0,4.0,199.94,2024-01-24
mkt_001319,0,38.79,57.0,14.32,13.0,6.0,811.92,2024-01-06
mkt_008882,1,69.46,6.0,12.65,17.0,3.0,68.28,2024-01-26
mkt_009880,1,177.72,620.0,62.56,10.0,0.0,1615.73,2024-01-29
mkt_005162,1,373.21,242.0,66.47,12.0,5.0,905.26,2024-01-04
mkt_005829,1,107.16,57.0,13.61,9.0,8.0,245.29,2024-01-05
mkt_007953,1,449.2,50.0,59.46,16.0,8.0,1807.63,2024-01-12
mkt_005958,1,449.07,24.0,55.49,11.0,0.0,119.83,2024-01-10
mkt_009271,1,458.02,915.0,20.45,13.0,8.0,734.28,2024-01-18
mkt_003475,0,68.47,43.0,15.07,19.0,5.0,462.11,2024-01-05
mkt_003505,0,123.26,111.0,5.58,13.0,9.0,285.59,2024-01-24
mkt_004749,1,248.49,13.0,14.64,12.0,7.0,151.86,2024-01-18
mkt_002477,0,456.69,65.0,36.32,3.0,2.0,389.29,2024-01-08
mkt_009490,1,582.83,499.0,18.21,6.0,6.0,317.56,2024-01-05
mkt_006615,1,217.48,15.0,85.28,19.0,6.0,61.58,2024-01-30
mkt_007413,1,94.23,288.0,16.36,19.0,8.0,863.24,2024-01-30
mkt_007586,1,367.63,196.0,27.26,8.0,9.0,828.04,2024-01-07
mkt_005344,1,352.39,30.0,5.86,12.0,8.0,130.29,2024-01-06
mkt_009863,1,1245.91,157.0,22.45,14.0,0.0,169.24,2024-01-15
mkt_007111,1,818.23,175.0,21.01,14.0,5.0,518.2,2024-01-22
mkt_001874,0,259.73,69.0,162.55,14.0,6.0,260.37,2024-01-15
mkt_008516,1,283.44,37.0,20.72,15.0,2.0,133.58,2024-01-19
mkt_005270,1,173.82,37.0,3.0,10.0,3.0,1023.72,2024-01-09
mkt_005096,1,675.85,1513.0,48.71,5.0,1.0,219.26,2024-01-09
mkt_002904,0,1153.16,335.0,16.05,10.0,8.0,867.54,2024-01-14
mkt_000570,0,429.97,356.0,10.56,17.0,1.0,461.59,2024-01-11
mkt_001448,0,1234.68,15.0,46.13,12.0,3.0,86.19,2024-01-28
mkt_005964,1,233.52,1118.0,3.32,11.0,8.0,1369.77,2024-01-22
mkt_006242,1,66.8,438.0,23.59,6.0,0.0,129.3,2024-01-22
mkt_006347,1,910.9,598.0,4.12,10.0,1.0,320.47,2024-01-18
mkt_007874,1,181.82,122.0,5.47,10.0,6.0,177.6,2024-01-19
mkt_009816,1,286.02,208.0,47.44,4.0,2.0,1045.65,2024-01-29
mkt_003226,0,148.74,15.0,84.31,16.0,4.0,57.92,2024-01-01
mkt_009744,1,997.82,150.0,39.64,9.0,8.0,125.23,2024-01-03
mkt_003978,0,46.37,9.0,64.7,11.0,0.0,92.57,2024-01-30
mkt_004383,0,269.37,16.0,59.09,7.0,8.0,117.58,2024-01-20
mkt_007856,1,512.43,471.0,67.45,18.0,0.0,933.89,2024-01-08
mkt_003539,0,117.48,24.0,8.78,15.0,2.0,469.67,2024-01-02
mkt_005682,1,1218.89,290.0,15.11,14.0,4.0,125.19,2024-01-28
mkt_002827,0,567.27,484.0,8.13,11.0,5.0,387.53,2024-01-08
mkt_007658,1,732.76,85.0,25.45,10.0,2.0,244.58,2024-01-18
mkt_004996,1,93.58,32.0,23.14,10.0,7.0,52.73,2024-01-06
mkt_001338,0,314.0,334.0,8.13,8.0,4.0,100.39,2024-01-25
mkt_003262,0,452.87,52.0,226.44,17.0,8.0,669.07,2024-01-05
mkt_006386,1,2514.81,668.0,52.19,16.0,4.0,1258.32,2024-01-06
mkt_007951,1,1091.88,535.0,14.49,14.0,0.0,230.01,2024-01-11
mkt_000650,0,113.19,580.0,13.77,13.0,1.0,135.71,2024-01-02
mkt_002902,0,258.21,292.0,8.09,13.0,1.0,256.91,2024-01-23
mkt_002258,0,2018.03,323.0,22.66,13.0,9.0,303.38,2024-01-15
mkt_007402,1,186.9,88.0,26.05,12.0,6.0,187.51,2024-01-18
mkt_003521,0,767.93,156.0,5.64,9.0,9.0,200.17,2024-01-16
mkt_002730,0,49.1,80.0,9.3,12.0,2.0,100.6,2024-01-04
mkt_005496,1,73.77,93.0,15.91,9.0,5.0,755.29,2024-01-17
mkt_004478,0,462.62,261.0,18.66,16.0,6.0,393.08,2024-01-06
mkt_001596,0,313.07,140.0,6.96,12.0,4.0,42.98,2024-01-10
mkt_007066,1,241.81,958.0,1.5,10.0,4.0,720.33,2024-01-25
mkt_002584,0,61.39,46.0,10.83,12.0,6.0,45.65,2024-01-16
mkt_005441,1,522.49,97.0,9.17,16.0,7.0,214.69,2024-01-07
mkt_003196,0,102.33,39.0,17.94,11.0,7.0,779.1,2024-01-05
mkt_008523,1,819.48,369.0,2.06,10.0,2.0,250.59,2024-01-09
mkt_007682,1,228.62,66.0,29.48,13.0,9.0,311.4,2024-01-21
mkt_005376,1,359.63,94.0,17.28,14.0,6.0,479.9,2024-01-09
mkt_001258,0,837.17,174.0,21.94,10.0,2.0,70.51,2024-01-11
mkt_005277,1,3598.1,291.0,40.78,12.0,6.0,375.17,2024-01-24
mkt_000991,0,96.35,1316.0,5.45,13.0,0.0,777.61,2024-01-03
mkt_003504,0,791.26,6.0,24.82,18.0,3.0,416.48,2024-01-24
mkt_000113,0,72.77,6.0,11.33,18.0,6.0,47.58,2024-01-07
mkt_000919,0,645.65,28.0,74.16,13.0,8.0,556.01,2024-01-15
mkt_002509,0,390.97,145.0,13.04,12.0,6.0,108.22,2024-01-23
mkt_009404,1,304.19,12.0,3.35,10.0,9.0,59.71,2024-01-15
mkt_000165,0,428.07,123.0,5.86,22.0,4.0,325.99,2024-01-12
mkt_005263,1,450.89,614.0,46.58,12.0,6.0,505.15,2024-01-01
mkt_004603,1,192.89,115.0,23.55,11.0,1.0,276.12,2024-01-18
mkt_000949,0,392.89,261.0,22.07,10.0,6.0,475.92,2024-01-21
mkt_004594,1,1305.38,1076.0,92.76,10.0,9.0,839.44,2024-01-08
mkt_005727,1,273.4,14.0,69.94,11.0,8.0,295.47,2024-01-03
mkt_003770,0,266.73,56.0,19.22,11.0,1.0,192.56,2024-01-26
mkt_002506,0,970.65,18.0,8.82,17.0,0.0,200.67,2024-01-08
mkt_005107,1,157.09,92.0,5.58,14.0,4.0,297.45,2024-01-09
mkt_002850,0,177.79,6.0,68.95,10.0,9.0,90.24,2024-01-06
mkt_006485,1,675.5,56.0,12.07,8.0,7.0,407.83,2024-01-30
mkt_005362,1,227.89,46.0,40.34,13.0,3.0,146.46,2024-01-03
mkt_007442,1,334.21,320.0,79.65,17.0,2.0,238.5,2024-01-03
mkt_004446,0,195.72,118.0,11.08,12.0,5.0,65.82,2024-01-22
mkt_004460,0,63.48,39.0,24.82,16.0,3.0,93.7,2024-01-19
mkt_009513,1,209.29,48.0,9.2,14.0,7.0,172.57,2024-01-06
mkt_002505,0,204.28,186.0,6.45,17.0,7.0,684.64,2024-01-04
mkt_001114,0,529.29,22.0,78.45,12.0,8.0,167.2,2024-01-20
mkt_008397,1,295.59,13.0,7.37,16.0,4.0,130.5,2024-01-26
mkt_000298,0,370.53,271.0,32.28,7.0,3.0,153.13,2024-01-11
mkt_001675,0,203.25,215.0,17.14,11.0,3.0,380.95,2024-01-24
mkt_003347,0,769.83,423.0,8.76,11.0,7.0,264.58,2024-01-08
mkt_002735,0,203.23,42.0,26.72,10.0,8.0,98.32,2024-01-21
mkt_007819,1,808.47,99.0,109.43,8.0,2.0,96.68,2024-01-05
mkt_004988,1,266.88,10.0,27.5,13.0,0.0,16.32,2024-01-05
mkt_009894,1,150.95,181.0,104.9,15.0,8.0,428.15,2024-01-28
mkt_005817,1,244.62,40.0,500.0,9.0,8.0,1160.36,2024-01-02
mkt_004325,0,1553.28,959.0,7.23,10.0,2.0,1217.16,2024-01-19
mkt_006719,1,457.85,207.0,59.65,19.0,1.0,217.72,2024-01-11
mkt_008786,1,265.73,184.0,12.2,18.0,0.0,76.3,2024-01-14
mkt_004550,1,1161.27,122.0,22.62,15.0,0.0,604.17,2024-01-25
mkt_008572,1,207.35,218.0,4.16,10.0,8.0,114.09,2024-01-17
mkt_007847,1,237.51,70.0,7.06,13.0,0.0,136.22,2024-01-16
mkt_002103,0,937.36,171.0,143.54,10.0,9.0,93.77,2024-01-07
mkt_005813,1,167.75,57.0,14.97,21.0,9.0,81.63,2024-01-26
mkt_009104,1,143.52,37.0,19.28,17.0,1.0,302.97,2024-01-07
mkt_007453,1,479.43,292.0,16.9,12.0,5.0,1259.59,2024-01-02
mkt_001837,0,615.59,5.0,199.88,8.0,9.0,63.16,2024-01-29
mkt_007902,1,274.74,14.0,17.41,8.0,9.0,58.71,2024-01-17
mkt_008318,1,192.28,192.0,50.09,10.0,8.0,216.09,2024-01-13
mkt_008723,1,79.83,57.0,26.18,10.0,3.0,122.38,2024-01-01
mkt_000607,0,1097.65,436.0,21.5,10.0,3.0,131.03,2024-01-28
mkt_008374,1,408.07,93.0,20.49,11.0,3.0,219.05,2024-01-16
mkt_001093,0,670.46,38.0,24.32,11.0,8.0,447.18,2024-01-29
mkt_006387,1,416.25,116.0,21.47,9.0,0.0,203.09,2024-01-24
mkt_006505,1,3399.57,348.0,52.73,12.0,9.0,1207.51,2024-01-26
mkt_008964,1,59.29,344.0,23.72,14.0,8.0,589.49,2024-01-02
mkt_004487,0,352.61,167.0,18.62,11.0,9.0,108.97,2024-01-13
mkt_000160,0,440.35,59.0,11.63,17.0,4.0,282.77,2024-01-05
mkt_000203,0,1565.28,174.0,10.04,10.0,4.0,37.52,2024-01-02
mkt_007040,1,57.43,9.0,15.24,13.0,7.0,424.21,2024-01-08
mkt_005893,1,178.67,86.0,3.32,13.0,4.0,308.08,2024-01-15
mkt_004933,1,1565.21,181.0,114.66,13.0,6.0,231.12,2024-01-06
mkt_002934,0,131.36,154.0,12.38,11.0,6.0,67.52,2024-01-25
mkt_007322,1,89.51,56.0,12.25,9.0,6.0,603.28,2024-01-16
mkt_002435,0,507.15,673.0,11.75,15.0,1.0,1440.92,2024-01-28
mkt_001230,0,366.41,190.0,44.85,17.0,8.0,414.1,2024-01-05
mkt_008675,1,237.39,68.0,5.52,12.0,2.0,137.36,2024-01-01
mkt_003046,0,141.79,151.0,11.58,14.0,1.0,99.47,2024-01-24
mkt_009654,1,458.7,60.0,12.46,15.0,2.0,472.03,2024-01-05
mkt_008419,1,1782.6,854.0,20.43,14.0,7.0,951.35,2024-01-13
mkt_007666,1,626.08,73.0,38.87,11.0,9.0,1013.47,2024-01-19
mkt_006407,1,205.95,44.0,16.07,10.0,2.0,47.28,2024-01-12
mkt_004251,0,539.62,416.0,19.58,7.0,5.0,332.35,2024-01-21
mkt_005577,1,161.84,25.0,3.06,15.0,6.0,133.06,2024-01-25
mkt_003293,0,36.2,15.0,7.61,4.0,4.0,176.92,2024-01-29
mkt_004034,0,92.14,23.0,18.56,13.0,4.0,47.99,2024-01-22
mkt_008112,1,47.52,72.0,48.45,12.0,0.0,541.34,2024-01-07
mkt_004290,0,266.86,1013.0,8.39,14.0,2.0,192.94,2024-01-05
mkt_004334,0,1912.68,295.0,15.8,8.0,0.0,552.71,2024-01-17
mkt_005931,1,2115.45,256.0,12.35,11.0,6.0,193.3,2024-01-12
mkt_003877,0,241.96,15.0,26.79,12.0,3.0,109.77,2024-01-17
mkt_005428,1,82.47,200.0,12.95,16.0,2.0,626.74,2024-01-01
mkt_004753,1,625.93,118.0,24.23,14.0,6.0,744.72,2024-01-12
mkt_004886,1,86.17,33.0,2.05,12.0,4.0,199.37,2024-01-16
mkt_000857,0,610.81,112.0,4.8,10.0,5.0,345.65,2024-01-30
mkt_008233,1,826.19,56.0,11.77,13.0,4.0,342.01,2024-01-21
mkt_008375,1,261.89,109.0,54.72,9.0,5.0,113.8,2024-01-25
mkt_002561,0,894.85,58.0,38.25,16.0,6.0,149.65,2024-01-23
mkt_003801,0,1246.83,279.0,11.65,12.0,6.0,421.33,2024-01-18
mkt_002640,0,226.87,17.0,11.55,8.0,7.0,116.76,2024-01-29
mkt_009663,1,599.27,19.0,34.58,10.0,2.0,96.43,2024-01-07
mkt_004490,0,618.12,69.0,27.63,12.0,1.0,218.08,2024-01-12
mkt_002347,0,154.59,20.0,58.63,11.0,6.0,389.84,2024-01-21
mkt_000649,0,792.76,74.0,4.95,14.0,2.0,210.68,2024-01-09
mkt_002781,0,480.68,57.0,76.56,8.0,7.0,169.38,2024-01-11
mkt_005652,1,111.74,523.0,20.7,4.0,5.0,120.54,2024-01-26
mkt_008543,1,6434.87,298.0,12.57,9.0,4.0,1115.94,2024-01-28
mkt_008677,1,358.13,565.0,28.38,12.0,7.0,552.01,2024-01-03
mkt_006433,1,148.67,115.0,93.84,19.0,9.0,130.33,2024-01-01
mkt_000615,0,106.29,56.0,25.68,16.0,3.0,506.11,2024-01-18
mkt_008448,1,133.28,90.0,12.29,11.0,0.0,238.93,2024-01-16
mkt_002575,0,157.46,62.0,47.04,8.0,6.0,447.92,2024-01-30
mkt_000053,0,131.83,105.0,28.13,5.0,2.0,119.17,2024-01-21
mkt_003340,0,1268.54,205.0,35.85,5.0,5.0,278.3,2024-01-13
mkt_007037,1,153.59,76.0,40.84,11.0,2.0,123.37,2024-01-04
mkt_001705,0,889.95,111.0,9.18,12.0,6.0,255.87,2024-01-29
mkt_009060,1,299.61,442.0,9.41,13.0,8.0,85.88,2024-01-06
mkt_009352,1,210.19,43.0,5.89,10.0,3.0,657.6,2024-01-27
mkt_001493,0,657.09,118.0,15.53,8.0,7.0,117.98,2024-01-09
mkt_009963,1,161.1,57.0,12.96,7.0,4.0,179.34,2024-01-20
mkt_005632,1,321.52,524.0,29.06,7.0,9.0,692.64,2024-01-26
mkt_000803,0,145.81,81.0,18.91,9.0,4.0,75.12,2024-01-08
mkt_004953,1,287.73,88.0,24.42,11.0,9.0,122.55,2024-01-07
mkt_006933,1,634.54,180.0,65.12,11.0,1.0,302.91,2024-01-15
mkt_007104,1,166.41,30.0,5.75,15.0,7.0,352.55,2024-01-15
mkt_000990,0,256.17,86.0,24.13,11.0,2.0,278.09,2024-01-01
mkt_002774,0,113.61,113.0,4.76,12.0,9.0,917.99,2024-01-08
mkt_007470,1,429.69,75.0,39.98,14.0,7.0,100.65,2024-01-03
mkt_006419,1,716.98,343.0,38.19,14.0,2.0,99.11,2024-01-27
mkt_003513,0,127.88,46.0,2.51,19.0,1.0,123.78,2024-01-18
mkt_005478,1,409.81,14.0,8.25,16.0,7.0,126.76,2024-01-26
mkt_008400,1,364.1,128.0,44.37,13.0,9.0,281.43,2024-01-16
mkt_000219,0,171.24,38.0,16.15,16.0,4.0,99.28,2024-01-19
mkt_006969,1,180.52,140.0,207.02,17.0,9.0,211.41,2024-01-13
mkt_001288,0,294.48,26.0,40.53,16.0,2.0,180.2,2024-01-10
mkt_003163,0,333.84,540.0,14.65,16.0,5.0,248.34,2024-01-15
mkt_004678,1,206.71,31.0,8.56,12.0,9.0,1379.28,2024-01-12
mkt_002618,0,52.19,19.0,8.05,11.0,2.0,42.77,2024-01-09
mkt_003612,0,259.07,153.0,3.31,18.0,8.0,90.97,2024-01-04
mkt_000043,0,41.43,138.0,9.05,13.0,3.0,905.08,2024-01-05
mkt_008094,1,144.32,16.0,5.05,7.0,8.0,34.8,2024-01-22
mkt_008372,1,245.63,30.0,366.88,13.0,3.0,123.39,2024-01-22
mkt_003792,0,569.86,402.0,10.42,16.0,1.0,290.89,2024-01-26
mkt_003571,0,420.25,84.0,40.21,17.0,6.0,124.39,2024-01-05
mkt_009980,1,69.06,57.0,8.32,15.0,6.0,208.97,2024-01-29
mkt_001503,0,115.63,16.0,95.53,17.0,2.0,121.96,2024-01-01
mkt_005556,1,2277.98,52.0,13.95,10.0,2.0,143.41,2024-01-19
mkt_009830,1,438.5,193.0,7.24,10.0,0.0,254.32,2024-01-14
mkt_003439,0,76.63,12.0,33.43,15.0,7.0,133.18,2024-01-25
mkt_001892,0,852.48,2.0,40.82,10.0,9.0,98.99,2024-01-24
mkt_009323,1,172.89,2190.0,52.03,11.0,6.0,699.67,2024-01-05
mkt_005255,1,659.4,246.0,18.14,12.0,0.0,936.68,2024-01-04
mkt_001955,0,137.81,375.0,3.88,8.0,4.0,387.2,2024-01-23
mkt_005167,1,163.65,15.0,41.59,19.0,0.0,128.84,2024-01-23
mkt_004814,1,286.03,892.0,9.71,14.0,5.0,625.84,2024-01-26
mkt_006264,1,106.23,93.0,8.65,10.0,7.0,305.65,2024-01-26
mkt_001505,0,153.43,12.0,11.75,8.0,8.0,449.09,2024-01-05
mkt_000670,0,1901.32,17.0,19.36,12.0,6.0,289.58,2024-01-26
mkt_008907,1,154.39,14.0,46.4,14.0,4.0,25.1,2024-01-19
mkt_007055,1,524.97,18.0,18.05,11.0,9.0,197.9,2024-01-14
mkt_000897,0,235.52,161.0,47.2,14.0,4.0,159.81,2024-01-23
mkt_006178,1,361.47,268.0,92.61,14.0,8.0,258.35,2024-01-14
mkt_002666,0,350.88,29.0,24.01,14.0,1.0,525.02,2024-01-30
mkt_003193,0,407.33,285.0,26.38,18.0,5.0,475.47,2024-01-30
mkt_002890,0,346.14,23.0,15.59,9.0,6.0,61.31,2024-01-04
mkt_007773,1,933.07,518.0,3.39,14.0,5.0,1222.53,2024-01-20
mkt_002621,0,664.2,1026.0,24.42,11.0,1.0,807.67,2024-01-01
mkt_006008,1,745.43,268.0,186.87,7.0,4.0,166.24,2024-01-11
mkt_005956,1,2627.12,922.0,14.15,10.0,8.0,178.79,2024-01-10
mkt_000002,0,61.66,15.0,13.82,7.0,4.0,210.23,2024-01-19
mkt_002370,0,213.15,166.0,12.34,15.0,8.0,250.46,2024-01-04
mkt_007914,1,121.89,38.0,2.54,12.0,9.0,230.68,2024-01-21
mkt_001769,0,666.12,147.0,76.48,20.0,8.0,142.26,2024-01-23
mkt_008506,1,155.93,129.0,31.5,12.0,1.0,259.98,2024-01-01
mkt_006025,1,136.18,10.0,8.83,13.0,4.0,147.48,2024-01-02
mkt_000531,0,44.88,27.0,10.41,11.0,7.0,573.82,2024-01-04
mkt_008724,1,108.21,34.0,32.46,10.0,0.0,267.62,2024-01-02
mkt_008649,1,88.78,265.0,6.21,7.0,3.0,403.89,2024-01-22
mkt_007873,1,317.35,18.0,12.38,17.0,4.0,253.72,2024-01-02
mkt_008890,1,533.09,276.0,46.0,11.0,4.0,457.1,2024-01-08
mkt_003120,0,196.23,63.0,12.34,15.0,6.0,291.64,2024-01-13
mkt_009022,1,71.26,3.0,18.98,6.0,7.0,49.61,2024-01-12
mkt_000731,0,134.22,7.0,59.28,13.0,5.0,362.11,2024-01-17
mkt_003406,0,278.35,27.0,8.62,12.0,0.0,223.22,2024-01-01
mkt_002339,0,187.58,40.0,7.98,11.0,5.0,198.48,2024-01-18
mkt_005967,1,666.13,280.0,117.39,9.0,4.0,1203.52,2024-01-23
mkt_006580,1,197.53,32.0,4.77,10.0,3.0,149.76,2024-01-04
mkt_002565,0,188.63,23.0,31.54,18.0,0.0,154.1,2024-01-12
mkt_007726,1,468.44,181.0,9.95,6.0,2.0,141.62,2024-01-29
mkt_007820,1,164.97,153.0,24.78,14.0,4.0,57.75,2024-01-02
mkt_006713,1,349.51,210.0,21.56,9.0,9.0,493.31,2024-01-05
mkt_006995,1,440.13,186.0,26.97,9.0,4.0,921.74,2024-01-22
mkt_006942,1,184.76,294.0,7.95,13.0,1.0,695.11,2024-01-25
mkt_007794,1,489.18,92.0,6.11,17.0,6.0,344.94,2024-01-11
mkt_008975,1,568.56,339.0,40.54,10.0,5.0,482.97,2024-01-10
mkt_001255,0,500.08,115.0,2.75,10.0,8.0,88.44,2024-01-28
mkt_002104,0,204.4,170.0,29.67,18.0,3.0,128.77,2024-01-25
mkt_006734,1,325.14,21.0,16.29,8.0,3.0,145.35,2024-01-07
mkt_009778,1,94.76,16.0,41.87,10.0,6.0,181.13,2024-01-16
mkt_006224,1,509.06,734.0,77.27,13.0,8.0,256.0,2024-01-10
mkt_009150,1,97.63,21.0,8.71,7.0,0.0,212.15,2024-01-17
mkt_004994,1,115.09,58.0,138.71,12.0,7.0,356.08,2024-01-13
mkt_008969,1,407.24,106.0,3.11,9.0,4.0,1099.96,2024-01-16
mkt_006839,1,335.15,104.0,13.94,9.0,7.0,507.24,2024-01-10
mkt_005057,1,187.84,87.0,11.71,8.0,9.0,310.39,2024-01-01
mkt_005846,1,123.78,217.0,148.34,15.0,4.0,150.7,2024-01-10
mkt_004434,0,947.89,169.0,94.37,11.0,9.0,193.89,2024-01-25
mkt_003484,0,233.19,108.0,32.13,17.0,2.0,530.52,2024-01-27
mkt_009493,1,228.38,91.0,44.48,6.0,1.0,132.63,2024-01-10
mkt_005318,1,180.2,39.0,144.31,6.0,2.0,151.02,2024-01-04
mkt_003816,0,138.62,79.0,4.59,7.0,0.0,66.19,2024-01-29
mkt_005729,1,372.5,260.0,100.85,12.0,2.0,553.67,2024-01-09
mkt_008903,1,379.39,80.0,121.44,13.0,9.0,208.86,2024-01-14
mkt_007840,1,588.58,802.0,59.45,16.0,3.0,408.5,2024-01-19
mkt_009889,1,106.01,26.0,8.29,16.0,6.0,224.44,2024-01-12
mkt_001621,0,331.79,211.0,22.37,12.0,4.0,353.33,2024-01-09
mkt_009423,1,643.36,104.0,15.52,12.0,4.0,198.32,2024-01-20
mkt_006307,1,339.32,122.0,31.52,13.0,9.0,48.26,2024-01-16
mkt_009304,1,731.05,99.0,112.12,7.0,7.0,260.14,2024-01-20
mkt_008902,1,120.72,16.0,15.18,9.0,5.0,79.32,2024-01-02
mkt_001096,0,30.37,44.0,40.69,10.0,3.0,264.9,2024-01-29
mkt_008057,1,494.54,294.0,16.64,10.0,2.0,84.6,2024-01-28
mkt_009481,1,191.05,9.0,5.76,11.0,8.0,437.89,2024-01-01
mkt_002463,0,280.03,17.0,10.3,14.0,9.0,153.95,2024-01-02
mkt_008289,1,105.96,14.0,48.93,11.0,0.0,1060.6,2024-01-22
mkt_001788,0,191.81,58.0,8.09,25.0,9.0,910.15,2024-01-09
mkt_000250,0,290.36,949.0,39.67,10.0,3.0,1692.59,2024-01-24
mkt_009926,1,31.54,37.0,8.42,8.0,4.0,45.41,2024-01-26
mkt_006191,1,343.35,295.0,20.71,12.0,1.0,151.13,2024-01-13
mkt_009650,1,129.76,278.0,71.43,10.0,5.0,390.85,2024-01-23
mkt_000192,0,75.5,122.0,12.95,12.0,8.0,66.33,2024-01-10
mkt_000820,0,266.6,24.0,2.44,8.0,0.0,77.97,2024-01-22
mkt_009627,1,223.49,116.0,10.02,10.0,8.0,2426.38,2024-01-16
mkt_005714,1,426.76,141.0,11.46,14.0,6.0,273.41,2024-01-10
mkt_007195,1,2116.71,177.0,4.11,12.0,1.0,74.29,2024-01-27
mkt_005715,1,181.53,97.0,7.54,15.0,5.0,217.68,2024-01-17
mkt_004400,0,78.1,14.0,26.24,10.0,2.0,189.25,2024-01-12
mkt_009290,1,353.01,79.0,9.14,14.0,8.0,303.33,2024-01-21
mkt_005388,1,1259.95,177.0,74.01,11.0,5.0,151.35,2024-01-14
mkt_004166,0,281.45,93.0,6.28,10.0,3.0,362.17,2024-01-01
mkt_004951,1,147.61,40.0,17.21,15.0,6.0,359.62,2024-01-30
mkt_002687,0,216.68,107.0,9.06,10.0,3.0,58.75,2024-01-19
mkt_004390,0,300.07,56.0,70.91,11.0,8.0,84.31,2024-01-17
mkt_005860,1,329.34,159.0,20.87,11.0,2.0,978.38,2024-01-12
mkt_005981,1,233.44,22.0,5.56,20.0,7.0,266.84,2024-01-04
mkt_004927,1,2499.62,276.0,5.51,18.0,0.0,2168.42,2024-01-26
mkt_006735,1,141.29,44.0,95.73,13.0,7.0,95.16,2024-01-18
mkt_002607,0,339.1,23.0,4.97,8.0,7.0,181.2,2024-01-08
mkt_007466,1,876.79,196.0,54.1,14.0,0.0,637.05,2024-01-16
mkt_000238,0,650.34,349.0,125.07,10.0,6.0,195.22,2024-01-19
mkt_004015,0,1122.89,59.0,196.04,9.0,7.0,51.85,2024-01-12
mkt_009262,1,736.41,34.0,30.17,12.0,9.0,101.65,2024-01-30
mkt_002977,0,116.01,42.0,1.34,9.0,8.0,88.91,2024-01-23
mkt_005712,1,160.52,259.0,6.84,11.0,5.0,138.37,2024-01-03
mkt_009856,1,113.65,28.0,21.6,6.0,5.0,393.09,2024-01-28
mkt_005473,1,57.58,28.0,7.81,11.0,6.0,81.25,2024-01-06
mkt_000945,0,182.5,46.0,16.54,14.0,5.0,184.86,2024-01-17
mkt_008251,1,783.36,130.0,4.66,19.0,1.0,410.16,2024-01-26
mkt_007681,1,142.55,116.0,11.39,19.0,0.0,52.45,2024-01-22
mkt_005097,1,456.86,32.0,35.78,8.0,5.0,35.01,2024-01-15
mkt_006805,1,140.76,268.0,1.0,12.0,0.0,95.98,2024-01-17
mkt_005803,1,111.99,31.0,9.81,9.0,3.0,266.24,2024-01-17
mkt_003552,0,301.93,101.0,7.35,13.0,0.0,499.1,2024-01-26
mkt_009969,1,615.34,252.0,53.8,10.0,2.0,895.59,2024-01-25
mkt_003360,0,255.65,22.0,7.12,9.0,9.0,157.97,2024-01-18
mkt_008249,1,72.91,333.0,109.69,8.0,6.0,124.36,2024-01-17
mkt_002410,0,185.73,13.0,18.01,13.0,2.0,96.74,2024-01-15
mkt_004507,1,347.31,32.0,18.63,9.0,3.0,187.75,2024-01-06
mkt_008462,1,373.57,51.0,11.63,19.0,7.0,187.28,2024-01-09
mkt_003982,0,320.17,650.0,1.69,11.0,7.0,1793.49,2024-01-09
mkt_000146,0,43.56,138.0,8.6,12.0,9.0,152.88,2024-01-12
mkt_006648,1,596.33,190.0,45.76,10.0,0.0,255.84,2024-01-11
mkt_002294,0,118.48,346.0,18.18,6.0,5.0,148.1,2024-01-26
mkt_002253,0,759.07,76.0,15.9,10.0,2.0,69.9,2024-01-28
mkt_003611,0,565.84,1358.0,10.6,17.0,3.0,1206.29,2024-01-02
mkt_005353,1,1609.62,250.0,19.07,12.0,1.0,81.33,2024-01-04
mkt_001736,0,4374.74,14.0,24.63,13.0,6.0,116.37,2024-01-25
mkt_007915,1,593.42,170.0,1.89,10.0,4.0,87.6,2024-01-26
mkt_007659,1,247.21,424.0,13.04,9.0,8.0,406.47,2024-01-06
mkt_000114,0,707.92,47.0,37.23,14.0,1.0,100.13,2024-01-03
mkt_008860,1,48.77,235.0,65.67,8.0,0.0,362.21,2024-01-29
mkt_005649,1,233.87,24.0,48.1,10.0,2.0,474.61,2024-01-21
mkt_009844,1,4062.64,210.0,29.56,13.0,8.0,282.41,2024-01-24
mkt_000498,0,796.95,91.0,10.19,15.0,0.0,162.08,2024-01-17
mkt_007822,1,207.43,192.0,51.38,13.0,6.0,316.2,2024-01-23
mkt_000720,0,241.76,413.0,42.1,14.0,4.0,439.2,2024-01-28
mkt_007258,1,124.88,513.0,17.13,9.0,1.0,109.66,2024-01-12
mkt_008843,1,898.15,558.0,85.82,15.0,3.0,682.95,2024-01-11
mkt_005730,1,1189.42,142.0,21.03,8.0,3.0,291.52,2024-01-18
mkt_003089,0,387.81,49.0,47.06,13.0,0.0,233.93,2024-01-11
mkt_007226,1,714.71,84.0,40.26,13.0,0.0,187.02,2024-01-07
mkt_007306,1,351.64,193.0,13.95,21.0,7.0,574.27,2024-01-23
mkt_006508,1,2608.13,69.0,18.29,12.0,5.0,263.03,2024-01-20
mkt_000596,0,366.86,170.0,3.82,12.0,8.0,880.19,2024-01-01
mkt_009092,1,279.78,132.0,48.53,7.0,4.0,643.41,2024-01-24
mkt_006095,1,164.02,62.0,191.93,14.0,8.0,191.15,2024-01-22
mkt_006053,1,150.14,183.0,11.0,8.0,4.0,512.15,2024-01-19
mkt_005164,1,448.86,54.0,30.53,17.0,7.0,246.78,2024-01-12
mkt_001647,0,752.64,104.0,35.7,8.0,7.0,89.91,2024-01-28
mkt_008167,1,78.16,13.0,28.23,13.0,5.0,66.26,2024-01-25
mkt_006920,1,59.71,253.0,23.46,14.0,6.0,149.56,2024-01-11
mkt_002700,0,972.65,92.0,55.71,11.0,0.0,65.61,2024-01-11
mkt_008203,1,302.52,28.0,8.41,12.0,8.0,45.54,2024-01-14
mkt_001700,0,786.08,302.0,46.17,12.0,6.0,253.24,2024-01-21
mkt_008943,1,219.77,105.0,186.71,13.0,3.0,238.06,2024-01-28
mkt_005404,1,364.47,46.0,5.72,11.0,8.0,909.65,2024-01-10
mkt_007219,1,579.87,145.0,7.88,14.0,1.0,42.68,2024-01-16
mkt_007502,1,223.22,58.0,37.72,21.0,9.0,319.82,2024-01-27
mkt_002942,0,785.57,449.0,14.33,8.0,0.0,360.55,2024-01-29
mkt_006301,1,182.42,54.0,23.68,13.0,9.0,187.13,2024-01-04
mkt_000086,0,222.79,160.0,69.34,10.0,1.0,224.99,2024-01-17
mkt_002308,0,3132.77,413.0,32.69,14.0,6.0,356.44,2024-01-14
mkt_002677,0,387.88,25.0,15.93,8.0,1.0,111.87,2024-01-27
mkt_008216,1,240.74,85.0,91.42,8.0,6.0,237.77,2024-01-05
mkt_007729,1,800.95,225.0,120.33,14.0,7.0,426.85,2024-01-30
mkt_002594,0,363.59,952.0,16.32,15.0,9.0,785.31,2024-01-18
mkt_005884,1,287.2,84.0,6.87,12.0,3.0,292.27,2024-01-28
mkt_001029,0,247.05,1626.0,14.64,10.0,5.0,259.63,2024-01-04
mkt_000136,0,606.36,186.0,14.69,12.0,6.0,208.49,2024-01-12
mkt_006831,1,593.95,70.0,48.92,14.0,1.0,335.01,2024-01-28
mkt_007814,1,375.3,256.0,41.03,13.0,9.0,367.65,2024-01-13
mkt_002854,0,938.66,157.0,81.11,11.0,7.0,657.47,2024-01-05
mkt_004409,0,178.73,83.0,24.31,13.0,6.0,265.59,2024-01-09
mkt_001200,0,1189.77,87.0,13.88,16.0,3.0,498.05,2024-01-24
mkt_004717,1,407.33,117.0,4.56,10.0,3.0,73.15,2024-01-25
mkt_009517,1,111.03,37.0,13.04,21.0,5.0,316.07,2024-01-08
mkt_006594,1,609.16,12.0,10.92,13.0,1.0,15.36,2024-01-27
mkt_000566,0,1280.74,196.0,13.64,10.0,6.0,65.62,2024-01-13
mkt_007328,1,888.56,331.0,48.79,13.0,3.0,415.71,2024-01-06
mkt_005430,1,228.19,200.0,28.16,10.0,7.0,296.46,2024-01-01
mkt_003927,0,813.36,899.0,7.04,11.0,4.0,490.34,2024-01-05
mkt_006055,1,56.51,3.0,18.05,13.0,5.0,87.85,2024-01-17
mkt_007589,1,273.51,129.0,19.61,12.0,1.0,574.43,2024-01-13
mkt_007122,1,230.07,381.0,16.48,10.0,2.0,614.43,2024-01-11
mkt_006572,1,2535.28,535.0,21.48,14.0,6.0,200.38,2024-01-12
mkt_006535,1,847.52,120.0,44.54,14.0,9.0,679.2,2024-01-19
mkt_008913,1,121.84,28.0,26.51,17.0,4.0,409.42,2024-01-22
mkt_008275,1,209.66,298.0,32.95,6.0,2.0,197.76,2024-01-29
mkt_002330,0,176.9,21.0,20.28,14.0,2.0,63.02,2024-01-14
mkt_003515,0,65.3,50.0,3.72,14.0,6.0,323.81,2024-01-06
mkt_002187,0,956.27,12.0,19.66,10.0,4.0,217.41,2024-01-19
mkt_000195,0,139.25,30.0,12.75,8.0,6.0,60.33,2024-01-01
mkt_007257,1,188.94,24.0,105.48,11.0,1.0,109.85,2024-01-03
mkt_005666,1,246.88,1747.0,3.55,11.0,3.0,935.03,2024-01-16
mkt_005059,1,183.13,56.0,25.37,14.0,1.0,236.56,2024-01-29
mkt_000802,0,223.25,90.0,43.54,5.0,2.0,46.55,2024-01-09
mkt_008848,1,633.43,50.0,8.9,9.0,8.0,91.5,2024-01-26
mkt_009928,1,183.8,58.0,40.15,19.0,8.0,144.25,2024-01-24
mkt_002068,0,698.08,173.0,59.43,16.0,4.0,86.8,2024-01-02
mkt_009082,1,789.1,582.0,4.19,22.0,3.0,218.46,2024-01-20
mkt_008744,1,149.31,57.0,198.06,8.0,9.0,40.36,2024-01-05
mkt_000644,0,51.3,59.0,66.34,12.0,0.0,237.07,2024-01-01
mkt_009374,1,407.16,20.0,16.25,20.0,9.0,96.28,2024-01-16
mkt_005103,1,747.35,43.0,38.35,8.0,5.0,135.67,2024-01-26
mkt_005460,1,186.25,78.0,2.62,13.0,7.0,282.87,2024-01-17
mkt_001637,0,611.6,230.0,18.16,12.0,1.0,213.25,2024-01-16
mkt_000120,0,315.34,40.0,8.19,14.0,7.0,253.92,2024-01-12
mkt_002981,0,216.78,150.0,16.51,11.0,4.0,222.0,2024-01-08
mkt_005069,1,3109.91,765.0,3.93,9.0,0.0,384.0,2024-01-14
mkt_003074,0,193.76,18.0,34.68,4.0,5.0,196.83,2024-01-18
mkt_008927,1,74.99,42.0,54.01,13.0,8.0,659.04,2024-01-07
mkt_003278,0,114.63,55.0,10.42,7.0,4.0,434.11,2024-01-05
mkt_002135,0,910.01,78.0,39.63,8.0,3.0,196.41,2024-01-24
mkt_008941,1,1335.36,218.0,14.22,9.0,9.0,103.12,2024-01-25
mkt_004970,1,268.04,195.0,137.08,6.0,8.0,121.79,2024-01-11
mkt_006195,1,83.18,36.0,56.48,14.0,0.0,88.91,2024-01-16
mkt_000134,0,371.74,47.0,11.39,8.0,0.0,155.91,2024-01-08
mkt_007731,1,286.72,8.0,5.86,20.0,8.0,236.83,2024-01-09
mkt_005324,1,228.45,57.0,27.21,11.0,3.0,582.35,2024-01-14
mkt_009640,1,443.11,172.0,37.05,13.0,6.0,133.09,2024-01-18
mkt_006160,1,191.33,219.0,26.32,10.0,8.0,69.53,2024-01-10
mkt_002559,0,161.55,20.0,13.76,8.0,9.0,327.6,2024-01-23
mkt_000062,0,864.97,48.0,41.86,16.0,3.0,222.48,2024-01-07
mkt_001358,0,72.94,27.0,16.46,4.0,6.0,368.82,2024-01-15
mkt_006725,1,104.23,320.0,139.33,15.0,9.0,1181.84,2024-01-27
mkt_002467,0,186.08,16.0,10.89,6.0,0.0,99.53,2024-01-26
mkt_000679,0,58.36,891.0,46.51,9.0,4.0,352.82,2024-01-11
mkt_006797,1,75.52,162.0,13.06,15.0,0.0,308.77,2024-01-08
mkt_000741,0,171.75,771.0,8.79,10.0,1.0,382.88,2024-01-24
mkt_005307,1,204.32,166.0,7.81,17.0,9.0,419.7,2024-01-23
mkt_007627,1,1587.1,97.0,95.16,10.0,5.0,801.39,2024-01-11
mkt_003641,0,161.83,9.0,41.74,5.0,5.0,96.73,2024-01-01
mkt_000444,0,202.03,349.0,27.83,10.0,6.0,247.26,2024-01-03
mkt_008140,1,177.03,296.0,6.87,20.0,1.0,1324.38,2024-01-08
mkt_003258,0,1506.44,589.0,4.24,15.0,5.0,246.39,2024-01-21
mkt_004663,1,378.6,75.0,18.42,15.0,1.0,651.55,2024-01-16
mkt_001873,0,2680.28,393.0,11.31,15.0,9.0,192.93,2024-01-05
mkt_006366,1,336.03,206.0,92.45,9.0,9.0,88.4,2024-01-27
mkt_002596,0,245.51,28.0,35.4,10.0,3.0,72.6,2024-01-30
mkt_001717,0,434.93,45.0,35.89,10.0,2.0,66.46,2024-01-25
mkt_002912,0,259.53,5.0,8.84,14.0,2.0,51.34,2024-01-23
mkt_002843,0,415.12,107.0,59.81,12.0,0.0,81.84,2024-01-21
mkt_004027,0,152.99,16.0,4.11,8.0,1.0,309.6,2024-01-02
mkt_005488,1,188.55,84.0,18.53,4.0,3.0,578.47,2024-01-25
mkt_008634,1,534.97,1395.0,19.19,10.0,1.0,2179.61,2024-01-06
mkt_008037,1,1149.56,138.0,23.49,10.0,5.0,106.77,2024-01-29
mkt_009232,1,111.05,98.0,3.91,13.0,6.0,158.17,2024-01-25
mkt_000489,0,622.77,32.0,13.91,15.0,9.0,180.54,2024-01-19
mkt_000493,0,354.07,45.0,14.05,15.0,9.0,16.87,2024-01-30
mkt_000690,0,46.88,55.0,23.27,6.0,6.0,230.49,2024-01-03
mkt_003821,0,341.51,261.0,51.06,7.0,9.0,46.6,2024-01-09
mkt_000602,0,419.94,13.0,38.79,15.0,8.0,365.71,2024-01-03
mkt_001911,0,300.37,654.0,11.48,16.0,7.0,238.45,2024-01-13
mkt_001014,0,358.41,407.0,16.38,8.0,3.0,751.97,2024-01-30
mkt_006156,1,1829.48,355.0,19.36,12.0,9.0,448.15,2024-01-27
mkt_001993,0,153.47,174.0,11.22,9.0,0.0,1103.91,2024-01-28
mkt_005769,1,278.68,298.0,65.3,17.0,7.0,368.99,2024-01-08
mkt_003757,0,316.35,400.0,8.67,9.0,0.0,516.35,2024-01-22
mkt_002366,0,831.25,177.0,16.96,11.0,9.0,101.94,2024-01-22
mkt_005283,1,242.09,247.0,9.52,12.0,9.0,161.4,2024-01-25
mkt_004370,0,2162.46,198.0,84.25,12.0,9.0,300.87,2024-01-17
mkt_006883,1,288.27,237.0,29.03,15.0,4.0,751.61,2024-01-24
mkt_007011,1,308.79,22.0,4.03,18.0,8.0,145.3,2024-01-09
mkt_001361,0,931.02,647.0,34.4,9.0,9.0,869.95,2024-01-18
mkt_008461,1,506.51,784.0,15.52,16.0,6.0,221.0,2024-01-26
mkt_001526,0,425.73,99.0,45.85,13.0,7.0,1555.51,2024-01-12
mkt_001327,0,98.57,7.0,7.2,13.0,4.0,62.46,2024-01-27
mkt_008507,1,345.9,139.0,30.79,7.0,5.0,139.83,2024-01-02
mkt_009031,1,1916.91,312.0,35.91,14.0,8.0,465.96,2024-01-23
mkt_001551,0,94.01,181.0,38.46,9.0,6.0,562.15,2024-01-26
mkt_007769,1,570.7,1688.0,6.15,14.0,1.0,253.42,2024-01-03
mkt_009908,1,201.64,19.0,84.33,13.0,5.0,144.61,2024-01-19
mkt_001337,0,489.2,137.0,13.64,10.0,6.0,351.77,2024-01-16
mkt_003901,0,294.17,54.0,26.22,15.0,0.0,289.63,2024-01-10
mkt_003010,0,264.08,50.0,7.6,14.0,7.0,87.11,2024-01-01
mkt_005041,1,139.55,808.0,17.72,11.0,9.0,338.6,2024-01-25
mkt_008825,1,830.13,1374.0,39.09,17.0,6.0,383.75,2024-01-23
mkt_002250,0,329.4,150.0,12.47,9.0,6.0,201.99,2024-01-25
mkt_006533,1,1522.34,645.0,83.01,8.0,5.0,158.74,2024-01-26
mkt_005039,1,207.68,64.0,10.25,11.0,7.0,293.39,2024-01-06
mkt_002346,0,180.56,118.0,12.54,17.0,4.0,249.16,2024-01-18
mkt_009282,1,5620.29,391.0,22.35,12.0,5.0,157.24,2024-01-13
mkt_005485,1,3043.66,56.0,6.28,11.0,3.0,223.18,2024-01-12
mkt_002784,0,649.82,365.0,4.98,11.0,5.0,584.3,2024-01-13
mkt_005119,1,308.42,64.0,9.3,15.0,4.0,780.32,2024-01-09
mkt_007550,1,571.93,2190.0,1.68,10.0,0.0,757.08,2024-01-03
mkt_005555,1,56.15,170.0,3.8,7.0,2.0,156.14,2024-01-05
mkt_005599,1,73.46,15.0,13.82,17.0,4.0,89.44,2024-01-25
mkt_007630,1,143.57,12.0,12.71,12.0,6.0,36.97,2024-01-30
mkt_000150,0,148.24,38.0,13.49,13.0,9.0,164.83,2024-01-19
mkt_002804,0,865.51,704.0,62.66,17.0,4.0,515.28,2024-01-18
mkt_005874,1,3548.45,86.0,51.2,17.0,3.0,186.72,2024-01-17
mkt_002086,0,1759.2,183.0,38.37,13.0,0.0,475.9,2024-01-29
mkt_003751,0,123.54,7.0,11.87,13.0,0.0,128.28,2024-01-10
mkt_005612,1,192.22,217.0,8.19,12.0,9.0,417.97,2024-01-16
mkt_002259,0,331.53,28.0,7.36,13.0,8.0,416.54,2024-01-18
mkt_004017,0,7305.15,210.0,4.67,16.0,8.0,180.51,2024-01-19
mkt_006113,1,117.47,110.0,7.54,10.0,7.0,114.01,2024-01-01
mkt_006058,1,368.62,33.0,100.19,13.0,0.0,24.24,2024-01-25
mkt_002424,0,813.54,387.0,4.47,12.0,2.0,258.43,2024-01-12
mkt_008034,1,426.15,368.0,19.06,6.0,9.0,268.11,2024-01-30
mkt_003856,0,112.99,322.0,6.97,11.0,1.0,1990.14,2024-01-26
mkt_000859,0,270.03,152.0,4.84,6.0,8.0,86.62,2024-01-16
mkt_008170,1,744.32,242.0,108.54,13.0,4.0,143.41,2024-01-26
mkt_007591,1,172.82,21.0,39.61,9.0,0.0,293.02,2024-01-01
mkt_008097,1,673.04,304.0,87.39,12.0,7.0,268.75,2024-01-08
mkt_007320,1,666.03,624.0,46.43,16.0,0.0,1606.75,2024-01-22
mkt_008563,1,137.39,55.0,28.3,9.0,8.0,921.45,2024-01-04
mkt_004739,1,202.5,32.0,4.99,8.0,6.0,79.46,2024-01-05
mkt_008594,1,439.19,80.0,6.86,13.0,1.0,117.32,2024-01-18
mkt_004462,0,167.97,25.0,38.93,14.0,1.0,68.11,2024-01-22
mkt_005528,1,95.03,243.0,5.27,5.0,8.0,110.68,2024-01-30
mkt_001364,0,8106.01,125.0,25.47,16.0,6.0,967.52,2024-01-28
mkt_001779,0,415.4,58.0,17.88,12.0,9.0,208.35,2024-01-25
mkt_009221,1,145.37,266.0,4.78,12.0,1.0,917.35,2024-01-21
mkt_004785,1,728.29,66.0,18.61,10.0,8.0,128.03,2024-01-22
mkt_006334,1,423.97,97.0,20.43,10.0,5.0,264.63,2024-01-16
mkt_001818,0,1600.25,253.0,347.31,9.0,7.0,675.41,2024-01-02
mkt_007799,1,946.02,361.0,11.03,13.0,2.0,1528.69,2024-01-17
mkt_004937,1,174.48,307.0,9.73,12.0,0.0,335.16,2024-01-09
mkt_002704,0,195.77,275.0,13.99,9.0,5.0,83.09,2024-01-22
mkt_005285,1,1151.05,105.0,11.92,12.0,4.0,1001.42,2024-01-13
mkt_000175,0,417.07,19.0,123.62,9.0,0.0,32.0,2024-01-02
mkt_007481,1,528.02,79.0,19.25,23.0,6.0,79.61,2024-01-08
mkt_002093,0,938.88,279.0,8.21,5.0,3.0,596.46,2024-01-24
mkt_008750,1,291.65,75.0,20.27,9.0,1.0,557.06,2024-01-01
mkt_003491,0,536.6,297.0,45.45,10.0,9.0,223.31,2024-01-24
mkt_001920,0,172.52,9.0,17.43,13.0,0.0,174.27,2024-01-23
mkt_000082,0,66.13,57.0,51.79,12.0,8.0,175.83,2024-01-16
mkt_000816,0,568.01,212.0,5.58,13.0,0.0,340.05,2024-01-12
mkt_008601,1,208.69,74.0,12.05,10.0,6.0,89.96,2024-01-26
mkt_007354,1,279.02,135.0,26.06,18.0,4.0,121.97,2024-01-02
mkt_004396,0,104.25,83.0,27.94,5.0,9.0,166.1,2024-01-30
mkt_009181,1,895.79,50.0,45.68,9.0,9.0,155.14,2024-01-02
mkt_005568,1,970.57,199.0,12.54,12.0,6.0,43.12,2024-01-19
mkt_000283,0,137.37,281.0,46.87,7.0,3.0,386.07,2024-01-29
mkt_004120,0,5942.27,214.0,19.41,10.0,9.0,265.65,2024-01-01
mkt_007480,1,85.36,3.0,5.52,17.0,2.0,34.73,2024-01-02
mkt_000609,0,274.96,108.0,6.8,7.0,2.0,107.67,2024-01-05
mkt_002915,0,158.37,119.0,6.29,10.0,0.0,616.86,2024-01-17
mkt_001813,0,3869.81,44.0,40.25,14.0,8.0,728.32,2024-01-25
mkt_001271,0,604.6,1000.0,14.87,13.0,6.0,949.04,2024-01-04
mkt_005924,1,530.43,178.0,21.14,9.0,1.0,147.46,2024-01-01
mkt_009595,1,152.63,108.0,10.04,10.0,1.0,181.79,2024-01-03
mkt_002994,0,260.12,43.0,33.01,13.0,3.0,46.59,2024-01-02
mkt_007109,1,958.74,213.0,18.78,13.0,4.0,370.74,2024-01-06
mkt_008613,1,110.67,80.0,25.96,9.0,9.0,380.69,2024-01-02
mkt_007356,1,414.43,55.0,12.78,8.0,8.0,477.73,2024-01-16
mkt_002642,0,76.25,23.0,7.04,11.0,8.0,34.54,2024-01-14
mkt_006553,1,443.48,174.0,16.99,6.0,6.0,155.04,2024-01-30
mkt_004508,1,131.96,25.0,86.77,12.0,8.0,187.89,2024-01-02
mkt_002305,0,158.58,67.0,149.03,13.0,9.0,120.05,2024-01-28
mkt_006502,1,319.35,915.0,4.17,16.0,4.0,224.43,2024-01-30
mkt_006260,1,352.31,132.0,31.72,8.0,3.0,109.66,2024-01-12
mkt_004195,0,207.75,234.0,107.9,13.0,0.0,242.49,2024-01-01
mkt_005562,1,51.32,37.0,5.06,12.0,3.0,95.2,2024-01-20
mkt_004840,1,163.11,151.0,5.67,16.0,6.0,497.53,2024-01-12
mkt_004655,1,644.38,566.0,34.24,12.0,6.0,627.07,2024-01-04
mkt_008147,1,367.96,170.0,14.56,9.0,9.0,438.88,2024-01-05
mkt_004168,0,172.27,57.0,7.21,8.0,5.0,122.1,2024-01-14
mkt_003849,0,143.52,166.0,35.6,12.0,5.0,325.82,2024-01-11
mkt_009847,1,45.22,13.0,9.38,6.0,2.0,793.83,2024-01-06
mkt_008401,1,82.6,58.0,52.73,9.0,2.0,378.88,2024-01-11
mkt_005253,1,231.37,202.0,10.26,16.0,2.0,292.56,2024-01-29
mkt_007884,1,97.1,75.0,9.4,16.0,7.0,818.7,2024-01-01
mkt_005533,1,117.07,42.0,8.29,19.0,1.0,246.44,2024-01-04
mkt_002414,0,2411.17,166.0,16.72,11.0,7.0,295.84,2024-01-10
mkt_003554,0,118.36,106.0,106.7,9.0,5.0,1027.02,2024-01-11
mkt_004691,1,397.59,208.0,41.27,13.0,9.0,122.34,2024-01-23
mkt_004498,0,439.94,20.0,71.41,9.0,4.0,738.32,2024-01-29
mkt_002195,0,199.64,202.0,53.92,14.0,2.0,222.28,2024-01-01
mkt_005045,1,247.73,49.0,5.88,10.0,7.0,119.72,2024-01-20
mkt_002600,0,124.26,97.0,69.94,11.0,4.0,87.15,2024-01-28
mkt_001518,0,189.56,131.0,46.39,13.0,3.0,419.17,2024-01-21
mkt_004764,1,493.06,242.0,24.31,13.0,4.0,282.18,2024-01-10
mkt_004314,0,287.99,202.0,2.9,10.0,5.0,824.74,2024-01-19
mkt_003366,0,187.92,43.0,36.38,12.0,4.0,551.49,2024-01-05
mkt_006065,1,394.56,696.0,73.88,13.0,0.0,159.04,2024-01-26
mkt_006582,1,171.74,49.0,14.44,8.0,1.0,251.83,2024-01-19
mkt_002633,0,816.64,11.0,4.27,23.0,6.0,71.03,2024-01-09
mkt_007337,1,129.18,106.0,12.17,11.0,9.0,773.7,2024-01-22
mkt_005633,1,86.58,51.0,3.65,20.0,0.0,119.11,2024-01-05
mkt_009168,1,165.19,40.0,17.47,10.0,5.0,405.32,2024-01-17
mkt_008789,1,537.63,949.0,15.78,16.0,6.0,98.75,2024-01-27
mkt_002434,0,656.26,66.0,104.78,8.0,4.0,92.23,2024-01-29
mkt_008277,1,287.59,297.0,40.1,15.0,7.0,2823.0,2024-01-07
mkt_006758,1,294.11,18.0,5.96,9.0,9.0,68.45,2024-01-12
mkt_006611,1,1283.71,1881.0,4.5,8.0,2.0,195.51,2024-01-15
mkt_004520,1,142.87,56.0,5.79,8.0,3.0,127.8,2024-01-24
mkt_005587,1,118.17,12.0,8.83,12.0,4.0,209.09,2024-01-04
mkt_003545,0,277.52,36.0,201.84,11.0,4.0,439.59,2024-01-21
mkt_005965,1,511.45,1160.0,18.7,15.0,5.0,257.57,2024-01-05
mkt_005992,1,115.8,55.0,20.85,17.0,2.0,382.07,2024-01-17
mkt_008805,1,166.0,1017.0,24.49,10.0,2.0,962.76,2024-01-25
mkt_005531,1,817.82,63.0,46.26,13.0,7.0,124.07,2024-01-02
mkt_005444,1,908.06,1663.0,117.77,16.0,5.0,195.9,2024-01-15
mkt_000517,0,400.23,20.0,5.05,9.0,3.0,219.73,2024-01-26
mkt_006110,1,1061.75,313.0,9.05,9.0,8.0,354.98,2024-01-18
mkt_006864,1,172.07,54.0,13.69,11.0,3.0,521.34,2024-01-05
mkt_007960,1,158.23,2190.0,24.79,12.0,2.0,418.89,2024-01-27
mkt_001415,0,321.45,39.0,32.94,6.0,8.0,423.7,2024-01-11
mkt_004664,1,337.47,32.0,71.4,11.0,2.0,157.9,2024-01-04
mkt_004456,0,135.18,60.0,7.8,11.0,7.0,105.81,2024-01-24
mkt_002761,0,365.48,72.0,21.71,12.0,7.0,118.0,2024-01-05
mkt_004855,1,42.61,88.0,22.45,6.0,6.0,219.28,2024-01-15
mkt_000127,0,147.09,38.0,15.56,10.0,5.0,71.58,2024-01-27
mkt_003474,0,260.43,195.0,26.51,11.0,0.0,342.88,2024-01-05
mkt_007969,1,361.36,213.0,29.21,15.0,9.0,291.43,2024-01-05
mkt_004310,0,119.37,27.0,35.1,11.0,4.0,153.35,2024-01-12
mkt_002438,0,594.47,135.0,4.38,11.0,9.0,91.13,2024-01-11
mkt_003765,0,249.74,7.0,5.47,10.0,2.0,148.22,2024-01-30
mkt_006876,1,411.51,229.0,60.05,9.0,9.0,130.67,2024-01-27
mkt_005896,1,90.2,24.0,60.61,9.0,3.0,163.47,2024-01-28
mkt_005840,1,892.97,150.0,53.09,13.0,3.0,240.28,2024-01-24
mkt_008842,1,347.58,81.0,4.86,15.0,1.0,238.86,2024-01-14
mkt_009770,1,180.46,283.0,11.45,13.0,7.0,307.15,2024-01-01
mkt_001473,0,656.42,214.0,20.61,14.0,0.0,163.67,2024-01-05
mkt_004821,1,1269.93,496.0,79.16,11.0,6.0,315.4,2024-01-11
mkt_006915,1,72.49,49.0,41.81,9.0,2.0,149.69,2024-01-05
mkt_003560,0,136.29,151.0,27.79,10.0,4.0,204.5,2024-01-09
mkt_003951,0,181.85,128.0,60.26,15.0,4.0,268.19,2024-01-15
mkt_000049,0,92.72,51.0,7.65,8.0,5.0,331.14,2024-01-05
mkt_005437,1,731.92,231.0,20.56,9.0,9.0,746.83,2024-01-12
mkt_009897,1,209.16,96.0,7.39,15.0,1.0,219.04,2024-01-03
mkt_000887,0,285.11,302.0,19.67,9.0,4.0,834.42,2024-01-20
mkt_002616,0,968.34,114.0,154.42,18.0,5.0,91.05,2024-01-10
mkt_000516,0,2001.98,409.0,24.12,17.0,0.0,1176.53,2024-01-03
mkt_003168,0,359.23,9.0,330.48,13.0,0.0,40.58,2024-01-18
mkt_002949,0,130.86,13.0,32.41,13.0,1.0,97.68,2024-01-28
mkt_001424,0,97.48,16.0,9.7,5.0,8.0,41.17,2024-01-03
mkt_000139,0,99.22,25.0,32.48,12.0,6.0,145.93,2024-01-19
mkt_001924,0,251.47,89.0,24.3,15.0,2.0,81.79,2024-01-24
mkt_002378,0,315.34,1213.0,17.8,9.0,5.0,454.94,2024-01-29
mkt_003197,0,128.01,57.0,10.83,10.0,3.0,120.0,2024-01-16
mkt_005131,1,168.99,21.0,45.56,9.0,6.0,227.54,2024-01-11
mkt_000112,0,49.79,61.0,18.78,16.0,1.0,30.91,2024-01-23
mkt_004559,1,1803.55,2190.0,9.1,11.0,6.0,1080.32,2024-01-02
mkt_004595,1,374.81,133.0,33.32,11.0,7.0,265.25,2024-01-15
mkt_007997,1,222.6,24.0,17.38,10.0,4.0,98.9,2024-01-12
mkt_003250,0,129.36,228.0,13.86,16.0,0.0,314.34,2024-01-23
mkt_004690,1,591.77,445.0,57.46,15.0,1.0,296.94,2024-01-01
mkt_008115,1,737.51,211.0,37.73,15.0,5.0,189.45,2024-01-08
mkt_007767,1,141.42,92.0,75.1,12.0,6.0,143.9,2024-01-16
mkt_004546,1,159.9,66.0,12.05,12.0,4.0,302.84,2024-01-01
mkt_007084,1,179.66,82.0,78.15,9.0,4.0,183.42,2024-01-30
mkt_003277,0,735.34,58.0,15.57,14.0,1.0,108.08,2024-01-05
mkt_007542,1,468.74,134.0,78.04,13.0,6.0,390.49,2024-01-22
mkt_006593,1,121.31,7.0,8.16,16.0,5.0,384.83,2024-01-30
mkt_004068,0,902.45,184.0,11.11,9.0,8.0,183.12,2024-01-16
mkt_004408,0,53.23,9.0,28.34,10.0,7.0,34.14,2024-01-15
mkt_008644,1,149.9,147.0,32.6,9.0,9.0,159.32,2024-01-26
mkt_008588,1,514.77,96.0,47.12,13.0,4.0,223.48,2024-01-02
mkt_007384,1,510.06,96.0,95.56,16.0,2.0,516.18,2024-01-14
mkt_003222,0,140.7,42.0,39.81,9.0,5.0,623.66,2024-01-22
mkt_008210,1,270.99,134.0,19.88,10.0,5.0,114.94,2024-01-19
mkt_000451,0,157.82,25.0,21.79,10.0,3.0,69.84,2024-01-27
mkt_003731,0,402.51,182.0,4.08,7.0,1.0,73.56,2024-01-06
mkt_008953,1,277.89,49.0,12.43,13.0,0.0,256.29,2024-01-18
mkt_004986,1,160.41,154.0,103.14,7.0,2.0,99.85,2024-01-30
mkt_003663,0,1921.46,184.0,133.62,13.0,8.0,603.25,2024-01-13
mkt_002763,0,177.9,84.0,59.87,12.0,7.0,493.87,2024-01-11
mkt_000658,0,1370.79,32.0,31.12,10.0,4.0,352.2,2024-01-05
mkt_007678,1,45.51,12.0,13.36,12.0,0.0,55.65,2024-01-08
mkt_007676,1,588.12,129.0,10.88,11.0,5.0,116.18,2024-01-24
mkt_004620,1,768.87,499.0,54.38,10.0,6.0,367.32,2024-01-29
mkt_000999,0,423.83,604.0,8.02,16.0,8.0,343.71,2024-01-25
mkt_000389,0,51.48,21.0,70.01,11.0,7.0,493.91,2024-01-07
mkt_003407,0,791.5,148.0,100.36,22.0,3.0,169.22,2024-01-01
mkt_001476,0,268.15,32.0,20.78,11.0,6.0,182.49,2024-01-15
mkt_002240,0,565.15,74.0,29.16,15.0,2.0,965.4,2024-01-07
mkt_002386,0,120.15,498.0,33.76,12.0,5.0,942.56,2024-01-02
mkt_009139,1,197.83,68.0,45.59,17.0,3.0,278.0,2024-01-01
mkt_000992,0,267.14,15.0,77.75,12.0,4.0,174.49,2024-01-11
mkt_004997,1,695.71,138.0,5.84,18.0,4.0,126.98,2024-01-05
mkt_003922,0,124.07,35.0,1.56,13.0,3.0,148.86,2024-01-03
mkt_002972,0,182.53,219.0,19.96,9.0,8.0,186.61,2024-01-25
mkt_003386,0,457.77,36.0,5.74,12.0,8.0,137.05,2024-01-05
mkt_007885,1,516.71,655.0,84.52,12.0,5.0,1482.09,2024-01-18
mkt_008812,1,32.81,18.0,23.71,12.0,6.0,102.55,2024-01-14
mkt_004769,1,162.14,81.0,9.03,13.0,3.0,962.75,2024-01-30
mkt_001293,0,71.69,12.0,6.86,14.0,7.0,177.55,2024-01-24
mkt_001824,0,630.06,41.0,131.54,13.0,1.0,243.83,2024-01-04
mkt_002873,0,337.12,50.0,16.39,13.0,4.0,99.86,2024-01-16
mkt_004173,0,137.84,49.0,81.77,6.0,0.0,128.66,2024-01-02
mkt_002535,0,135.04,25.0,24.49,10.0,6.0,24.53,2024-01-17
mkt_009132,1,265.51,229.0,46.05,14.0,0.0,413.75,2024-01-11
mkt_001907,0,745.4,364.0,72.76,14.0,1.0,138.94,2024-01-26
mkt_000042,0,143.71,264.0,10.33,15.0,3.0,731.72,2024-01-16
mkt_009491,1,71.45,70.0,4.84,6.0,0.0,158.2,2024-01-12
mkt_000368,0,381.02,217.0,26.99,13.0,9.0,301.96,2024-01-12
mkt_001151,0,124.64,22.0,15.55,11.0,4.0,413.68,2024-01-20
mkt_007752,1,687.64,339.0,39.6,13.0,3.0,344.85,2024-01-07
mkt_006358,1,379.78,80.0,54.35,5.0,2.0,495.08,2024-01-04
mkt_005912,1,117.06,7.0,7.81,9.0,4.0,49.53,2024-01-26
mkt_006507,1,128.33,25.0,3.51,12.0,4.0,306.91,2024-01-14
mkt_007525,1,392.53,64.0,33.87,12.0,8.0,337.26,2024-01-16
mkt_004160,0,390.85,71.0,22.35,12.0,7.0,139.72,2024-01-14
mkt_004287,0,935.63,278.0,175.59,10.0,1.0,950.6,2024-01-30
mkt_007775,1,664.58,128.0,57.11,12.0,6.0,326.12,2024-01-09
mkt_006714,1,167.92,88.0,195.9,15.0,9.0,194.55,2024-01-21
mkt_000174,0,375.35,18.0,8.61,11.0,5.0,88.39,2024-01-17
mkt_001903,0,2757.01,488.0,58.57,15.0,5.0,653.98,2024-01-11
mkt_001099,0,29.51,28.0,6.8,15.0,4.0,392.16,2024-01-12
mkt_008114,1,1326.31,154.0,62.66,7.0,4.0,91.2,2024-01-04
mkt_003408,0,260.34,22.0,8.09,10.0,0.0,312.6,2024-01-22
mkt_001538,0,153.1,115.0,36.09,12.0,5.0,190.72,2024-01-08
mkt_002292,0,59.52,12.0,13.94,17.0,6.0,151.8,2024-01-28
mkt_009300,1,42.46,40.0,12.39,7.0,7.0,117.0,2024-01-01
mkt_001363,0,250.83,209.0,12.73,13.0,1.0,368.02,2024-01-23
mkt_007188,1,154.51,31.0,9.15,10.0,1.0,218.74,2024-01-25
mkt_006627,1,568.27,58.0,8.78,10.0,9.0,168.4,2024-01-28
mkt_005260,1,433.69,397.0,7.46,15.0,7.0,428.63,2024-01-12
mkt_006815,1,633.67,333.0,302.98,9.0,2.0,671.39,2024-01-11
mkt_009461,1,571.91,837.0,11.11,13.0,8.0,1017.83,2024-01-11
mkt_000680,0,316.11,183.0,13.26,7.0,7.0,558.65,2024-01-15
mkt_009315,1,236.6,64.0,16.37,15.0,5.0,80.71,2024-01-05
mkt_009298,1,620.22,97.0,51.34,7.0,9.0,62.91,2024-01-02
mkt_003664,0,129.61,60.0,69.6,16.0,7.0,173.07,2024-01-03
mkt_001661,0,438.84,211.0,21.76,12.0,7.0,992.45,2024-01-25
mkt_000508,0,624.5,63.0,81.93,8.0,4.0,207.67,2024-01-13
mkt_000166,0,198.86,122.0,9.88,7.0,7.0,614.84,2024-01-05
mkt_005497,1,437.82,244.0,11.43,12.0,3.0,317.68,2024-01-04
mkt_008299,1,186.21,25.0,2.52,13.0,4.0,894.04,2024-01-29
mkt_001006,0,180.45,69.0,6.86,11.0,5.0,148.91,2024-01-20
mkt_009739,1,192.69,27.0,36.06,9.0,5.0,195.18,2024-01-24
mkt_001914,0,479.36,252.0,43.07,16.0,0.0,310.02,2024-01-17
mkt_003494,0,119.05,34.0,18.22,12.0,0.0,44.51,2024-01-17
mkt_009633,1,86.63,231.0,12.22,18.0,1.0,128.4,2024-01-01
mkt_009750,1,253.59,199.0,31.2,14.0,5.0,665.37,2024-01-30
mkt_006444,1,525.53,207.0,48.95,9.0,8.0,290.82,2024-01-15
mkt_004990,1,725.95,51.0,56.43,12.0,0.0,297.58,2024-01-16
mkt_002536,0,1180.73,348.0,250.33,15.0,0.0,244.67,2024-01-02
mkt_001104,0,59.15,105.0,4.52,11.0,2.0,643.28,2024-01-29
mkt_003875,0,135.16,83.0,10.88,12.0,7.0,418.79,2024-01-17
mkt_007523,1,566.88,48.0,19.12,12.0,0.0,492.26,2024-01-05
mkt_001752,0,63.73,29.0,4.29,12.0,7.0,125.87,2024-01-04
mkt_005310,1,513.71,565.0,14.58,10.0,6.0,942.87,2024-01-23
mkt_007296,1,180.9,31.0,41.89,15.0,2.0,125.62,2024-01-21
mkt_002916,0,481.54,310.0,5.23,14.0,8.0,113.72,2024-01-20
mkt_008974,1,603.3,794.0,11.01,12.0,9.0,934.4,2024-01-09
mkt_005754,1,657.31,487.0,32.46,18.0,2.0,167.66,2024-01-15
mkt_000152,0,182.62,5.0,1.76,19.0,6.0,113.03,2024-01-08
mkt_007690,1,207.64,232.0,19.1,15.0,7.0,682.16,2024-01-10
mkt_005679,1,271.54,580.0,6.81,15.0,8.0,127.73,2024-01-22
mkt_003907,0,18.59,16.0,44.15,10.0,9.0,279.42,2024-01-15
mkt_009135,1,102.98,85.0,35.86,6.0,5.0,758.56,2024-01-06
mkt_002552,0,336.57,611.0,8.01,17.0,9.0,324.34,2024-01-13
mkt_002773,0,73.69,8.0,94.6,7.0,7.0,93.42,2024-01-21
mkt_006098,1,804.81,242.0,51.02,12.0,0.0,1086.48,2024-01-10
mkt_003551,0,260.62,77.0,7.8,12.0,2.0,77.8,2024-01-04
mkt_003722,0,628.16,156.0,29.72,9.0,3.0,79.65,2024-01-04
mkt_009870,1,65.83,20.0,29.15,10.0,4.0,95.94,2024-01-30
mkt_000520,0,100.25,22.0,22.4,8.0,7.0,312.71,2024-01-15
mkt_008033,1,61.58,28.0,15.41,10.0,9.0,109.73,2024-01-01
mkt_004538,1,702.89,290.0,106.43,10.0,2.0,984.74,2024-01-02
mkt_006778,1,227.54,44.0,27.61,14.0,8.0,116.6,2024-01-27
mkt_001822,0,164.91,88.0,26.2,5.0,4.0,461.04,2024-01-16
mkt_004086,0,297.71,37.0,26.72,12.0,3.0,112.21,2024-01-12
mkt_006148,1,546.57,122.0,5.0,14.0,4.0,100.13,2024-01-28
mkt_008742,1,74.99,8.0,33.24,14.0,7.0,94.83,2024-01-30
mkt_009472,1,1816.92,85.0,17.89,12.0,7.0,250.87,2024-01-16
mkt_007741,1,89.92,56.0,13.09,14.0,5.0,146.68,2024-01-25
mkt_000309,0,277.32,31.0,11.37,11.0,9.0,385.56,2024-01-19
mkt_007720,1,268.22,79.0,37.74,7.0,6.0,95.47,2024-01-08
mkt_008222,1,101.69,7.0,29.94,10.0,2.0,165.47,2024-01-26
mkt_008656,1,432.46,70.0,49.89,6.0,0.0,507.52,2024-01-02
mkt_003599,0,211.82,23.0,5.65,12.0,8.0,124.39,2024-01-14
mkt_003622,0,2401.38,1742.0,34.85,13.0,6.0,178.91,2024-01-07
mkt_003811,0,84.62,79.0,11.19,12.0,7.0,258.06,2024-01-02
mkt_003450,0,759.17,220.0,32.23,12.0,8.0,220.46,2024-01-13
mkt_004591,1,298.49,194.0,18.74,13.0,2.0,375.18,2024-01-26
mkt_000205,0,215.94,592.0,15.03,11.0,9.0,678.33,2024-01-08
mkt_009840,1,524.08,663.0,57.82,10.0,3.0,171.22,2024-01-19
mkt_001135,0,530.92,248.0,9.34,13.0,6.0,376.04,2024-01-25
mkt_009384,1,7025.91,116.0,29.98,11.0,5.0,77.26,2024-01-22
mkt_002749,0,56.42,51.0,12.47,7.0,0.0,149.42,2024-01-25
mkt_003613,0,209.98,183.0,15.75,8.0,5.0,279.13,2024-01-28
mkt_000305,0,193.57,191.0,74.28,13.0,9.0,464.23,2024-01-01
mkt_001849,0,273.03,118.0,103.31,10.0,9.0,432.25,2024-01-26
mkt_007669,1,72.87,26.0,39.9,9.0,7.0,214.92,2024-01-01
mkt_001988,0,213.29,50.0,45.83,15.0,3.0,327.01,2024-01-13
mkt_003240,0,214.13,401.0,63.86,8.0,5.0,560.72,2024-01-28
mkt_002798,0,337.27,533.0,18.78,8.0,6.0,156.34,2024-01-22
mkt_004515,1,719.66,64.0,26.84,11.0,1.0,572.1,2024-01-21
mkt_005630,1,393.8,243.0,57.29,12.0,8.0,227.39,2024-01-18
mkt_009372,1,171.4,226.0,52.42,10.0,1.0,299.57,2024-01-03
mkt_003109,0,105.54,77.0,40.75,14.0,5.0,66.85,2024-01-19
mkt_004939,1,236.99,27.0,8.48,14.0,5.0,145.07,2024-01-25
mkt_004059,0,477.39,156.0,5.43,8.0,7.0,220.5,2024-01-20
mkt_001987,0,818.36,255.0,66.63,17.0,3.0,63.59,2024-01-22
mkt_007157,1,96.17,13.0,6.52,14.0,3.0,157.43,2024-01-06
mkt_008874,1,453.16,492.0,15.25,11.0,9.0,252.58,2024-01-24
mkt_006613,1,306.76,271.0,55.36,13.0,8.0,222.95,2024-01-12
mkt_000383,0,70.41,62.0,3.82,14.0,5.0,196.73,2024-01-17
mkt_005634,1,1183.56,346.0,25.82,9.0,3.0,662.13,2024-01-22
mkt_004307,0,448.02,144.0,26.88,10.0,7.0,155.68,2024-01-27
mkt_003388,0,451.54,208.0,13.26,14.0,1.0,584.9,2024-01-19
mkt_003156,0,47.38,7.0,33.87,12.0,2.0,223.47,2024-01-03
mkt_009995,1,251.91,249.0,18.94,4.0,2.0,329.21,2024-01-05
mkt_002727,0,670.33,45.0,27.6,8.0,3.0,193.65,2024-01-06
mkt_006333,1,1473.16,64.0,5.95,15.0,5.0,549.11,2024-01-10
mkt_009899,1,705.38,168.0,8.83,12.0,7.0,135.52,2024-01-05
mkt_008751,1,184.53,74.0,4.59,13.0,0.0,525.46,2024-01-10
mkt_008302,1,977.92,896.0,13.75,16.0,0.0,641.53,2024-01-03
mkt_006037,1,718.05,103.0,12.98,12.0,9.0,165.83,2024-01-04
mkt_003832,0,552.98,316.0,88.59,9.0,9.0,361.43,2024-01-23
mkt_008917,1,71.46,136.0,35.36,21.0,5.0,247.99,2024-01-10
mkt_004776,1,687.27,75.0,62.52,10.0,7.0,138.77,2024-01-09
mkt_004276,0,72.65,21.0,20.61,11.0,4.0,184.5,2024-01-20
mkt_000253,0,451.62,16.0,8.64,13.0,4.0,155.85,2024-01-27
mkt_007895,1,1920.44,164.0,56.18,7.0,7.0,102.56,2024-01-09
mkt_009590,1,248.43,214.0,16.69,18.0,9.0,135.91,2024-01-23
mkt_007288,1,190.24,86.0,13.48,16.0,5.0,261.01,2024-01-16
mkt_000278,0,23.11,50.0,101.49,7.0,0.0,561.41,2024-01-08
mkt_003252,0,708.61,179.0,123.84,8.0,0.0,638.16,2024-01-11
mkt_002480,0,208.5,29.0,22.3,21.0,4.0,166.98,2024-01-01
mkt_000289,0,61.21,66.0,25.41,12.0,5.0,422.28,2024-01-24
mkt_006086,1,618.04,109.0,6.61,11.0,6.0,179.12,2024-01-04
mkt_003075,0,86.58,36.0,12.6,9.0,7.0,97.27,2024-01-26
mkt_008123,1,1164.87,261.0,191.17,13.0,8.0,309.53,2024-01-23
mkt_007598,1,700.15,2146.0,49.85,8.0,2.0,823.16,2024-01-11
mkt_006403,1,469.87,124.0,37.21,13.0,6.0,259.91,2024-01-25
mkt_005089,1,378.31,670.0,151.31,12.0,8.0,454.88,2024-01-08
mkt_007283,1,932.18,331.0,4.67,12.0,2.0,134.74,2024-01-21
mkt_009717,1,367.22,86.0,42.36,12.0,5.0,312.2,2024-01-12
mkt_008402,1,448.4,94.0,5.38,9.0,1.0,561.81,2024-01-15
mkt_006121,1,349.42,258.0,12.62,11.0,8.0,745.32,2024-01-27
mkt_007754,1,453.57,21.0,23.21,9.0,2.0,57.51,2024-01-02
mkt_000270,0,372.49,17.0,19.87,13.0,4.0,298.2,2024-01-25
mkt_006009,1,249.44,7.0,18.53,11.0,0.0,99.43,2024-01-06
mkt_004570,1,511.42,26.0,5.44,11.0,7.0,375.01,2024-01-04
mkt_009116,1,301.23,31.0,11.85,10.0,8.0,81.44,2024-01-13
mkt_009803,1,483.16,22.0,69.06,10.0,6.0,81.49,2024-01-29
mkt_002971,0,1293.69,49.0,8.93,10.0,6.0,330.66,2024-01-10
mkt_006193,1,1008.09,315.0,105.39,12.0,1.0,840.24,2024-01-14
mkt_008768,1,304.82,193.0,68.82,7.0,5.0,441.37,2024-01-13
mkt_004207,0,146.29,33.0,8.8,6.0,2.0,360.59,2024-01-03
mkt_003218,0,138.17,83.0,10.4,16.0,8.0,248.34,2024-01-20
mkt_001391,0,1492.43,223.0,59.91,11.0,1.0,343.91,2024-01-06
mkt_003975,0,294.24,143.0,97.2,15.0,9.0,220.52,2024-01-27
mkt_004316,0,158.2,83.0,15.33,10.0,0.0,159.37,2024-01-02
mkt_007959,1,250.11,78.0,2.21,11.0,1.0,548.03,2024-01-05
mkt_007344,1,455.99,147.0,20.05,13.0,0.0,119.53,2024-01-13
mkt_007448,1,3557.54,24.0,82.57,13.0,0.0,185.24,2024-01-13
mkt_000083,0,23.24,18.0,15.63,7.0,3.0,149.2,2024-01-14
mkt_000873,0,653.25,37.0,18.73,8.0,3.0,210.6,2024-01-11
mkt_009605,1,876.23,58.0,34.52,14.0,7.0,306.85,2024-01-13
mkt_007635,1,79.86,399.0,66.97,19.0,5.0,144.1,2024-01-25
mkt_004557,1,220.28,4.0,40.86,11.0,5.0,47.84,2024-01-29
mkt_004500,1,87.43,21.0,4.79,12.0,8.0,237.92,2024-01-04
mkt_004647,1,174.69,63.0,44.06,10.0,7.0,51.36,2024-01-08
mkt_002038,0,1707.3,365.0,1.0,14.0,1.0,1172.77,2024-01-19
mkt_009694,1,203.01,15.0,109.93,15.0,9.0,26.8,2024-01-13
mkt_006909,1,305.41,793.0,27.94,18.0,4.0,370.15,2024-01-10
mkt_002450,0,813.76,27.0,500.0,13.0,1.0,136.35,2024-01-03
mkt_003954,0,273.89,200.0,4.16,4.0,2.0,435.09,2024-01-03
mkt_002329,0,821.41,126.0,8.44,12.0,5.0,153.09,2024-01-23
mkt_009124,1,247.18,158.0,9.53,10.0,1.0,134.57,2024-01-25
mkt_007044,1,936.09,93.0,13.68,14.0,7.0,20.3,2024-01-02
mkt_005042,1,179.4,638.0,38.31,12.0,3.0,260.89,2024-01-01
mkt_009364,1,2209.54,72.0,5.81,16.0,6.0,144.14,2024-01-18
mkt_004746,1,868.32,903.0,42.94,11.0,1.0,655.0,2024-01-29
mkt_009367,1,458.77,92.0,137.6,8.0,6.0,79.0,2024-01-05
mkt_009402,1,419.5,363.0,23.47,12.0,5.0,413.41,2024-01-09
mkt_006491,1,665.16,693.0,16.82,14.0,2.0,112.27,2024-01-11
mkt_006637,1,2256.9,112.0,21.07,8.0,9.0,107.72,2024-01-21
mkt_007225,1,746.69,246.0,23.18,16.0,7.0,1103.8,2024-01-18
mkt_002401,0,380.01,55.0,21.42,7.0,8.0,127.29,2024-01-07
mkt_005520,1,298.96,207.0,35.6,9.0,5.0,105.7,2024-01-02
mkt_001216,0,543.71,272.0,29.14,9.0,7.0,211.84,2024-01-10
mkt_008695,1,327.67,19.0,15.87,14.0,1.0,73.47,2024-01-26
mkt_006020,1,469.53,194.0,50.43,6.0,8.0,288.48,2024-01-25
mkt_006865,1,1070.37,295.0,4.23,11.0,2.0,385.64,2024-01-29
mkt_001064,0,308.56,44.0,29.47,16.0,0.0,59.59,2024-01-30
mkt_003786,0,331.45,116.0,10.08,8.0,9.0,186.4,2024-01-13
mkt_004410,0,401.5,19.0,122.17,12.0,4.0,225.34,2024-01-26
mkt_006859,1,491.31,378.0,24.91,11.0,4.0,313.37,2024-01-16
mkt_006760,1,230.4,22.0,5.72,11.0,6.0,237.16,2024-01-20
mkt_005523,1,283.0,25.0,1.02,18.0,3.0,318.86,2024-01-16
mkt_005996,1,115.76,50.0,7.47,9.0,0.0,153.66,2024-01-01
mkt_008833,1,389.23,280.0,152.74,6.0,4.0,1404.66,2024-01-06
mkt_005888,1,400.92,109.0,18.88,11.0,6.0,276.78,2024-01-02
mkt_002161,0,1628.23,180.0,140.43,11.0,6.0,539.34,2024-01-16
mkt_003008,0,194.5,30.0,13.97,14.0,1.0,37.62,2024-01-21
mkt_001105,0,746.98,140.0,13.71,6.0,3.0,57.87,2024-01-16
mkt_006654,1,1123.01,301.0,19.66,18.0,3.0,147.91,2024-01-29
mkt_000692,0,124.59,16.0,17.99,9.0,1.0,48.3,2024-01-10
mkt_009957,1,604.93,1124.0,18.15,11.0,0.0,148.98,2024-01-02
mkt_004956,1,206.92,63.0,61.42,8.0,6.0,174.1,2024-01-24
mkt_006597,1,136.63,54.0,16.79,18.0,4.0,253.93,2024-01-23
mkt_008480,1,189.8,74.0,69.94,11.0,9.0,545.12,2024-01-09
mkt_004369,0,1301.74,27.0,54.73,12.0,9.0,182.43,2024-01-08
mkt_002765,0,419.34,19.0,16.44,9.0,7.0,108.78,2024-01-19
mkt_003929,0,46.59,104.0,8.51,3.0,6.0,156.36,2024-01-16
mkt_007134,1,401.37,68.0,6.76,7.0,7.0,247.18,2024-01-13
mkt_008735,1,253.16,230.0,140.79,8.0,2.0,280.45,2024-01-20
mkt_007530,1,290.01,57.0,5.64,10.0,2.0,170.62,2024-01-02
mkt_007528,1,221.92,33.0,31.91,12.0,2.0,40.09,2024-01-03
mkt_000628,0,907.22,44.0,23.44,15.0,5.0,261.96,2024-01-29
mkt_002451,0,168.38,80.0,25.98,11.0,9.0,87.25,2024-01-03
mkt_006239,1,128.85,133.0,4.48,8.0,1.0,110.47,2024-01-30
mkt_007012,1,251.35,31.0,12.86,15.0,4.0,157.05,2024-01-08
mkt_003824,0,1049.44,220.0,37.39,18.0,0.0,1096.69,2024-01-08
mkt_008977,1,119.51,90.0,6.8,24.0,1.0,1572.23,2024-01-19
mkt_002652,0,3201.37,123.0,7.52,10.0,7.0,347.65,2024-01-12
mkt_009107,1,1821.0,122.0,24.29,15.0,3.0,763.79,2024-01-16
mkt_003743,0,116.52,191.0,82.78,17.0,7.0,515.31,2024-01-09
mkt_002176,0,888.9,96.0,43.52,23.0,9.0,457.53,2024-01-03
mkt_009906,1,498.59,55.0,18.12,15.0,5.0,93.91,2024-01-17
mkt_009263,1,151.92,78.0,29.99,10.0,2.0,134.08,2024-01-17
mkt_003318,0,1159.36,337.0,15.1,14.0,9.0,233.83,2024-01-19
mkt_006343,1,186.88,14.0,32.7,13.0,1.0,357.47,2024-01-25
mkt_002787,0,161.72,11.0,8.97,12.0,5.0,28.72,2024-01-03
mkt_004105,0,182.62,23.0,7.4,12.0,0.0,97.41,2024-01-05
mkt_006355,1,2192.0,195.0,47.97,16.0,5.0,399.1,2024-01-16
mkt_001676,0,132.17,15.0,160.19,13.0,5.0,1494.72,2024-01-03
mkt_003947,0,1888.66,163.0,54.58,18.0,1.0,90.93,2024-01-26
mkt_004444,0,903.01,95.0,44.88,10.0,3.0,625.93,2024-01-12
mkt_002936,0,2116.0,192.0,12.83,5.0,4.0,97.53,2024-01-24
mkt_009005,1,693.15,135.0,19.62,9.0,5.0,213.8,2024-01-18
mkt_007766,1,1747.19,79.0,109.04,11.0,9.0,183.66,2024-01-15
mkt_005722,1,341.58,280.0,15.8,10.0,7.0,1413.97,2024-01-12
mkt_007441,1,335.5,325.0,17.49,7.0,6.0,106.87,2024-01-10
mkt_002503,0,198.21,43.0,36.27,10.0,3.0,152.8,2024-01-29
mkt_008482,1,389.56,410.0,59.16,12.0,6.0,717.11,2024-01-17
mkt_002369,0,397.72,229.0,23.36,10.0,5.0,218.68,2024-01-15
mkt_004967,1,131.34,63.0,41.38,9.0,0.0,150.73,2024-01-25
mkt_005883,1,458.73,97.0,30.58,19.0,0.0,586.38,2024-01-18
mkt_002217,0,961.08,163.0,67.28,11.0,8.0,184.88,2024-01-07
mkt_005847,1,409.75,708.0,17.69,13.0,4.0,124.63,2024-01-28
mkt_002218,0,518.5,213.0,7.16,13.0,0.0,936.54,2024-01-04
mkt_003326,0,242.46,96.0,20.87,18.0,4.0,657.34,2024-01-29
mkt_006733,1,735.71,200.0,25.51,12.0,6.0,292.87,2024-01-23
mkt_003583,0,1128.69,21.0,69.95,19.0,5.0,131.72,2024-01-17
mkt_009824,1,848.51,1354.0,16.23,15.0,5.0,887.83,2024-01-29
mkt_003619,0,71.64,16.0,17.15,14.0,0.0,133.5,2024-01-09
mkt_007707,1,152.7,61.0,41.19,14.0,5.0,125.87,2024-01-02
mkt_006432,1,369.61,255.0,53.67,15.0,6.0,951.96,2024-01-06
mkt_003115,0,256.06,38.0,13.08,12.0,1.0,220.31,2024-01-29
mkt_000085,0,493.1,104.0,19.99,13.0,9.0,193.79,2024-01-09
mkt_005973,1,245.93,93.0,15.46,10.0,6.0,292.03,2024-01-05
mkt_002801,0,401.6,109.0,52.42,9.0,1.0,40.42,2024-01-19
mkt_003671,0,179.44,125.0,58.93,12.0,4.0,55.48,2024-01-30
mkt_003667,0,822.92,157.0,7.95,18.0,1.0,380.31,2024-01-09
mkt_009794,1,403.42,62.0,3.17,12.0,1.0,215.73,2024-01-14
mkt_005158,1,106.77,20.0,64.21,21.0,0.0,217.52,2024-01-04
mkt_005725,1,426.78,307.0,3.5,17.0,4.0,435.45,2024-01-22
mkt_004590,1,518.98,42.0,6.64,10.0,8.0,48.3,2024-01-12
mkt_002019,0,255.39,306.0,9.05,10.0,2.0,186.87,2024-01-11
mkt_007831,1,179.98,278.0,8.11,8.0,4.0,443.32,2024-01-10
mkt_002525,0,869.36,148.0,6.62,16.0,6.0,328.07,2024-01-02
mkt_008286,1,125.45,60.0,19.32,17.0,7.0,107.23,2024-01-07
mkt_009206,1,356.24,220.0,2.72,16.0,0.0,92.41,2024-01-09
mkt_003212,0,984.81,365.0,45.68,8.0,9.0,304.66,2024-01-25
mkt_000519,0,180.55,49.0,38.38,8.0,3.0,129.38,2024-01-05
mkt_005366,1,567.33,42.0,11.91,12.0,6.0,277.36,2024-01-26
mkt_006762,1,194.32,190.0,82.68,8.0,3.0,63.3,2024-01-02
mkt_002895,0,107.04,217.0,13.62,13.0,0.0,235.4,2024-01-24
mkt_000244,0,581.66,178.0,57.74,9.0,2.0,610.96,2024-01-10
mkt_005930,1,37.11,30.0,152.97,12.0,0.0,114.15,2024-01-24
mkt_004714,1,372.53,90.0,28.33,8.0,0.0,140.86,2024-01-22
mkt_009567,1,387.83,86.0,34.31,17.0,2.0,444.18,2024-01-16
mkt_003425,0,639.85,514.0,3.75,9.0,3.0,2382.1,2024-01-08
mkt_006931,1,214.0,169.0,54.86,10.0,7.0,1189.89,2024-01-04
mkt_006720,1,2857.61,278.0,66.82,16.0,5.0,1263.58,2024-01-30
mkt_007410,1,180.98,6.0,18.95,19.0,3.0,292.4,2024-01-09
mkt_006177,1,285.63,1046.0,7.24,9.0,5.0,327.15,2024-01-29
mkt_007250,1,152.37,54.0,32.69,17.0,4.0,189.85,2024-01-30
mkt_005509,1,417.59,475.0,2.69,10.0,4.0,126.18,2024-01-22
mkt_002001,0,910.72,188.0,25.83,9.0,5.0,206.21,2024-01-01
mkt_000885,0,76.29,235.0,17.88,13.0,1.0,416.25,2024-01-02
mkt_000869,0,151.13,335.0,21.41,12.0,7.0,502.16,2024-01-03
mkt_009688,1,88.16,81.0,5.5,12.0,1.0,446.88,2024-01-10
mkt_005720,1,65.45,117.0,45.27,7.0,1.0,362.31,2024-01-25
mkt_000356,0,1106.74,139.0,31.45,14.0,2.0,175.17,2024-01-29
mkt_009907,1,3209.43,1370.0,43.65,15.0,2.0,214.87,2024-01-25
mkt_005451,1,312.08,1201.0,28.4,17.0,2.0,2079.36,2024-01-16
mkt_008193,1,39.22,28.0,20.3,10.0,6.0,229.9,2024-01-30
mkt_006438,1,217.9,33.0,29.49,10.0,6.0,86.24,2024-01-14
mkt_007704,1,253.42,97.0,6.26,8.0,5.0,688.34,2024-01-15
mkt_001275,0,754.46,98.0,55.85,13.0,9.0,128.03,2024-01-05
mkt_001890,0,299.48,84.0,25.42,11.0,8.0,217.31,2024-01-27
mkt_008686,1,3524.01,412.0,9.01,10.0,9.0,113.85,2024-01-18
mkt_006568,1,830.45,189.0,12.43,10.0,5.0,180.75,2024-01-18
mkt_009623,1,226.19,2190.0,3.46,5.0,5.0,726.32,2024-01-18
mkt_003563,0,47.64,124.0,21.77,7.0,4.0,585.11,2024-01-23
mkt_005787,1,1882.21,202.0,11.77,10.0,9.0,99.1,2024-01-22
mkt_004958,1,112.75,188.0,3.01,12.0,7.0,170.25,2024-01-27
mkt_001546,0,92.11,298.0,10.25,7.0,8.0,161.72,2024-01-19
mkt_002380,0,366.78,201.0,20.2,14.0,2.0,1225.36,2024-01-15
mkt_003823,0,44.85,67.0,48.2,7.0,2.0,86.63,2024-01-01
mkt_003232,0,151.04,87.0,74.52,5.0,7.0,70.48,2024-01-05
mkt_008399,1,58.88,6.0,11.45,14.0,8.0,64.97,2024-01-10
mkt_003306,0,407.95,305.0,36.73,11.0,5.0,2157.68,2024-01-02
mkt_000492,0,505.46,37.0,2.06,10.0,1.0,485.35,2024-01-19
mkt_003499,0,262.43,13.0,10.88,13.0,9.0,108.31,2024-01-28
mkt_006664,1,671.72,150.0,4.34,7.0,4.0,213.84,2024-01-17
mkt_001116,0,466.64,71.0,5.32,11.0,9.0,283.46,2024-01-10
mkt_005637,1,434.71,296.0,32.98,12.0,5.0,845.83,2024-01-24
mkt_008774,1,240.24,80.0,30.99,6.0,0.0,326.25,2024-01-21
mkt_006146,1,307.1,97.0,6.2,14.0,3.0,726.93,2024-01-14
mkt_009867,1,99.99,12.0,3.61,16.0,7.0,205.14,2024-01-19
mkt_008775,1,59.15,108.0,10.54,11.0,7.0,656.57,2024-01-02
mkt_006707,1,527.08,141.0,6.05,10.0,6.0,736.96,2024-01-23
mkt_009948,1,404.19,4.0,20.64,9.0,4.0,123.86,2024-01-18
mkt_007965,1,520.07,676.0,14.6,11.0,5.0,314.81,2024-01-20
mkt_003645,0,261.87,98.0,27.97,9.0,8.0,233.6,2024-01-17
mkt_002500,0,108.05,33.0,24.23,5.0,3.0,87.78,2024-01-03
mkt_005677,1,379.69,127.0,13.0,11.0,5.0,155.02,2024-01-09
mkt_005241,1,110.01,43.0,47.58,12.0,6.0,160.41,2024-01-13
mkt_006518,1,24.06,6.0,8.13,13.0,3.0,113.07,2024-01-08
mkt_002783,0,578.75,41.0,18.82,9.0,2.0,426.16,2024-01-08
mkt_006158,1,455.74,52.0,124.55,14.0,4.0,148.86,2024-01-15
mkt_003809,0,368.93,127.0,13.0,9.0,8.0,255.18,2024-01-18
mkt_009428,1,104.14,25.0,14.67,10.0,8.0,264.38,2024-01-30
mkt_009524,1,409.69,135.0,1.6,4.0,9.0,660.54,2024-01-14
mkt_008599,1,962.81,45.0,123.43,19.0,2.0,602.12,2024-01-02
mkt_001696,0,138.43,158.0,5.45,5.0,7.0,196.08,2024-01-30
mkt_005685,1,609.74,2190.0,37.8,14.0,0.0,3352.94,2024-01-02
mkt_008367,1,917.19,64.0,38.01,9.0,4.0,154.38,2024-01-10
mkt_005939,1,306.64,114.0,20.56,7.0,5.0,211.96,2024-01-26
mkt_002052,0,430.05,70.0,16.38,13.0,5.0,299.47,2024-01-19
mkt_001776,0,480.6,397.0,12.13,9.0,3.0,92.34,2024-01-24
mkt_006560,1,533.86,18.0,17.75,12.0,4.0,214.3,2024-01-23
mkt_003313,0,114.05,66.0,14.4,12.0,8.0,46.74,2024-01-13
mkt_004781,1,2479.64,54.0,51.98,12.0,3.0,196.66,2024-01-09
mkt_008538,1,422.83,960.0,49.12,17.0,3.0,761.11,2024-01-17
mkt_006781,1,212.88,26.0,6.98,13.0,3.0,59.93,2024-01-12
mkt_001592,0,499.36,233.0,6.27,11.0,0.0,1057.2,2024-01-27
mkt_001723,0,526.3,278.0,6.28,10.0,7.0,221.22,2024-01-03
mkt_000215,0,258.09,108.0,45.54,18.0,4.0,607.32,2024-01-01
mkt_006326,1,751.97,39.0,4.97,15.0,8.0,593.86,2024-01-12
mkt_008256,1,192.36,120.0,10.83,13.0,4.0,309.83,2024-01-11
mkt_000490,0,356.64,70.0,32.08,14.0,9.0,170.23,2024-01-04
mkt_009133,1,272.5,174.0,4.19,10.0,4.0,473.07,2024-01-10
mkt_003483,0,265.88,247.0,17.17,13.0,7.0,131.55,2024-01-03
mkt_005102,1,656.68,111.0,11.61,11.0,9.0,104.36,2024-01-21
mkt_005187,1,201.82,84.0,10.53,14.0,2.0,404.37,2024-01-14
mkt_003431,0,171.72,8.0,19.65,14.0,0.0,37.67,2024-01-16
mkt_009198,1,666.29,78.0,4.11,14.0,2.0,101.92,2024-01-26
mkt_007710,1,114.59,96.0,4.66,10.0,2.0,183.9,2024-01-07
mkt_005513,1,2408.05,934.0,500.0,12.0,1.0,924.69,2024-01-04
mkt_000025,0,146.4,25.0,11.25,14.0,6.0,201.05,2024-01-14
mkt_003512,0,205.68,44.0,156.34,10.0,9.0,173.56,2024-01-12
mkt_002409,0,308.56,245.0,11.3,15.0,0.0,324.51,2024-01-26
mkt_003270,0,109.88,51.0,60.81,11.0,3.0,218.33,2024-01-10
mkt_005209,1,323.49,36.0,157.23,8.0,8.0,78.09,2024-01-18
mkt_008711,1,235.51,376.0,53.26,9.0,9.0,188.39,2024-01-02
mkt_001552,0,83.46,53.0,11.05,11.0,6.0,68.25,2024-01-24
mkt_009197,1,276.06,238.0,1.62,14.0,6.0,639.82,2024-01-03
mkt_008621,1,132.78,138.0,41.59,7.0,4.0,570.4,2024-01-10
mkt_003871,0,207.38,63.0,8.19,11.0,0.0,94.85,2024-01-09
mkt_003402,0,531.34,395.0,28.32,11.0,0.0,70.52,2024-01-04
mkt_004529,1,147.56,14.0,176.79,11.0,2.0,29.3,2024-01-01
mkt_000979,0,136.99,32.0,4.72,10.0,5.0,58.24,2024-01-01
mkt_002655,0,128.58,114.0,23.94,11.0,7.0,315.14,2024-01-10
mkt_001847,0,177.0,191.0,12.83,12.0,8.0,411.43,2024-01-17
mkt_007964,1,528.78,61.0,29.21,7.0,3.0,115.37,2024-01-19
mkt_008240,1,2478.54,126.0,59.27,13.0,6.0,222.63,2024-01-15
mkt_007145,1,366.36,13.0,61.5,11.0,6.0,48.47,2024-01-09
mkt_007299,1,657.94,717.0,43.38,10.0,1.0,376.6,2024-01-19
mkt_005721,1,1254.32,139.0,7.32,12.0,8.0,146.06,2024-01-29
mkt_000515,0,501.0,1190.0,8.46,11.0,2.0,401.67,2024-01-30
mkt_008745,1,1086.96,27.0,38.88,12.0,2.0,577.36,2024-01-08
mkt_008297,1,1625.24,109.0,8.23,7.0,2.0,404.84,2024-01-29
mkt_001102,0,192.76,14.0,20.99,11.0,5.0,156.81,2024-01-09
mkt_003276,0,241.1,196.0,8.33,12.0,9.0,748.2,2024-01-05
mkt_007217,1,74.67,554.0,41.53,11.0,2.0,83.25,2024-01-22
mkt_007389,1,213.48,31.0,16.86,16.0,0.0,138.48,2024-01-30
mkt_009077,1,510.09,120.0,51.58,12.0,6.0,201.88,2024-01-09
mkt_008337,1,623.07,104.0,5.41,8.0,4.0,938.98,2024-01-15
mkt_003996,0,63.29,61.0,21.15,15.0,4.0,1166.87,2024-01-12
mkt_000194,0,150.48,163.0,144.49,8.0,0.0,517.79,2024-01-02
mkt_004711,1,523.28,56.0,87.71,7.0,3.0,1177.3,2024-01-04
mkt_000643,0,1744.29,94.0,6.15,9.0,8.0,253.02,2024-01-09
mkt_009089,1,253.53,32.0,27.73,11.0,6.0,110.51,2024-01-26
mkt_003285,0,188.58,501.0,86.95,14.0,9.0,411.13,2024-01-25
mkt_003116,0,1342.51,80.0,46.67,11.0,8.0,367.91,2024-01-28
mkt_006476,1,350.45,230.0,24.1,16.0,9.0,288.93,2024-01-15
mkt_003575,0,459.01,242.0,78.38,12.0,7.0,159.37,2024-01-30
mkt_009023,1,25.24,4.0,11.83,7.0,2.0,185.68,2024-01-24
mkt_004320,0,416.21,279.0,32.04,11.0,9.0,1054.46,2024-01-15
mkt_009992,1,627.86,976.0,24.4,6.0,8.0,65.7,2024-01-12
mkt_002207,0,165.4,100.0,124.76,10.0,9.0,60.17,2024-01-22
mkt_004552,1,338.93,25.0,47.97,11.0,4.0,174.72,2024-01-12
mkt_007316,1,2362.71,354.0,13.43,18.0,4.0,98.9,2024-01-12
mkt_003718,0,216.55,301.0,3.78,16.0,2.0,333.54,2024-01-25
mkt_000972,0,67.88,151.0,7.17,11.0,0.0,206.8,2024-01-26
mkt_004579,1,189.8,192.0,8.7,14.0,3.0,428.03,2024-01-08
mkt_000719,0,1261.22,111.0,9.79,8.0,2.0,452.35,2024-01-22
mkt_009017,1,371.84,514.0,37.47,13.0,4.0,1250.07,2024-01-02
mkt_006155,1,62.28,10.0,47.81,12.0,3.0,303.46,2024-01-20
mkt_009430,1,535.7,136.0,12.41,4.0,5.0,136.05,2024-01-28
mkt_003896,0,956.35,94.0,13.61,9.0,9.0,119.57,2024-01-30
mkt_002803,0,129.76,16.0,14.78,7.0,0.0,95.11,2024-01-19
mkt_002566,0,753.16,630.0,3.72,10.0,7.0,1660.55,2024-01-03
mkt_004025,0,193.59,44.0,11.43,13.0,8.0,603.46,2024-01-12
mkt_006198,1,2937.49,146.0,45.89,18.0,7.0,318.51,2024-01-08
mkt_000032,0,245.08,16.0,6.6,12.0,5.0,527.93,2024-01-30
mkt_008307,1,1354.96,915.0,26.99,12.0,5.0,1138.37,2024-01-29
mkt_008831,1,369.7,945.0,7.3,9.0,9.0,259.22,2024-01-17
mkt_009818,1,124.35,27.0,60.28,13.0,5.0,697.75,2024-01-27
mkt_004063,0,637.01,73.0,12.03,13.0,1.0,163.88,2024-01-08
mkt_008948,1,2927.24,2175.0,17.93,8.0,4.0,97.91,2024-01-08
mkt_005540,1,239.7,67.0,11.65,18.0,7.0,1449.14,2024-01-28
mkt_001697,0,1351.38,1186.0,17.4,7.0,7.0,197.05,2024-01-11
mkt_002792,0,136.87,446.0,6.06,7.0,1.0,969.65,2024-01-30
mkt_002222,0,668.39,1016.0,13.99,13.0,4.0,657.3,2024-01-10
mkt_005818,1,361.17,44.0,115.52,10.0,1.0,138.59,2024-01-02
mkt_009662,1,182.78,76.0,265.13,20.0,0.0,120.95,2024-01-11
mkt_003764,0,137.52,137.0,261.77,13.0,9.0,587.15,2024-01-05
mkt_003866,0,960.55,27.0,75.88,12.0,1.0,54.79,2024-01-30
mkt_006421,1,193.36,172.0,3.85,12.0,0.0,340.4,2024-01-22
mkt_009399,1,381.79,129.0,30.85,13.0,1.0,125.49,2024-01-07
mkt_008938,1,523.99,132.0,9.75,12.0,8.0,332.95,2024-01-04
mkt_006671,1,217.82,321.0,14.86,18.0,1.0,291.99,2024-01-09
mkt_007978,1,107.34,81.0,104.35,9.0,8.0,168.79,2024-01-04
mkt_003758,0,95.36,33.0,69.13,13.0,4.0,440.07,2024-01-25
mkt_009774,1,743.55,74.0,24.97,19.0,8.0,395.59,2024-01-09
mkt_003227,0,1122.78,1180.0,7.95,10.0,1.0,145.72,2024-01-18
mkt_007802,1,281.77,237.0,23.61,11.0,6.0,235.73,2024-01-28
mkt_003923,0,239.7,71.0,9.48,9.0,3.0,216.66,2024-01-09
mkt_003904,0,1244.94,20.0,30.81,14.0,7.0,409.4,2024-01-08
mkt_002277,0,228.13,182.0,7.01,10.0,3.0,291.16,2024-01-25
mkt_006810,1,66.47,369.0,11.26,10.0,7.0,49.13,2024-01-19
mkt_001401,0,488.31,118.0,3.34,12.0,2.0,182.16,2024-01-30
mkt_000739,0,4499.56,28.0,50.76,13.0,4.0,52.07,2024-01-08
mkt_004266,0,181.98,171.0,87.11,17.0,4.0,79.88,2024-01-22
mkt_009861,1,192.53,72.0,18.29,10.0,0.0,2040.16,2024-01-23
mkt_007352,1,666.58,1070.0,16.89,7.0,7.0,171.13,2024-01-01
mkt_007518,1,464.83,25.0,52.47,15.0,2.0,1006.71,2024-01-16
mkt_003851,0,315.72,471.0,25.49,12.0,7.0,177.08,2024-01-09
mkt_008631,1,45.46,80.0,25.68,13.0,1.0,148.11,2024-01-27
mkt_002661,0,375.21,103.0,7.7,10.0,4.0,122.38,2024-01-09
mkt_006504,1,51.1,38.0,5.08,11.0,6.0,108.9,2024-01-13
mkt_009799,1,580.96,192.0,15.36,12.0,1.0,906.4,2024-01-23
mkt_000674,0,54.07,31.0,94.02,11.0,3.0,10.13,2024-01-06
mkt_007105,1,553.55,180.0,15.08,16.0,7.0,163.57,2024-01-11
mkt_006360,1,599.95,22.0,31.97,15.0,7.0,331.32,2024-01-25
mkt_003841,0,157.57,193.0,8.23,14.0,8.0,306.87,2024-01-12
mkt_001815,0,208.93,21.0,53.49,9.0,9.0,398.7,2024-01-22
mkt_009489,1,482.04,171.0,29.92,16.0,3.0,601.64,2024-01-19
mkt_009838,1,350.78,18.0,100.89,9.0,6.0,130.35,2024-01-23
mkt_009201,1,417.6,145.0,146.12,12.0,5.0,43.98,2024-01-08
mkt_004653,1,298.61,30.0,20.77,10.0,5.0,159.65,2024-01-04
mkt_008692,1,540.0,26.0,18.56,15.0,0.0,324.29,2024-01-03
mkt_002100,0,500.87,1213.0,4.33,11.0,2.0,290.08,2024-01-30
mkt_007711,1,211.08,36.0,5.42,9.0,9.0,29.98,2024-01-08
mkt_001673,0,277.31,746.0,10.56,10.0,5.0,187.71,2024-01-03
mkt_002101,0,1358.01,109.0,36.69,16.0,4.0,669.67,2024-01-26
mkt_004213,0,65.39,54.0,5.25,9.0,0.0,54.35,2024-01-09
mkt_006958,1,70.25,26.0,136.29,19.0,7.0,427.91,2024-01-24
mkt_001548,0,96.46,148.0,20.76,11.0,4.0,95.29,2024-01-05
mkt_009550,1,475.85,598.0,5.65,7.0,0.0,113.15,2024-01-30
mkt_003323,0,464.53,427.0,8.97,8.0,8.0,158.78,2024-01-22
mkt_009583,1,104.65,100.0,62.32,8.0,1.0,148.95,2024-01-25
mkt_000355,0,302.78,25.0,16.72,15.0,4.0,68.57,2024-01-19
mkt_005184,1,111.74,42.0,9.06,9.0,3.0,881.42,2024-01-02
mkt_001461,0,250.95,70.0,20.16,12.0,1.0,153.87,2024-01-01
mkt_007624,1,2156.92,70.0,1.52,11.0,2.0,277.21,2024-01-23
mkt_009385,1,240.52,267.0,48.68,11.0,7.0,468.5,2024-01-18
mkt_003220,0,264.37,63.0,6.03,9.0,0.0,535.4,2024-01-24
mkt_000939,0,453.32,97.0,82.42,21.0,3.0,148.5,2024-01-23
mkt_005147,1,499.89,142.0,13.42,10.0,1.0,463.44,2024-01-27
mkt_005923,1,1546.6,38.0,89.84,19.0,9.0,547.38,2024-01-26
mkt_007883,1,110.02,61.0,12.48,16.0,7.0,62.14,2024-01-23
mkt_001751,0,257.74,60.0,4.43,9.0,8.0,215.66,2024-01-03
mkt_009468,1,562.08,663.0,8.71,11.0,0.0,1318.14,2024-01-21
mkt_007597,1,62.25,38.0,28.81,8.0,9.0,410.78,2024-01-18
mkt_001772,0,273.57,65.0,2.02,8.0,0.0,149.87,2024-01-28
mkt_001196,0,256.62,43.0,66.91,14.0,3.0,216.19,2024-01-15
mkt_001878,0,24.87,48.0,16.13,12.0,7.0,214.24,2024-01-23
mkt_002668,0,584.35,629.0,2.82,11.0,5.0,1073.13,2024-01-19
mkt_003171,0,82.31,31.0,17.24,20.0,0.0,220.75,2024-01-21
mkt_002016,0,201.79,73.0,7.16,13.0,4.0,96.73,2024-01-25
mkt_002005,0,33.62,42.0,80.47,13.0,9.0,173.01,2024-01-30
mkt_008272,1,255.46,109.0,21.6,14.0,2.0,173.47,2024-01-12
mkt_003893,0,61.93,4.0,57.54,11.0,3.0,43.7,2024-01-17
mkt_009991,1,77.73,280.0,15.57,12.0,6.0,1016.59,2024-01-27
mkt_003237,0,534.02,23.0,8.02,11.0,6.0,333.95,2024-01-03
mkt_004424,0,534.33,80.0,40.53,16.0,5.0,143.47,2024-01-29
mkt_004744,1,202.32,54.0,9.46,12.0,3.0,341.48,2024-01-24
mkt_002078,0,694.31,89.0,16.29,17.0,0.0,253.41,2024-01-16
mkt_005219,1,126.67,97.0,11.66,8.0,8.0,232.77,2024-01-12
mkt_000396,0,234.96,115.0,78.99,9.0,2.0,103.6,2024-01-04
mkt_002788,0,848.8,62.0,62.11,11.0,1.0,325.28,2024-01-05
mkt_008877,1,116.85,82.0,43.1,14.0,0.0,72.99,2024-01-25
mkt_008638,1,195.28,949.0,14.62,11.0,7.0,1125.64,2024-01-17
mkt_004072,0,70.62,48.0,2.21,12.0,3.0,124.11,2024-01-19
mkt_005574,1,1792.14,603.0,36.68,18.0,0.0,713.09,2024-01-04
mkt_008369,1,181.39,174.0,17.19,13.0,2.0,159.75,2024-01-30
mkt_009507,1,141.73,32.0,11.84,10.0,8.0,35.9,2024-01-17
mkt_005355,1,149.52,240.0,48.15,11.0,1.0,252.07,2024-01-13
mkt_007233,1,981.08,80.0,35.75,18.0,8.0,534.54,2024-01-11
mkt_009483,1,1639.52,81.0,132.66,16.0,6.0,96.14,2024-01-10
mkt_006820,1,127.9,118.0,4.16,12.0,8.0,772.55,2024-01-02
mkt_001519,0,231.45,41.0,43.55,16.0,1.0,153.22,2024-01-11
mkt_008196,1,137.97,74.0,15.42,8.0,9.0,1440.1,2024-01-21
mkt_001378,0,182.79,397.0,13.94,16.0,2.0,193.41,2024-01-06
mkt_005672,1,1489.88,49.0,34.73,8.0,5.0,89.08,2024-01-19
mkt_001023,0,1315.14,87.0,19.6,10.0,6.0,269.36,2024-01-05
mkt_002587,0,1020.9,226.0,21.26,12.0,7.0,423.12,2024-01-28
mkt_007042,1,344.65,250.0,48.84,11.0,3.0,506.12,2024-01-16
mkt_005621,1,237.15,318.0,126.7,7.0,5.0,233.24,2024-01-23
mkt_007637,1,86.46,99.0,3.66,15.0,0.0,98.88,2024-01-25
mkt_005008,1,73.63,6.0,39.89,16.0,4.0,369.73,2024-01-14
mkt_002857,0,249.19,41.0,51.82,17.0,8.0,307.81,2024-01-08
mkt_008254,1,878.72,108.0,22.35,12.0,3.0,150.86,2024-01-01
mkt_005771,1,70.66,25.0,13.41,12.0,1.0,313.08,2024-01-16
mkt_005842,1,587.16,87.0,21.95,17.0,3.0,85.86,2024-01-14
mkt_008027,1,273.67,25.0,9.01,13.0,0.0,204.66,2024-01-01
mkt_005832,1,191.99,165.0,13.4,19.0,7.0,570.12,2024-01-07
mkt_001629,0,93.44,49.0,27.02,12.0,7.0,238.94,2024-01-15
mkt_004888,1,107.41,91.0,22.12,11.0,0.0,2100.24,2024-01-02
mkt_004526,1,198.23,262.0,155.23,10.0,3.0,96.84,2024-01-24
mkt_003523,0,1818.39,35.0,6.26,14.0,6.0,233.44,2024-01-20
mkt_005904,1,261.61,235.0,6.65,14.0,7.0,404.39,2024-01-02
mkt_007781,1,607.46,43.0,5.52,14.0,1.0,1185.48,2024-01-25
mkt_003607,0,145.45,112.0,16.07,9.0,4.0,119.28,2024-01-24
mkt_009418,1,240.08,13.0,2.29,6.0,3.0,91.96,2024-01-29
mkt_005220,1,376.55,163.0,9.55,15.0,5.0,728.9,2024-01-23
mkt_000234,0,438.57,232.0,9.55,10.0,1.0,210.58,2024-01-17
mkt_007755,1,100.44,72.0,6.32,16.0,4.0,120.85,2024-01-19
mkt_003796,0,415.79,99.0,22.4,13.0,4.0,559.66,2024-01-11
mkt_004118,0,117.77,23.0,14.03,12.0,5.0,203.1,2024-01-15
mkt_006318,1,510.03,28.0,16.78,11.0,6.0,29.77,2024-01-25
mkt_005001,1,1772.52,751.0,37.29,10.0,3.0,1887.99,2024-01-03
mkt_003800,0,175.76,27.0,19.93,16.0,1.0,144.54,2024-01-08
mkt_007809,1,101.19,82.0,54.35,12.0,3.0,66.41,2024-01-17
mkt_003899,0,201.9,76.0,2.23,13.0,8.0,768.08,2024-01-08
mkt_005024,1,303.06,19.0,17.09,15.0,1.0,75.48,2024-01-01
mkt_001948,0,528.69,671.0,76.32,12.0,4.0,506.08,2024-01-02
mkt_006361,1,541.13,142.0,62.38,9.0,5.0,761.51,2024-01-16
mkt_000470,0,614.46,37.0,92.87,12.0,1.0,73.84,2024-01-19
mkt_009944,1,364.84,321.0,14.29,10.0,1.0,375.53,2024-01-12
mkt_003492,0,234.71,361.0,9.38,12.0,9.0,435.78,2024-01-20
mkt_006091,1,544.9,22.0,4.18,14.0,1.0,139.77,2024-01-09
mkt_002671,0,470.93,187.0,7.0,13.0,2.0,298.37,2024-01-29
mkt_009800,1,382.69,230.0,8.99,10.0,1.0,992.71,2024-01-17
mkt_002224,0,84.27,57.0,105.11,9.0,6.0,208.1,2024-01-08
mkt_001106,0,731.38,45.0,20.08,9.0,8.0,156.22,2024-01-22
mkt_002188,0,6468.93,406.0,6.75,12.0,9.0,1122.81,2024-01-12
mkt_000818,0,58.53,39.0,12.69,11.0,5.0,642.85,2024-01-04
mkt_005571,1,419.15,213.0,32.96,10.0,2.0,499.98,2024-01-11
mkt_004523,1,237.88,13.0,15.96,1.0,1.0,27.76,2024-01-11
mkt_005793,1,1679.45,15.0,6.94,7.0,3.0,39.2,2024-01-03
mkt_009381,1,201.06,93.0,13.86,13.0,4.0,250.27,2024-01-11
mkt_008780,1,311.33,50.0,16.71,10.0,2.0,1435.62,2024-01-10
mkt_007459,1,1180.48,159.0,10.04,18.0,6.0,267.88,2024-01-18
mkt_002624,0,965.01,57.0,1.85,13.0,3.0,188.66,2024-01-14
mkt_007094,1,183.47,38.0,18.62,16.0,6.0,400.35,2024-01-29
mkt_009392,1,3427.13,165.0,8.84,24.0,7.0,213.87,2024-01-26
mkt_009916,1,233.37,116.0,8.15,9.0,6.0,932.54,2024-01-07
mkt_009119,1,319.96,48.0,68.88,13.0,5.0,78.57,2024-01-23
mkt_000888,0,469.8,62.0,14.03,13.0,2.0,165.81,2024-01-22
mkt_002437,0,198.48,85.0,56.5,10.0,9.0,144.7,2024-01-10
mkt_006056,1,168.47,122.0,12.63,7.0,1.0,1754.16,2024-01-08
mkt_007064,1,228.75,91.0,8.92,6.0,3.0,81.3,2024-01-10
mkt_000817,0,335.48,24.0,5.98,15.0,0.0,44.32,2024-01-09
mkt_008934,1,287.46,1263.0,21.44,14.0,0.0,1611.42,2024-01-11
mkt_003414,0,229.51,22.0,57.92,15.0,9.0,59.76,2024-01-11
mkt_006352,1,68.08,218.0,86.6,7.0,8.0,242.6,2024-01-10
mkt_002341,0,141.16,97.0,17.9,16.0,6.0,335.24,2024-01-06
mkt_009029,1,2690.98,1083.0,6.59,13.0,9.0,129.5,2024-01-22
mkt_003167,0,65.42,10.0,17.0,13.0,8.0,60.04,2024-01-15
mkt_001809,0,1550.21,97.0,8.57,10.0,9.0,341.33,2024-01-11
mkt_008035,1,91.92,93.0,28.4,9.0,6.0,756.28,2024-01-21
mkt_001264,0,891.72,16.0,5.2,10.0,5.0,262.43,2024-01-22
mkt_005086,1,235.37,45.0,27.62,21.0,3.0,432.1,2024-01-12
mkt_009675,1,524.88,21.0,196.55,8.0,0.0,138.57,2024-01-17
mkt_005835,1,125.75,103.0,15.43,9.0,7.0,217.41,2024-01-08
mkt_005194,1,997.54,256.0,14.58,6.0,3.0,182.04,2024-01-07
mkt_004449,0,79.55,59.0,19.51,14.0,9.0,58.87,2024-01-03
mkt_004945,1,564.91,255.0,47.44,11.0,5.0,369.52,2024-01-20
mkt_004045,0,507.52,42.0,14.98,15.0,3.0,102.07,2024-01-28
mkt_006503,1,627.3,134.0,2.11,21.0,2.0,1096.15,2024-01-27
mkt_003702,0,820.7,149.0,24.9,7.0,1.0,287.39,2024-01-23
mkt_001035,0,155.81,41.0,82.05,17.0,4.0,34.68,2024-01-08
mkt_009256,1,199.64,117.0,19.22,9.0,5.0,168.47,2024-01-10
mkt_005590,1,141.4,28.0,54.03,10.0,2.0,88.94,2024-01-22
mkt_001228,0,634.85,99.0,54.51,11.0,2.0,380.92,2024-01-04
mkt_009999,1,271.42,123.0,10.46,11.0,7.0,99.56,2024-01-21
mkt_006811,1,709.47,568.0,12.91,4.0,2.0,344.53,2024-01-18
mkt_005141,1,86.23,73.0,5.79,17.0,3.0,573.29,2024-01-06
mkt_000052,0,1797.53,285.0,83.32,7.0,7.0,446.67,2024-01-08
mkt_009067,1,153.35,13.0,35.6,12.0,2.0,167.64,2024-01-30
mkt_008395,1,274.51,18.0,42.15,15.0,1.0,338.41,2024-01-14
mkt_000159,0,131.9,199.0,11.26,10.0,6.0,44.99,2024-01-03
mkt_007552,1,156.5,175.0,21.82,11.0,7.0,603.57,2024-01-16
mkt_001587,0,68.26,32.0,68.09,10.0,9.0,198.74,2024-01-19
mkt_001589,0,166.54,126.0,11.16,12.0,9.0,433.55,2024-01-22
mkt_009841,1,350.34,373.0,7.49,6.0,2.0,98.6,2024-01-22
mkt_009328,1,103.72,6.0,16.81,8.0,6.0,96.34,2024-01-21
mkt_006930,1,655.87,54.0,48.27,19.0,8.0,374.26,2024-01-28
mkt_006596,1,202.48,608.0,198.02,12.0,5.0,779.33,2024-01-26
mkt_006174,1,21.05,48.0,20.91,9.0,1.0,135.77,2024-01-17
mkt_008098,1,2684.94,20.0,32.29,11.0,5.0,326.97,2024-01-08
mkt_003858,0,263.98,27.0,19.09,10.0,9.0,188.86,2024-01-14
mkt_009814,1,93.47,55.0,18.02,13.0,6.0,87.16,2024-01-09
mkt_006691,1,56.58,84.0,10.85,11.0,2.0,961.29,2024-01-18
mkt_002828,0,269.58,61.0,30.2,12.0,7.0,100.48,2024-01-20
mkt_000436,0,575.69,27.0,33.18,15.0,9.0,599.68,2024-01-10
mkt_008274,1,1247.25,54.0,17.55,12.0,6.0,429.18,2024-01-05
mkt_008168,1,289.55,80.0,121.19,12.0,5.0,104.63,2024-01-24
mkt_003878,0,906.67,222.0,51.14,15.0,5.0,81.42,2024-01-12
mkt_001588,0,129.8,50.0,41.76,15.0,6.0,261.98,2024-01-11
mkt_002780,0,387.76,34.0,41.45,14.0,9.0,53.96,2024-01-29
mkt_008981,1,1407.4,146.0,36.1,16.0,1.0,273.09,2024-01-10
mkt_008561,1,423.49,188.0,14.81,13.0,6.0,97.65,2024-01-28
mkt_005686,1,499.34,298.0,31.78,17.0,2.0,1107.51,2024-01-23
mkt_003965,0,1535.57,340.0,22.48,17.0,4.0,350.14,2024-01-08
mkt_004727,1,480.66,140.0,76.09,14.0,7.0,212.06,2024-01-26
mkt_000973,0,83.48,104.0,15.25,16.0,3.0,169.38,2024-01-30
mkt_001238,0,290.91,21.0,8.39,14.0,3.0,529.0,2024-01-14
mkt_002951,0,443.96,164.0,53.11,14.0,3.0,735.92,2024-01-06
mkt_002342,0,54.59,7.0,8.68,10.0,7.0,37.84,2024-01-03
mkt_006520,1,458.76,190.0,16.03,17.0,2.0,103.19,2024-01-06
mkt_007310,1,522.75,316.0,50.52,11.0,9.0,434.8,2024-01-10
mkt_006046,1,287.41,96.0,53.34,10.0,5.0,109.39,2024-01-28
mkt_002158,0,151.4,35.0,33.91,7.0,1.0,43.6,2024-01-02
mkt_009288,1,283.95,171.0,20.37,18.0,3.0,779.08,2024-01-04
mkt_006589,1,1082.91,96.0,59.88,8.0,5.0,524.29,2024-01-23
mkt_001497,0,503.17,115.0,9.31,8.0,5.0,203.83,2024-01-29
mkt_004545,1,301.71,142.0,4.88,14.0,6.0,137.88,2024-01-09
mkt_006465,1,739.8,220.0,240.46,10.0,6.0,342.42,2024-01-30
mkt_004257,0,267.42,110.0,75.91,13.0,5.0,341.76,2024-01-13
mkt_002422,0,37.59,56.0,9.82,14.0,1.0,80.01,2024-01-22
mkt_008564,1,1478.99,142.0,44.1,11.0,6.0,92.56,2024-01-02
mkt_005185,1,492.9,46.0,12.8,11.0,5.0,606.0,2024-01-05
mkt_005647,1,53.16,18.0,18.88,9.0,0.0,159.62,2024-01-10
mkt_000357,0,180.79,246.0,7.86,12.0,9.0,287.27,2024-01-23
mkt_005242,1,110.73,84.0,12.49,9.0,1.0,470.01,2024-01-09
mkt_008011,1,1504.08,62.0,31.18,12.0,9.0,306.34,2024-01-08
mkt_009240,1,394.88,48.0,11.28,17.0,1.0,272.89,2024-01-11
mkt_002092,0,372.8,69.0,9.39,12.0,0.0,340.65,2024-01-27
mkt_005409,1,652.58,392.0,5.12,15.0,6.0,600.52,2024-01-16
mkt_002015,0,259.38,870.0,12.6,8.0,8.0,696.09,2024-01-18
mkt_009059,1,550.06,78.0,8.95,9.0,0.0,152.61,2024-01-09
mkt_004044,0,271.33,174.0,3.54,14.0,0.0,544.73,2024-01-27
mkt_000187,0,700.43,64.0,14.87,7.0,8.0,327.67,2024-01-08
mkt_006858,1,694.35,97.0,8.99,20.0,8.0,59.58,2024-01-05
mkt_003655,0,427.95,103.0,7.04,17.0,5.0,478.17,2024-01-14
mkt_003426,0,73.03,42.0,163.63,12.0,0.0,77.92,2024-01-05
mkt_007194,1,155.28,110.0,35.65,12.0,3.0,123.06,2024-01-10
mkt_001381,0,72.05,99.0,6.15,14.0,2.0,163.25,2024-01-25
mkt_007468,1,849.02,72.0,123.1,13.0,7.0,1279.82,2024-01-25
mkt_000413,0,2346.65,479.0,16.07,11.0,2.0,698.61,2024-01-11
mkt_005037,1,333.39,277.0,20.1,12.0,0.0,370.09,2024-01-07
mkt_004897,1,203.96,28.0,5.25,9.0,4.0,230.57,2024-01-03
mkt_003336,0,347.49,81.0,5.93,12.0,8.0,111.84,2024-01-22
mkt_003606,0,948.21,53.0,39.56,14.0,4.0,46.1,2024-01-16
mkt_003175,0,153.21,26.0,65.81,16.0,3.0,215.04,2024-01-17
mkt_002241,0,363.61,102.0,18.15,13.0,5.0,356.8,2024-01-14
mkt_009708,1,50.85,24.0,65.93,8.0,6.0,244.84,2024-01-17
mkt_007796,1,262.59,54.0,23.19,8.0,3.0,158.7,2024-01-25
mkt_000256,0,158.91,56.0,16.92,14.0,7.0,430.46,2024-01-19
mkt_008620,1,983.19,279.0,98.27,19.0,8.0,486.13,2024-01-30
mkt_000200,0,192.59,12.0,32.5,11.0,4.0,38.98,2024-01-05
mkt_002235,0,660.96,275.0,25.94,10.0,4.0,137.76,2024-01-25
mkt_004743,1,260.17,67.0,39.27,16.0,0.0,217.67,2024-01-14
mkt_001767,0,52.78,170.0,34.69,11.0,3.0,224.85,2024-01-16
mkt_004236,0,92.82,18.0,39.59,14.0,7.0,45.01,2024-01-10
mkt_006729,1,1057.04,157.0,12.63,11.0,9.0,159.32,2024-01-30
mkt_008450,1,393.77,54.0,52.56,16.0,6.0,143.02,2024-01-20
mkt_007277,1,149.59,55.0,121.79,15.0,4.0,216.71,2024-01-10
mkt_001572,0,479.12,328.0,16.21,10.0,7.0,176.23,2024-01-03
mkt_000024,0,163.94,96.0,45.88,7.0,0.0,198.78,2024-01-26
mkt_003363,0,146.39,90.0,6.16,11.0,8.0,52.53,2024-01-24
mkt_001088,0,1795.11,25.0,19.53,14.0,5.0,332.99,2024-01-16
mkt_004674,1,248.95,36.0,33.56,10.0,8.0,168.29,2024-01-22
mkt_002694,0,66.3,30.0,6.42,12.0,4.0,123.03,2024-01-03
mkt_007582,1,157.97,112.0,6.11,10.0,0.0,204.89,2024-01-25
mkt_003398,0,1266.7,74.0,12.04,13.0,6.0,487.92,2024-01-09
mkt_003559,0,719.84,346.0,28.12,11.0,3.0,160.49,2024-01-29
mkt_009156,1,290.89,457.0,16.56,17.0,8.0,1045.65,2024-01-08
mkt_002841,0,1071.86,673.0,60.5,14.0,0.0,560.44,2024-01-18
mkt_002311,0,75.05,52.0,41.98,7.0,1.0,156.78,2024-01-19
mkt_008333,1,593.61,260.0,19.05,16.0,6.0,632.77,2024-01-03
mkt_003234,0,1228.74,356.0,5.83,13.0,4.0,316.24,2024-01-18
mkt_004152,0,70.31,52.0,5.94,13.0,2.0,187.58,2024-01-29
mkt_001309,0,242.26,248.0,2.06,11.0,9.0,669.68,2024-01-09
mkt_000695,0,126.96,32.0,19.42,20.0,1.0,46.93,2024-01-11
mkt_009859,1,786.57,214.0,8.8,14.0,4.0,546.23,2024-01-18
mkt_003752,0,29.73,14.0,18.37,16.0,5.0,93.21,2024-01-24
mkt_006337,1,432.51,81.0,109.48,10.0,4.0,195.81,2024-01-16
mkt_001227,0,1134.92,1458.0,24.86,6.0,6.0,1245.73,2024-01-11
mkt_001999,0,67.68,58.0,111.38,11.0,3.0,119.41,2024-01-13
mkt_000276,0,135.71,26.0,85.84,15.0,9.0,47.05,2024-01-08
mkt_008176,1,162.68,85.0,2.03,8.0,4.0,271.16,2024-01-04
mkt_007664,1,119.52,97.0,13.65,9.0,8.0,139.89,2024-01-24
mkt_005929,1,105.56,120.0,69.7,13.0,0.0,308.66,2024-01-09
mkt_002953,0,1576.44,80.0,22.08,18.0,6.0,217.76,2024-01-03
mkt_003637,0,299.32,16.0,17.29,14.0,0.0,355.53,2024-01-07
mkt_003906,0,685.02,170.0,11.2,11.0,4.0,359.39,2024-01-04
mkt_004778,1,49.08,50.0,76.98,12.0,2.0,818.93,2024-01-18
mkt_005845,1,413.85,33.0,27.54,6.0,1.0,195.3,2024-01-11
mkt_009698,1,165.23,122.0,23.51,12.0,0.0,138.6,2024-01-12
mkt_004117,0,78.39,52.0,168.77,12.0,9.0,371.58,2024-01-10
mkt_007030,1,2554.96,1002.0,20.45,16.0,2.0,1640.68,2024-01-12
mkt_001137,0,77.6,21.0,7.66,16.0,4.0,62.39,2024-01-07
mkt_002767,0,1011.73,184.0,47.7,11.0,4.0,81.05,2024-01-30
mkt_002334,0,46.42,37.0,16.26,17.0,4.0,189.46,2024-01-25
mkt_007706,1,382.05,440.0,5.4,17.0,2.0,909.75,2024-01-17
mkt_000942,0,282.33,62.0,6.87,8.0,4.0,100.09,2024-01-04
mkt_007662,1,240.65,45.0,6.35,10.0,8.0,94.36,2024-01-06
mkt_002490,0,380.58,41.0,5.73,13.0,7.0,210.68,2024-01-09
mkt_009679,1,61.35,132.0,8.7,14.0,7.0,273.47,2024-01-10
mkt_006290,1,932.64,129.0,9.2,10.0,3.0,810.16,2024-01-28
mkt_004935,1,1301.92,380.0,12.09,12.0,5.0,154.25,2024-01-03
mkt_003935,0,773.25,58.0,11.09,15.0,2.0,584.42,2024-01-30
mkt_006956,1,585.7,360.0,3.64,15.0,6.0,437.27,2024-01-11
mkt_002384,0,136.72,7.0,4.52,9.0,9.0,197.41,2024-01-02
mkt_000115,0,537.53,112.0,14.76,7.0,1.0,226.98,2024-01-18
mkt_001863,0,144.32,44.0,67.97,3.0,2.0,621.89,2024-01-22
mkt_009976,1,296.09,13.0,52.22,15.0,3.0,58.49,2024-01-04
mkt_003119,0,269.41,676.0,18.25,15.0,1.0,996.74,2024-01-29
mkt_004258,0,80.5,17.0,26.31,18.0,8.0,379.36,2024-01-09
mkt_006705,1,344.25,69.0,6.54,9.0,8.0,327.17,2024-01-09
mkt_000902,0,139.01,40.0,9.91,7.0,2.0,207.39,2024-01-08
mkt_002819,0,1543.46,29.0,103.9,11.0,6.0,178.56,2024-01-18
mkt_003822,0,304.68,34.0,71.19,17.0,3.0,133.23,2024-01-18
mkt_008161,1,137.21,133.0,2.36,16.0,6.0,146.19,2024-01-21
mkt_006890,1,207.94,98.0,35.18,10.0,0.0,110.45,2024-01-03
mkt_009090,1,536.18,261.0,50.2,6.0,4.0,448.07,2024-01-10
mkt_004699,1,604.82,168.0,7.24,8.0,1.0,193.13,2024-01-30
mkt_008918,1,320.75,336.0,91.31,14.0,7.0,295.17,2024-01-15
mkt_003802,0,134.88,166.0,12.92,18.0,0.0,375.82,2024-01-25
mkt_006068,1,537.16,69.0,26.22,11.0,8.0,112.45,2024-01-16
mkt_005810,1,114.38,19.0,19.27,14.0,1.0,254.55,2024-01-03
mkt_003536,0,822.63,75.0,45.09,10.0,4.0,590.66,2024-01-02
mkt_003825,0,482.25,62.0,13.44,18.0,7.0,278.49,2024-01-09
mkt_008642,1,279.86,18.0,39.51,6.0,7.0,130.03,2024-01-26
mkt_008608,1,232.25,232.0,9.56,7.0,0.0,235.78,2024-01-12
mkt_004810,1,71.44,166.0,1.48,12.0,5.0,366.4,2024-01-02
mkt_001946,0,59.25,11.0,7.26,11.0,5.0,240.41,2024-01-22
mkt_008600,1,724.66,914.0,60.63,9.0,1.0,226.92,2024-01-16
mkt_007136,1,1484.84,260.0,6.92,10.0,1.0,338.67,2024-01-30
mkt_005335,1,406.17,253.0,3.89,10.0,0.0,307.3,2024-01-19
mkt_003488,0,680.35,30.0,75.59,9.0,8.0,796.43,2024-01-02
mkt_001610,0,401.78,85.0,19.46,13.0,2.0,48.3,2024-01-22
mkt_007461,1,161.82,134.0,39.54,6.0,9.0,345.11,2024-01-17
mkt_008473,1,341.28,46.0,24.68,13.0,0.0,328.05,2024-01-04
mkt_004677,1,221.7,136.0,7.67,16.0,0.0,1288.71,2024-01-23
mkt_004959,1,2365.18,663.0,54.51,11.0,3.0,324.02,2024-01-01
mkt_005867,1,530.31,36.0,28.02,14.0,0.0,173.52,2024-01-22
mkt_008763,1,312.32,70.0,27.65,9.0,7.0,381.41,2024-01-15
mkt_004761,1,390.84,381.0,2.02,14.0,1.0,181.18,2024-01-20
mkt_002194,0,460.19,28.0,52.09,11.0,6.0,156.77,2024-01-08
mkt_008003,1,159.33,31.0,11.7,9.0,4.0,248.95,2024-01-26
mkt_005701,1,979.36,284.0,78.74,11.0,2.0,2274.55,2024-01-17
mkt_005113,1,285.28,184.0,13.69,14.0,8.0,445.68,2024-01-29
mkt_000557,0,1000.28,307.0,5.16,12.0,2.0,320.57,2024-01-27
mkt_008065,1,159.22,524.0,60.38,9.0,4.0,157.49,2024-01-01
mkt_005139,1,141.75,176.0,3.3,8.0,9.0,855.75,2024-01-26
mkt_001207,0,316.05,41.0,22.15,15.0,1.0,205.96,2024-01-24
mkt_007033,1,1079.04,202.0,11.74,15.0,7.0,3695.98,2024-01-04
mkt_007309,1,1232.75,248.0,110.5,13.0,5.0,118.61,2024-01-18
mkt_001510,0,391.22,39.0,75.0,11.0,4.0,120.7,2024-01-18
mkt_006769,1,155.16,43.0,46.74,11.0,8.0,56.48,2024-01-16
mkt_003829,0,596.43,235.0,5.5,9.0,5.0,114.69,2024-01-01
mkt_003732,0,153.71,141.0,38.45,12.0,3.0,756.2,2024-01-01
mkt_007957,1,159.94,64.0,42.79,14.0,4.0,342.56,2024-01-12
mkt_003211,0,279.04,302.0,16.54,11.0,4.0,65.02,2024-01-21
mkt_003630,0,772.11,273.0,85.1,12.0,7.0,200.76,2024-01-03
mkt_001708,0,372.44,48.0,71.41,10.0,4.0,112.03,2024-01-15
mkt_001845,0,90.84,10.0,24.98,14.0,2.0,122.16,2024-01-17
mkt_000266,0,175.72,40.0,55.7,11.0,2.0,62.62,2024-01-09
mkt_005985,1,381.8,138.0,29.8,12.0,5.0,227.32,2024-01-21
mkt_001140,0,124.08,33.0,35.99,8.0,7.0,227.12,2024-01-25
mkt_003162,0,540.49,67.0,3.11,11.0,4.0,347.39,2024-01-08
mkt_006207,1,315.47,64.0,19.52,13.0,6.0,850.95,2024-01-13
mkt_002046,0,66.56,20.0,28.96,14.0,9.0,72.39,2024-01-25
mkt_003730,0,117.57,69.0,17.04,11.0,5.0,300.66,2024-01-07
mkt_001909,0,87.2,57.0,19.88,11.0,9.0,455.0,2024-01-27
mkt_007307,1,236.81,344.0,20.02,6.0,3.0,392.06,2024-01-13
mkt_002660,0,630.44,12.0,57.94,12.0,4.0,170.6,2024-01-16
mkt_000656,0,534.98,122.0,13.57,10.0,5.0,725.9,2024-01-01
mkt_006660,1,348.74,58.0,11.02,19.0,7.0,63.04,2024-01-12
mkt_001307,0,220.26,103.0,41.13,15.0,1.0,651.26,2024-01-18
mkt_009429,1,301.53,256.0,40.99,19.0,8.0,494.08,2024-01-24
mkt_000998,0,153.98,137.0,8.65,13.0,6.0,452.79,2024-01-30
mkt_007432,1,1447.27,57.0,28.29,12.0,3.0,92.57,2024-01-12
mkt_002834,0,195.03,23.0,13.58,16.0,6.0,405.9,2024-01-04
mkt_009178,1,186.07,42.0,31.27,10.0,0.0,226.92,2024-01-10
mkt_005880,1,33.47,46.0,9.8,14.0,9.0,126.58,2024-01-04
mkt_001237,0,61.08,62.0,39.32,16.0,6.0,229.55,2024-01-29
mkt_002151,0,79.03,108.0,4.71,12.0,7.0,225.78,2024-01-12
mkt_007919,1,52.29,80.0,32.93,11.0,6.0,133.21,2024-01-19
mkt_009695,1,432.41,84.0,52.45,14.0,7.0,354.41,2024-01-22
mkt_007189,1,465.18,49.0,7.36,9.0,0.0,446.75,2024-01-29
mkt_008303,1,249.23,18.0,72.68,18.0,6.0,152.54,2024-01-12
mkt_006578,1,578.33,253.0,9.11,10.0,9.0,221.87,2024-01-11
mkt_005091,1,320.41,72.0,35.7,12.0,4.0,307.73,2024-01-02
mkt_002186,0,318.82,150.0,11.62,12.0,2.0,176.61,2024-01-21
mkt_001134,0,3202.36,174.0,10.16,15.0,4.0,780.29,2024-01-30
mkt_005004,1,566.02,76.0,17.97,10.0,6.0,233.15,2024-01-10
mkt_007974,1,255.34,32.0,14.98,15.0,6.0,104.38,2024-01-10
mkt_001303,0,567.88,140.0,18.08,10.0,9.0,896.13,2024-01-06
mkt_008468,1,114.13,37.0,23.92,19.0,1.0,803.87,2024-01-09
mkt_001627,0,1137.44,495.0,37.19,8.0,2.0,219.52,2024-01-08
mkt_009281,1,142.27,222.0,39.39,16.0,8.0,194.07,2024-01-26
mkt_001522,0,633.63,513.0,32.27,14.0,5.0,307.73,2024-01-20
mkt_009810,1,222.19,57.0,18.22,10.0,9.0,370.68,2024-01-24
mkt_000358,0,281.57,68.0,27.03,13.0,3.0,166.06,2024-01-07
mkt_000138,0,132.39,17.0,19.57,11.0,6.0,144.16,2024-01-08
mkt_000299,0,62.34,449.0,33.83,14.0,1.0,422.23,2024-01-30
mkt_001556,0,109.84,18.0,6.65,11.0,7.0,89.53,2024-01-01
mkt_005099,1,80.15,535.0,61.96,7.0,7.0,151.28,2024-01-05
mkt_000382,0,416.04,159.0,19.96,16.0,2.0,272.59,2024-01-07
mkt_008312,1,99.51,10.0,11.03,6.0,0.0,103.45,2024-01-27
mkt_006948,1,1705.72,262.0,15.31,9.0,8.0,352.57,2024-01-10
mkt_004857,1,348.2,238.0,6.26,18.0,6.0,134.9,2024-01-17
mkt_003180,0,644.99,141.0,54.24,14.0,7.0,179.25,2024-01-24
mkt_001439,0,171.74,50.0,31.87,18.0,3.0,331.52,2024-01-19
mkt_007269,1,179.35,85.0,6.01,14.0,4.0,214.26,2024-01-30
mkt_005673,1,437.42,1611.0,5.31,13.0,7.0,2735.78,2024-01-17
mkt_000946,0,361.07,16.0,118.88,11.0,7.0,57.66,2024-01-03
mkt_002390,0,3741.05,708.0,5.11,12.0,8.0,351.55,2024-01-10
mkt_005498,1,242.74,46.0,19.53,12.0,4.0,71.41,2024-01-16
mkt_007073,1,518.5,62.0,17.41,12.0,4.0,280.34,2024-01-02
mkt_009230,1,82.65,10.0,20.28,8.0,8.0,86.59,2024-01-13
mkt_002721,0,698.15,157.0,30.57,12.0,0.0,1700.44,2024-01-26
mkt_001932,0,88.36,124.0,15.43,15.0,7.0,43.93,2024-01-16
mkt_007423,1,54.01,15.0,53.95,13.0,9.0,117.19,2024-01-22
mkt_003236,0,267.8,153.0,30.92,20.0,0.0,968.97,2024-01-27
mkt_003140,0,1125.99,90.0,31.59,6.0,6.0,177.61,2024-01-19
mkt_004163,0,836.93,331.0,3.16,13.0,9.0,82.03,2024-01-20
mkt_008888,1,506.33,37.0,17.4,15.0,7.0,313.07,2024-01-04
mkt_003807,0,475.75,23.0,24.3,12.0,4.0,84.74,2024-01-26
mkt_009479,1,1081.32,152.0,30.93,14.0,6.0,154.91,2024-01-29
mkt_006983,1,294.32,42.0,26.92,9.0,6.0,118.92,2024-01-16
mkt_008904,1,242.71,76.0,64.7,15.0,1.0,288.46,2024-01-07
mkt_009722,1,178.39,67.0,29.41,13.0,8.0,420.01,2024-01-10
mkt_004154,0,402.89,878.0,65.58,9.0,0.0,1226.6,2024-01-29
mkt_004172,0,600.7,208.0,25.17,7.0,4.0,263.17,2024-01-10
mkt_000796,0,466.81,60.0,12.02,10.0,5.0,33.87,2024-01-22
mkt_002416,0,55.77,75.0,12.9,7.0,4.0,263.58,2024-01-10
mkt_007170,1,110.73,49.0,3.43,5.0,1.0,115.38,2024-01-29
mkt_006139,1,173.32,159.0,41.74,10.0,2.0,206.53,2024-01-15
mkt_000785,0,1659.61,125.0,12.94,7.0,3.0,210.37,2024-01-16
mkt_007067,1,1879.51,218.0,17.53,10.0,2.0,312.58,2024-01-28
mkt_003158,0,184.29,56.0,9.94,12.0,9.0,631.45,2024-01-22
mkt_000123,0,303.75,89.0,30.78,13.0,9.0,66.79,2024-01-06
mkt_009457,1,1388.47,160.0,5.32,10.0,5.0,126.8,2024-01-23
mkt_009246,1,955.28,126.0,4.91,16.0,3.0,309.59,2024-01-23
mkt_002172,0,318.55,93.0,84.42,12.0,5.0,172.91,2024-01-15
mkt_002169,0,877.8,33.0,9.85,10.0,8.0,467.45,2024-01-08
mkt_006880,1,93.45,176.0,6.23,7.0,9.0,846.64,2024-01-16
mkt_004009,0,1976.73,620.0,6.64,8.0,3.0,470.07,2024-01-16
mkt_009296,1,198.47,15.0,3.88,18.0,0.0,88.92,2024-01-30
mkt_004340,0,795.5,283.0,10.15,14.0,7.0,69.56,2024-01-09
mkt_000910,0,97.27,33.0,12.51,15.0,9.0,99.42,2024-01-21
mkt_006268,1,60.05,36.0,21.09,11.0,4.0,161.19,2024-01-08
mkt_007771,1,563.4,91.0,24.47,7.0,3.0,316.8,2024-01-27
mkt_002309,0,95.79,26.0,17.09,15.0,6.0,91.58,2024-01-03
mkt_009658,1,1515.07,2190.0,12.55,17.0,6.0,2131.64,2024-01-05
mkt_003634,0,341.65,34.0,65.3,13.0,3.0,95.94,2024-01-18
mkt_001257,0,115.14,34.0,10.51,7.0,0.0,390.88,2024-01-28
mkt_006591,1,1062.13,315.0,3.13,12.0,0.0,679.28,2024-01-15
mkt_004458,0,246.05,45.0,13.22,10.0,7.0,655.34,2024-01-03
mkt_006133,1,264.4,57.0,30.7,15.0,2.0,344.51,2024-01-21
mkt_001178,0,165.25,10.0,9.52,14.0,5.0,132.27,2024-01-05
mkt_004652,1,220.96,45.0,70.86,7.0,8.0,102.11,2024-01-29
mkt_006218,1,748.41,190.0,6.17,16.0,5.0,153.24,2024-01-21
mkt_003650,0,992.88,160.0,13.64,9.0,5.0,1502.73,2024-01-06
mkt_000442,0,353.43,105.0,40.53,6.0,7.0,197.74,2024-01-18
mkt_003415,0,159.44,46.0,14.43,12.0,5.0,335.91,2024-01-24
mkt_001399,0,71.03,80.0,4.6,10.0,0.0,351.44,2024-01-12
mkt_001457,0,111.38,76.0,4.0,6.0,9.0,53.68,2024-01-03
mkt_007524,1,1097.14,112.0,14.26,13.0,0.0,382.74,2024-01-18
mkt_005744,1,147.16,776.0,10.93,9.0,9.0,400.13,2024-01-27
mkt_001054,0,170.74,6.0,134.09,15.0,7.0,106.92,2024-01-05
mkt_008998,1,215.24,57.0,60.97,10.0,8.0,131.46,2024-01-19
mkt_003275,0,685.6,540.0,11.13,7.0,0.0,156.44,2024-01-22
mkt_001463,0,436.55,183.0,34.24,12.0,8.0,403.18,2024-01-04
mkt_003699,0,401.82,102.0,19.05,17.0,5.0,80.89,2024-01-13
mkt_003759,0,52.06,238.0,42.22,12.0,3.0,126.84,2024-01-23
mkt_000929,0,537.69,26.0,17.75,8.0,8.0,42.0,2024-01-01
mkt_005511,1,151.77,19.0,41.95,15.0,1.0,50.53,2024-01-03
mkt_006468,1,1236.47,104.0,35.96,14.0,4.0,373.04,2024-01-22
mkt_008412,1,1129.19,64.0,29.34,10.0,2.0,925.81,2024-01-30
mkt_001829,0,40.81,29.0,38.64,17.0,2.0,286.29,2024-01-03
mkt_002928,0,304.32,427.0,40.28,10.0,5.0,529.99,2024-01-23
mkt_008295,1,60.16,43.0,58.0,12.0,1.0,142.97,2024-01-08
mkt_006538,1,2462.78,222.0,3.53,8.0,3.0,1069.04,2024-01-12
mkt_004221,0,144.28,31.0,10.52,18.0,6.0,171.25,2024-01-20
mkt_003546,0,729.92,70.0,14.74,8.0,3.0,37.03,2024-01-30
mkt_005598,1,632.97,120.0,23.04,13.0,2.0,399.23,2024-01-11
mkt_008937,1,139.48,337.0,19.48,17.0,7.0,1423.62,2024-01-18
mkt_007318,1,863.94,248.0,7.02,12.0,0.0,120.1,2024-01-26
mkt_008350,1,699.29,115.0,64.33,15.0,7.0,1013.84,2024-01-03
mkt_002011,0,910.33,33.0,11.4,14.0,8.0,110.41,2024-01-03
mkt_000913,0,859.1,122.0,7.92,7.0,4.0,52.87,2024-01-24
mkt_008248,1,407.59,96.0,32.07,9.0,6.0,161.96,2024-01-24
mkt_007265,1,967.8,44.0,9.34,17.0,6.0,333.87,2024-01-05
mkt_003219,0,534.71,100.0,6.41,13.0,7.0,156.3,2024-01-18
mkt_002606,0,284.25,163.0,17.38,19.0,4.0,473.32,2024-01-03
mkt_003264,0,358.95,6.0,15.66,8.0,6.0,34.36,2024-01-02
mkt_004928,1,235.31,109.0,1.5,10.0,9.0,236.4,2024-01-25
mkt_008661,1,253.24,115.0,29.46,12.0,1.0,377.55,2024-01-02
mkt_006564,1,84.04,74.0,15.17,16.0,1.0,142.84,2024-01-08
mkt_008129,1,35.83,19.0,12.67,12.0,8.0,314.17,2024-01-09
mkt_000006,0,95.01,45.0,12.39,4.0,5.0,148.57,2024-01-22
mkt_002980,0,167.1,92.0,15.87,11.0,8.0,316.81,2024-01-24
mkt_006583,1,491.19,357.0,21.71,9.0,4.0,217.8,2024-01-23
mkt_003361,0,195.65,142.0,9.87,6.0,2.0,346.21,2024-01-09
mkt_004774,1,1164.23,1400.0,36.0,12.0,6.0,303.17,2024-01-04
mkt_001943,0,322.36,391.0,27.97,13.0,3.0,375.21,2024-01-29
mkt_007452,1,74.98,8.0,43.72,14.0,8.0,16.74,2024-01-10
mkt_005499,1,395.41,30.0,13.01,11.0,6.0,679.56,2024-01-17
mkt_001635,0,143.79,10.0,13.65,11.0,7.0,85.75,2024-01-29
mkt_001141,0,271.97,38.0,8.72,20.0,7.0,258.8,2024-01-24
mkt_002041,0,480.68,168.0,22.72,8.0,0.0,158.27,2024-01-10
mkt_006703,1,325.89,100.0,33.06,10.0,6.0,243.92,2024-01-06
mkt_007818,1,190.17,252.0,7.0,9.0,3.0,124.66,2024-01-25
mkt_002070,0,2315.66,216.0,20.87,16.0,2.0,268.91,2024-01-23
mkt_003134,0,67.9,296.0,126.59,15.0,5.0,82.8,2024-01-03
mkt_005160,1,183.04,248.0,178.83,11.0,6.0,292.14,2024-01-12
mkt_008331,1,453.78,394.0,6.13,9.0,0.0,694.78,2024-01-17
mkt_005275,1,1444.38,459.0,17.11,10.0,7.0,107.0,2024-01-29
mkt_002242,0,278.56,29.0,42.48,6.0,5.0,114.83,2024-01-25
mkt_001474,0,522.09,32.0,11.84,7.0,7.0,160.32,2024-01-08
mkt_008590,1,577.66,135.0,49.77,9.0,7.0,2200.02,2024-01-16
mkt_001889,0,256.29,97.0,23.82,9.0,8.0,196.31,2024-01-19
mkt_003435,0,85.55,163.0,8.13,7.0,0.0,117.63,2024-01-10
mkt_007593,1,2704.29,80.0,21.81,8.0,7.0,338.93,2024-01-10
mkt_007745,1,288.41,37.0,1.2,17.0,3.0,435.12,2024-01-16
mkt_003705,0,127.36,21.0,16.72,13.0,0.0,170.06,2024-01-06
mkt_002021,0,296.54,47.0,40.04,12.0,6.0,460.97,2024-01-27
mkt_004020,0,304.86,38.0,18.73,16.0,3.0,307.42,2024-01-25
mkt_008830,1,234.14,150.0,32.83,16.0,4.0,578.54,2024-01-11
mkt_008443,1,517.58,54.0,24.61,12.0,9.0,170.69,2024-01-07
mkt_003500,0,413.69,168.0,18.54,11.0,2.0,374.59,2024-01-04
mkt_002658,0,815.98,241.0,7.59,16.0,6.0,456.33,2024-01-05
mkt_008456,1,221.73,210.0,12.78,6.0,6.0,184.71,2024-01-15
mkt_006888,1,650.08,370.0,18.04,14.0,9.0,1083.46,2024-01-12
mkt_001130,0,103.97,8.0,12.08,10.0,8.0,62.01,2024-01-16
mkt_005557,1,328.31,22.0,15.84,10.0,3.0,185.6,2024-01-21
mkt_007358,1,73.11,102.0,56.87,11.0,2.0,396.71,2024-01-25
mkt_001819,0,5412.27,500.0,30.26,11.0,8.0,326.23,2024-01-05
mkt_007538,1,334.52,54.0,32.32,12.0,4.0,586.57,2024-01-14
mkt_009386,1,29.22,102.0,40.5,16.0,5.0,69.97,2024-01-23
mkt_004318,0,323.91,89.0,14.06,8.0,5.0,366.8,2024-01-15
mkt_009604,1,2048.19,160.0,9.25,10.0,2.0,301.43,2024-01-23
mkt_004144,0,90.47,810.0,9.79,11.0,6.0,638.05,2024-01-05
mkt_004669,1,558.73,182.0,4.83,16.0,7.0,224.53,2024-01-09
mkt_001236,0,357.98,432.0,6.74,11.0,8.0,156.53,2024-01-15
mkt_005476,1,261.7,117.0,32.05,10.0,8.0,1217.43,2024-01-05
mkt_009836,1,119.77,14.0,14.51,13.0,3.0,102.97,2024-01-08
mkt_001856,0,305.05,289.0,43.49,12.0,5.0,88.99,2024-01-30
mkt_002282,0,1807.91,1318.0,80.06,12.0,7.0,203.85,2024-01-22
mkt_008693,1,393.84,116.0,47.69,13.0,4.0,523.33,2024-01-30
mkt_009320,1,71.14,112.0,17.4,13.0,2.0,695.73,2024-01-25
mkt_004093,0,148.06,143.0,26.21,18.0,5.0,90.32,2024-01-01
mkt_007061,1,171.68,74.0,6.21,11.0,8.0,108.02,2024-01-30
mkt_005200,1,90.03,24.0,16.46,17.0,6.0,94.68,2024-01-30
mkt_006401,1,294.37,548.0,11.44,12.0,5.0,257.13,2024-01-15
mkt_009929,1,232.5,51.0,69.3,17.0,2.0,227.26,2024-01-25
mkt_003421,0,73.45,74.0,38.67,10.0,2.0,121.59,2024-01-11
mkt_009269,1,197.08,20.0,7.55,6.0,9.0,385.58,2024-01-18
mkt_000386,0,312.11,29.0,16.0,6.0,9.0,102.79,2024-01-11
mkt_008548,1,184.46,99.0,30.45,10.0,7.0,314.94,2024-01-06
mkt_001628,0,2250.88,892.0,17.86,9.0,9.0,389.43,2024-01-02
mkt_003585,0,179.47,63.0,9.51,7.0,4.0,397.39,2024-01-06
mkt_007412,1,331.41,33.0,89.14,11.0,9.0,175.8,2024-01-01
mkt_002714,0,361.13,67.0,11.3,19.0,8.0,101.82,2024-01-03
mkt_007171,1,414.22,190.0,35.33,7.0,3.0,100.28,2024-01-22
mkt_008435,1,135.58,156.0,19.02,8.0,5.0,106.18,2024-01-12
mkt_009321,1,1185.52,597.0,18.55,13.0,2.0,410.53,2024-01-24
mkt_005659,1,479.18,54.0,10.08,8.0,5.0,40.06,2024-01-07
mkt_003189,0,123.39,156.0,35.26,18.0,8.0,159.2,2024-01-14
mkt_009968,1,1407.73,34.0,10.17,9.0,2.0,222.31,2024-01-13
mkt_004305,0,785.71,370.0,11.59,11.0,0.0,617.24,2024-01-09
mkt_000909,0,652.39,148.0,6.28,15.0,1.0,544.41,2024-01-26
mkt_005385,1,796.56,795.0,16.0,13.0,7.0,104.47,2024-01-25
mkt_001996,0,91.63,89.0,20.47,15.0,1.0,135.92,2024-01-27
mkt_001866,0,64.14,79.0,93.53,17.0,8.0,124.26,2024-01-18
mkt_001842,0,4246.38,85.0,8.25,11.0,9.0,287.52,2024-01-17
mkt_002497,0,523.86,46.0,3.0,16.0,1.0,175.77,2024-01-21
mkt_000201,0,182.27,87.0,24.09,7.0,1.0,402.88,2024-01-13
mkt_007905,1,1452.71,332.0,17.31,11.0,4.0,53.29,2024-01-24
mkt_007724,1,474.46,438.0,5.25,12.0,6.0,498.47,2024-01-10
mkt_005054,1,246.96,409.0,16.28,12.0,9.0,257.83,2024-01-21
mkt_005889,1,54.4,75.0,13.44,10.0,3.0,821.53,2024-01-10
mkt_004006,0,108.45,768.0,137.32,9.0,3.0,1831.31,2024-01-12
mkt_009901,1,1124.49,240.0,24.63,12.0,6.0,166.71,2024-01-20
mkt_002702,0,536.91,97.0,5.43,10.0,1.0,102.62,2024-01-09
mkt_003449,0,617.62,26.0,65.92,20.0,8.0,218.38,2024-01-17
mkt_000331,0,251.66,150.0,47.25,13.0,8.0,684.11,2024-01-03
mkt_007139,1,88.7,61.0,2.63,12.0,3.0,125.39,2024-01-10
mkt_008960,1,289.94,190.0,2.97,11.0,0.0,304.51,2024-01-29
mkt_009819,1,655.96,128.0,16.38,18.0,4.0,381.58,2024-01-29
mkt_007176,1,91.54,55.0,40.48,13.0,0.0,148.09,2024-01-16
mkt_002459,0,638.31,68.0,6.22,7.0,8.0,80.87,2024-01-10
mkt_001774,0,758.18,1016.0,120.67,10.0,7.0,650.48,2024-01-24
mkt_006628,1,239.57,595.0,23.75,5.0,8.0,123.33,2024-01-23
mkt_007596,1,242.71,195.0,8.71,14.0,2.0,369.11,2024-01-16
mkt_007986,1,33.61,15.0,18.17,7.0,7.0,83.28,2024-01-06
mkt_002686,0,315.29,463.0,28.99,10.0,8.0,198.22,2024-01-14
mkt_009147,1,278.18,28.0,46.78,15.0,1.0,118.66,2024-01-03
mkt_000989,0,1944.59,651.0,43.83,16.0,3.0,377.24,2024-01-09
mkt_009046,1,91.1,51.0,9.04,9.0,2.0,341.43,2024-01-23
mkt_008348,1,689.06,654.0,21.43,11.0,6.0,369.25,2024-01-15
mkt_008875,1,321.49,36.0,20.83,11.0,1.0,40.85,2024-01-16
mkt_008550,1,370.14,13.0,7.66,12.0,4.0,113.25,2024-01-12
mkt_005806,1,263.56,201.0,54.58,10.0,9.0,1024.38,2024-01-22
mkt_008733,1,278.6,114.0,25.4,6.0,4.0,269.91,2024-01-25
mkt_008697,1,667.98,123.0,37.78,11.0,4.0,130.12,2024-01-03
mkt_006574,1,451.25,122.0,23.5,11.0,5.0,148.64,2024-01-04
mkt_003052,0,87.38,338.0,70.31,10.0,4.0,1572.88,2024-01-17
mkt_008637,1,319.93,201.0,14.97,11.0,3.0,584.58,2024-01-07
mkt_005462,1,97.39,49.0,29.87,9.0,8.0,356.73,2024-01-09
mkt_000173,0,187.21,129.0,47.9,9.0,5.0,489.38,2024-01-19
mkt_004954,1,262.82,510.0,57.36,16.0,6.0,396.53,2024-01-13
mkt_004615,1,376.42,193.0,71.47,12.0,1.0,275.45,2024-01-16
mkt_003321,0,53.38,49.0,45.83,9.0,4.0,135.45,2024-01-30
mkt_007065,1,176.04,168.0,21.52,11.0,4.0,333.93,2024-01-03
mkt_006246,1,442.48,97.0,6.18,14.0,9.0,411.98,2024-01-28
mkt_006745,1,652.76,1026.0,23.42,10.0,0.0,1144.08,2024-01-24
mkt_003372,0,1216.86,1572.0,92.57,10.0,1.0,480.78,2024-01-09
mkt_006048,1,528.87,112.0,10.36,9.0,6.0,136.71,2024-01-12
mkt_003311,0,715.82,508.0,23.34,15.0,9.0,1099.46,2024-01-23
mkt_007416,1,583.52,190.0,39.98,11.0,3.0,291.23,2024-01-15
mkt_007293,1,500.34,109.0,9.8,20.0,9.0,419.93,2024-01-05
mkt_007584,1,152.05,60.0,15.55,13.0,2.0,342.55,2024-01-11
mkt_009377,1,179.45,139.0,41.05,9.0,4.0,240.94,2024-01-16
mkt_008811,1,187.24,73.0,23.41,11.0,2.0,414.85,2024-01-20
mkt_008160,1,226.4,241.0,23.13,8.0,2.0,53.71,2024-01-15
mkt_004679,1,143.2,22.0,10.26,15.0,3.0,125.14,2024-01-13
mkt_003403,0,30.06,10.0,8.74,12.0,7.0,52.06,2024-01-24
mkt_000018,0,170.29,28.0,32.32,16.0,6.0,119.75,2024-01-21
mkt_003691,0,478.69,79.0,4.09,17.0,3.0,488.39,2024-01-13
mkt_008654,1,140.9,16.0,73.78,14.0,4.0,181.05,2024-01-12
mkt_004096,0,374.19,242.0,11.19,11.0,9.0,463.07,2024-01-08
mkt_003628,0,182.15,116.0,128.22,10.0,1.0,140.66,2024-01-15
mkt_008862,1,274.93,8.0,12.81,13.0,4.0,367.54,2024-01-08
mkt_002174,0,793.48,83.0,15.13,5.0,0.0,185.24,2024-01-25
mkt_001356,0,683.91,209.0,34.77,11.0,6.0,200.1,2024-01-12
mkt_005002,1,281.27,27.0,33.26,6.0,6.0,403.73,2024-01-23
mkt_007391,1,4023.63,75.0,43.37,12.0,1.0,285.15,2024-01-11
mkt_006922,1,2066.26,102.0,58.9,16.0,6.0,851.05,2024-01-27
mkt_005823,1,659.95,49.0,44.64,14.0,1.0,303.05,2024-01-05
mkt_009502,1,98.68,259.0,38.02,16.0,5.0,1782.54,2024-01-10
mkt_005670,1,227.13,21.0,26.53,10.0,1.0,231.69,2024-01-09
mkt_003112,0,211.7,9.0,11.21,17.0,5.0,671.5,2024-01-14
mkt_000182,0,116.1,39.0,126.42,15.0,1.0,47.43,2024-01-06
mkt_003642,0,49.06,219.0,1.45,10.0,6.0,806.15,2024-01-26
mkt_008857,1,298.69,229.0,34.19,8.0,3.0,329.57,2024-01-30
mkt_001812,0,334.33,444.0,22.8,12.0,8.0,1182.34,2024-01-29
mkt_007875,1,456.47,668.0,24.35,11.0,2.0,737.06,2024-01-02
mkt_008497,1,263.19,85.0,3.17,13.0,4.0,93.92,2024-01-23
mkt_004912,1,285.07,61.0,60.03,9.0,4.0,67.81,2024-01-22
mkt_005668,1,744.37,138.0,61.24,9.0,1.0,204.59,2024-01-21
mkt_008542,1,154.05,43.0,4.15,10.0,2.0,151.73,2024-01-11
mkt_001800,0,372.43,300.0,21.64,17.0,1.0,410.44,2024-01-22
mkt_009251,1,521.74,228.0,27.02,10.0,2.0,79.05,2024-01-06
mkt_002429,0,245.49,461.0,25.98,16.0,3.0,656.78,2024-01-25
mkt_005482,1,417.37,39.0,74.98,9.0,9.0,107.98,2024-01-15
mkt_006761,1,433.19,38.0,9.37,17.0,6.0,191.36,2024-01-24
mkt_009839,1,309.3,96.0,14.22,10.0,3.0,257.39,2024-01-28
mkt_009635,1,140.68,210.0,27.68,12.0,9.0,274.72,2024-01-12
mkt_001968,0,413.68,281.0,21.45,13.0,2.0,343.21,2024-01-20
mkt_008339,1,1873.37,1038.0,17.41,13.0,7.0,956.96,2024-01-22
mkt_008141,1,795.14,136.0,13.52,19.0,1.0,446.16,2024-01-22
mkt_007696,1,570.72,114.0,7.01,10.0,7.0,150.82,2024-01-09
mkt_007541,1,157.68,90.0,7.55,7.0,3.0,147.9,2024-01-16
mkt_004987,1,679.63,250.0,8.18,14.0,6.0,702.52,2024-01-22
mkt_009756,1,61.49,52.0,9.36,3.0,1.0,115.48,2024-01-17
mkt_004650,1,29.44,33.0,11.95,13.0,7.0,212.63,2024-01-05
mkt_001159,0,211.69,125.0,68.24,10.0,1.0,163.56,2024-01-29
mkt_001213,0,111.79,97.0,19.94,15.0,6.0,78.46,2024-01-22
mkt_007336,1,183.52,20.0,32.29,13.0,8.0,117.12,2024-01-10
mkt_001325,0,128.66,40.0,11.49,9.0,4.0,235.07,2024-01-18
mkt_007512,1,181.5,45.0,11.69,12.0,3.0,153.56,2024-01-15
mkt_007580,1,94.04,132.0,25.37,11.0,3.0,295.36,2024-01-02
mkt_004796,1,102.73,153.0,17.21,10.0,4.0,118.5,2024-01-01
mkt_006796,1,122.54,117.0,15.23,9.0,5.0,120.72,2024-01-16
mkt_005808,1,148.05,86.0,11.85,10.0,5.0,264.41,2024-01-03
mkt_005943,1,129.42,273.0,39.32,11.0,0.0,539.55,2024-01-18
mkt_009283,1,292.53,37.0,90.3,16.0,2.0,584.09,2024-01-04
mkt_008144,1,423.14,382.0,5.02,15.0,9.0,164.72,2024-01-28
mkt_001455,0,108.56,265.0,6.53,13.0,7.0,418.87,2024-01-11
mkt_005410,1,222.96,136.0,31.09,15.0,4.0,291.38,2024-01-05
mkt_007129,1,111.28,124.0,24.46,14.0,8.0,69.58,2024-01-03
mkt_008892,1,325.28,140.0,10.03,9.0,1.0,686.2,2024-01-09
mkt_004962,1,486.84,546.0,27.45,13.0,6.0,235.97,2024-01-23
mkt_002800,0,75.4,135.0,13.69,13.0,2.0,192.35,2024-01-24
mkt_001644,0,143.59,81.0,163.35,12.0,5.0,174.52,2024-01-21
mkt_002140,0,306.91,301.0,33.71,12.0,9.0,608.99,2024-01-25
mkt_004536,1,67.38,126.0,45.7,13.0,1.0,910.39,2024-01-17
mkt_004457,0,232.35,281.0,55.15,11.0,3.0,110.52,2024-01-24
mkt_008951,1,70.75,302.0,24.29,11.0,7.0,113.54,2024-01-17
mkt_005586,1,408.41,76.0,6.69,14.0,6.0,130.88,2024-01-01
mkt_004378,0,467.22,413.0,56.79,9.0,2.0,490.85,2024-01-12
mkt_000729,0,106.55,86.0,6.68,13.0,1.0,56.58,2024-01-29
mkt_004357,0,142.53,67.0,29.45,8.0,4.0,141.3,2024-01-02
mkt_007748,1,230.9,72.0,17.72,13.0,7.0,736.31,2024-01-06
mkt_006716,1,1090.41,139.0,2.52,12.0,1.0,53.31,2024-01-24
mkt_001936,0,1045.85,216.0,6.9,8.0,7.0,261.02,2024-01-16
mkt_003793,0,191.3,65.0,7.56,7.0,5.0,162.32,2024-01-17
mkt_003736,0,259.85,87.0,50.79,9.0,6.0,426.94,2024-01-04
mkt_002261,0,88.69,7.0,11.67,10.0,4.0,410.94,2024-01-20
mkt_004005,0,22.9,10.0,2.61,11.0,8.0,645.32,2024-01-24
mkt_001110,0,529.85,304.0,71.57,7.0,7.0,175.66,2024-01-26
mkt_009028,1,2449.43,56.0,12.99,9.0,8.0,350.24,2024-01-28
mkt_005480,1,6367.31,117.0,16.83,15.0,2.0,74.61,2024-01-18
mkt_002998,0,189.04,383.0,39.16,13.0,4.0,355.06,2024-01-06
mkt_002394,0,449.75,868.0,9.95,15.0,7.0,393.0,2024-01-03
mkt_001185,0,2471.42,569.0,7.28,20.0,1.0,453.63,2024-01-04
mkt_002007,0,1778.51,309.0,9.95,7.0,5.0,118.95,2024-01-07
mkt_000193,0,686.65,15.0,27.25,18.0,8.0,199.91,2024-01-07
mkt_005611,1,134.37,110.0,90.51,11.0,9.0,48.11,2024-01-05
mkt_002901,0,89.69,23.0,9.9,16.0,1.0,59.65,2024-01-11
mkt_000578,0,851.72,508.0,3.16,5.0,6.0,588.18,2024-01-27
mkt_006219,1,700.46,158.0,11.84,12.0,5.0,941.34,2024-01-24
mkt_005525,1,93.91,10.0,103.22,11.0,4.0,342.49,2024-01-16
mkt_000771,0,1057.42,1103.0,9.44,16.0,6.0,280.15,2024-01-18
mkt_007839,1,2228.84,166.0,41.51,11.0,8.0,359.25,2024-01-05
mkt_002395,0,1502.41,1589.0,37.29,14.0,0.0,512.82,2024-01-20
mkt_001478,0,65.29,15.0,15.54,6.0,7.0,54.91,2024-01-20
mkt_001846,0,138.37,462.0,23.06,8.0,6.0,325.86,2024-01-05
mkt_009108,1,316.73,201.0,54.45,16.0,3.0,89.8,2024-01-13
mkt_004274,0,86.71,54.0,12.01,17.0,9.0,478.25,2024-01-03
mkt_003740,0,1792.58,125.0,105.96,18.0,9.0,259.2,2024-01-10
mkt_004600,1,388.47,55.0,3.26,17.0,7.0,485.33,2024-01-26
mkt_008087,1,374.39,100.0,11.97,14.0,0.0,583.46,2024-01-01
mkt_008710,1,187.72,82.0,8.15,11.0,5.0,230.97,2024-01-26
mkt_006676,1,205.93,126.0,4.26,7.0,7.0,70.5,2024-01-14
mkt_006375,1,316.71,73.0,31.86,14.0,4.0,214.58,2024-01-15
mkt_008124,1,429.91,44.0,30.81,13.0,6.0,289.27,2024-01-03
mkt_009538,1,1030.06,90.0,23.58,11.0,3.0,491.28,2024-01-26
mkt_004915,1,685.98,14.0,41.6,11.0,3.0,224.48,2024-01-19
mkt_002073,0,88.98,172.0,13.85,14.0,7.0,442.33,2024-01-19
mkt_004754,1,1280.03,703.0,122.25,17.0,7.0,237.77,2024-01-23
mkt_001896,0,280.93,45.0,56.16,11.0,2.0,56.4,2024-01-20
mkt_008552,1,268.74,108.0,48.04,18.0,6.0,196.9,2024-01-24
mkt_006702,1,1465.38,68.0,50.13,10.0,0.0,338.53,2024-01-23
mkt_006317,1,43.43,153.0,11.96,12.0,0.0,750.59,2024-01-25
mkt_003659,0,976.5,27.0,62.72,10.0,3.0,53.0,2024-01-03
mkt_006581,1,50.0,8.0,14.25,14.0,7.0,48.56,2024-01-02
mkt_002379,0,177.64,100.0,24.11,10.0,2.0,168.78,2024-01-16
mkt_001447,0,701.13,133.0,47.97,18.0,8.0,238.37,2024-01-08
mkt_000342,0,70.47,132.0,3.75,7.0,0.0,106.84,2024-01-07
mkt_005127,1,939.27,220.0,48.7,18.0,4.0,747.04,2024-01-07
mkt_003136,0,149.91,167.0,12.25,19.0,5.0,335.91,2024-01-11
mkt_002527,0,140.92,45.0,17.9,8.0,1.0,228.54,2024-01-15
mkt_000727,0,1410.5,237.0,14.28,10.0,6.0,323.03,2024-01-09
mkt_004577,1,154.55,98.0,27.38,7.0,3.0,389.89,2024-01-01
mkt_000976,0,594.48,139.0,15.52,7.0,3.0,126.23,2024-01-30
mkt_008391,1,553.15,94.0,16.88,16.0,2.0,309.89,2024-01-21
mkt_005443,1,54.85,111.0,42.32,10.0,9.0,293.76,2024-01-24
mkt_009034,1,1152.62,34.0,37.62,15.0,4.0,162.68,2024-01-06
mkt_003516,0,713.42,236.0,11.68,9.0,4.0,666.52,2024-01-24
mkt_007975,1,275.28,180.0,87.87,15.0,5.0,452.18,2024-01-01
mkt_009787,1,409.98,256.0,14.71,15.0,0.0,40.98,2024-01-23
mkt_003940,0,474.75,141.0,23.17,13.0,5.0,161.32,2024-01-03
mkt_001299,0,178.67,60.0,18.49,15.0,1.0,80.65,2024-01-04
mkt_009764,1,150.23,196.0,14.59,9.0,1.0,507.02,2024-01-17
mkt_001348,0,1143.93,52.0,300.72,16.0,4.0,203.93,2024-01-16
mkt_000660,0,179.46,48.0,14.55,23.0,5.0,325.77,2024-01-20
mkt_005886,1,277.63,190.0,16.03,13.0,5.0,505.93,2024-01-24
mkt_001492,0,54.51,168.0,6.92,9.0,9.0,125.87,2024-01-11
mkt_009946,1,121.33,33.0,15.35,7.0,7.0,455.34,2024-01-10
mkt_004589,1,735.85,192.0,4.99,22.0,5.0,438.49,2024-01-29
mkt_008530,1,1692.37,979.0,28.08,10.0,4.0,475.57,2024-01-28
mkt_005154,1,219.24,33.0,33.89,13.0,8.0,75.5,2024-01-04
mkt_002315,0,52.93,12.0,43.98,10.0,3.0,161.87,2024-01-30
mkt_009614,1,362.48,367.0,96.38,11.0,1.0,388.76,2024-01-05
mkt_009577,1,63.99,10.0,23.01,9.0,1.0,97.2,2024-01-10
mkt_007024,1,43.51,51.0,2.04,11.0,9.0,1366.4,2024-01-14
mkt_001085,0,370.08,261.0,78.78,9.0,8.0,274.82,2024-01-12
mkt_002524,0,307.05,82.0,109.39,9.0,0.0,131.86,2024-01-25
mkt_008968,1,243.38,441.0,34.97,11.0,8.0,611.23,2024-01-30
mkt_005374,1,561.28,82.0,7.42,11.0,2.0,119.77,2024-01-19
mkt_003198,0,551.22,118.0,7.83,13.0,7.0,137.17,2024-01-18
mkt_005751,1,256.77,80.0,39.42,16.0,2.0,471.34,2024-01-16
mkt_004008,0,291.04,571.0,93.74,7.0,4.0,501.57,2024-01-25
mkt_005717,1,1934.86,265.0,30.03,9.0,2.0,671.81,2024-01-21
mkt_006657,1,1157.51,220.0,96.01,17.0,2.0,458.95,2024-01-30
mkt_009357,1,592.08,1095.0,54.38,9.0,2.0,1880.17,2024-01-22
mkt_008790,1,1316.56,372.0,181.96,8.0,3.0,513.01,2024-01-11
mkt_000067,0,1184.31,18.0,6.8,9.0,0.0,210.16,2024-01-15
mkt_007923,1,159.39,100.0,26.77,14.0,0.0,80.73,2024-01-19
mkt_000040,0,147.71,54.0,18.24,9.0,1.0,411.7,2024-01-24
mkt_002269,0,452.25,58.0,9.41,17.0,6.0,432.45,2024-01-18
mkt_002381,0,293.98,724.0,84.63,7.0,1.0,594.08,2024-01-26
mkt_007341,1,238.98,10.0,12.82,6.0,3.0,70.64,2024-01-15
mkt_009961,1,1467.96,96.0,15.84,12.0,1.0,194.31,2024-01-22
mkt_004916,1,351.69,79.0,13.08,18.0,3.0,274.49,2024-01-20
mkt_005322,1,417.91,123.0,18.88,10.0,6.0,326.39,2024-01-27
mkt_005773,1,452.3,42.0,26.61,17.0,5.0,282.06,2024-01-16
mkt_006232,1,108.97,36.0,41.42,9.0,9.0,120.28,2024-01-14
mkt_006963,1,749.67,84.0,67.7,12.0,7.0,236.25,2024-01-19
mkt_003447,0,259.49,115.0,10.52,10.0,8.0,756.92,2024-01-24
mkt_006816,1,375.49,63.0,52.2,12.0,1.0,388.18,2024-01-16
mkt_002367,0,1440.93,54.0,1.77,13.0,2.0,143.45,2024-01-18
mkt_007981,1,98.51,13.0,32.83,13.0,1.0,184.4,2024-01-12
mkt_008166,1,96.9,158.0,11.08,8.0,4.0,216.42,2024-01-07
mkt_002512,0,219.55,102.0,13.29,10.0,0.0,176.48,2024-01-14
mkt_009619,1,37.75,340.0,10.32,10.0,3.0,706.16,2024-01-24
mkt_002723,0,152.41,378.0,17.96,9.0,9.0,1173.83,2024-01-09
mkt_005948,1,261.55,52.0,7.23,13.0,5.0,216.42,2024-01-29
mkt_009185,1,723.89,214.0,7.93,9.0,3.0,380.85,2024-01-04
mkt_009004,1,157.17,43.0,19.92,8.0,1.0,88.98,2024-01-25
mkt_001143,0,458.11,19.0,12.03,8.0,4.0,56.16,2024-01-12
mkt_009736,1,85.66,13.0,4.76,18.0,9.0,61.77,2024-01-16
mkt_007222,1,55.57,69.0,14.07,13.0,1.0,137.61,2024-01-28
mkt_008292,1,890.67,62.0,25.65,12.0,6.0,191.27,2024-01-08
mkt_009220,1,62.86,153.0,19.1,11.0,3.0,817.83,2024-01-15
mkt_004728,1,66.62,19.0,40.35,13.0,3.0,47.51,2024-01-11
mkt_005494,1,80.88,42.0,9.87,12.0,8.0,319.57,2024-01-20
mkt_005755,1,643.23,145.0,35.55,12.0,8.0,155.88,2024-01-08
mkt_007562,1,295.71,362.0,17.74,9.0,4.0,287.81,2024-01-06
mkt_003789,0,701.68,132.0,61.74,14.0,6.0,185.92,2024-01-05
mkt_002220,0,79.65,159.0,31.49,15.0,9.0,175.75,2024-01-24
mkt_005075,1,8015.19,166.0,36.68,13.0,6.0,45.08,2024-01-16
mkt_002331,0,146.4,34.0,20.93,17.0,2.0,71.66,2024-01-07
mkt_005394,1,544.08,54.0,16.95,14.0,4.0,635.52,2024-01-03
mkt_007439,1,53.99,8.0,27.1,12.0,0.0,60.11,2024-01-28
mkt_008067,1,669.28,674.0,17.76,14.0,0.0,216.98,2024-01-10
mkt_007090,1,571.2,537.0,12.62,14.0,2.0,204.06,2024-01-11
mkt_009336,1,165.17,33.0,8.98,12.0,2.0,144.52,2024-01-29
mkt_004088,0,11594.68,75.0,18.88,9.0,1.0,423.36,2024-01-22
mkt_001967,0,115.76,128.0,65.99,12.0,4.0,292.64,2024-01-16
mkt_009363,1,274.23,408.0,34.09,14.0,1.0,236.54,2024-01-29
mkt_009796,1,1096.94,132.0,76.39,5.0,6.0,1078.15,2024-01-26
mkt_006757,1,1364.91,129.0,8.83,11.0,6.0,1270.47,2024-01-08
mkt_009586,1,155.57,20.0,12.06,12.0,3.0,62.44,2024-01-10
mkt_004365,0,212.3,30.0,5.92,9.0,0.0,349.66,2024-01-04
mkt_006999,1,223.84,135.0,11.41,17.0,3.0,419.36,2024-01-19
mkt_000423,0,245.28,14.0,40.25,12.0,8.0,376.34,2024-01-06
mkt_000280,0,49.46,67.0,37.21,17.0,5.0,430.54,2024-01-25
mkt_001904,0,866.88,422.0,11.27,10.0,5.0,1108.01,2024-01-22
mkt_000595,0,2477.02,182.0,500.0,18.0,6.0,66.26,2024-01-16
mkt_008579,1,185.28,348.0,100.3,9.0,2.0,383.74,2024-01-14
mkt_003917,0,332.51,31.0,8.03,9.0,8.0,135.76,2024-01-11
mkt_006142,1,2923.84,654.0,14.97,13.0,0.0,2034.54,2024-01-03
mkt_005661,1,2582.29,517.0,18.9,10.0,6.0,640.41,2024-01-24
mkt_005778,1,335.87,146.0,19.14,12.0,7.0,339.49,2024-01-09
mkt_003618,0,404.22,297.0,6.39,9.0,3.0,445.44,2024-01-24
mkt_006845,1,284.71,94.0,7.38,13.0,7.0,74.45,2024-01-06
mkt_000839,0,633.35,92.0,32.56,17.0,1.0,155.36,2024-01-25
mkt_004596,1,248.31,22.0,14.9,4.0,8.0,176.1,2024-01-24
mkt_007496,1,185.01,52.0,42.18,15.0,5.0,508.29,2024-01-06
mkt_000141,0,312.61,95.0,29.56,5.0,7.0,207.72,2024-01-10
mkt_002597,0,335.95,93.0,21.43,6.0,8.0,629.88,2024-01-21
mkt_006701,1,413.49,254.0,47.85,9.0,8.0,649.23,2024-01-05
mkt_007756,1,1128.58,385.0,18.89,11.0,2.0,62.08,2024-01-29
mkt_001377,0,102.7,10.0,10.49,12.0,9.0,83.43,2024-01-03
mkt_003674,0,160.75,56.0,3.4,6.0,6.0,98.53,2024-01-24
mkt_008770,1,256.37,294.0,20.75,8.0,2.0,146.25,2024-01-27
mkt_009895,1,346.67,166.0,7.34,14.0,6.0,104.33,2024-01-19
mkt_006362,1,311.92,290.0,5.57,7.0,5.0,851.13,2024-01-30
mkt_004741,1,286.14,411.0,2.43,11.0,5.0,1176.7,2024-01-27
mkt_003808,0,169.42,47.0,11.59,19.0,4.0,485.36,2024-01-16
mkt_001138,0,158.91,73.0,16.86,5.0,5.0,379.53,2024-01-09
mkt_002257,0,173.49,224.0,2.78,9.0,1.0,459.22,2024-01-01
mkt_007865,1,199.09,84.0,16.57,18.0,6.0,346.15,2024-01-17
mkt_001787,0,297.95,93.0,4.39,19.0,3.0,227.26,2024-01-23
mkt_003938,0,1974.26,83.0,11.34,11.0,9.0,866.7,2024-01-27
mkt_009316,1,1627.21,199.0,10.89,15.0,1.0,1095.62,2024-01-12
mkt_004646,1,102.28,19.0,15.37,21.0,1.0,272.43,2024-01-27
mkt_000459,0,583.9,99.0,6.66,9.0,1.0,440.23,2024-01-04
mkt_006115,1,445.77,273.0,61.86,17.0,1.0,658.21,2024-01-05
mkt_009542,1,226.88,93.0,12.36,21.0,6.0,905.97,2024-01-08
mkt_000948,0,340.32,16.0,10.15,15.0,6.0,102.1,2024-01-17
mkt_003700,0,62.52,777.0,10.4,9.0,0.0,313.47,2024-01-14
mkt_001336,0,329.36,11.0,130.86,16.0,2.0,217.52,2024-01-28
mkt_006370,1,419.38,219.0,24.47,4.0,4.0,593.11,2024-01-08
mkt_004628,1,502.08,56.0,34.36,10.0,8.0,178.65,2024-01-19
mkt_006286,1,529.23,164.0,23.68,13.0,4.0,136.31,2024-01-01
mkt_005925,1,282.18,106.0,49.86,10.0,9.0,117.46,2024-01-01
mkt_005934,1,923.08,501.0,9.03,17.0,4.0,269.69,2024-01-13
mkt_006040,1,276.09,7.0,81.61,9.0,0.0,38.16,2024-01-29
mkt_000441,0,252.8,164.0,14.03,7.0,8.0,129.08,2024-01-30
mkt_006659,1,251.38,24.0,48.17,14.0,1.0,60.65,2024-01-05
mkt_001602,0,63.18,118.0,15.43,13.0,8.0,35.49,2024-01-22
mkt_002238,0,707.28,25.0,8.67,14.0,9.0,289.23,2024-01-29
mkt_000639,0,250.37,53.0,7.63,10.0,5.0,47.5,2024-01-01
mkt_009820,1,163.96,15.0,70.53,16.0,6.0,44.77,2024-01-06
mkt_003830,0,351.52,179.0,4.02,3.0,4.0,646.31,2024-01-08
mkt_009395,1,170.97,348.0,12.63,10.0,8.0,668.4,2024-01-03
mkt_006144,1,454.96,70.0,15.0,12.0,8.0,177.05,2024-01-11
mkt_007985,1,190.59,13.0,34.7,12.0,6.0,406.78,2024-01-22
mkt_009052,1,141.16,26.0,43.82,16.0,0.0,303.22,2024-01-10
mkt_006344,1,374.41,42.0,28.56,10.0,3.0,129.01,2024-01-07
mkt_002501,0,526.82,153.0,21.12,15.0,1.0,619.51,2024-01-15
mkt_001958,0,147.29,361.0,88.42,16.0,3.0,911.32,2024-01-11
mkt_001070,0,56.38,53.0,6.79,15.0,8.0,600.71,2024-01-17
mkt_000155,0,156.18,88.0,6.43,10.0,3.0,493.34,2024-01-29
mkt_002295,0,938.54,11.0,30.67,17.0,7.0,106.19,2024-01-14
mkt_009801,1,243.67,28.0,51.56,8.0,0.0,73.99,2024-01-08
mkt_004578,1,1425.0,470.0,40.02,10.0,1.0,245.62,2024-01-03
mkt_001089,0,389.31,13.0,8.07,11.0,0.0,85.92,2024-01-08
mkt_006049,1,269.77,153.0,74.63,13.0,8.0,376.64,2024-01-05
mkt_006415,1,2266.7,32.0,6.31,12.0,4.0,322.31,2024-01-13
mkt_002940,0,1155.9,179.0,18.64,15.0,0.0,1023.48,2024-01-18
mkt_000723,0,858.05,111.0,18.6,13.0,1.0,225.03,2024-01-03
mkt_004384,0,376.12,99.0,27.51,14.0,5.0,294.62,2024-01-26
mkt_000930,0,480.61,105.0,331.74,8.0,7.0,158.18,2024-01-01
mkt_002909,0,52.58,9.0,43.64,9.0,7.0,126.29,2024-01-24
mkt_007845,1,413.77,21.0,5.56,11.0,2.0,310.55,2024-01-13
mkt_006763,1,506.68,277.0,31.24,12.0,5.0,235.36,2024-01-11
mkt_008388,1,182.56,1821.0,17.33,12.0,1.0,546.76,2024-01-15
mkt_006416,1,404.92,334.0,8.11,12.0,3.0,159.58,2024-01-13
mkt_000895,0,681.32,53.0,15.53,13.0,6.0,119.92,2024-01-07
mkt_003247,0,2177.09,176.0,16.94,21.0,6.0,452.42,2024-01-28
mkt_002326,0,224.82,80.0,102.59,12.0,0.0,273.18,2024-01-23
mkt_007096,1,94.25,64.0,44.36,17.0,0.0,342.08,2024-01-02
mkt_009505,1,5684.11,212.0,6.73,13.0,5.0,465.38,2024-01-13
mkt_007581,1,222.32,376.0,22.07,5.0,1.0,447.37,2024-01-20
mkt_009742,1,57.24,10.0,35.98,14.0,5.0,274.35,2024-01-18
mkt_005038,1,397.59,1586.0,9.13,4.0,1.0,437.98,2024-01-16
mkt_006450,1,506.54,68.0,19.11,12.0,2.0,109.67,2024-01-16
mkt_004136,0,193.94,24.0,14.87,13.0,5.0,27.2,2024-01-16
mkt_009248,1,92.43,21.0,59.88,12.0,4.0,167.31,2024-01-26
mkt_001715,0,170.66,27.0,50.05,9.0,5.0,366.57,2024-01-19
mkt_001698,0,226.48,159.0,12.0,15.0,6.0,256.16,2024-01-18
mkt_009690,1,276.92,27.0,18.43,11.0,8.0,197.45,2024-01-14
mkt_009549,1,268.92,22.0,4.26,20.0,5.0,246.61,2024-01-06
mkt_009971,1,430.59,73.0,47.59,12.0,8.0,315.65,2024-01-04
mkt_008224,1,47.66,12.0,18.8,6.0,5.0,1094.89,2024-01-28
mkt_003831,0,752.04,38.0,11.79,9.0,8.0,186.37,2024-01-07
mkt_006299,1,2386.09,678.0,39.04,7.0,8.0,753.45,2024-01-12
mkt_003348,0,894.97,363.0,5.86,10.0,4.0,358.79,2024-01-27
mkt_009518,1,1845.08,506.0,65.55,10.0,8.0,1899.63,2024-01-03
mkt_000985,0,393.13,80.0,32.52,13.0,9.0,37.93,2024-01-10
mkt_001821,0,353.44,80.0,7.23,16.0,5.0,632.08,2024-01-26
mkt_004571,1,147.94,62.0,18.49,13.0,1.0,212.45,2024-01-19
mkt_000587,0,213.83,15.0,16.76,11.0,8.0,150.11,2024-01-18
mkt_009757,1,58.1,24.0,70.93,12.0,4.0,92.64,2024-01-10
mkt_005077,1,463.93,266.0,329.87,10.0,2.0,135.32,2024-01-11
mkt_007782,1,1484.14,522.0,6.86,2.0,1.0,110.94,2024-01-25
mkt_008323,1,309.28,28.0,8.98,9.0,3.0,44.38,2024-01-12
mkt_009522,1,670.62,130.0,58.53,10.0,6.0,130.75,2024-01-08
mkt_009967,1,353.45,106.0,27.76,13.0,4.0,142.19,2024-01-01
mkt_005483,1,420.4,216.0,2.63,18.0,6.0,169.76,2024-01-11
mkt_007746,1,265.04,129.0,8.15,8.0,1.0,70.35,2024-01-25
mkt_009280,1,550.76,74.0,42.47,14.0,1.0,59.23,2024-01-23
mkt_005514,1,664.03,31.0,36.42,17.0,3.0,151.7,2024-01-04
mkt_009527,1,82.8,21.0,25.38,8.0,7.0,556.34,2024-01-09
mkt_008871,1,495.69,44.0,10.83,7.0,4.0,113.59,2024-01-22
mkt_005553,1,963.56,55.0,31.38,13.0,1.0,473.44,2024-01-13
mkt_003557,0,383.23,92.0,26.34,12.0,9.0,953.36,2024-01-16
mkt_001395,0,620.47,55.0,10.56,11.0,4.0,320.73,2024-01-08
mkt_000264,0,80.1,6.0,46.0,14.0,6.0,55.37,2024-01-29
mkt_003547,0,1884.96,239.0,112.55,23.0,0.0,1380.26,2024-01-15
mkt_006844,1,1106.42,140.0,53.21,11.0,0.0,296.68,2024-01-18
mkt_007628,1,120.15,260.0,65.96,14.0,6.0,717.3,2024-01-26
mkt_006788,1,220.96,213.0,59.41,6.0,6.0,116.12,2024-01-04
mkt_003069,0,67.2,178.0,67.02,13.0,1.0,83.59,2024-01-26
mkt_005025,1,449.47,238.0,57.03,9.0,6.0,298.7,2024-01-05
mkt_008396,1,133.62,126.0,5.39,5.0,9.0,170.41,2024-01-21
mkt_003864,0,137.99,385.0,8.41,15.0,9.0,223.36,2024-01-23
mkt_009072,1,1176.32,285.0,13.79,14.0,4.0,505.27,2024-01-04
mkt_002400,0,362.74,27.0,27.51,18.0,4.0,29.97,2024-01-10
mkt_006274,1,369.66,63.0,89.49,15.0,1.0,320.77,2024-01-10
mkt_008484,1,1031.53,265.0,5.1,21.0,3.0,1624.92,2024-01-15
mkt_003711,0,586.65,196.0,146.01,16.0,3.0,491.29,2024-01-03
mkt_000246,0,775.43,27.0,36.48,16.0,4.0,638.98,2024-01-27
mkt_001594,0,150.96,85.0,9.0,8.0,5.0,502.33,2024-01-30
mkt_009682,1,47.55,38.0,15.23,11.0,9.0,89.44,2024-01-05
mkt_001529,0,187.65,81.0,8.6,10.0,9.0,330.36,2024-01-07
mkt_008223,1,287.78,44.0,35.44,12.0,3.0,410.61,2024-01-17
mkt_000923,0,119.3,83.0,19.42,7.0,5.0,109.75,2024-01-23
mkt_007553,1,198.57,556.0,48.32,10.0,4.0,519.29,2024-01-25
mkt_004364,0,204.72,36.0,3.88,16.0,5.0,317.19,2024-01-25
mkt_000669,0,387.85,114.0,56.24,18.0,8.0,397.65,2024-01-29
mkt_003604,0,337.71,84.0,35.9,17.0,7.0,1335.36,2024-01-03
mkt_005108,1,1115.3,230.0,9.77,9.0,2.0,220.73,2024-01-24
mkt_001910,0,1169.63,75.0,9.5,15.0,1.0,712.79,2024-01-06
mkt_008344,1,276.54,97.0,12.06,11.0,4.0,866.5,2024-01-10
mkt_005248,1,208.89,90.0,12.34,14.0,5.0,66.06,2024-01-15
mkt_007183,1,3193.53,118.0,18.49,15.0,8.0,385.73,2024-01-12
mkt_003958,0,201.35,158.0,33.26,15.0,9.0,455.01,2024-01-08
mkt_006957,1,396.5,14.0,35.59,19.0,9.0,178.73,2024-01-10
mkt_006026,1,474.0,948.0,23.31,18.0,9.0,230.86,2024-01-11
mkt_005643,1,3836.56,1074.0,40.78,14.0,4.0,140.7,2024-01-04
mkt_002696,0,704.14,14.0,8.19,16.0,7.0,162.28,2024-01-01
mkt_002591,0,967.57,165.0,16.81,13.0,6.0,320.22,2024-01-09
mkt_005906,1,469.55,67.0,42.69,13.0,6.0,244.7,2024-01-21
mkt_001781,0,886.6,83.0,21.49,12.0,4.0,693.19,2024-01-06
mkt_006509,1,3696.35,435.0,16.28,11.0,3.0,481.73,2024-01-10
mkt_003013,0,163.48,24.0,3.73,12.0,4.0,182.87,2024-01-12
mkt_007133,1,579.7,37.0,80.66,7.0,8.0,100.29,2024-01-21
mkt_002307,0,65.63,34.0,48.77,12.0,4.0,58.65,2024-01-19
mkt_007276,1,198.67,90.0,11.66,14.0,3.0,820.64,2024-01-21
mkt_003690,0,410.86,133.0,10.03,9.0,4.0,41.31,2024-01-13
mkt_000687,0,415.95,56.0,9.64,11.0,9.0,543.3,2024-01-06
mkt_006011,1,772.83,222.0,20.38,9.0,7.0,112.18,2024-01-23
mkt_007071,1,303.38,345.0,48.73,17.0,6.0,206.7,2024-01-28
mkt_000612,0,1022.71,189.0,17.22,12.0,2.0,103.32,2024-01-26
mkt_007167,1,468.08,62.0,8.24,10.0,7.0,207.16,2024-01-30
mkt_009205,1,333.7,518.0,17.76,11.0,6.0,90.56,2024-01-29
mkt_003200,0,279.47,57.0,3.5,19.0,0.0,84.27,2024-01-25
mkt_002267,0,65.68,20.0,32.79,18.0,5.0,168.9,2024-01-01
mkt_009781,1,651.63,505.0,2.93,9.0,7.0,428.37,2024-01-19
mkt_006629,1,654.38,104.0,22.83,10.0,8.0,162.8,2024-01-04
mkt_004135,0,439.51,1606.0,51.52,12.0,5.0,307.61,2024-01-16
mkt_001898,0,652.88,48.0,76.28,17.0,5.0,207.43,2024-01-03
mkt_009530,1,902.91,43.0,9.6,12.0,6.0,97.44,2024-01-21
mkt_008153,1,634.86,55.0,14.01,14.0,3.0,211.39,2024-01-14
mkt_000258,0,255.98,49.0,1.46,12.0,5.0,247.87,2024-01-26
mkt_002924,0,298.7,53.0,5.56,15.0,2.0,214.89,2024-01-02
mkt_009424,1,328.92,81.0,10.0,7.0,3.0,309.19,2024-01-22
mkt_004943,1,79.95,6.0,48.25,9.0,7.0,174.3,2024-01-12
mkt_002822,0,77.33,322.0,9.2,7.0,6.0,416.78,2024-01-26
mkt_006529,1,243.31,90.0,5.81,9.0,0.0,144.14,2024-01-29
mkt_003339,0,324.36,46.0,283.25,18.0,6.0,141.78,2024-01-16
mkt_003525,0,510.51,221.0,8.98,14.0,0.0,231.56,2024-01-15
mkt_004563,1,3431.43,199.0,19.21,13.0,8.0,226.2,2024-01-09
mkt_009656,1,49.19,6.0,30.82,11.0,1.0,686.87,2024-01-25
mkt_007908,1,122.45,224.0,40.22,10.0,4.0,696.82,2024-01-19
mkt_005329,1,1700.68,253.0,20.2,9.0,6.0,377.69,2024-01-16
mkt_005223,1,498.62,406.0,13.4,9.0,5.0,279.57,2024-01-04
mkt_002285,0,459.53,80.0,34.16,6.0,8.0,424.87,2024-01-17
mkt_006063,1,342.35,921.0,5.82,11.0,7.0,749.22,2024-01-05
mkt_004654,1,518.43,66.0,17.41,11.0,2.0,151.04,2024-01-06
mkt_005000,1,499.02,38.0,11.59,13.0,8.0,527.81,2024-01-04
mkt_006710,1,79.49,14.0,7.84,13.0,4.0,176.47,2024-01-04
mkt_009324,1,220.66,160.0,28.11,11.0,6.0,158.77,2024-01-10
mkt_000484,0,287.38,37.0,17.22,13.0,3.0,113.53,2024-01-01
mkt_002211,0,295.7,66.0,7.02,6.0,8.0,220.91,2024-01-27
mkt_005416,1,607.5,110.0,5.96,7.0,0.0,373.37,2024-01-28
mkt_007563,1,93.76,213.0,8.91,7.0,8.0,343.9,2024-01-28
mkt_002555,0,142.93,91.0,12.9,15.0,8.0,379.8,2024-01-15
mkt_000007,0,129.07,439.0,33.41,12.0,2.0,435.34,2024-01-09
mkt_003657,0,404.55,40.0,88.95,12.0,0.0,137.68,2024-01-18
mkt_006411,1,889.45,134.0,84.2,12.0,0.0,156.55,2024-01-22
mkt_009164,1,69.59,75.0,4.29,9.0,7.0,346.06,2024-01-22
mkt_004874,1,634.74,74.0,10.74,11.0,6.0,64.42,2024-01-06
mkt_004402,0,65.75,145.0,16.74,11.0,5.0,293.03,2024-01-22
mkt_008916,1,101.16,25.0,8.72,23.0,9.0,490.0,2024-01-02
mkt_005546,1,191.66,388.0,7.76,12.0,8.0,301.77,2024-01-18
mkt_005297,1,382.26,440.0,16.91,6.0,0.0,86.88,2024-01-25
mkt_002426,0,160.16,91.0,27.67,11.0,8.0,367.85,2024-01-16
mkt_006744,1,670.03,160.0,2.57,9.0,7.0,440.69,2024-01-09
mkt_001814,0,44.03,9.0,5.47,9.0,3.0,54.25,2024-01-28
mkt_006822,1,238.87,271.0,4.08,20.0,6.0,141.53,2024-01-10
mkt_009625,1,28.11,3.0,31.01,12.0,0.0,75.82,2024-01-28
mkt_002274,0,753.86,97.0,13.45,12.0,0.0,141.47,2024-01-22
mkt_001011,0,39.77,2.0,43.14,18.0,4.0,93.95,2024-01-29
mkt_001577,0,190.36,161.0,61.19,6.0,1.0,475.63,2024-01-28
mkt_007264,1,386.75,314.0,7.81,13.0,8.0,129.87,2024-01-10
mkt_001067,0,145.23,1399.0,95.48,12.0,4.0,346.93,2024-01-02
mkt_001991,0,187.15,150.0,6.13,11.0,5.0,316.82,2024-01-07
mkt_003970,0,562.33,45.0,4.1,11.0,1.0,588.99,2024-01-03
mkt_009073,1,59.07,226.0,12.63,9.0,8.0,208.92,2024-01-02
mkt_005879,1,240.96,28.0,52.16,21.0,0.0,719.48,2024-01-01
mkt_008430,1,204.23,283.0,13.08,10.0,5.0,53.31,2024-01-23
mkt_004542,1,596.57,44.0,2.16,13.0,1.0,133.76,2024-01-04
mkt_009326,1,86.0,39.0,17.72,9.0,1.0,241.95,2024-01-26
mkt_007193,1,251.09,55.0,42.01,16.0,1.0,396.14,2024-01-04
mkt_003867,0,136.4,65.0,15.4,11.0,3.0,61.55,2024-01-24
mkt_009415,1,231.57,99.0,16.08,8.0,2.0,117.65,2024-01-03
mkt_006823,1,300.09,1539.0,107.86,13.0,9.0,465.85,2024-01-19
mkt_003048,0,120.24,36.0,4.71,22.0,8.0,257.33,2024-01-10
mkt_000781,0,390.17,81.0,40.62,18.0,5.0,321.02,2024-01-11
mkt_006747,1,72.9,31.0,4.1,13.0,5.0,49.73,2024-01-04
mkt_002675,0,67.96,4.0,41.9,10.0,1.0,84.16,2024-01-13
mkt_001749,0,45.53,22.0,2.29,5.0,0.0,110.25,2024-01-01
mkt_006222,1,143.78,90.0,25.65,8.0,4.0,279.99,2024-01-09
mkt_007946,1,1638.48,10.0,144.39,11.0,3.0,138.7,2024-01-16
mkt_002791,0,277.1,91.0,8.79,10.0,2.0,149.84,2024-01-02
mkt_006519,1,916.59,100.0,30.23,13.0,3.0,547.33,2024-01-09
mkt_005774,1,798.69,1254.0,8.1,11.0,0.0,1121.63,2024-01-29
mkt_006357,1,1948.57,26.0,38.66,8.0,7.0,86.65,2024-01-09
mkt_004979,1,244.02,57.0,59.15,14.0,6.0,69.15,2024-01-26
mkt_007588,1,337.02,134.0,38.3,11.0,1.0,200.57,2024-01-24
mkt_001091,0,209.38,400.0,10.43,13.0,4.0,554.26,2024-01-29
mkt_006526,1,956.83,806.0,68.1,13.0,4.0,260.45,2024-01-16
mkt_009607,1,64.63,42.0,8.63,8.0,1.0,467.39,2024-01-09
mkt_004627,1,174.57,37.0,7.97,20.0,8.0,398.6,2024-01-21
mkt_002324,0,45.03,9.0,48.99,11.0,9.0,362.99,2024-01-01
mkt_006534,1,587.89,356.0,76.19,12.0,6.0,285.39,2024-01-02
mkt_008971,1,162.72,37.0,9.09,9.0,7.0,1072.08,2024-01-16
mkt_005055,1,498.72,147.0,27.33,10.0,6.0,138.76,2024-01-03
mkt_002608,0,128.26,63.0,138.26,11.0,9.0,152.94,2024-01-04
mkt_009020,1,69.81,22.0,16.94,11.0,1.0,646.95,2024-01-23
mkt_002290,0,2241.43,90.0,231.59,14.0,7.0,397.38,2024-01-01
mkt_001727,0,98.74,106.0,30.77,9.0,6.0,407.79,2024-01-04
mkt_000610,0,646.71,209.0,18.06,13.0,2.0,240.48,2024-01-18
mkt_004666,1,322.23,51.0,62.64,12.0,0.0,82.31,2024-01-26
mkt_008051,1,134.48,108.0,39.55,10.0,0.0,443.73,2024-01-13
mkt_005413,1,5992.56,340.0,61.37,6.0,8.0,219.88,2024-01-04
mkt_000343,0,296.92,85.0,12.42,11.0,7.0,119.39,2024-01-09
mkt_004683,1,2112.21,32.0,71.4,13.0,0.0,83.42,2024-01-04
mkt_008784,1,58.88,9.0,60.88,11.0,2.0,71.83,2024-01-17
mkt_003750,0,281.04,14.0,41.91,14.0,4.0,223.73,2024-01-07
mkt_008453,1,200.44,170.0,7.5,12.0,6.0,178.1,2024-01-20
mkt_009307,1,58.76,50.0,10.44,9.0,5.0,212.48,2024-01-09
mkt_005999,1,749.61,63.0,4.31,11.0,0.0,334.74,2024-01-24
mkt_003215,0,635.56,1788.0,24.71,20.0,3.0,428.14,2024-01-22
mkt_000097,0,410.35,234.0,27.39,10.0,0.0,137.54,2024-01-22
mkt_007387,1,347.44,268.0,2.64,16.0,5.0,74.34,2024-01-25
mkt_007665,1,425.07,499.0,49.13,18.0,1.0,804.99,2024-01-18
mkt_005176,1,225.22,273.0,55.63,5.0,3.0,121.24,2024-01-03
mkt_007279,1,187.25,183.0,3.81,12.0,0.0,143.09,2024-01-06
mkt_006165,1,409.63,52.0,7.9,19.0,2.0,197.52,2024-01-05
mkt_001537,0,81.72,11.0,5.33,16.0,0.0,197.21,2024-01-12
mkt_003588,0,230.7,67.0,142.68,11.0,3.0,75.49,2024-01-03
mkt_009442,1,232.03,144.0,13.02,11.0,0.0,246.14,2024-01-09
mkt_006985,1,1494.86,33.0,5.89,12.0,3.0,1003.82,2024-01-03
mkt_003648,0,1906.18,153.0,71.68,14.0,0.0,591.44,2024-01-22
mkt_002657,0,165.83,135.0,29.56,7.0,4.0,217.6,2024-01-01
mkt_009826,1,81.1,97.0,31.15,14.0,7.0,295.97,2024-01-08
mkt_001517,0,893.52,178.0,63.57,12.0,1.0,375.54,2024-01-03
mkt_005061,1,134.57,44.0,18.2,17.0,7.0,174.02,2024-01-06
mkt_009349,1,507.12,104.0,90.73,11.0,5.0,39.54,2024-01-28
mkt_004624,1,136.44,45.0,79.6,15.0,5.0,138.98,2024-01-29
mkt_004272,0,364.4,76.0,30.43,12.0,7.0,405.19,2024-01-24
mkt_003669,0,225.31,107.0,70.86,9.0,7.0,196.0,2024-01-09
mkt_006566,1,157.09,30.0,24.72,17.0,2.0,402.06,2024-01-14
mkt_005800,1,585.57,481.0,33.06,11.0,5.0,171.38,2024-01-11
mkt_002090,0,185.89,16.0,3.28,19.0,6.0,254.55,2024-01-03
mkt_007097,1,639.57,82.0,35.37,9.0,6.0,95.03,2024-01-23
mkt_006171,1,834.51,72.0,18.07,8.0,6.0,112.73,2024-01-18
mkt_000572,0,204.64,140.0,24.0,10.0,4.0,234.67,2024-01-13
mkt_009558,1,2203.21,2190.0,34.19,14.0,7.0,293.83,2024-01-17
mkt_004688,1,685.14,127.0,16.79,13.0,6.0,117.52,2024-01-11
mkt_009074,1,459.68,15.0,15.51,14.0,9.0,109.51,2024-01-23
mkt_003062,0,170.99,87.0,177.36,12.0,6.0,402.97,2024-01-30
mkt_009293,1,1619.07,123.0,8.56,13.0,9.0,224.53,2024-01-21
mkt_006470,1,14332.83,114.0,51.35,11.0,1.0,161.97,2024-01-03
mkt_007160,1,436.36,79.0,7.52,10.0,0.0,233.11,2024-01-03
mkt_006633,1,480.0,224.0,36.54,12.0,6.0,140.25,2024-01-09
mkt_008491,1,704.47,46.0,18.13,14.0,8.0,227.58,2024-01-21
mkt_007925,1,144.8,73.0,113.35,10.0,6.0,87.16,2024-01-13
mkt_007345,1,253.69,338.0,24.94,17.0,0.0,758.44,2024-01-02
mkt_006304,1,1362.54,42.0,39.62,8.0,1.0,163.29,2024-01-20
mkt_007900,1,202.63,40.0,8.24,13.0,3.0,588.58,2024-01-14
mkt_009439,1,227.56,1057.0,46.13,5.0,8.0,376.08,2024-01-23
mkt_008185,1,76.97,194.0,37.32,10.0,3.0,59.88,2024-01-12
mkt_004479,0,112.09,17.0,18.47,13.0,5.0,365.22,2024-01-18
mkt_004948,1,62.34,74.0,500.0,11.0,5.0,56.37,2024-01-22
mkt_005976,1,285.19,94.0,10.63,21.0,1.0,203.32,2024-01-04
mkt_000370,0,139.8,64.0,27.1,10.0,8.0,208.33,2024-01-12
mkt_001938,0,66.51,41.0,15.32,5.0,9.0,76.4,2024-01-15
mkt_002352,0,335.39,711.0,19.99,7.0,8.0,220.6,2024-01-08
mkt_007127,1,621.69,207.0,3.81,21.0,1.0,321.26,2024-01-29
mkt_001753,0,344.17,71.0,57.13,20.0,1.0,537.6,2024-01-05
mkt_003670,0,317.0,312.0,16.1,15.0,6.0,623.67,2024-01-22
mkt_007298,1,218.25,56.0,27.97,10.0,0.0,98.23,2024-01-07
mkt_003652,0,125.39,38.0,12.33,6.0,1.0,45.72,2024-01-04
mkt_005201,1,190.27,7.0,10.17,11.0,7.0,20.57,2024-01-23
mkt_007909,1,227.55,274.0,16.23,16.0,2.0,289.74,2024-01-26
mkt_002361,0,274.11,35.0,34.59,10.0,6.0,254.51,2024-01-11
mkt_004260,0,495.45,116.0,15.34,11.0,5.0,165.56,2024-01-03
mkt_005432,1,245.08,98.0,10.51,8.0,7.0,223.16,2024-01-10
mkt_006285,1,391.76,1558.0,6.23,12.0,9.0,457.21,2024-01-09
mkt_004991,1,74.45,32.0,61.5,20.0,5.0,312.41,2024-01-05
mkt_007600,1,170.45,97.0,23.85,12.0,9.0,51.37,2024-01-03
mkt_009462,1,120.39,19.0,9.25,7.0,4.0,128.74,2024-01-19
mkt_003737,0,27.73,296.0,36.81,6.0,0.0,319.03,2024-01-21
mkt_007520,1,193.76,73.0,16.07,6.0,8.0,770.53,2024-01-02
mkt_008559,1,647.66,187.0,10.7,9.0,3.0,450.67,2024-01-16
mkt_008926,1,164.01,98.0,10.8,12.0,7.0,353.32,2024-01-15
mkt_009990,1,530.43,176.0,12.95,7.0,7.0,126.21,2024-01-20
mkt_005591,1,253.74,117.0,16.08,13.0,1.0,73.37,2024-01-26
mkt_001171,0,203.82,70.0,69.22,10.0,6.0,199.02,2024-01-04
mkt_007370,1,1233.66,4.0,86.75,18.0,7.0,220.81,2024-01-26
mkt_007937,1,134.68,154.0,151.7,12.0,5.0,555.24,2024-01-03
mkt_008086,1,1011.64,328.0,28.89,8.0,4.0,203.82,2024-01-24
mkt_001422,0,506.15,90.0,11.37,12.0,7.0,103.04,2024-01-19
mkt_006782,1,223.5,79.0,2.9,8.0,7.0,70.31,2024-01-12
mkt_009443,1,46.32,78.0,9.49,12.0,6.0,350.17,2024-01-17
mkt_008139,1,548.66,310.0,6.28,9.0,6.0,207.39,2024-01-16
mkt_009350,1,64.51,43.0,9.18,8.0,7.0,90.48,2024-01-16
mkt_008018,1,411.09,22.0,65.94,12.0,7.0,55.89,2024-01-10
mkt_006339,1,175.37,9.0,60.76,11.0,1.0,74.46,2024-01-01
mkt_009647,1,3475.78,76.0,16.87,15.0,1.0,70.75,2024-01-12
mkt_000874,0,930.4,16.0,5.08,12.0,1.0,185.56,2024-01-11
mkt_002297,0,209.12,38.0,5.72,14.0,3.0,112.71,2024-01-30
mkt_002643,0,109.92,82.0,18.76,10.0,8.0,81.9,2024-01-24
mkt_007531,1,131.72,294.0,1.65,9.0,0.0,267.72,2024-01-18
mkt_001719,0,392.55,104.0,9.36,10.0,6.0,180.93,2024-01-08
mkt_005347,1,160.25,140.0,59.29,9.0,6.0,173.74,2024-01-18
mkt_005932,1,201.76,42.0,7.76,15.0,0.0,1076.23,2024-01-19
mkt_000840,0,177.52,32.0,7.0,16.0,6.0,346.81,2024-01-24
mkt_009937,1,221.32,69.0,7.85,17.0,4.0,371.29,2024-01-20
mkt_000581,0,328.55,1502.0,61.3,10.0,1.0,125.24,2024-01-18
mkt_000204,0,64.73,278.0,220.3,8.0,4.0,300.89,2024-01-26
mkt_001641,0,119.47,471.0,8.2,11.0,8.0,416.64,2024-01-12
mkt_002014,0,227.57,20.0,19.31,12.0,3.0,212.81,2024-01-23
mkt_003253,0,394.8,82.0,48.38,13.0,1.0,360.96,2024-01-29
mkt_007540,1,297.02,314.0,16.67,12.0,5.0,675.19,2024-01-04
mkt_000905,0,127.3,18.0,3.23,10.0,5.0,75.29,2024-01-13
mkt_000631,0,62.26,69.0,31.54,7.0,8.0,277.04,2024-01-23
mkt_008420,1,878.42,110.0,16.83,11.0,8.0,144.08,2024-01-06
mkt_007823,1,128.28,78.0,50.02,12.0,5.0,222.22,2024-01-03
mkt_001974,0,716.58,13.0,14.16,10.0,6.0,190.14,2024-01-09
mkt_000162,0,112.39,56.0,233.27,17.0,1.0,184.15,2024-01-09
mkt_004998,1,6651.74,217.0,26.19,10.0,5.0,145.81,2024-01-25
mkt_001243,0,147.52,13.0,6.24,18.0,0.0,73.88,2024-01-30
mkt_009450,1,236.59,58.0,14.49,16.0,9.0,242.68,2024-01-27
mkt_007764,1,2580.52,262.0,41.48,8.0,6.0,608.33,2024-01-13
mkt_004713,1,469.58,50.0,27.99,11.0,8.0,105.14,2024-01-19
mkt_000875,0,129.49,23.0,24.06,13.0,4.0,248.51,2024-01-18
mkt_001431,0,169.56,197.0,12.74,10.0,6.0,809.72,2024-01-06
mkt_008738,1,130.69,19.0,30.65,12.0,0.0,51.69,2024-01-05
mkt_006868,1,171.93,30.0,4.69,8.0,7.0,208.68,2024-01-23
mkt_004643,1,118.64,74.0,53.19,12.0,3.0,260.62,2024-01-23
mkt_005080,1,285.84,79.0,10.45,12.0,3.0,602.9,2024-01-23
mkt_005783,1,2053.56,140.0,22.16,12.0,3.0,505.24,2024-01-25
mkt_009138,1,1042.48,68.0,59.81,17.0,8.0,255.59,2024-01-08
mkt_007616,1,267.64,561.0,10.31,9.0,6.0,977.38,2024-01-17
mkt_008039,1,173.86,16.0,42.69,14.0,5.0,394.1,2024-01-14
mkt_007955,1,233.11,4.0,8.52,14.0,6.0,77.98,2024-01-08
mkt_009437,1,1076.51,36.0,17.84,13.0,9.0,138.35,2024-01-07
mkt_002856,0,1139.13,227.0,73.04,6.0,5.0,784.89,2024-01-16
mkt_001861,0,178.68,80.0,12.04,13.0,3.0,913.38,2024-01-06
mkt_002659,0,358.73,296.0,23.82,6.0,9.0,217.23,2024-01-01
mkt_003384,0,52.87,17.0,21.23,12.0,9.0,158.18,2024-01-12
mkt_009564,1,292.67,33.0,18.45,21.0,6.0,178.58,2024-01-18
mkt_009776,1,121.25,1045.0,8.31,11.0,3.0,330.96,2024-01-02
mkt_008090,1,685.55,157.0,9.31,15.0,7.0,84.46,2024-01-03
mkt_008347,1,301.71,283.0,44.96,18.0,9.0,630.61,2024-01-17
mkt_007462,1,198.55,566.0,69.44,14.0,7.0,251.68,2024-01-23
mkt_006886,1,159.21,42.0,35.69,12.0,8.0,424.31,2024-01-03
mkt_004733,1,544.83,202.0,15.06,5.0,1.0,130.29,2024-01-10
mkt_003331,0,1258.7,834.0,26.78,17.0,3.0,582.57,2024-01-18
mkt_009006,1,64.97,100.0,105.74,13.0,2.0,425.7,2024-01-14
mkt_008635,1,391.87,198.0,11.11,9.0,7.0,292.9,2024-01-23
mkt_006404,1,115.51,56.0,27.75,11.0,5.0,26.03,2024-01-05
mkt_008346,1,92.26,153.0,34.2,16.0,2.0,126.98,2024-01-23
mkt_009464,1,653.29,21.0,27.83,18.0,8.0,167.15,2024-01-12
mkt_007060,1,1836.98,177.0,8.48,15.0,5.0,293.32,2024-01-06
mkt_002096,0,412.49,28.0,11.09,15.0,4.0,148.45,2024-01-05
mkt_002003,0,401.62,165.0,42.58,8.0,1.0,141.23,2024-01-04
mkt_008804,1,110.23,34.0,33.47,9.0,7.0,93.51,2024-01-01
mkt_009732,1,116.08,40.0,25.64,9.0,0.0,124.54,2024-01-22
mkt_004676,1,360.58,523.0,4.28,11.0,7.0,265.52,2024-01-10
mkt_005017,1,160.1,200.0,9.49,11.0,3.0,245.91,2024-01-17
mkt_007469,1,947.62,309.0,6.98,17.0,5.0,364.04,2024-01-26
mkt_000546,0,582.88,202.0,23.34,13.0,3.0,292.78,2024-01-23
mkt_001449,0,717.81,382.0,55.65,13.0,7.0,802.41,2024-01-27
mkt_003986,0,124.73,72.0,24.85,16.0,7.0,367.36,2024-01-28
mkt_006900,1,294.15,33.0,8.99,9.0,8.0,67.37,2024-01-02
mkt_002610,0,3958.31,356.0,22.09,9.0,5.0,48.42,2024-01-13
mkt_001900,0,53.2,42.0,5.39,12.0,0.0,142.15,2024-01-13
mkt_003920,0,522.4,601.0,35.28,11.0,0.0,94.3,2024-01-16
mkt_002757,0,459.66,217.0,21.87,12.0,6.0,272.02,2024-01-20
mkt_006124,1,85.9,27.0,9.69,16.0,2.0,77.75,2024-01-04
mkt_006397,1,169.42,140.0,12.3,16.0,8.0,109.69,2024-01-27
mkt_001885,0,143.83,158.0,12.8,19.0,6.0,84.21,2024-01-28
mkt_009823,1,269.24,247.0,2.97,17.0,3.0,192.72,2024-01-29
mkt_005738,1,1185.97,158.0,1.58,15.0,5.0,311.55,2024-01-10
mkt_008667,1,534.62,264.0,3.2,12.0,1.0,451.08,2024-01-03
mkt_005890,1,389.63,165.0,43.4,14.0,8.0,441.0,2024-01-04
mkt_002097,0,86.07,50.0,37.63,10.0,0.0,308.86,2024-01-19
mkt_009289,1,177.71,14.0,4.71,4.0,2.0,180.91,2024-01-25
mkt_005692,1,118.35,26.0,4.24,12.0,0.0,732.86,2024-01-03
mkt_000499,0,85.46,53.0,81.1,13.0,9.0,215.39,2024-01-18
mkt_005624,1,213.8,141.0,15.91,13.0,1.0,464.19,2024-01-16
mkt_000836,0,257.27,18.0,3.01,13.0,9.0,382.01,2024-01-21
mkt_003471,0,298.25,391.0,15.07,13.0,8.0,64.22,2024-01-29
mkt_004697,1,72.94,20.0,37.74,12.0,9.0,114.68,2024-01-20
mkt_006280,1,211.73,25.0,93.02,6.0,6.0,132.43,2024-01-03
mkt_008883,1,265.61,55.0,29.24,12.0,3.0,146.03,2024-01-24
mkt_002171,0,1365.97,442.0,8.63,17.0,8.0,371.44,2024-01-07
mkt_009231,1,162.79,20.0,132.38,10.0,2.0,202.62,2024-01-13
mkt_005678,1,212.1,16.0,34.72,14.0,7.0,49.52,2024-01-11
mkt_009184,1,386.72,66.0,57.22,15.0,4.0,183.18,2024-01-17
mkt_000398,0,126.73,112.0,27.73,14.0,2.0,314.95,2024-01-18
mkt_002010,0,159.75,138.0,5.81,15.0,8.0,1295.37,2024-01-11
mkt_005166,1,322.09,150.0,57.54,19.0,1.0,113.2,2024-01-02
mkt_005871,1,134.58,92.0,23.62,9.0,2.0,103.2,2024-01-06
mkt_009792,1,172.47,13.0,26.72,12.0,9.0,119.86,2024-01-18
mkt_001283,0,815.1,390.0,26.46,10.0,0.0,720.63,2024-01-12
mkt_008390,1,817.83,612.0,12.08,11.0,4.0,181.11,2024-01-06
mkt_002448,0,541.31,21.0,6.78,14.0,4.0,142.36,2024-01-18
mkt_004256,0,136.19,60.0,46.58,10.0,2.0,328.26,2024-01-26
mkt_001836,0,182.47,93.0,19.0,9.0,3.0,24.91,2024-01-22
mkt_009596,1,798.62,236.0,8.99,8.0,8.0,405.41,2024-01-17
mkt_001019,0,299.17,120.0,7.48,10.0,2.0,763.85,2024-01-15
mkt_005066,1,402.85,15.0,11.97,18.0,3.0,89.53,2024-01-16
mkt_001326,0,475.41,52.0,48.52,10.0,6.0,273.9,2024-01-10
mkt_008752,1,115.24,48.0,17.04,6.0,4.0,638.67,2024-01-28
mkt_000475,0,168.58,12.0,193.94,9.0,3.0,162.81,2024-01-11
mkt_002810,0,279.39,70.0,8.9,11.0,3.0,85.08,2024-01-20
mkt_008632,1,212.88,702.0,9.79,15.0,5.0,401.92,2024-01-18
mkt_001651,0,48.16,5.0,38.38,18.0,8.0,32.38,2024-01-16
mkt_009611,1,143.68,52.0,7.52,12.0,3.0,193.63,2024-01-16
mkt_001169,0,182.41,72.0,18.36,9.0,2.0,192.01,2024-01-26
mkt_002528,0,1436.68,17.0,9.92,12.0,7.0,68.78,2024-01-09
mkt_001206,0,591.94,80.0,20.81,16.0,4.0,44.91,2024-01-11
mkt_006256,1,79.6,30.0,50.86,14.0,1.0,119.31,2024-01-07
mkt_007926,1,202.03,130.0,13.06,14.0,9.0,482.99,2024-01-16
mkt_005469,1,2134.08,679.0,37.39,17.0,2.0,193.31,2024-01-11
mkt_009383,1,1518.17,174.0,12.28,11.0,3.0,152.74,2024-01-30
mkt_000431,0,1384.86,421.0,7.17,12.0,3.0,430.28,2024-01-24
mkt_007700,1,95.94,24.0,42.58,11.0,6.0,54.9,2024-01-16
mkt_000867,0,498.84,27.0,6.15,19.0,9.0,126.81,2024-01-04
mkt_002974,0,116.75,6.0,15.88,10.0,4.0,29.2,2024-01-09
mkt_005236,1,751.48,64.0,70.77,13.0,5.0,94.49,2024-01-17
mkt_005093,1,54.36,36.0,139.12,14.0,5.0,226.5,2024-01-26
mkt_005433,1,545.69,248.0,22.16,10.0,9.0,405.56,2024-01-22
mkt_000541,0,511.8,545.0,10.19,12.0,2.0,885.16,2024-01-26
mkt_005195,1,1147.16,16.0,11.22,7.0,8.0,599.88,2024-01-03
mkt_001132,0,276.78,57.0,22.32,13.0,2.0,141.74,2024-01-05
mkt_009837,1,706.78,962.0,52.11,10.0,7.0,1082.97,2024-01-03
mkt_004501,1,296.1,490.0,8.7,10.0,0.0,126.2,2024-01-14
mkt_006354,1,318.86,145.0,29.63,10.0,4.0,393.91,2024-01-03
mkt_009333,1,265.23,48.0,15.21,11.0,8.0,179.74,2024-01-24
mkt_003390,0,292.99,86.0,1.17,12.0,6.0,412.79,2024-01-29
mkt_003888,0,423.34,558.0,7.16,12.0,2.0,1588.84,2024-01-18
mkt_002962,0,169.08,78.0,10.3,13.0,5.0,314.84,2024-01-09
mkt_004155,0,51.72,12.0,31.91,16.0,6.0,222.31,2024-01-11
mkt_003259,0,295.26,88.0,55.95,13.0,0.0,592.75,2024-01-27
mkt_006302,1,304.71,178.0,6.97,10.0,3.0,252.68,2024-01-19
mkt_006034,1,125.37,58.0,17.29,12.0,1.0,187.32,2024-01-17
mkt_007918,1,1767.71,694.0,6.56,16.0,8.0,806.43,2024-01-12
mkt_009936,1,300.92,484.0,15.88,17.0,2.0,300.17,2024-01-30
mkt_002583,0,276.72,62.0,23.3,9.0,0.0,289.92,2024-01-08
mkt_002813,0,220.61,87.0,17.44,9.0,6.0,249.02,2024-01-02
mkt_003959,0,547.06,170.0,23.82,11.0,5.0,92.46,2024-01-05
mkt_002947,0,262.35,213.0,4.04,14.0,8.0,172.13,2024-01-22
mkt_006643,1,107.28,3.0,16.78,8.0,9.0,99.35,2024-01-23
mkt_005174,1,818.98,39.0,14.6,12.0,3.0,314.1,2024-01-24
mkt_006841,1,336.99,102.0,6.21,11.0,5.0,296.47,2024-01-28
mkt_008298,1,253.65,43.0,3.57,13.0,9.0,182.24,2024-01-26
mkt_003586,0,148.61,54.0,80.38,15.0,5.0,107.5,2024-01-25
mkt_009228,1,662.41,148.0,22.62,8.0,4.0,143.24,2024-01-25
mkt_007988,1,123.41,49.0,35.07,16.0,5.0,316.74,2024-01-05
mkt_002563,0,210.16,148.0,9.6,8.0,3.0,101.35,2024-01-14
mkt_002630,0,158.12,91.0,6.22,11.0,9.0,1287.1,2024-01-09
mkt_003190,0,116.16,7.0,10.29,11.0,9.0,48.49,2024-01-04
mkt_007778,1,1493.08,784.0,20.67,17.0,6.0,537.55,2024-01-22
mkt_007645,1,45.69,171.0,35.94,11.0,7.0,85.7,2024-01-20
mkt_005036,1,582.54,130.0,18.2,11.0,2.0,201.01,2024-01-05
mkt_001080,0,1553.65,674.0,35.62,10.0,7.0,245.91,2024-01-08
mkt_004283,0,227.72,36.0,8.97,11.0,1.0,144.7,2024-01-04
mkt_009711,1,44.86,6.0,6.88,13.0,6.0,283.28,2024-01-15
mkt_007085,1,90.33,30.0,4.94,14.0,9.0,34.5,2024-01-10
mkt_002085,0,2961.13,134.0,20.19,11.0,2.0,442.28,2024-01-03
mkt_006345,1,97.18,39.0,8.31,11.0,4.0,450.74,2024-01-02
mkt_002452,0,566.67,162.0,24.1,15.0,4.0,309.46,2024-01-26
mkt_004966,1,157.27,96.0,37.77,13.0,2.0,260.18,2024-01-18
mkt_002023,0,36.19,23.0,39.89,14.0,9.0,154.04,2024-01-21
mkt_008071,1,432.38,48.0,15.71,10.0,9.0,181.23,2024-01-19
mkt_008987,1,199.12,87.0,77.97,5.0,0.0,228.49,2024-01-19
mkt_008718,1,89.04,81.0,22.58,16.0,0.0,117.4,2024-01-26
mkt_007321,1,184.77,194.0,57.75,13.0,7.0,523.38,2024-01-05
mkt_000226,0,1279.48,414.0,21.58,12.0,2.0,159.59,2024-01-01
mkt_001013,0,392.79,121.0,9.88,17.0,8.0,238.62,2024-01-16
mkt_006679,1,539.77,498.0,5.42,16.0,1.0,600.76,2024-01-11
mkt_001929,0,107.5,11.0,17.31,17.0,9.0,173.45,2024-01-08
mkt_001043,0,761.34,398.0,22.76,12.0,3.0,719.13,2024-01-24
mkt_005251,1,61.17,158.0,10.71,6.0,0.0,117.83,2024-01-24
mkt_001404,0,197.83,125.0,2.86,9.0,8.0,111.79,2024-01-20
mkt_002179,0,179.6,26.0,24.41,10.0,5.0,79.62,2024-01-17
mkt_000697,0,95.62,19.0,17.52,9.0,2.0,19.94,2024-01-22
mkt_001124,0,1816.32,74.0,29.34,13.0,7.0,46.01,2024-01-09
mkt_007378,1,217.99,1149.0,8.95,10.0,6.0,7407.84,2024-01-20
mkt_003895,0,521.39,85.0,7.96,9.0,2.0,308.7,2024-01-25
mkt_008217,1,43.58,174.0,13.7,13.0,4.0,1028.75,2024-01-03
mkt_005110,1,460.38,43.0,24.0,12.0,8.0,183.59,2024-01-04
mkt_001778,0,65.47,81.0,63.83,7.0,5.0,119.53,2024-01-04
mkt_007786,1,1393.26,63.0,57.09,14.0,4.0,136.0,2024-01-26
mkt_002634,0,119.34,54.0,46.21,10.0,3.0,260.85,2024-01-01
mkt_007187,1,697.07,78.0,5.36,16.0,9.0,369.34,2024-01-11
mkt_007544,1,430.77,62.0,76.38,14.0,4.0,57.8,2024-01-12
mkt_007604,1,150.97,44.0,14.51,10.0,4.0,133.88,2024-01-21
mkt_003489,0,199.87,164.0,14.87,11.0,8.0,434.91,2024-01-06
mkt_008259,1,125.97,46.0,31.6,14.0,8.0,108.08,2024-01-26
mkt_001037,0,255.66,23.0,15.32,15.0,2.0,96.78,2024-01-04
mkt_006093,1,32.62,176.0,15.58,21.0,1.0,312.92,2024-01-15
mkt_002256,0,356.47,106.0,16.5,10.0,5.0,527.3,2024-01-03
mkt_008188,1,171.06,69.0,3.17,12.0,1.0,180.88,2024-01-19
mkt_002613,0,575.88,73.0,1.39,16.0,8.0,231.28,2024-01-15
mkt_000313,0,120.43,20.0,38.47,11.0,3.0,308.23,2024-01-20
mkt_002649,0,694.03,116.0,30.55,14.0,3.0,419.8,2024-01-22
mkt_002281,0,481.56,671.0,50.88,9.0,8.0,276.0,2024-01-26
mkt_006741,1,587.88,60.0,23.56,10.0,1.0,99.35,2024-01-27
mkt_002979,0,178.4,9.0,5.78,14.0,6.0,58.43,2024-01-17
mkt_002547,0,173.7,38.0,36.71,13.0,6.0,454.56,2024-01-01
mkt_005512,1,1207.88,1082.0,81.08,7.0,3.0,379.8,2024-01-15
mkt_005132,1,1313.28,116.0,121.82,14.0,4.0,61.53,2024-01-24
mkt_002159,0,84.72,13.0,18.75,10.0,8.0,215.54,2024-01-09
mkt_007080,1,982.03,60.0,6.79,11.0,5.0,106.61,2024-01-25
mkt_003137,0,448.72,73.0,5.0,12.0,6.0,72.96,2024-01-22
mkt_009079,1,128.75,321.0,12.91,18.0,2.0,1115.45,2024-01-08
mkt_005850,1,278.51,97.0,6.08,14.0,3.0,100.04,2024-01-22
mkt_009865,1,109.85,86.0,32.32,8.0,9.0,518.86,2024-01-27
mkt_006445,1,385.53,90.0,24.1,12.0,3.0,149.68,2024-01-30
mkt_003967,0,497.95,42.0,63.21,19.0,6.0,142.46,2024-01-11
mkt_001428,0,130.44,746.0,52.94,11.0,8.0,361.73,2024-01-09
mkt_008422,1,273.5,114.0,60.98,12.0,9.0,368.27,2024-01-10
mkt_002520,0,106.42,33.0,20.37,12.0,2.0,227.83,2024-01-29
mkt_007837,1,550.27,97.0,3.05,7.0,0.0,469.03,2024-01-05
mkt_004969,1,44.82,56.0,31.28,20.0,7.0,177.12,2024-01-10
mkt_001855,0,502.43,64.0,11.18,11.0,7.0,413.36,2024-01-25
mkt_008884,1,714.07,409.0,6.3,8.0,8.0,363.44,2024-01-28
mkt_005602,1,555.86,32.0,36.93,10.0,6.0,204.45,2024-01-11
mkt_009344,1,204.41,44.0,14.27,12.0,0.0,64.83,2024-01-17
mkt_009868,1,166.75,20.0,9.94,10.0,9.0,174.53,2024-01-19
mkt_000448,0,1055.85,34.0,28.84,12.0,6.0,59.06,2024-01-19
mkt_007703,1,1948.72,100.0,3.71,13.0,4.0,211.55,2024-01-29
mkt_001284,0,61.64,12.0,64.9,13.0,5.0,18.2,2024-01-23
mkt_005995,1,426.09,152.0,113.06,15.0,6.0,251.11,2024-01-18
mkt_007899,1,268.04,68.0,42.78,11.0,9.0,123.84,2024-01-23
mkt_003727,0,277.84,121.0,11.23,8.0,9.0,230.89,2024-01-08
mkt_007353,1,1088.46,512.0,20.24,11.0,8.0,234.46,2024-01-16
mkt_000361,0,288.97,28.0,8.8,13.0,5.0,131.22,2024-01-19
mkt_006279,1,1525.58,400.0,7.32,21.0,7.0,226.8,2024-01-26
mkt_005230,1,477.39,1776.0,4.09,15.0,0.0,359.93,2024-01-05
mkt_008942,1,378.69,30.0,36.12,8.0,0.0,104.82,2024-01-14
mkt_007295,1,173.38,67.0,14.61,12.0,8.0,179.36,2024-01-03
mkt_008891,1,32.01,54.0,208.66,13.0,1.0,171.08,2024-01-26
mkt_007534,1,1204.47,90.0,10.54,14.0,7.0,257.64,2024-01-23
mkt_006251,1,407.21,541.0,69.91,9.0,2.0,286.68,2024-01-11
mkt_005926,1,153.12,127.0,10.57,8.0,0.0,264.68,2024-01-04
mkt_005149,1,749.65,126.0,7.92,5.0,4.0,205.27,2024-01-07
mkt_002460,0,776.46,379.0,11.32,13.0,2.0,317.56,2024-01-28
mkt_000022,0,387.53,85.0,12.19,13.0,4.0,321.59,2024-01-30
mkt_002066,0,223.12,37.0,6.93,18.0,1.0,250.81,2024-01-30
mkt_001653,0,216.01,90.0,28.24,11.0,8.0,456.59,2024-01-17
mkt_000702,0,505.3,328.0,9.94,10.0,4.0,100.87,2024-01-04
mkt_008490,1,256.27,318.0,9.07,8.0,7.0,186.31,2024-01-17
mkt_002743,0,479.48,166.0,4.9,15.0,0.0,125.67,2024-01-30
mkt_001376,0,97.36,36.0,7.71,10.0,1.0,45.29,2024-01-15
mkt_001724,0,108.81,39.0,6.79,15.0,7.0,144.47,2024-01-25
mkt_002468,0,395.36,187.0,19.02,17.0,6.0,268.47,2024-01-18
mkt_003754,0,185.13,40.0,97.95,15.0,3.0,179.36,2024-01-15
mkt_002325,0,80.2,123.0,30.75,13.0,7.0,542.29,2024-01-28
mkt_000460,0,143.99,63.0,12.01,14.0,5.0,64.12,2024-01-01
mkt_005163,1,1813.43,1598.0,19.05,9.0,1.0,237.36,2024-01-01
mkt_004183,0,261.13,46.0,9.65,12.0,3.0,217.96,2024-01-26
mkt_005526,1,1277.52,146.0,29.76,12.0,9.0,39.74,2024-01-18
mkt_004082,0,26.7,381.0,36.4,15.0,2.0,709.98,2024-01-27
mkt_001486,0,98.26,29.0,15.86,19.0,1.0,122.23,2024-01-18
mkt_003678,0,190.45,171.0,4.34,6.0,0.0,165.32,2024-01-11
mkt_000282,0,389.09,386.0,24.49,11.0,4.0,206.03,2024-01-17
mkt_006579,1,925.42,115.0,49.17,18.0,2.0,86.11,2024-01-18
mkt_004558,1,182.17,458.0,95.5,20.0,1.0,276.7,2024-01-16
mkt_004308,0,63.63,23.0,40.63,11.0,8.0,228.47,2024-01-19
mkt_006684,1,1642.09,284.0,24.98,14.0,8.0,605.17,2024-01-17
mkt_004865,1,130.19,130.0,17.01,9.0,0.0,224.09,2024-01-10
mkt_003537,0,33.5,131.0,31.71,10.0,7.0,148.43,2024-01-09
mkt_003868,0,297.99,216.0,28.84,6.0,3.0,187.76,2024-01-08
mkt_007003,1,963.58,202.0,500.0,14.0,9.0,121.59,2024-01-02
mkt_002581,0,56.23,25.0,29.59,10.0,3.0,116.19,2024-01-08
mkt_001368,0,285.49,52.0,35.59,14.0,6.0,423.16,2024-01-25
mkt_009469,1,459.48,340.0,5.72,15.0,8.0,299.84,2024-01-15
mkt_008197,1,133.67,43.0,77.92,14.0,3.0,54.23,2024-01-05
mkt_000597,0,212.36,95.0,4.7,16.0,5.0,255.62,2024-01-10
mkt_004351,0,1503.2,400.0,125.82,8.0,9.0,911.1,2024-01-16
mkt_006346,1,274.54,128.0,29.63,10.0,4.0,395.82,2024-01-06
mkt_008976,1,626.48,22.0,101.22,15.0,0.0,18.54,2024-01-27
mkt_006379,1,406.3,60.0,69.24,11.0,5.0,96.76,2024-01-22
mkt_004758,1,317.25,364.0,37.1,11.0,5.0,127.75,2024-01-03
mkt_000646,0,140.94,11.0,33.0,12.0,3.0,81.38,2024-01-25
mkt_006381,1,844.91,88.0,6.03,14.0,8.0,224.83,2024-01-09
mkt_007527,1,634.49,344.0,12.35,9.0,2.0,321.53,2024-01-17
mkt_009697,1,183.24,49.0,2.83,15.0,1.0,66.6,2024-01-29
mkt_006023,1,175.6,7.0,32.71,9.0,7.0,323.61,2024-01-01
mkt_007954,1,191.84,584.0,38.25,16.0,5.0,174.4,2024-01-24
mkt_007165,1,180.94,79.0,5.62,10.0,7.0,260.94,2024-01-05
mkt_003468,0,476.27,237.0,48.78,13.0,5.0,502.49,2024-01-12
mkt_007797,1,104.16,34.0,15.14,9.0,2.0,19.77,2024-01-05
mkt_007697,1,92.02,56.0,120.3,6.0,2.0,237.76,2024-01-24
mkt_002990,0,585.03,514.0,81.37,7.0,8.0,72.71,2024-01-13
mkt_009407,1,536.21,50.0,18.36,9.0,3.0,176.35,2024-01-24
mkt_004875,1,260.84,103.0,23.08,11.0,7.0,335.75,2024-01-09
mkt_002544,0,171.46,34.0,3.56,14.0,8.0,151.42,2024-01-07
mkt_008595,1,397.26,133.0,19.72,19.0,3.0,2152.39,2024-01-24
mkt_005341,1,3122.87,273.0,12.3,21.0,8.0,477.9,2024-01-12
mkt_001567,0,113.43,63.0,37.86,12.0,8.0,661.21,2024-01-10
mkt_009994,1,1173.3,255.0,44.42,14.0,9.0,101.06,2024-01-28
mkt_004066,0,1089.87,210.0,52.18,3.0,9.0,101.15,2024-01-13
mkt_003988,0,332.72,63.0,29.34,17.0,4.0,96.82,2024-01-26
mkt_007031,1,361.68,80.0,3.15,14.0,8.0,112.32,2024-01-29
mkt_002160,0,56.21,98.0,4.24,17.0,8.0,80.98,2024-01-02
mkt_000685,0,66.92,38.0,267.96,9.0,8.0,83.6,2024-01-06
mkt_007602,1,756.74,2190.0,70.13,8.0,4.0,2027.19,2024-01-11
mkt_007784,1,338.69,10.0,31.42,11.0,7.0,54.77,2024-01-03
mkt_003243,0,425.98,208.0,1.41,13.0,4.0,1134.19,2024-01-22
mkt_005844,1,675.17,120.0,29.3,14.0,7.0,273.39,2024-01-08
mkt_009219,1,672.33,97.0,5.77,7.0,8.0,681.07,2024-01-09
mkt_002461,0,319.22,194.0,6.02,14.0,9.0,449.53,2024-01-15
mkt_004083,0,171.76,155.0,21.71,9.0,3.0,349.14,2024-01-29
mkt_002837,0,396.77,42.0,13.22,11.0,7.0,103.78,2024-01-01
mkt_003697,0,735.21,611.0,39.05,8.0,8.0,894.71,2024-01-07
mkt_007128,1,1445.62,25.0,20.66,12.0,1.0,186.09,2024-01-09
mkt_006267,1,446.46,139.0,40.18,18.0,0.0,103.99,2024-01-12
mkt_004941,1,209.31,219.0,24.45,6.0,0.0,281.95,2024-01-02
mkt_005946,1,568.29,300.0,63.23,11.0,4.0,472.56,2024-01-08
mkt_004583,1,649.18,303.0,6.6,8.0,7.0,117.9,2024-01-09
mkt_005784,1,208.68,66.0,170.77,15.0,3.0,168.02,2024-01-11
mkt_004040,0,211.19,32.0,4.95,12.0,0.0,96.11,2024-01-10
mkt_002230,0,1974.22,223.0,33.57,13.0,6.0,439.03,2024-01-19
mkt_007569,1,874.39,124.0,40.77,15.0,9.0,412.16,2024-01-08
mkt_000935,0,943.71,36.0,21.25,15.0,6.0,208.03,2024-01-17
mkt_002320,0,237.46,255.0,12.58,8.0,0.0,743.83,2024-01-23
mkt_004878,1,103.27,10.0,26.55,10.0,0.0,199.11,2024-01-28
mkt_000521,0,58.2,107.0,55.85,15.0,4.0,116.53,2024-01-13
mkt_000522,0,75.36,127.0,73.86,9.0,4.0,40.64,2024-01-26
mkt_005345,1,373.92,80.0,19.09,13.0,6.0,230.86,2024-01-01
mkt_009876,1,297.48,85.0,17.67,10.0,4.0,384.23,2024-01-28
mkt_003359,0,586.34,62.0,45.37,12.0,1.0,96.78,2024-01-30
mkt_001311,0,78.46,12.0,4.84,13.0,5.0,124.46,2024-01-19
mkt_003983,0,141.25,24.0,7.73,11.0,4.0,41.37,2024-01-27
mkt_006494,1,436.44,1908.0,10.76,13.0,6.0,2030.52,2024-01-17
mkt_009560,1,3014.54,248.0,9.65,10.0,3.0,286.59,2024-01-02
mkt_001716,0,69.74,110.0,17.33,10.0,4.0,252.07,2024-01-22
mkt_000780,0,313.31,33.0,113.9,14.0,8.0,207.99,2024-01-25
mkt_008798,1,90.05,99.0,3.52,11.0,2.0,284.15,2024-01-23
mkt_008231,1,190.72,27.0,17.12,13.0,2.0,197.23,2024-01-21
mkt_005607,1,186.08,213.0,25.61,16.0,0.0,122.32,2024-01-12
mkt_005978,1,118.23,9.0,1.7,18.0,2.0,152.67,2024-01-15
mkt_000651,0,262.81,67.0,30.34,12.0,0.0,216.31,2024-01-07
mkt_003747,0,605.79,1455.0,8.92,18.0,3.0,258.39,2024-01-15
mkt_002196,0,1015.89,43.0,23.41,11.0,6.0,304.53,2024-01-19
mkt_008418,1,356.0,82.0,68.19,7.0,2.0,41.31,2024-01-04
mkt_000369,0,284.24,233.0,5.91,19.0,9.0,737.41,2024-01-19
mkt_009884,1,151.88,87.0,97.98,8.0,2.0,691.94,2024-01-19
mkt_008005,1,526.52,453.0,13.22,9.0,8.0,174.28,2024-01-22
mkt_004214,0,179.69,16.0,18.1,13.0,1.0,74.74,2024-01-08
mkt_000377,0,292.43,520.0,6.68,12.0,1.0,448.42,2024-01-27
mkt_009446,1,14613.51,1398.0,18.95,6.0,8.0,589.14,2024-01-02
mkt_002216,0,1179.48,47.0,21.76,13.0,5.0,161.35,2024-01-15
mkt_008682,1,424.99,57.0,18.84,17.0,9.0,429.03,2024-01-07
mkt_001613,0,128.65,13.0,37.54,12.0,1.0,65.27,2024-01-04
mkt_006979,1,242.1,56.0,13.71,15.0,3.0,274.75,2024-01-07
mkt_007549,1,92.62,240.0,19.54,5.0,1.0,689.36,2024-01-25
mkt_001827,0,864.98,107.0,35.21,18.0,8.0,194.94,2024-01-02
mkt_003632,0,151.83,7.0,17.29,9.0,5.0,134.71,2024-01-26
mkt_000962,0,363.46,273.0,16.15,13.0,5.0,182.86,2024-01-17
mkt_002993,0,406.57,49.0,43.06,15.0,7.0,191.8,2024-01-17
mkt_006606,1,287.8,170.0,16.79,13.0,9.0,600.44,2024-01-23
mkt_009672,1,179.43,44.0,4.4,19.0,9.0,272.74,2024-01-06
mkt_002376,0,195.73,28.0,43.56,16.0,6.0,362.81,2024-01-18
mkt_008880,1,861.92,254.0,18.44,14.0,9.0,297.18,2024-01-17
mkt_000359,0,121.68,80.0,21.73,19.0,6.0,179.85,2024-01-12
mkt_003839,0,845.97,238.0,16.69,13.0,0.0,64.58,2024-01-30
mkt_008184,1,732.35,140.0,22.64,9.0,0.0,122.31,2024-01-05
mkt_001246,0,502.86,332.0,21.21,15.0,1.0,94.73,2024-01-17
mkt_007504,1,350.29,1356.0,17.25,12.0,5.0,419.13,2024-01-23
mkt_008349,1,364.86,1351.0,47.35,9.0,9.0,1047.87,2024-01-03
mkt_006511,1,1535.01,129.0,36.84,15.0,6.0,428.02,2024-01-19
mkt_005087,1,337.55,1009.0,23.35,16.0,8.0,931.0,2024-01-02
mkt_003694,0,1438.98,122.0,3.01,12.0,6.0,352.39,2024-01-17
mkt_001573,0,97.44,32.0,53.38,17.0,6.0,102.64,2024-01-14
mkt_006281,1,269.35,220.0,10.57,6.0,3.0,1157.53,2024-01-02
mkt_005439,1,169.47,66.0,86.17,13.0,7.0,93.29,2024-01-10
mkt_002567,0,251.26,104.0,30.95,12.0,8.0,18.67,2024-01-30
mkt_003423,0,261.39,48.0,114.7,18.0,6.0,262.1,2024-01-17
mkt_002037,0,358.0,513.0,18.12,6.0,6.0,360.11,2024-01-22
mkt_009243,1,427.09,546.0,21.43,16.0,5.0,975.31,2024-01-12
mkt_000772,0,134.4,44.0,3.53,10.0,3.0,510.23,2024-01-09
mkt_005380,1,203.39,279.0,11.17,10.0,2.0,427.4,2024-01-11
mkt_009568,1,303.89,103.0,4.16,10.0,6.0,254.71,2024-01-28
mkt_003562,0,1089.82,149.0,13.09,8.0,0.0,336.03,2024-01-28
mkt_000562,0,635.89,32.0,7.18,13.0,9.0,495.6,2024-01-16
mkt_006683,1,722.63,62.0,16.47,17.0,3.0,785.3,2024-01-17
mkt_002546,0,104.89,143.0,114.78,11.0,5.0,201.55,2024-01-29
mkt_005510,1,141.62,169.0,7.36,15.0,6.0,157.38,2024-01-03
mkt_005330,1,194.23,61.0,38.91,8.0,1.0,275.48,2024-01-20
mkt_009667,1,319.66,60.0,29.38,9.0,4.0,238.09,2024-01-03
mkt_004531,1,222.16,690.0,19.04,10.0,0.0,242.28,2024-01-23
mkt_001674,0,69.31,33.0,4.0,6.0,2.0,201.38,2024-01-04
mkt_007395,1,94.64,50.0,55.79,16.0,8.0,463.71,2024-01-03
mkt_000365,0,1255.97,134.0,38.2,12.0,4.0,793.46,2024-01-13
mkt_008016,1,813.54,48.0,41.84,17.0,3.0,167.63,2024-01-26
mkt_009376,1,1597.15,207.0,22.92,10.0,9.0,270.22,2024-01-12
mkt_004327,0,188.59,164.0,25.3,11.0,2.0,279.13,2024-01-10
mkt_009983,1,63.33,54.0,84.45,8.0,4.0,41.23,2024-01-09
mkt_000147,0,846.02,125.0,34.42,8.0,0.0,875.35,2024-01-12
mkt_001668,0,72.64,23.0,103.18,13.0,1.0,133.29,2024-01-28
mkt_003088,0,508.45,472.0,17.19,16.0,2.0,742.4,2024-01-07
mkt_008844,1,214.39,2.0,15.21,13.0,0.0,122.19,2024-01-07
mkt_007650,1,754.74,84.0,29.03,10.0,2.0,378.16,2024-01-16
mkt_000407,0,261.67,410.0,52.51,13.0,9.0,528.14,2024-01-11
mkt_009584,1,62.97,103.0,10.59,13.0,5.0,153.11,2024-01-04
mkt_007788,1,876.88,73.0,14.26,11.0,7.0,351.54,2024-01-07
mkt_003456,0,151.1,22.0,3.88,10.0,0.0,66.19,2024-01-07
mkt_006186,1,142.08,100.0,73.86,16.0,3.0,66.12,2024-01-08
mkt_004182,0,499.91,264.0,33.21,7.0,3.0,1105.39,2024-01-22
mkt_003576,0,193.68,50.0,63.9,13.0,2.0,40.83,2024-01-30
mkt_003271,0,1171.08,167.0,8.42,9.0,6.0,228.28,2024-01-07
mkt_004940,1,323.34,26.0,4.26,6.0,2.0,135.65,2024-01-04
mkt_001031,0,654.81,199.0,14.71,16.0,1.0,561.28,2024-01-24
mkt_008872,1,586.38,224.0,12.44,19.0,4.0,390.33,2024-01-15
mkt_006230,1,721.86,76.0,34.35,13.0,3.0,343.39,2024-01-27
mkt_006592,1,100.38,130.0,19.81,8.0,9.0,480.06,2024-01-29
mkt_008906,1,94.92,138.0,11.54,7.0,7.0,103.04,2024-01-01
mkt_009811,1,68.34,45.0,7.69,7.0,0.0,249.98,2024-01-09
mkt_006724,1,8727.62,2190.0,34.53,15.0,7.0,336.05,2024-01-11
mkt_008029,1,54.82,32.0,10.9,9.0,5.0,396.7,2024-01-04
mkt_008052,1,248.34,39.0,11.26,13.0,5.0,413.52,2024-01-26
mkt_000855,0,60.69,113.0,29.25,18.0,9.0,441.3,2024-01-04
mkt_003926,0,248.6,252.0,32.59,11.0,5.0,386.01,2024-01-23
mkt_008547,1,1979.08,94.0,57.62,10.0,9.0,95.61,2024-01-10
mkt_000078,0,540.47,310.0,15.92,12.0,8.0,425.62,2024-01-01
mkt_007088,1,135.54,45.0,29.84,9.0,2.0,266.83,2024-01-02
mkt_002247,0,286.38,68.0,61.69,12.0,1.0,576.37,2024-01-30
mkt_008263,1,886.24,147.0,62.37,13.0,1.0,368.82,2024-01-27
mkt_004026,0,133.28,57.0,1.73,10.0,3.0,156.45,2024-01-21
mkt_009949,1,153.86,91.0,17.02,12.0,8.0,274.83,2024-01-27
mkt_009571,1,310.35,27.0,5.55,11.0,4.0,322.88,2024-01-05
mkt_009295,1,489.1,39.0,37.46,14.0,2.0,345.43,2024-01-18
mkt_000714,0,210.61,55.0,60.84,15.0,6.0,110.3,2024-01-03
mkt_007451,1,457.18,70.0,57.11,14.0,5.0,188.1,2024-01-02
mkt_000788,0,140.24,74.0,18.5,8.0,7.0,813.74,2024-01-09
mkt_002279,0,399.56,237.0,21.78,5.0,0.0,233.84,2024-01-10
mkt_004095,0,1045.87,31.0,14.37,10.0,0.0,78.18,2024-01-29
mkt_003897,0,6916.78,112.0,28.93,12.0,8.0,478.61,2024-01-14
mkt_007944,1,138.21,14.0,26.26,13.0,7.0,59.49,2024-01-23
mkt_007177,1,294.93,698.0,33.94,9.0,7.0,782.55,2024-01-11
mkt_009076,1,66.36,127.0,31.16,9.0,1.0,264.46,2024-01-25
mkt_009452,1,552.35,128.0,12.85,16.0,6.0,45.24,2024-01-06
mkt_003631,0,433.64,78.0,91.11,10.0,9.0,729.96,2024-01-12
mkt_008624,1,140.03,61.0,98.63,10.0,8.0,668.05,2024-01-05
mkt_007297,1,182.59,67.0,13.35,9.0,9.0,249.32,2024-01-15
mkt_006272,1,351.83,52.0,30.98,11.0,8.0,242.09,2024-01-26
mkt_000424,0,304.52,208.0,9.23,12.0,0.0,444.55,2024-01-03
mkt_000392,0,315.63,930.0,18.77,9.0,1.0,952.81,2024-01-11
mkt_003191,0,206.84,16.0,8.24,9.0,5.0,713.48,2024-01-01
mkt_000016,0,358.55,69.0,67.22,11.0,3.0,187.87,2024-01-18
mkt_006335,1,911.11,145.0,229.86,16.0,2.0,553.92,2024-01-11
mkt_004200,0,286.13,261.0,12.0,11.0,3.0,477.74,2024-01-25
mkt_002672,0,231.84,31.0,13.67,18.0,3.0,246.84,2024-01-02
mkt_002444,0,400.07,451.0,23.13,15.0,5.0,263.54,2024-01-11
mkt_006697,1,642.05,84.0,37.06,10.0,2.0,75.4,2024-01-21
mkt_006164,1,2658.06,12.0,68.79,23.0,1.0,79.55,2024-01-17
mkt_002601,0,997.82,40.0,20.37,17.0,9.0,137.03,2024-01-13
mkt_003493,0,3716.93,143.0,68.76,18.0,0.0,99.15,2024-01-26
mkt_006044,1,124.85,34.0,337.12,13.0,5.0,92.06,2024-01-19
mkt_001459,0,155.92,59.0,17.66,9.0,3.0,139.86,2024-01-10
mkt_003804,0,207.77,28.0,6.67,15.0,5.0,75.79,2024-01-12
mkt_009845,1,603.46,219.0,33.39,15.0,6.0,377.54,2024-01-03
mkt_007394,1,262.89,681.0,20.7,10.0,8.0,102.8,2024-01-03
mkt_004839,1,288.21,290.0,5.63,23.0,0.0,654.86,2024-01-11
mkt_008111,1,1247.57,1218.0,16.76,12.0,3.0,1388.78,2024-01-20
mkt_003835,0,230.02,157.0,156.14,14.0,6.0,295.9,2024-01-13
mkt_009313,1,433.43,346.0,118.34,8.0,0.0,364.37,2024-01-26
mkt_005683,1,1517.08,243.0,87.91,13.0,4.0,57.83,2024-01-01
mkt_008748,1,820.31,199.0,32.47,12.0,6.0,637.36,2024-01-11
mkt_005827,1,282.78,260.0,2.96,11.0,1.0,133.32,2024-01-03
mkt_009748,1,374.96,34.0,23.16,7.0,6.0,47.49,2024-01-19
mkt_004724,1,5154.34,452.0,112.57,13.0,2.0,436.55,2024-01-30
mkt_008759,1,48.53,34.0,6.7,11.0,4.0,215.74,2024-01-16
mkt_005887,1,998.13,1280.0,8.16,13.0,9.0,479.03,2024-01-02
mkt_002355,0,295.25,44.0,25.55,17.0,8.0,199.37,2024-01-18
mkt_006036,1,363.83,91.0,37.55,8.0,9.0,108.85,2024-01-15
mkt_004798,1,1029.68,98.0,51.78,16.0,0.0,80.76,2024-01-27
mkt_002442,0,107.87,21.0,26.4,11.0,1.0,105.07,2024-01-25
mkt_008645,1,195.16,228.0,28.75,11.0,8.0,376.33,2024-01-23
mkt_004592,1,136.7,12.0,5.53,10.0,4.0,578.09,2024-01-02
mkt_008772,1,301.71,273.0,9.11,14.0,8.0,843.35,2024-01-03
mkt_000464,0,2995.7,24.0,7.64,14.0,2.0,82.7,2024-01-11
mkt_000163,0,332.8,94.0,20.97,15.0,4.0,647.82,2024-01-24
mkt_009261,1,265.52,115.0,33.44,17.0,0.0,1649.71,2024-01-27
mkt_009433,1,194.78,103.0,66.69,5.0,2.0,168.63,2024-01-23
mkt_008405,1,279.48,73.0,9.43,14.0,8.0,190.37,2024-01-16
mkt_009777,1,189.36,139.0,6.87,15.0,4.0,136.82,2024-01-20
mkt_009478,1,163.92,295.0,6.31,18.0,1.0,244.42,2024-01-14
mkt_007380,1,502.57,237.0,6.81,13.0,0.0,1169.71,2024-01-27
mkt_006636,1,195.42,96.0,15.02,12.0,8.0,365.06,2024-01-09
mkt_000241,0,672.57,155.0,39.97,9.0,9.0,147.07,2024-01-16
mkt_002009,0,87.72,31.0,6.24,10.0,3.0,168.28,2024-01-13
mkt_006356,1,325.1,477.0,21.03,12.0,6.0,89.75,2024-01-24
mkt_003084,0,222.09,42.0,30.47,13.0,6.0,171.03,2024-01-19
mkt_006208,1,136.4,69.0,1.92,12.0,9.0,224.18,2024-01-15
mkt_000900,0,108.58,179.0,8.59,13.0,5.0,454.52,2024-01-09
mkt_005542,1,1145.36,472.0,23.26,12.0,4.0,265.31,2024-01-29
mkt_006007,1,113.96,87.0,28.25,12.0,5.0,302.19,2024-01-28
mkt_007638,1,365.57,145.0,47.55,9.0,6.0,213.23,2024-01-18
mkt_006793,1,135.75,31.0,8.71,13.0,9.0,1165.12,2024-01-09
mkt_008869,1,104.66,135.0,3.9,15.0,0.0,494.11,2024-01-03
mkt_007758,1,190.98,2190.0,30.77,20.0,4.0,552.94,2024-01-28
mkt_004837,1,96.21,364.0,4.77,9.0,3.0,278.33,2024-01-11
mkt_002293,0,321.28,26.0,19.05,12.0,2.0,271.98,2024-01-12
mkt_006548,1,951.52,458.0,8.73,9.0,9.0,143.54,2024-01-18
mkt_007898,1,869.38,220.0,15.98,10.0,0.0,116.99,2024-01-29
mkt_007977,1,487.8,290.0,4.94,12.0,8.0,186.29,2024-01-15
mkt_004481,0,726.6,263.0,22.49,14.0,8.0,157.57,2024-01-16
mkt_005302,1,219.77,16.0,17.33,12.0,0.0,1926.57,2024-01-07
mkt_004605,1,235.22,112.0,54.63,15.0,1.0,663.74,2024-01-03
mkt_003716,0,83.4,267.0,29.57,13.0,9.0,230.04,2024-01-21
mkt_009071,1,163.6,1196.0,6.06,16.0,6.0,117.0,2024-01-01
mkt_006140,1,358.37,49.0,10.36,13.0,2.0,144.64,2024-01-07
mkt_001764,0,332.94,177.0,4.45,11.0,7.0,246.44,2024-01-27
mkt_006598,1,2576.94,452.0,1.58,15.0,1.0,523.02,2024-01-25
mkt_001549,0,238.23,90.0,5.15,15.0,6.0,24.58,2024-01-16
mkt_003029,0,155.01,6.0,58.58,10.0,0.0,121.69,2024-01-09
mkt_008653,1,159.55,256.0,6.25,14.0,3.0,575.96,2024-01-22
mkt_006298,1,207.49,28.0,15.55,8.0,0.0,105.2,2024-01-01
mkt_006662,1,610.03,253.0,7.61,11.0,1.0,288.78,2024-01-25
mkt_006626,1,191.78,37.0,29.29,8.0,9.0,32.22,2024-01-01
mkt_002044,0,605.32,68.0,19.27,6.0,6.0,64.82,2024-01-11
mkt_000767,0,814.99,42.0,8.02,18.0,9.0,155.43,2024-01-23
mkt_005693,1,497.29,13.0,2.59,11.0,4.0,132.7,2024-01-01
mkt_007870,1,106.32,177.0,22.68,9.0,7.0,135.55,2024-01-03
mkt_007795,1,677.75,75.0,71.0,15.0,0.0,392.21,2024-01-10
mkt_001508,0,386.87,18.0,14.18,9.0,4.0,70.76,2024-01-13
mkt_007230,1,133.99,98.0,67.57,9.0,1.0,1031.22,2024-01-17
mkt_007857,1,197.36,232.0,22.98,11.0,4.0,700.73,2024-01-13
mkt_003302,0,754.17,41.0,23.06,14.0,8.0,148.43,2024-01-04
mkt_004517,1,2941.35,37.0,66.65,13.0,0.0,126.28,2024-01-12
mkt_004219,0,345.65,127.0,25.73,7.0,0.0,511.41,2024-01-18
mkt_009078,1,117.29,19.0,14.18,13.0,2.0,116.55,2024-01-12
mkt_009940,1,859.87,2190.0,19.58,14.0,9.0,285.08,2024-01-26
mkt_003292,0,205.38,111.0,14.28,7.0,4.0,155.02,2024-01-09
mkt_000819,0,304.44,31.0,30.04,8.0,8.0,205.05,2024-01-05
mkt_001403,0,121.95,58.0,34.52,10.0,1.0,229.9,2024-01-27
mkt_001382,0,245.82,54.0,13.63,13.0,0.0,93.89,2024-01-20
mkt_002148,0,2569.1,455.0,3.22,12.0,2.0,287.41,2024-01-30
mkt_006928,1,324.94,75.0,5.06,11.0,3.0,169.65,2024-01-30
mkt_005671,1,115.57,57.0,45.71,15.0,1.0,210.27,2024-01-04
mkt_001638,0,438.15,346.0,16.51,15.0,9.0,2628.12,2024-01-01
mkt_005891,1,93.92,26.0,62.1,5.0,0.0,247.09,2024-01-12
mkt_007427,1,205.69,163.0,19.44,11.0,7.0,241.47,2024-01-19
mkt_000608,0,390.14,61.0,6.71,9.0,1.0,333.28,2024-01-29
mkt_006907,1,1291.14,442.0,11.49,17.0,1.0,208.15,2024-01-09
mkt_000399,0,324.66,44.0,34.22,9.0,9.0,211.15,2024-01-08
mkt_007247,1,452.25,224.0,18.53,15.0,2.0,731.78,2024-01-25
mkt_006406,1,525.28,146.0,2.66,8.0,5.0,610.44,2024-01-05
mkt_000882,0,346.77,575.0,37.87,14.0,5.0,213.2,2024-01-20
mkt_003565,0,54.5,5.0,32.8,16.0,2.0,115.69,2024-01-11
mkt_004285,0,49.66,8.0,22.47,14.0,9.0,63.2,2024-01-26
mkt_001179,0,148.19,51.0,10.59,12.0,5.0,215.15,2024-01-03
mkt_005448,1,282.12,60.0,2.81,11.0,3.0,121.91,2024-01-20
mkt_004244,0,157.94,18.0,103.97,22.0,1.0,143.38,2024-01-06
mkt_005218,1,962.3,590.0,192.42,5.0,0.0,403.25,2024-01-06
mkt_003976,0,223.11,54.0,18.28,8.0,6.0,79.9,2024-01-05
mkt_002130,0,46.61,10.0,12.13,16.0,4.0,210.16,2024-01-20
mkt_005078,1,135.77,19.0,13.95,4.0,3.0,850.09,2024-01-15
mkt_000456,0,890.2,193.0,3.81,8.0,5.0,336.06,2024-01-23
mkt_005582,1,381.84,192.0,6.77,6.0,6.0,77.49,2024-01-10
mkt_005175,1,515.06,63.0,1.79,13.0,0.0,61.89,2024-01-19
mkt_001950,0,241.5,74.0,55.76,9.0,4.0,286.26,2024-01-28
mkt_005372,1,935.54,384.0,5.24,8.0,7.0,600.38,2024-01-24
mkt_000689,0,1248.13,171.0,13.0,17.0,3.0,489.25,2024-01-23
mkt_008852,1,206.96,267.0,10.86,9.0,0.0,302.49,2024-01-27
mkt_006525,1,269.46,57.0,2.95,8.0,6.0,35.67,2024-01-12
mkt_009821,1,2294.44,156.0,18.65,11.0,3.0,693.5,2024-01-13
mkt_006488,1,150.2,91.0,98.22,14.0,1.0,104.28,2024-01-10
mkt_006921,1,398.07,10.0,34.08,10.0,8.0,35.77,2024-01-19
mkt_001953,0,536.67,81.0,26.06,11.0,9.0,239.01,2024-01-06
mkt_007634,1,1896.75,675.0,30.16,10.0,0.0,100.82,2024-01-10
mkt_005636,1,308.53,34.0,8.27,6.0,3.0,335.05,2024-01-19
mkt_007154,1,188.91,302.0,52.03,15.0,1.0,84.55,2024-01-21
mkt_008424,1,1064.8,40.0,18.24,23.0,0.0,113.48,2024-01-21
mkt_006610,1,135.19,123.0,2.72,11.0,2.0,484.19,2024-01-19
mkt_002710,0,160.77,34.0,13.19,8.0,1.0,56.1,2024-01-10
mkt_008730,1,346.98,39.0,69.04,15.0,3.0,114.13,2024-01-11
mkt_003201,0,319.16,108.0,14.53,12.0,4.0,115.5,2024-01-14
mkt_004349,0,174.92,97.0,74.84,11.0,2.0,360.51,2024-01-13
mkt_004138,0,290.03,58.0,3.11,13.0,5.0,133.73,2024-01-18
mkt_001884,0,59.85,119.0,55.76,6.0,0.0,525.56,2024-01-19
mkt_008639,1,264.64,60.0,31.42,17.0,0.0,58.38,2024-01-15
mkt_004485,0,211.56,186.0,20.29,11.0,1.0,388.35,2024-01-26
mkt_002494,0,258.58,203.0,24.56,5.0,0.0,426.24,2024-01-25
mkt_005947,1,368.12,16.0,97.68,11.0,8.0,47.09,2024-01-18
mkt_003036,0,123.24,37.0,45.2,11.0,6.0,222.85,2024-01-13
mkt_005777,1,1173.48,1357.0,29.53,13.0,7.0,890.44,2024-01-22
mkt_003603,0,392.35,221.0,67.38,16.0,8.0,161.84,2024-01-07
mkt_000845,0,281.66,6.0,26.26,10.0,0.0,339.41,2024-01-09
mkt_000542,0,128.76,39.0,2.94,12.0,2.0,83.4,2024-01-15
mkt_003724,0,107.15,6.0,11.56,13.0,2.0,94.27,2024-01-11
mkt_004187,0,141.96,25.0,3.97,13.0,8.0,103.66,2024-01-21
mkt_003679,0,483.25,59.0,79.85,16.0,8.0,132.4,2024-01-06
mkt_008899,1,451.47,214.0,88.61,12.0,4.0,180.7,2024-01-29
mkt_007967,1,1815.79,36.0,40.97,9.0,8.0,168.8,2024-01-17
mkt_008485,1,407.77,6.0,24.8,8.0,6.0,123.39,2024-01-10
mkt_006075,1,330.2,43.0,2.09,18.0,5.0,226.72,2024-01-12
mkt_007340,1,139.51,88.0,11.86,21.0,2.0,558.9,2024-01-24
mkt_008225,1,2447.69,118.0,18.1,13.0,7.0,255.49,2024-01-05
mkt_007246,1,494.59,91.0,7.43,8.0,7.0,431.24,2024-01-19
mkt_009710,1,376.71,160.0,31.63,15.0,0.0,417.93,2024-01-15
mkt_008290,1,538.73,51.0,24.62,13.0,1.0,326.91,2024-01-18
mkt_007137,1,551.3,123.0,6.49,8.0,0.0,868.37,2024-01-16
mkt_002964,0,654.61,330.0,11.66,11.0,2.0,258.32,2024-01-11
mkt_007559,1,56.71,15.0,87.86,11.0,6.0,607.37,2024-01-05
mkt_002529,0,225.09,78.0,3.56,11.0,6.0,154.37,2024-01-05
mkt_007284,1,431.94,30.0,5.04,10.0,7.0,190.28,2024-01-03
mkt_005772,1,1714.44,357.0,30.81,10.0,3.0,291.17,2024-01-19
mkt_001048,0,335.31,166.0,13.37,14.0,5.0,593.8,2024-01-03
mkt_007045,1,571.92,342.0,45.94,20.0,9.0,174.28,2024-01-10
mkt_001960,0,921.93,99.0,9.15,14.0,2.0,152.09,2024-01-09
mkt_002530,0,201.18,177.0,18.54,19.0,2.0,681.08,2024-01-19
mkt_009048,1,953.66,603.0,50.26,17.0,8.0,211.8,2024-01-23
mkt_007603,1,1127.11,241.0,48.05,7.0,6.0,156.91,2024-01-26
mkt_006524,1,281.01,1014.0,243.92,12.0,8.0,413.45,2024-01-14
mkt_000237,0,150.12,70.0,10.29,10.0,1.0,501.3,2024-01-08
mkt_004917,1,669.24,559.0,21.56,15.0,3.0,76.09,2024-01-14
mkt_006479,1,358.98,79.0,6.73,14.0,4.0,120.65,2024-01-02
mkt_001133,0,226.24,382.0,52.04,12.0,9.0,419.1,2024-01-18
mkt_006976,1,262.53,823.0,7.06,9.0,1.0,54.71,2024-01-27
mkt_005901,1,1258.2,148.0,33.59,20.0,4.0,210.03,2024-01-25
mkt_009057,1,160.84,28.0,40.87,8.0,0.0,164.87,2024-01-02
mkt_004259,0,4137.27,1825.0,22.47,13.0,8.0,722.9,2024-01-24
mkt_008840,1,1124.87,370.0,9.26,17.0,5.0,241.09,2024-01-15
mkt_006965,1,955.08,273.0,51.63,7.0,9.0,325.39,2024-01-10
mkt_009979,1,208.09,110.0,8.38,12.0,8.0,521.3,2024-01-23
mkt_000792,0,137.99,121.0,73.56,7.0,8.0,203.19,2024-01-23
mkt_001985,0,587.96,43.0,22.06,10.0,1.0,372.38,2024-01-22
mkt_005656,1,194.81,25.0,10.01,18.0,9.0,211.04,2024-01-20
mkt_008739,1,181.21,16.0,63.71,11.0,9.0,417.61,2024-01-13
mkt_007935,1,1101.32,109.0,27.56,20.0,3.0,374.38,2024-01-04
mkt_006097,1,2438.91,78.0,21.83,4.0,2.0,88.16,2024-01-02
mkt_005907,1,305.1,175.0,143.81,9.0,3.0,136.74,2024-01-05
mkt_007373,1,1201.11,411.0,33.04,6.0,2.0,692.99,2024-01-26
mkt_008128,1,57.19,42.0,40.61,16.0,9.0,298.88,2024-01-10
mkt_002978,0,14465.65,300.0,5.77,9.0,7.0,518.53,2024-01-02
mkt_008861,1,68.76,207.0,8.73,12.0,5.0,395.47,2024-01-11
mkt_009301,1,246.42,333.0,152.45,11.0,6.0,304.23,2024-01-11
mkt_006721,1,92.44,1.0,12.58,14.0,7.0,19.52,2024-01-05
mkt_007842,1,493.66,296.0,14.27,14.0,1.0,1144.33,2024-01-05
mkt_005524,1,1048.98,430.0,8.41,8.0,3.0,187.21,2024-01-12
mkt_008721,1,143.54,48.0,37.48,14.0,6.0,230.35,2024-01-10
mkt_008431,1,141.97,14.0,39.45,11.0,6.0,48.81,2024-01-17
mkt_009008,1,108.07,646.0,36.92,17.0,7.0,191.12,2024-01-26
mkt_008603,1,394.15,294.0,17.79,14.0,7.0,412.06,2024-01-05
mkt_007174,1,313.05,68.0,12.29,10.0,1.0,227.48,2024-01-26
mkt_003919,0,259.58,226.0,25.51,11.0,6.0,880.69,2024-01-03
mkt_003138,0,236.8,259.0,50.11,16.0,6.0,184.67,2024-01-02
mkt_009416,1,160.42,37.0,40.9,8.0,8.0,401.7,2024-01-19
mkt_009933,1,512.71,2190.0,7.1,10.0,0.0,873.99,2024-01-01
mkt_005789,1,860.14,54.0,128.72,14.0,2.0,158.9,2024-01-26
mkt_004073,0,153.6,59.0,5.88,12.0,1.0,93.1,2024-01-11
mkt_003287,0,566.22,94.0,15.64,10.0,3.0,145.39,2024-01-19
mkt_003229,0,1286.38,41.0,13.87,10.0,8.0,99.82,2024-01-12
mkt_001826,0,54.99,34.0,19.78,16.0,9.0,990.26,2024-01-02
mkt_005548,1,380.25,1560.0,42.96,6.0,4.0,246.73,2024-01-17
mkt_000593,0,217.87,107.0,15.26,9.0,6.0,405.25,2024-01-15
mkt_002725,0,94.19,23.0,28.32,15.0,2.0,358.97,2024-01-05
mkt_004137,0,108.67,232.0,9.29,9.0,7.0,791.88,2024-01-18
mkt_000560,0,757.09,35.0,35.22,14.0,0.0,336.77,2024-01-19
mkt_007406,1,6588.03,170.0,20.77,13.0,1.0,703.76,2024-01-02
mkt_008806,1,469.31,349.0,56.08,16.0,8.0,600.47,2024-01-15
mkt_008386,1,263.46,91.0,8.27,10.0,9.0,119.98,2024-01-05
mkt_000243,0,57.76,95.0,23.87,4.0,6.0,182.7,2024-01-19
mkt_007268,1,275.11,302.0,22.32,11.0,5.0,91.95,2024-01-15
mkt_005435,1,66.02,21.0,179.34,13.0,5.0,93.15,2024-01-17
mkt_004437,0,146.51,422.0,17.55,7.0,6.0,644.19,2024-01-17
mkt_009684,1,127.67,67.0,23.72,11.0,4.0,275.19,2024-01-30
mkt_008106,1,99.1,51.0,11.58,12.0,5.0,462.04,2024-01-24
mkt_000405,0,157.44,77.0,170.59,13.0,3.0,867.44,2024-01-18
mkt_001442,0,777.06,326.0,21.06,15.0,5.0,232.09,2024-01-28
mkt_000261,0,208.62,233.0,25.08,15.0,4.0,146.29,2024-01-18
mkt_004406,0,221.64,223.0,22.24,9.0,8.0,465.94,2024-01-18
mkt_007633,1,249.18,484.0,32.41,8.0,9.0,224.57,2024-01-12
mkt_009533,1,956.82,225.0,19.55,9.0,3.0,127.94,2024-01-04
mkt_001689,0,963.77,71.0,33.4,14.0,8.0,919.23,2024-01-28
mkt_009866,1,413.12,100.0,6.55,12.0,2.0,85.0,2024-01-01
mkt_001725,0,269.85,295.0,33.73,10.0,1.0,159.38,2024-01-05
mkt_008994,1,258.32,120.0,45.41,13.0,6.0,130.74,2024-01-05
mkt_004930,1,832.28,704.0,42.02,16.0,3.0,636.47,2024-01-03
mkt_005962,1,168.15,15.0,11.29,15.0,7.0,76.93,2024-01-23
mkt_002496,0,69.18,19.0,112.95,11.0,8.0,163.93,2024-01-03
mkt_009014,1,232.93,20.0,6.23,11.0,2.0,215.38,2024-01-25
mkt_006904,1,78.2,190.0,14.95,18.0,1.0,239.58,2024-01-06
mkt_006106,1,97.26,7.0,14.3,13.0,8.0,237.0,2024-01-09
mkt_008200,1,421.57,2190.0,13.11,9.0,4.0,157.47,2024-01-27
mkt_000340,0,2939.56,223.0,29.91,9.0,0.0,988.38,2024-01-29
mkt_002408,0,421.19,40.0,46.1,13.0,2.0,94.62,2024-01-23
mkt_001601,0,39.39,191.0,10.69,12.0,7.0,1082.22,2024-01-25
mkt_009864,1,1122.72,326.0,6.91,10.0,5.0,182.52,2024-01-01
mkt_008359,1,73.51,20.0,46.8,14.0,5.0,57.16,2024-01-19
mkt_005782,1,173.43,18.0,6.47,11.0,0.0,126.85,2024-01-05
mkt_004576,1,261.47,37.0,2.69,8.0,5.0,90.18,2024-01-25
mkt_007971,1,494.46,289.0,19.83,14.0,4.0,409.23,2024-01-18
mkt_003725,0,477.3,183.0,7.48,14.0,6.0,57.79,2024-01-28
mkt_002556,0,36.46,38.0,10.6,9.0,2.0,25.52,2024-01-26
mkt_002785,0,2010.54,54.0,24.93,5.0,4.0,194.15,2024-01-22
mkt_001523,0,829.87,61.0,30.02,8.0,4.0,44.12,2024-01-16
mkt_007717,1,483.2,234.0,5.79,12.0,6.0,328.21,2024-01-18
mkt_002507,0,1497.79,371.0,20.31,16.0,7.0,513.0,2024-01-01
mkt_002831,0,313.02,733.0,9.82,10.0,6.0,200.69,2024-01-01
mkt_001012,0,273.62,149.0,12.66,7.0,4.0,2201.8,2024-01-18
mkt_005280,1,130.02,230.0,74.68,13.0,7.0,262.59,2024-01-19
mkt_004895,1,1884.17,122.0,8.37,10.0,1.0,85.93,2024-01-16
mkt_001766,0,479.45,20.0,24.65,4.0,0.0,25.81,2024-01-28
mkt_004551,1,368.69,38.0,13.64,12.0,2.0,337.22,2024-01-15
mkt_007121,1,128.93,46.0,24.19,8.0,1.0,126.23,2024-01-12
mkt_006549,1,256.81,42.0,27.0,13.0,7.0,72.39,2024-01-24
mkt_004037,0,418.57,15.0,71.65,13.0,2.0,162.91,2024-01-26
mkt_008270,1,477.26,122.0,35.99,11.0,3.0,93.35,2024-01-24
mkt_000148,0,1125.94,125.0,3.25,12.0,4.0,174.08,2024-01-17
mkt_000285,0,132.79,101.0,41.9,14.0,5.0,182.31,2024-01-16
mkt_007800,1,77.76,67.0,12.74,13.0,0.0,617.78,2024-01-24
mkt_009651,1,155.49,116.0,89.86,15.0,9.0,118.42,2024-01-11
mkt_000363,0,488.12,578.0,13.96,14.0,8.0,614.76,2024-01-02
mkt_005367,1,338.63,74.0,40.12,17.0,7.0,268.18,2024-01-12
mkt_009945,1,410.22,1506.0,17.73,13.0,5.0,270.53,2024-01-01
mkt_008410,1,509.61,111.0,55.66,13.0,4.0,1577.19,2024-01-12
mkt_009453,1,320.96,68.0,10.18,15.0,5.0,85.32,2024-01-05
mkt_004725,1,331.54,40.0,32.83,14.0,3.0,170.36,2024-01-04
mkt_007271,1,550.12,1310.0,24.98,10.0,1.0,568.27,2024-01-12
mkt_006770,1,233.83,423.0,23.47,12.0,8.0,500.43,2024-01-22
mkt_004443,0,217.32,21.0,34.51,16.0,0.0,360.12,2024-01-14
mkt_007446,1,218.23,14.0,10.09,20.0,0.0,151.41,2024-01-19
mkt_000236,0,293.29,75.0,23.28,10.0,1.0,149.39,2024-01-05
mkt_007709,1,101.49,4.0,37.99,11.0,0.0,338.37,2024-01-10
mkt_009585,1,113.73,8.0,21.95,9.0,8.0,29.08,2024-01-10
mkt_002562,0,286.87,99.0,32.89,9.0,6.0,81.63,2024-01-26
mkt_007123,1,142.34,21.0,41.31,11.0,1.0,305.82,2024-01-25
mkt_008536,1,53.77,26.0,185.06,15.0,8.0,187.77,2024-01-27
mkt_009602,1,291.15,106.0,21.59,14.0,6.0,361.63,2024-01-18
mkt_005519,1,2618.3,1736.0,31.05,13.0,4.0,284.03,2024-01-26
mkt_009613,1,92.65,321.0,4.23,14.0,8.0,480.32,2024-01-10
mkt_003083,0,581.38,83.0,15.48,9.0,4.0,199.19,2024-01-26
mkt_002959,0,727.98,26.0,1.7,12.0,9.0,257.95,2024-01-30
mkt_002102,0,1002.74,75.0,5.52,8.0,3.0,185.96,2024-01-12
mkt_000632,0,607.69,148.0,22.27,7.0,4.0,302.12,2024-01-08
mkt_006813,1,79.83,28.0,21.13,16.0,6.0,103.7,2024-01-09
mkt_002493,0,68.02,11.0,15.46,5.0,3.0,25.16,2024-01-03
mkt_002665,0,678.59,827.0,5.33,15.0,6.0,169.98,2024-01-18
mkt_008494,1,839.75,276.0,93.32,10.0,4.0,188.27,2024-01-01
mkt_008425,1,476.67,33.0,12.44,18.0,2.0,9.64,2024-01-24
mkt_009266,1,410.1,655.0,242.18,14.0,5.0,641.07,2024-01-16
mkt_004211,0,587.0,704.0,1.48,12.0,3.0,724.12,2024-01-19
mkt_003874,0,97.75,35.0,66.13,12.0,7.0,495.91,2024-01-05
mkt_002817,0,326.2,158.0,16.57,11.0,9.0,541.12,2024-01-29
mkt_008268,1,264.28,246.0,12.28,5.0,7.0,251.42,2024-01-13
mkt_009815,1,45.88,30.0,46.12,6.0,2.0,113.04,2024-01-11
mkt_007426,1,356.5,87.0,18.71,12.0,8.0,444.21,2024-01-02
mkt_008602,1,164.56,61.0,31.22,9.0,6.0,354.72,2024-01-13
mkt_008475,1,186.54,30.0,72.19,10.0,8.0,204.42,2024-01-03
mkt_001735,0,336.33,116.0,14.29,9.0,4.0,146.98,2024-01-27
mkt_007397,1,418.15,171.0,67.34,16.0,1.0,173.08,2024-01-15
mkt_004255,0,414.12,262.0,6.25,14.0,0.0,435.86,2024-01-05
mkt_008288,1,181.18,127.0,23.61,11.0,3.0,318.75,2024-01-02
mkt_002475,0,220.05,40.0,22.96,13.0,7.0,93.53,2024-01-23
mkt_009984,1,355.98,392.0,19.31,13.0,6.0,510.52,2024-01-05
mkt_003713,0,121.7,8.0,33.28,11.0,2.0,260.43,2024-01-25
mkt_008978,1,1431.2,445.0,10.26,11.0,7.0,327.79,2024-01-16
mkt_001804,0,195.87,237.0,5.43,8.0,3.0,322.96,2024-01-01
mkt_000707,0,58.13,71.0,7.09,12.0,4.0,144.24,2024-01-16
mkt_009191,1,719.24,21.0,65.59,12.0,5.0,268.96,2024-01-18
mkt_005189,1,84.13,543.0,14.97,16.0,0.0,116.66,2024-01-23
mkt_005472,1,160.76,19.0,28.17,14.0,2.0,71.5,2024-01-23
mkt_000072,0,79.91,180.0,27.09,7.0,5.0,203.74,2024-01-30
mkt_007843,1,339.13,44.0,40.79,13.0,5.0,185.72,2024-01-29
mkt_005101,1,55.28,117.0,6.81,13.0,7.0,88.89,2024-01-14
mkt_006764,1,402.48,103.0,74.11,14.0,7.0,64.06,2024-01-15
mkt_001125,0,176.82,73.0,11.64,12.0,1.0,279.89,2024-01-10
mkt_001241,0,242.11,213.0,16.47,9.0,2.0,273.75,2024-01-28
mkt_008253,1,508.22,118.0,346.22,10.0,0.0,357.75,2024-01-21
mkt_002349,0,816.57,483.0,7.61,13.0,9.0,549.12,2024-01-15
mkt_006602,1,369.17,295.0,28.04,13.0,7.0,258.09,2024-01-27
mkt_006780,1,230.94,70.0,28.67,12.0,2.0,265.95,2024-01-19
mkt_004358,0,1141.55,650.0,6.31,10.0,6.0,170.17,2024-01-22
mkt_001343,0,440.18,11.0,25.96,8.0,6.0,80.69,2024-01-14
mkt_009988,1,269.46,8.0,33.23,6.0,3.0,126.89,2024-01-19
mkt_008679,1,2870.37,74.0,53.2,17.0,8.0,146.83,2024-01-12
mkt_009575,1,400.4,24.0,22.63,13.0,9.0,55.21,2024-01-10
mkt_006652,1,157.13,373.0,23.05,15.0,5.0,436.21,2024-01-19
mkt_001100,0,61.03,348.0,7.74,10.0,0.0,199.54,2024-01-15
mkt_007327,1,580.67,40.0,12.01,12.0,9.0,299.35,2024-01-10
mkt_007622,1,87.47,8.0,22.28,10.0,9.0,196.09,2024-01-30
mkt_000987,0,352.08,31.0,22.26,17.0,2.0,112.32,2024-01-24
mkt_002852,0,1397.98,595.0,139.62,11.0,9.0,190.22,2024-01-24
mkt_000630,0,277.32,276.0,7.26,8.0,2.0,172.66,2024-01-30
mkt_001249,0,299.7,20.0,57.64,11.0,0.0,47.51,2024-01-24
mkt_003179,0,287.57,132.0,40.21,14.0,6.0,185.47,2024-01-01
mkt_000482,0,341.12,130.0,4.65,13.0,7.0,212.97,2024-01-23
mkt_003040,0,102.86,69.0,26.68,7.0,9.0,1613.97,2024-01-14
mkt_005010,1,149.74,18.0,11.63,12.0,2.0,104.28,2024-01-12
mkt_008727,1,43.47,20.0,30.12,8.0,4.0,169.52,2024-01-14
mkt_007000,1,1571.23,991.0,140.88,11.0,0.0,517.33,2024-01-30
mkt_003273,0,129.19,88.0,22.54,6.0,2.0,84.05,2024-01-10
mkt_007227,1,712.64,127.0,14.22,12.0,8.0,204.6,2024-01-13
mkt_003683,0,253.86,10.0,17.54,13.0,0.0,59.87,2024-01-01
mkt_006674,1,201.05,88.0,41.94,7.0,9.0,339.9,2024-01-03
mkt_006807,1,549.4,189.0,160.02,10.0,1.0,315.03,2024-01-29
mkt_009738,1,206.49,27.0,49.97,13.0,5.0,54.69,2024-01-10
mkt_001316,0,515.04,59.0,9.7,9.0,2.0,92.36,2024-01-23
mkt_003225,0,138.18,50.0,11.14,9.0,4.0,97.58,2024-01-20
mkt_001072,0,794.9,175.0,33.21,10.0,1.0,308.15,2024-01-29
mkt_004815,1,239.12,66.0,43.55,11.0,5.0,100.39,2024-01-11
mkt_008459,1,80.4,139.0,15.37,10.0,4.0,268.41,2024-01-14
mkt_005752,1,375.39,147.0,15.79,11.0,7.0,271.15,2024-01-12
mkt_009145,1,311.6,26.0,11.55,19.0,5.0,76.39,2024-01-15
mkt_004616,1,758.74,156.0,17.0,10.0,6.0,224.74,2024-01-29
mkt_003097,0,219.17,111.0,6.36,10.0,2.0,275.01,2024-01-13
mkt_006869,1,446.58,118.0,102.13,15.0,0.0,507.2,2024-01-04
mkt_001300,0,454.61,114.0,23.28,14.0,5.0,429.21,2024-01-24
mkt_007285,1,61.29,48.0,47.11,8.0,8.0,96.71,2024-01-23
mkt_006284,1,347.7,44.0,17.26,13.0,6.0,120.01,2024-01-04
mkt_005495,1,200.04,274.0,23.75,14.0,5.0,114.2,2024-01-03
mkt_005291,1,1049.37,184.0,17.55,13.0,6.0,264.73,2024-01-07
mkt_001798,0,401.79,251.0,80.45,16.0,1.0,251.38,2024-01-27
mkt_005203,1,61.23,216.0,4.01,11.0,1.0,657.35,2024-01-14
mkt_008227,1,387.18,282.0,5.91,12.0,7.0,455.23,2024-01-02
mkt_005047,1,548.93,469.0,10.14,20.0,5.0,1325.71,2024-01-11
mkt_006441,1,65.47,117.0,168.53,17.0,1.0,212.01,2024-01-22
mkt_008105,1,396.25,57.0,14.55,11.0,7.0,148.43,2024-01-06
mkt_002359,0,192.22,172.0,30.08,12.0,1.0,598.44,2024-01-06
mkt_009380,1,600.16,153.0,15.19,13.0,8.0,297.24,2024-01-04
mkt_003654,0,26.03,39.0,3.01,10.0,4.0,181.97,2024-01-23
mkt_007052,1,452.48,63.0,8.69,9.0,7.0,95.06,2024-01-03
mkt_001286,0,635.28,170.0,6.16,11.0,5.0,175.44,2024-01-13
mkt_009126,1,48.02,121.0,21.82,12.0,8.0,368.26,2024-01-14
mkt_004445,0,185.85,29.0,26.9,14.0,2.0,271.87,2024-01-25
mkt_002137,0,107.96,240.0,25.48,10.0,5.0,214.69,2024-01-24
mkt_006787,1,178.54,87.0,34.84,12.0,4.0,47.29,2024-01-02
mkt_009752,1,368.8,2.0,32.07,14.0,8.0,320.36,2024-01-19
mkt_008510,1,1729.82,132.0,13.8,10.0,4.0,351.18,2024-01-10
mkt_009539,1,67.68,25.0,2.66,13.0,5.0,326.79,2024-01-16
mkt_006894,1,56.59,116.0,8.54,9.0,5.0,1543.44,2024-01-26
mkt_008569,1,203.76,56.0,24.89,14.0,5.0,428.99,2024-01-26
mkt_007151,1,173.62,49.0,35.13,16.0,5.0,109.88,2024-01-11
mkt_000963,0,202.89,147.0,40.13,16.0,3.0,459.99,2024-01-29
mkt_006012,1,83.25,42.0,11.58,15.0,4.0,114.62,2024-01-13
mkt_004882,1,113.85,120.0,36.96,13.0,7.0,301.09,2024-01-12
mkt_000140,0,199.31,157.0,36.29,13.0,1.0,1333.81,2024-01-03
mkt_009032,1,154.15,160.0,53.45,13.0,8.0,242.13,2024-01-16
mkt_006936,1,243.93,136.0,44.9,9.0,5.0,174.28,2024-01-29
mkt_006542,1,3628.42,396.0,34.86,14.0,8.0,113.11,2024-01-19
mkt_005243,1,392.12,528.0,38.4,8.0,7.0,60.1,2024-01-29
mkt_004431,0,102.08,94.0,63.74,15.0,3.0,41.84,2024-01-10
mkt_000406,0,442.09,131.0,60.9,16.0,5.0,91.34,2024-01-30
mkt_008212,1,638.44,446.0,40.56,7.0,2.0,931.16,2024-01-20
mkt_008376,1,360.38,308.0,14.22,15.0,1.0,380.99,2024-01-03
mkt_008627,1,877.47,882.0,42.54,5.0,2.0,613.48,2024-01-08
mkt_008234,1,123.47,1366.0,9.49,15.0,1.0,569.38,2024-01-22
mkt_004399,0,939.83,397.0,11.43,12.0,4.0,665.96,2024-01-23
mkt_005252,1,219.89,8.0,73.26,15.0,0.0,184.4,2024-01-23
mkt_000011,0,88.23,147.0,83.66,11.0,1.0,161.62,2024-01-09
mkt_004760,1,238.37,897.0,24.21,11.0,8.0,108.3,2024-01-08
mkt_001177,0,318.72,58.0,38.34,7.0,3.0,179.24,2024-01-18
mkt_002863,0,1422.65,673.0,32.99,11.0,6.0,321.64,2024-01-23
mkt_006471,1,182.42,34.0,17.15,13.0,2.0,96.56,2024-01-16
mkt_006228,1,88.28,93.0,4.2,7.0,0.0,266.02,2024-01-16
mkt_002989,0,145.21,159.0,9.92,14.0,9.0,325.16,2024-01-09
mkt_007117,1,2798.13,91.0,6.65,10.0,9.0,116.48,2024-01-12
mkt_007010,1,176.32,44.0,14.38,10.0,8.0,127.73,2024-01-17
mkt_008557,1,291.09,160.0,19.08,16.0,7.0,402.32,2024-01-13
mkt_001440,0,198.75,10.0,32.6,14.0,9.0,81.74,2024-01-21
mkt_009747,1,200.88,90.0,5.1,13.0,1.0,260.7,2024-01-06
mkt_002875,0,1296.72,38.0,211.05,13.0,0.0,51.83,2024-01-12
mkt_009098,1,141.24,367.0,4.1,15.0,7.0,78.06,2024-01-08
mkt_008788,1,557.27,313.0,3.38,8.0,4.0,398.69,2024-01-24
mkt_007232,1,139.19,126.0,41.74,11.0,7.0,67.52,2024-01-05
mkt_003726,0,693.44,95.0,80.28,9.0,4.0,227.13,2024-01-24
mkt_002772,0,259.85,85.0,9.22,15.0,4.0,869.18,2024-01-09
mkt_000454,0,369.18,10.0,23.64,10.0,6.0,299.91,2024-01-19
mkt_008189,1,36.56,3.0,21.12,7.0,0.0,126.85,2024-01-03
mkt_001367,0,162.86,13.0,22.54,10.0,4.0,291.31,2024-01-09
mkt_003712,0,86.1,450.0,9.85,14.0,5.0,826.81,2024-01-03
mkt_009852,1,316.18,139.0,15.67,15.0,5.0,69.65,2024-01-28
mkt_001388,0,141.02,190.0,10.88,12.0,3.0,237.44,2024-01-05
mkt_001000,0,162.83,598.0,34.33,6.0,6.0,201.88,2024-01-23
mkt_007761,1,278.01,235.0,6.0,17.0,2.0,191.03,2024-01-22
mkt_003553,0,562.22,567.0,2.71,11.0,0.0,585.36,2024-01-05
mkt_004114,0,599.28,124.0,9.76,14.0,3.0,447.42,2024-01-09
mkt_001667,0,892.68,155.0,8.43,15.0,0.0,115.82,2024-01-17
mkt_003173,0,2372.3,85.0,30.0,17.0,8.0,97.99,2024-01-25
mkt_009397,1,34.0,10.0,22.02,13.0,6.0,223.35,2024-01-05
mkt_000488,0,415.23,194.0,3.35,15.0,7.0,251.42,2024-01-10
mkt_003230,0,469.97,313.0,14.3,19.0,2.0,132.64,2024-01-29
mkt_003828,0,323.01,92.0,18.66,12.0,2.0,253.01,2024-01-06
mkt_008651,1,167.19,302.0,8.46,12.0,1.0,340.13,2024-01-15
mkt_005208,1,71.74,13.0,46.96,13.0,4.0,471.15,2024-01-13
mkt_007848,1,264.1,103.0,135.68,17.0,5.0,383.06,2024-01-08
mkt_005704,1,477.29,308.0,55.65,15.0,8.0,868.22,2024-01-25
mkt_009639,1,133.95,72.0,33.91,14.0,0.0,127.4,2024-01-15
mkt_008133,1,916.98,147.0,11.58,17.0,9.0,364.2,2024-01-03
mkt_000703,0,313.88,111.0,14.52,12.0,9.0,333.03,2024-01-04
mkt_005105,1,685.25,138.0,12.83,9.0,4.0,651.92,2024-01-30
mkt_008893,1,94.22,78.0,80.25,15.0,0.0,331.37,2024-01-08
mkt_003291,0,324.72,92.0,37.92,19.0,9.0,289.46,2024-01-18
mkt_008125,1,169.38,129.0,42.22,12.0,1.0,80.27,2024-01-29
mkt_009631,1,185.0,52.0,4.69,19.0,1.0,164.87,2024-01-18
mkt_009021,1,132.6,40.0,15.19,7.0,0.0,152.43,2024-01-29
mkt_004909,1,239.54,141.0,9.07,11.0,4.0,135.44,2024-01-05
mkt_004440,0,275.16,149.0,72.32,8.0,5.0,125.68,2024-01-13
mkt_000986,0,595.09,160.0,23.6,12.0,3.0,128.75,2024-01-29
mkt_009236,1,211.05,88.0,6.87,15.0,2.0,169.05,2024-01-11
mkt_009883,1,345.91,136.0,48.57,20.0,8.0,386.51,2024-01-26
mkt_007705,1,189.97,486.0,11.39,10.0,6.0,246.03,2024-01-02
mkt_006257,1,1026.49,946.0,52.27,14.0,0.0,496.36,2024-01-27
mkt_006089,1,211.64,15.0,6.01,8.0,1.0,270.48,2024-01-21
mkt_005238,1,271.6,68.0,2.66,15.0,8.0,331.42,2024-01-03
mkt_001198,0,447.91,103.0,35.77,20.0,0.0,141.6,2024-01-11
mkt_009070,1,442.67,22.0,12.53,18.0,7.0,65.1,2024-01-20
mkt_007519,1,1347.35,105.0,30.36,21.0,2.0,518.66,2024-01-15
mkt_006812,1,904.08,193.0,21.76,7.0,2.0,103.06,2024-01-01
mkt_008320,1,222.9,182.0,57.07,11.0,5.0,153.8,2024-01-19
mkt_007175,1,322.39,124.0,23.32,12.0,3.0,491.15,2024-01-25
mkt_004470,0,558.92,122.0,13.54,14.0,6.0,278.36,2024-01-25
mkt_000891,0,338.72,68.0,26.54,16.0,6.0,177.54,2024-01-01
mkt_001969,0,307.2,67.0,10.91,14.0,9.0,390.71,2024-01-02
mkt_005757,1,219.69,7.0,55.25,10.0,5.0,72.35,2024-01-22
mkt_006527,1,1087.12,27.0,11.39,14.0,2.0,49.51,2024-01-24
mkt_006294,1,204.8,212.0,12.47,10.0,7.0,627.24,2024-01-16
mkt_007595,1,479.52,56.0,52.51,10.0,5.0,95.96,2024-01-21
mkt_003249,0,989.69,217.0,59.39,12.0,1.0,725.02,2024-01-12
mkt_006570,1,690.13,66.0,2.24,15.0,0.0,2316.03,2024-01-02
mkt_006638,1,540.12,40.0,7.74,15.0,1.0,60.57,2024-01-18
mkt_007351,1,215.79,686.0,1.0,13.0,6.0,200.03,2024-01-04
mkt_009172,1,81.79,386.0,243.52,9.0,2.0,1299.29,2024-01-17
mkt_007473,1,83.18,66.0,2.22,18.0,2.0,80.9,2024-01-01
mkt_009601,1,2817.74,1225.0,129.94,13.0,7.0,265.29,2024-01-08
mkt_008673,1,3310.13,590.0,6.21,6.0,8.0,1314.73,2024-01-09
mkt_001239,0,343.99,153.0,43.41,16.0,1.0,77.57,2024-01-05
mkt_002289,0,226.21,62.0,13.71,9.0,0.0,118.46,2024-01-18
mkt_002740,0,469.16,172.0,20.31,12.0,9.0,198.77,2024-01-25
mkt_004585,1,5022.57,414.0,10.53,12.0,6.0,616.62,2024-01-17
mkt_001229,0,72.07,97.0,38.3,16.0,3.0,1526.05,2024-01-24
mkt_006980,1,238.53,194.0,55.87,15.0,7.0,243.76,2024-01-13
mkt_005178,1,151.38,30.0,53.78,5.0,9.0,237.11,2024-01-10
mkt_004293,0,169.04,266.0,9.8,7.0,9.0,174.63,2024-01-13
mkt_001058,0,250.61,58.0,28.52,17.0,2.0,163.64,2024-01-23
mkt_006262,1,679.65,124.0,15.58,15.0,2.0,267.17,2024-01-19
mkt_000281,0,786.8,71.0,11.03,5.0,8.0,815.1,2024-01-13
mkt_000968,0,57.46,121.0,18.49,4.0,3.0,577.6,2024-01-04
mkt_003953,0,126.36,395.0,35.55,11.0,3.0,203.07,2024-01-23
mkt_001939,0,182.16,26.0,11.18,11.0,7.0,156.42,2024-01-24
mkt_008464,1,376.23,457.0,29.92,12.0,0.0,125.24,2024-01-14
mkt_001274,0,82.77,199.0,11.96,10.0,3.0,144.32,2024-01-26
mkt_000619,0,595.08,26.0,30.22,15.0,5.0,711.34,2024-01-02
mkt_008505,1,84.3,240.0,15.86,12.0,2.0,552.77,2024-01-17
mkt_001742,0,1967.87,360.0,8.54,9.0,9.0,799.56,2024-01-27
mkt_001390,0,355.09,110.0,15.17,16.0,8.0,734.29,2024-01-14
mkt_002203,0,505.36,15.0,20.55,11.0,9.0,384.65,2024-01-08
mkt_003568,0,196.09,145.0,22.6,20.0,6.0,271.96,2024-01-10
mkt_006116,1,718.94,159.0,29.06,14.0,8.0,511.98,2024-01-20
mkt_009970,1,1012.63,224.0,26.86,4.0,9.0,114.06,2024-01-17
mkt_006052,1,437.05,442.0,7.95,7.0,3.0,301.49,2024-01-22
mkt_003178,0,419.2,28.0,27.25,12.0,6.0,152.94,2024-01-06
mkt_003192,0,73.78,51.0,85.5,14.0,2.0,339.17,2024-01-03
mkt_006099,1,198.11,134.0,5.59,18.0,1.0,715.46,2024-01-03
mkt_007029,1,224.41,132.0,26.39,25.0,5.0,122.2,2024-01-12
mkt_000575,0,671.9,295.0,9.92,16.0,5.0,173.83,2024-01-24
mkt_006656,1,187.84,49.0,62.51,5.0,8.0,72.32,2024-01-09
mkt_007115,1,218.4,21.0,34.47,12.0,8.0,32.31,2024-01-16
mkt_008802,1,745.58,75.0,14.23,10.0,5.0,170.52,2024-01-02
mkt_006276,1,891.26,16.0,33.88,15.0,1.0,130.29,2024-01-28
mkt_008984,1,69.43,272.0,8.38,5.0,9.0,669.17,2024-01-02
mkt_005897,1,224.14,715.0,24.57,9.0,2.0,79.86,2024-01-19
mkt_005724,1,348.23,558.0,13.62,14.0,5.0,226.28,2024-01-13
mkt_000269,0,207.1,43.0,127.31,14.0,3.0,151.73,2024-01-22
mkt_000629,0,502.12,169.0,9.14,14.0,0.0,593.64,2024-01-08
mkt_003081,0,13300.52,22.0,16.24,14.0,6.0,130.95,2024-01-04
mkt_003466,0,94.58,8.0,12.53,10.0,2.0,439.93,2024-01-23
mkt_006430,1,776.5,253.0,10.85,16.0,0.0,433.07,2024-01-03
mkt_009311,1,1154.38,278.0,10.84,8.0,3.0,156.69,2024-01-04
mkt_007062,1,127.05,54.0,15.14,12.0,0.0,73.86,2024-01-04
mkt_009727,1,158.68,50.0,108.33,12.0,2.0,248.0,2024-01-28
mkt_005543,1,2968.45,934.0,21.6,12.0,5.0,201.24,2024-01-24
mkt_004356,0,325.51,504.0,39.63,15.0,4.0,1501.83,2024-01-07
mkt_002113,0,1971.78,441.0,2.19,5.0,2.0,570.01,2024-01-08
mkt_008219,1,470.47,81.0,6.31,14.0,7.0,165.58,2024-01-03
mkt_003216,0,40.43,15.0,17.61,5.0,2.0,57.81,2024-01-12
mkt_003814,0,110.26,12.0,83.53,11.0,3.0,88.16,2024-01-03
mkt_008321,1,55.23,45.0,9.61,16.0,0.0,547.99,2024-01-06
mkt_008589,1,147.45,27.0,10.16,9.0,2.0,259.5,2024-01-10
mkt_002278,0,373.38,41.0,27.92,10.0,6.0,903.31,2024-01-03
mkt_004599,1,79.29,46.0,136.4,12.0,4.0,262.18,2024-01-12
mkt_000013,0,46.78,3.0,15.86,17.0,6.0,164.94,2024-01-10
mkt_009225,1,393.99,45.0,27.37,11.0,0.0,129.64,2024-01-30
mkt_001525,0,334.53,144.0,11.93,7.0,3.0,164.73,2024-01-19
mkt_002365,0,118.53,11.0,20.56,13.0,0.0,65.22,2024-01-06
mkt_004648,1,1698.26,80.0,12.81,12.0,0.0,837.88,2024-01-09
mkt_000374,0,192.14,26.0,14.63,7.0,8.0,330.35,2024-01-04
mkt_008521,1,959.04,1136.0,27.71,15.0,3.0,605.56,2024-01-17
mkt_006477,1,109.47,18.0,5.68,16.0,7.0,49.92,2024-01-06
mkt_000525,0,321.95,53.0,22.04,15.0,1.0,338.98,2024-01-09
mkt_006895,1,467.72,118.0,10.27,14.0,7.0,121.82,2024-01-27
mkt_003591,0,94.96,29.0,95.52,12.0,1.0,116.81,2024-01-20
mkt_007904,1,635.17,74.0,25.52,11.0,1.0,336.66,2024-01-05
mkt_002958,0,63.59,29.0,24.62,16.0,9.0,303.72,2024-01-28
mkt_000529,0,1092.03,114.0,5.89,12.0,7.0,424.63,2024-01-04
mkt_003714,0,274.42,213.0,10.11,18.0,7.0,281.27,2024-01-03
mkt_004732,1,290.72,88.0,20.51,10.0,1.0,267.14,2024-01-25
mkt_001394,0,30.88,30.0,10.96,18.0,7.0,209.85,2024-01-19
mkt_005631,1,487.59,19.0,4.07,14.0,1.0,94.82,2024-01-28
mkt_006563,1,456.44,25.0,24.15,8.0,3.0,61.49,2024-01-19
mkt_004703,1,156.23,66.0,190.79,17.0,6.0,322.81,2024-01-09
mkt_001712,0,422.31,587.0,46.15,12.0,4.0,140.44,2024-01-17
mkt_009755,1,248.22,436.0,37.29,9.0,3.0,116.87,2024-01-02
mkt_000955,0,94.88,35.0,9.98,21.0,2.0,201.44,2024-01-18
mkt_006675,1,54.16,4.0,13.55,6.0,0.0,68.14,2024-01-09
mkt_003453,0,356.35,23.0,15.98,14.0,9.0,246.65,2024-01-23
mkt_002071,0,34.1,360.0,65.93,9.0,0.0,436.11,2024-01-22
mkt_009740,1,676.28,195.0,26.39,16.0,8.0,287.11,2024-01-29
mkt_000158,0,349.73,12.0,11.6,12.0,9.0,113.06,2024-01-05
mkt_007005,1,287.48,40.0,5.46,11.0,9.0,107.4,2024-01-10
mkt_000352,0,1138.99,1511.0,22.68,10.0,7.0,236.54,2024-01-14
mkt_006078,1,175.79,14.0,3.49,12.0,0.0,112.18,2024-01-02
mkt_006236,1,346.64,739.0,5.29,14.0,2.0,1320.54,2024-01-15
mkt_002920,0,359.04,95.0,8.05,11.0,4.0,179.41,2024-01-26
mkt_004644,1,246.53,402.0,14.45,3.0,3.0,185.59,2024-01-14
mkt_000661,0,1524.16,121.0,6.47,5.0,2.0,367.18,2024-01-17
mkt_007057,1,136.97,20.0,10.5,9.0,2.0,231.3,2024-01-07
mkt_003665,0,136.47,48.0,81.0,4.0,6.0,193.04,2024-01-07
mkt_007979,1,360.91,277.0,27.62,9.0,5.0,651.11,2024-01-10
mkt_000306,0,440.7,127.0,5.91,11.0,6.0,581.17,2024-01-27
mkt_004790,1,422.88,148.0,5.64,12.0,4.0,439.28,2024-01-16
mkt_002356,0,283.98,24.0,15.32,12.0,1.0,172.01,2024-01-18
mkt_001927,0,283.34,151.0,93.9,11.0,9.0,298.1,2024-01-15
mkt_009939,1,340.34,356.0,7.35,9.0,1.0,343.37,2024-01-11
mkt_003427,0,1240.67,309.0,6.71,7.0,7.0,1976.67,2024-01-30
mkt_003638,0,3674.39,560.0,16.66,14.0,7.0,566.12,2024-01-20
mkt_001266,0,94.96,333.0,2.37,14.0,9.0,1487.21,2024-01-25
mkt_001560,0,116.91,147.0,30.79,12.0,7.0,567.46,2024-01-10
mkt_007179,1,209.88,202.0,96.88,15.0,9.0,132.46,2024-01-13
mkt_004109,0,484.22,113.0,11.78,13.0,5.0,490.67,2024-01-06
mkt_007867,1,396.39,154.0,46.84,11.0,1.0,362.33,2024-01-11
mkt_004904,1,276.54,153.0,68.39,18.0,2.0,229.42,2024-01-18
mkt_007294,1,155.85,34.0,38.65,7.0,6.0,242.93,2024-01-10
mkt_000514,0,1133.66,29.0,64.43,10.0,7.0,152.4,2024-01-25
mkt_000894,0,8445.21,880.0,105.0,15.0,0.0,722.67,2024-01-14
mkt_000021,0,147.49,6.0,23.82,12.0,5.0,43.49,2024-01-01
mkt_000899,0,396.01,723.0,3.93,13.0,1.0,363.39,2024-01-04
mkt_000207,0,416.74,63.0,40.34,16.0,7.0,343.81,2024-01-10
mkt_000458,0,950.89,65.0,32.49,12.0,1.0,319.11,2024-01-01
mkt_002430,0,72.92,76.0,23.44,7.0,4.0,248.78,2024-01-13
mkt_008442,1,141.66,337.0,43.4,16.0,7.0,1962.75,2024-01-25
mkt_003389,0,430.26,150.0,25.44,12.0,6.0,108.0,2024-01-29
mkt_003911,0,85.9,50.0,21.87,7.0,5.0,118.31,2024-01-15
mkt_005383,1,1706.14,236.0,37.31,6.0,8.0,62.71,2024-01-25
mkt_000552,0,475.66,24.0,20.29,12.0,8.0,61.87,2024-01-23
mkt_003144,0,64.86,18.0,32.14,9.0,8.0,255.74,2024-01-12
mkt_006917,1,259.18,176.0,11.06,16.0,6.0,124.45,2024-01-15
mkt_002056,0,78.66,505.0,63.99,5.0,3.0,345.48,2024-01-15
mkt_001925,0,421.42,72.0,49.0,8.0,9.0,67.46,2024-01-11
mkt_000634,0,554.89,195.0,29.97,13.0,2.0,200.44,2024-01-17
mkt_006082,1,344.09,177.0,21.83,7.0,5.0,1452.12,2024-01-20
mkt_009270,1,696.23,1597.0,41.79,15.0,7.0,1013.71,2024-01-22
mkt_009678,1,1391.73,327.0,14.78,8.0,5.0,589.76,2024-01-24
mkt_000105,0,3583.12,95.0,31.92,12.0,3.0,122.27,2024-01-10
mkt_003041,0,92.51,14.0,11.28,9.0,4.0,139.49,2024-01-18
mkt_001709,0,137.14,70.0,24.18,8.0,9.0,139.76,2024-01-27
mkt_000089,0,298.75,16.0,26.96,12.0,3.0,110.44,2024-01-04
mkt_007014,1,807.23,190.0,12.81,18.0,5.0,468.65,2024-01-10
mkt_003174,0,611.08,135.0,27.56,11.0,6.0,96.11,2024-01-07
mkt_000917,0,271.57,86.0,14.28,11.0,9.0,162.34,2024-01-04
mkt_007833,1,458.81,94.0,22.29,18.0,2.0,403.92,2024-01-21
mkt_006732,1,468.59,282.0,52.55,12.0,0.0,156.92,2024-01-18
mkt_001949,0,512.29,111.0,2.83,9.0,6.0,382.49,2024-01-10
mkt_006368,1,207.87,33.0,7.41,12.0,1.0,83.78,2024-01-22
mkt_000001,0,188.98,367.0,36.31,12.0,5.0,231.64,2024-01-26
mkt_008032,1,630.48,177.0,10.91,15.0,8.0,100.94,2024-01-11
mkt_006047,1,105.87,50.0,3.75,13.0,8.0,220.65,2024-01-24
mkt_002720,0,752.3,108.0,16.48,12.0,8.0,100.27,2024-01-14
mkt_009812,1,128.18,1312.0,84.7,11.0,6.0,305.73,2024-01-17
mkt_003117,0,509.29,131.0,17.23,9.0,8.0,830.82,2024-01-24
mkt_009465,1,141.15,43.0,5.36,17.0,7.0,552.41,2024-01-15
mkt_003762,0,80.77,3.0,16.59,15.0,5.0,17.32,2024-01-25
mkt_000213,0,3294.58,150.0,53.56,14.0,4.0,270.98,2024-01-29
mkt_000778,0,63.64,47.0,57.84,11.0,4.0,72.93,2024-01-08
mkt_003496,0,2439.83,93.0,56.07,11.0,2.0,578.66,2024-01-05
mkt_008817,1,196.31,144.0,272.53,9.0,4.0,60.64,2024-01-07
mkt_002043,0,116.31,851.0,32.83,4.0,7.0,442.01,2024-01-27
mkt_005420,1,516.98,177.0,46.5,11.0,2.0,263.68,2024-01-02
mkt_006154,1,382.78,69.0,9.98,9.0,2.0,547.05,2024-01-08
mkt_008357,1,94.13,170.0,15.49,6.0,6.0,603.9,2024-01-25
mkt_008707,1,158.26,103.0,32.23,13.0,5.0,108.46,2024-01-14
mkt_008465,1,93.27,139.0,10.02,13.0,6.0,304.87,2024-01-03
mkt_004167,0,225.75,10.0,7.67,8.0,0.0,60.58,2024-01-01
mkt_003788,0,753.66,1825.0,23.05,10.0,4.0,982.16,2024-01-19
mkt_000583,0,64.62,127.0,8.02,10.0,5.0,298.93,2024-01-16
mkt_009911,1,581.81,170.0,31.65,11.0,8.0,193.48,2024-01-16
mkt_009986,1,121.92,84.0,41.55,13.0,9.0,753.18,2024-01-19
mkt_000116,0,61.37,57.0,6.92,12.0,9.0,133.45,2024-01-22
mkt_006644,1,443.01,273.0,3.28,9.0,6.0,608.16,2024-01-19
mkt_009033,1,1047.25,740.0,16.04,17.0,7.0,385.58,2024-01-30
mkt_009951,1,897.41,211.0,24.08,14.0,2.0,156.61,2024-01-08
mkt_008959,1,327.48,27.0,19.27,11.0,1.0,49.21,2024-01-11
mkt_001763,0,284.89,18.0,28.15,12.0,8.0,69.0,2024-01-18
mkt_001875,0,455.77,40.0,19.83,14.0,4.0,91.44,2024-01-25
mkt_003224,0,2780.48,295.0,4.06,11.0,4.0,612.46,2024-01-29
mkt_000526,0,308.86,531.0,15.29,15.0,9.0,111.18,2024-01-19
mkt_007725,1,1881.89,738.0,1.96,14.0,2.0,803.55,2024-01-02
mkt_002946,0,155.05,150.0,14.81,13.0,8.0,874.49,2024-01-07
mkt_004473,0,318.61,241.0,16.92,15.0,3.0,237.84,2024-01-15
mkt_005655,1,905.5,80.0,7.21,15.0,7.0,298.77,2024-01-10
mkt_006059,1,994.02,326.0,41.68,7.0,3.0,43.34,2024-01-29
mkt_000959,0,371.0,149.0,50.35,7.0,6.0,115.9,2024-01-23
mkt_006342,1,1447.9,591.0,132.97,15.0,6.0,716.05,2024-01-27
mkt_003633,0,42.69,14.0,94.38,13.0,1.0,32.38,2024-01-12
mkt_001050,0,58.99,8.0,13.3,14.0,4.0,104.33,2024-01-24
mkt_003380,0,562.68,113.0,26.62,13.0,1.0,116.02,2024-01-19
mkt_003676,0,284.89,216.0,46.92,10.0,8.0,258.56,2024-01-12
mkt_005776,1,1015.03,116.0,22.3,13.0,4.0,474.08,2024-01-23
mkt_009045,1,2194.13,45.0,3.39,12.0,1.0,1267.86,2024-01-18
mkt_006573,1,91.36,21.0,21.36,9.0,3.0,69.45,2024-01-04
mkt_005179,1,181.59,187.0,17.0,7.0,6.0,233.82,2024-01-29
mkt_001607,0,51.27,42.0,28.57,8.0,3.0,244.37,2024-01-26
mkt_003610,0,179.19,144.0,28.67,15.0,9.0,175.35,2024-01-04
mkt_009758,1,1328.58,252.0,16.1,9.0,9.0,1352.88,2024-01-26
mkt_006635,1,744.93,621.0,35.07,14.0,8.0,477.01,2024-01-02
mkt_009997,1,508.38,324.0,5.08,12.0,2.0,530.51,2024-01-24
mkt_000791,0,167.37,896.0,9.72,19.0,6.0,1413.09,2024-01-17
mkt_003056,0,191.79,247.0,47.26,14.0,4.0,84.89,2024-01-02
mkt_001980,0,472.78,312.0,27.19,22.0,3.0,172.99,2024-01-16
mkt_003598,0,927.95,162.0,40.04,15.0,8.0,335.0,2024-01-15
mkt_000933,0,912.88,329.0,38.75,19.0,3.0,2769.61,2024-01-21
mkt_007424,1,781.89,134.0,22.26,15.0,2.0,202.85,2024-01-17
mkt_005626,1,581.07,738.0,5.17,19.0,0.0,759.0,2024-01-25
mkt_001682,0,852.26,294.0,8.89,18.0,7.0,834.56,2024-01-26
mkt_004179,0,275.38,60.0,67.23,6.0,9.0,139.72,2024-01-23
mkt_006446,1,172.05,1122.0,13.05,11.0,7.0,389.63,2024-01-25
mkt_004116,0,425.57,67.0,72.33,9.0,6.0,95.13,2024-01-11
mkt_000988,0,348.15,192.0,29.32,15.0,9.0,299.24,2024-01-06
mkt_002896,0,260.58,111.0,15.8,14.0,0.0,432.27,2024-01-09
mkt_003778,0,185.28,109.0,3.86,7.0,2.0,161.06,2024-01-24
mkt_005658,1,241.05,121.0,6.06,7.0,1.0,118.89,2024-01-08
mkt_003093,0,248.92,402.0,3.14,16.0,7.0,692.77,2024-01-29
mkt_003155,0,420.0,87.0,26.51,12.0,8.0,273.13,2024-01-30
mkt_001823,0,377.67,111.0,44.17,12.0,8.0,21.74,2024-01-23
mkt_009622,1,121.54,91.0,65.82,10.0,8.0,77.33,2024-01-06
mkt_001098,0,335.96,18.0,18.3,9.0,9.0,125.53,2024-01-01
mkt_002844,0,283.01,461.0,29.27,16.0,0.0,992.46,2024-01-11
mkt_003342,0,458.51,42.0,11.0,8.0,3.0,21.12,2024-01-02
mkt_000038,0,218.33,52.0,7.51,9.0,9.0,312.11,2024-01-28
mkt_006540,1,378.92,21.0,23.94,11.0,7.0,149.49,2024-01-19
mkt_009473,1,155.14,55.0,9.3,13.0,4.0,123.93,2024-01-13
mkt_003356,0,372.94,17.0,3.08,13.0,9.0,444.87,2024-01-13
mkt_007813,1,185.87,85.0,26.24,15.0,2.0,547.0,2024-01-17
mkt_008220,1,354.04,1046.0,19.86,8.0,7.0,261.52,2024-01-15
mkt_009227,1,2049.94,171.0,13.83,11.0,0.0,149.16,2024-01-30
mkt_002428,0,392.09,20.0,16.21,18.0,7.0,113.94,2024-01-12
mkt_005043,1,443.35,146.0,27.31,12.0,4.0,636.41,2024-01-29
mkt_005346,1,375.39,122.0,1.56,14.0,2.0,123.72,2024-01-12
mkt_004811,1,358.05,15.0,14.97,15.0,7.0,27.2,2024-01-16
mkt_008476,1,1757.87,249.0,10.87,7.0,3.0,68.18,2024-01-14
mkt_000686,0,627.63,400.0,19.78,8.0,4.0,372.63,2024-01-05
mkt_004799,1,84.43,468.0,21.58,12.0,5.0,82.85,2024-01-11
mkt_007437,1,214.98,25.0,5.83,13.0,5.0,326.98,2024-01-19
mkt_002353,0,1490.23,81.0,4.06,9.0,4.0,243.03,2024-01-12
mkt_006353,1,255.44,664.0,12.39,11.0,4.0,322.93,2024-01-08
mkt_004569,1,220.48,63.0,62.45,12.0,1.0,590.87,2024-01-12
mkt_008213,1,69.57,103.0,12.38,14.0,2.0,187.94,2024-01-01
mkt_002752,0,2625.94,250.0,29.79,5.0,0.0,1289.07,2024-01-05
mkt_008073,1,784.37,788.0,6.75,8.0,3.0,351.26,2024-01-18
mkt_001040,0,229.98,145.0,9.74,10.0,7.0,119.02,2024-01-21
mkt_007491,1,271.69,61.0,112.43,10.0,7.0,317.84,2024-01-29
mkt_001265,0,94.11,141.0,33.15,10.0,0.0,246.94,2024-01-08
mkt_009265,1,465.94,261.0,86.18,15.0,2.0,1802.78,2024-01-24
mkt_007059,1,894.29,145.0,36.75,15.0,7.0,1539.26,2024-01-25
mkt_000277,0,81.03,40.0,7.35,12.0,1.0,105.61,2024-01-18
mkt_005084,1,305.97,240.0,18.07,11.0,6.0,134.38,2024-01-19
mkt_002382,0,47.65,75.0,45.31,9.0,4.0,33.15,2024-01-06
mkt_000571,0,109.88,11.0,19.73,15.0,9.0,66.31,2024-01-17
mkt_001435,0,104.74,22.0,17.21,8.0,8.0,252.28,2024-01-01
mkt_005352,1,499.19,265.0,11.49,17.0,5.0,121.57,2024-01-26
mkt_005445,1,2024.74,60.0,32.16,20.0,6.0,309.55,2024-01-12
mkt_001007,0,1330.79,1825.0,170.84,19.0,1.0,458.61,2024-01-19
mkt_004543,1,435.89,40.0,6.03,13.0,8.0,255.83,2024-01-09
mkt_008816,1,179.11,21.0,6.75,9.0,0.0,467.61,2024-01-11
mkt_002064,0,61.93,311.0,18.13,6.0,8.0,377.07,2024-01-04
mkt_001136,0,256.47,38.0,8.34,9.0,1.0,127.77,2024-01-17
mkt_005343,1,918.52,231.0,21.49,13.0,9.0,282.91,2024-01-28
mkt_000294,0,167.86,49.0,19.91,8.0,3.0,164.02,2024-01-20
mkt_002403,0,1260.09,118.0,14.35,13.0,1.0,405.57,2024-01-10
mkt_003998,0,88.05,81.0,36.84,14.0,9.0,92.23,2024-01-09
mkt_003741,0,556.88,232.0,40.06,15.0,3.0,171.32,2024-01-11
mkt_009222,1,135.08,224.0,188.3,15.0,1.0,433.15,2024-01-15
mkt_002719,0,260.26,261.0,91.27,10.0,2.0,346.49,2024-01-23
mkt_009199,1,420.74,50.0,21.87,18.0,3.0,291.46,2024-01-20
mkt_005150,1,431.16,105.0,18.18,16.0,5.0,113.21,2024-01-04
mkt_002808,0,1073.76,147.0,23.46,12.0,9.0,418.44,2024-01-23
mkt_000556,0,706.19,45.0,43.47,15.0,1.0,367.88,2024-01-26
mkt_008925,1,172.02,180.0,13.3,8.0,1.0,502.68,2024-01-08
mkt_004795,1,718.35,18.0,15.98,11.0,5.0,42.45,2024-01-25
mkt_002469,0,217.31,119.0,111.29,10.0,0.0,166.47,2024-01-08
mkt_003738,0,532.94,152.0,13.69,11.0,1.0,234.91,2024-01-13
mkt_004286,0,510.75,32.0,25.51,12.0,1.0,111.07,2024-01-29
mkt_002604,0,170.06,314.0,7.07,8.0,4.0,188.75,2024-01-17
mkt_000362,0,229.19,226.0,55.16,11.0,1.0,80.8,2024-01-02
mkt_006924,1,234.41,258.0,35.2,12.0,9.0,235.29,2024-01-13
mkt_001704,0,434.24,140.0,3.08,13.0,3.0,321.26,2024-01-16
mkt_002139,0,161.68,111.0,119.57,11.0,5.0,281.27,2024-01-04
mkt_003239,0,24.44,9.0,9.14,8.0,7.0,16.84,2024-01-01
mkt_002383,0,150.93,66.0,11.83,13.0,6.0,218.16,2024-01-27
mkt_007314,1,246.34,141.0,7.32,14.0,0.0,509.93,2024-01-02
mkt_004311,0,284.61,497.0,20.3,5.0,7.0,341.72,2024-01-06
mkt_001312,0,561.06,6.0,21.37,8.0,0.0,360.81,2024-01-21
mkt_003930,0,52.64,85.0,21.92,14.0,7.0,185.69,2024-01-01
mkt_006183,1,72.99,16.0,9.44,15.0,7.0,145.51,2024-01-10
mkt_001591,0,47.11,12.0,3.34,10.0,4.0,87.82,2024-01-03
mkt_009387,1,146.29,63.0,10.78,17.0,5.0,96.59,2024-01-19
mkt_002162,0,139.57,278.0,11.19,9.0,6.0,229.05,2024-01-10
mkt_002396,0,163.34,94.0,25.9,18.0,8.0,97.85,2024-01-01
mkt_000317,0,1192.77,65.0,35.21,8.0,7.0,119.53,2024-01-03
mkt_005233,1,286.03,50.0,32.66,14.0,9.0,499.17,2024-01-11
mkt_005068,1,203.2,82.0,94.55,5.0,0.0,261.78,2024-01-03
mkt_004036,0,135.68,3.0,3.29,15.0,8.0,92.16,2024-01-22
mkt_003020,0,1834.94,980.0,51.71,17.0,8.0,1599.11,2024-01-04
mkt_008228,1,322.08,272.0,14.45,11.0,8.0,500.88,2024-01-23
mkt_005295,1,88.38,118.0,13.29,16.0,4.0,267.38,2024-01-15
mkt_003972,0,669.55,37.0,14.32,13.0,6.0,105.45,2024-01-23
mkt_005370,1,169.31,20.0,5.42,13.0,2.0,131.35,2024-01-06
mkt_004133,0,317.94,73.0,18.48,12.0,4.0,153.33,2024-01-02
mkt_000974,0,64.7,46.0,10.32,13.0,4.0,86.6,2024-01-15
mkt_007291,1,35.65,6.0,41.69,13.0,2.0,81.46,2024-01-03
mkt_000954,0,269.3,1825.0,15.43,11.0,6.0,856.23,2024-01-19
mkt_009306,1,1002.24,230.0,91.92,15.0,4.0,241.54,2024-01-25
mkt_005016,1,564.34,42.0,10.97,11.0,6.0,94.63,2024-01-18
mkt_009730,1,1238.43,6.0,15.05,17.0,7.0,16.25,2024-01-05
mkt_007490,1,259.95,28.0,4.45,15.0,3.0,748.4,2024-01-22
mkt_001640,0,158.95,22.0,19.55,18.0,8.0,48.9,2024-01-30
mkt_001290,0,347.5,115.0,64.55,13.0,5.0,266.8,2024-01-12
mkt_001380,0,89.05,68.0,46.19,14.0,4.0,289.19,2024-01-23
mkt_001933,0,1060.28,116.0,23.45,17.0,1.0,50.45,2024-01-10
mkt_004675,1,890.38,1082.0,11.64,11.0,4.0,3820.74,2024-01-15
mkt_000892,0,685.61,110.0,35.83,17.0,4.0,226.41,2024-01-12
mkt_007287,1,602.78,63.0,19.57,15.0,1.0,133.07,2024-01-25
mkt_004876,1,32.49,49.0,20.53,12.0,6.0,70.18,2024-01-29
mkt_007906,1,728.44,1082.0,6.25,12.0,9.0,126.93,2024-01-24
mkt_008194,1,132.7,42.0,8.34,9.0,3.0,279.38,2024-01-22
mkt_009379,1,145.75,51.0,56.93,17.0,8.0,363.52,2024-01-26
mkt_002466,0,1522.44,52.0,13.15,9.0,1.0,460.8,2024-01-05
mkt_007657,1,101.01,13.0,15.56,6.0,9.0,317.63,2024-01-19
mkt_001913,0,1509.72,1674.0,12.59,13.0,6.0,573.17,2024-01-15
mkt_002736,0,209.83,112.0,4.95,13.0,0.0,329.21,2024-01-06
mkt_000726,0,184.6,229.0,14.39,12.0,3.0,2041.27,2024-01-21
mkt_007214,1,483.18,214.0,7.33,12.0,0.0,1226.42,2024-01-05
mkt_008245,1,29.59,108.0,44.79,13.0,0.0,103.39,2024-01-30
mkt_001796,0,226.58,58.0,15.87,18.0,0.0,253.21,2024-01-15
mkt_003845,0,101.1,99.0,37.13,8.0,9.0,217.49,2024-01-26
mkt_006402,1,164.57,278.0,70.47,8.0,1.0,81.69,2024-01-30
mkt_000936,0,707.5,83.0,9.16,14.0,4.0,406.5,2024-01-16
mkt_002265,0,328.17,65.0,8.92,12.0,5.0,281.7,2024-01-30
mkt_000824,0,270.01,20.0,14.02,8.0,6.0,106.91,2024-01-12
mkt_007274,1,547.11,100.0,38.65,9.0,1.0,124.64,2024-01-04
mkt_001389,0,163.84,46.0,48.36,9.0,9.0,110.58,2024-01-03
mkt_003564,0,349.26,86.0,41.37,15.0,1.0,31.14,2024-01-25
mkt_005429,1,586.22,36.0,13.12,9.0,4.0,55.81,2024-01-08
mkt_007827,1,123.89,45.0,17.12,7.0,5.0,476.09,2024-01-12
mkt_005690,1,481.82,140.0,9.58,8.0,1.0,247.49,2024-01-21
mkt_007878,1,704.22,356.0,7.24,12.0,1.0,630.19,2024-01-06
mkt_001868,0,72.63,37.0,22.33,12.0,0.0,86.07,2024-01-20
mkt_008202,1,586.34,934.0,3.47,11.0,8.0,1236.69,2024-01-14
mkt_007486,1,2083.04,151.0,17.21,16.0,0.0,490.12,2024-01-26
mkt_000806,0,295.55,79.0,6.75,6.0,4.0,125.81,2024-01-01
mkt_004805,1,150.37,166.0,12.78,20.0,6.0,407.47,2024-01-26
mkt_009152,1,555.68,19.0,20.78,22.0,7.0,440.78,2024-01-04
mkt_007511,1,339.96,571.0,27.06,12.0,4.0,218.31,2024-01-22
mkt_008056,1,492.75,91.0,4.34,10.0,2.0,232.68,2024-01-06
mkt_004494,0,41.8,46.0,41.97,18.0,1.0,204.69,2024-01-01
mkt_002632,0,106.89,320.0,98.05,7.0,0.0,815.8,2024-01-28
mkt_008900,1,864.15,314.0,13.6,7.0,3.0,979.59,2024-01-23
mkt_008623,1,207.82,72.0,10.23,10.0,6.0,421.02,2024-01-17
mkt_007832,1,532.29,151.0,33.29,12.0,6.0,88.65,2024-01-08
mkt_004388,0,265.23,54.0,130.54,12.0,1.0,109.76,2024-01-29
mkt_000145,0,355.9,187.0,13.71,13.0,6.0,375.21,2024-01-22
mkt_006467,1,299.26,141.0,12.23,14.0,0.0,184.75,2024-01-03
mkt_002033,0,220.68,62.0,23.8,8.0,6.0,130.9,2024-01-27
mkt_009127,1,162.89,469.0,25.36,13.0,0.0,299.94,2024-01-23
mkt_001165,0,247.78,623.0,20.45,7.0,7.0,223.78,2024-01-19
mkt_002050,0,307.06,111.0,27.32,11.0,6.0,74.02,2024-01-11
mkt_003760,0,2402.12,183.0,18.88,12.0,3.0,1512.02,2024-01-18
mkt_004435,0,85.38,34.0,69.21,17.0,7.0,372.83,2024-01-06
mkt_003430,0,146.8,583.0,47.44,8.0,7.0,779.19,2024-01-05
mkt_008190,1,84.14,60.0,69.56,8.0,2.0,489.71,2024-01-17
mkt_008753,1,124.73,126.0,6.49,10.0,0.0,98.7,2024-01-18
mkt_007069,1,240.26,277.0,7.44,17.0,5.0,417.37,2024-01-03
mkt_004361,0,208.68,91.0,18.08,10.0,6.0,92.72,2024-01-20
mkt_001771,0,1042.28,434.0,5.3,9.0,9.0,292.17,2024-01-10
mkt_003511,0,5903.46,348.0,42.84,8.0,3.0,77.62,2024-01-07
mkt_000271,0,363.56,391.0,6.58,13.0,0.0,151.18,2024-01-05
mkt_008436,1,919.44,18.0,67.39,10.0,9.0,340.71,2024-01-24
mkt_002032,0,417.01,524.0,17.51,6.0,5.0,94.13,2024-01-28
mkt_009664,1,1263.17,68.0,3.69,12.0,1.0,197.89,2024-01-26
mkt_003810,0,189.43,14.0,33.94,18.0,5.0,292.93,2024-01-11
mkt_004346,0,404.12,30.0,6.93,17.0,9.0,91.8,2024-01-02
mkt_000545,0,240.3,137.0,15.12,12.0,8.0,202.94,2024-01-09
mkt_003241,0,235.47,92.0,23.77,18.0,9.0,244.81,2024-01-09
mkt_008502,1,286.8,2190.0,10.22,6.0,5.0,390.43,2024-01-30
mkt_009918,1,1273.08,93.0,5.37,16.0,0.0,289.59,2024-01-06
mkt_007564,1,1491.67,270.0,64.95,14.0,9.0,322.77,2024-01-01
mkt_000920,0,113.36,125.0,12.64,13.0,1.0,162.76,2024-01-25
mkt_009118,1,368.66,46.0,34.0,9.0,1.0,187.89,2024-01-12
mkt_006640,1,261.16,644.0,27.69,11.0,1.0,417.74,2024-01-21
mkt_007694,1,427.67,114.0,151.17,16.0,1.0,190.96,2024-01-15
mkt_008230,1,136.58,285.0,1.0,11.0,8.0,1308.26,2024-01-06
mkt_007126,1,647.06,45.0,27.31,13.0,3.0,84.07,2024-01-15
mkt_004278,0,107.66,201.0,25.04,8.0,4.0,624.89,2024-01-02
mkt_002983,0,226.14,38.0,8.37,14.0,6.0,30.02,2024-01-23
mkt_000130,0,374.7,112.0,22.92,9.0,5.0,127.03,2024-01-15
mkt_007980,1,158.89,19.0,11.83,9.0,5.0,114.07,2024-01-26
mkt_002667,0,641.86,111.0,23.48,21.0,7.0,121.9,2024-01-14
mkt_007138,1,75.11,62.0,20.5,17.0,0.0,214.31,2024-01-11
mkt_003223,0,1909.68,63.0,9.32,9.0,4.0,215.9,2024-01-27
mkt_007693,1,409.8,67.0,13.36,12.0,1.0,286.74,2024-01-19
mkt_005392,1,392.52,14.0,7.64,11.0,2.0,189.47,2024-01-22
mkt_000614,0,883.71,346.0,5.05,15.0,7.0,376.94,2024-01-30
mkt_009902,1,672.29,68.0,14.3,14.0,1.0,870.02,2024-01-08
mkt_001466,0,85.92,116.0,83.34,10.0,1.0,558.63,2024-01-23
mkt_004497,0,240.4,44.0,15.5,8.0,8.0,146.63,2024-01-12
mkt_003042,0,1145.63,164.0,2.0,8.0,2.0,101.2,2024-01-16
mkt_002419,0,5799.39,56.0,196.79,6.0,6.0,95.09,2024-01-07
mkt_005085,1,197.59,152.0,10.37,10.0,2.0,333.54,2024-01-21
mkt_003294,0,420.02,272.0,67.37,6.0,3.0,252.93,2024-01-24
mkt_006737,1,329.04,43.0,14.65,14.0,0.0,72.65,2024-01-25
mkt_001500,0,296.33,11.0,63.45,17.0,8.0,558.85,2024-01-04
mkt_001521,0,753.93,134.0,20.79,13.0,3.0,129.93,2024-01-11
mkt_009117,1,438.36,88.0,49.15,14.0,5.0,983.69,2024-01-24
mkt_004232,0,480.0,13.0,13.65,19.0,0.0,74.85,2024-01-03
mkt_007686,1,685.76,254.0,10.8,14.0,2.0,155.48,2024-01-01
mkt_004430,0,156.77,744.0,21.7,14.0,6.0,459.19,2024-01-05
mkt_000390,0,341.19,38.0,21.14,16.0,3.0,124.63,2024-01-13
mkt_009858,1,268.66,79.0,17.09,7.0,4.0,109.29,2024-01-10
mkt_007124,1,115.25,51.0,38.47,11.0,9.0,280.86,2024-01-29
mkt_005913,1,1085.57,181.0,37.31,18.0,3.0,190.32,2024-01-08
mkt_008592,1,498.01,61.0,9.49,9.0,7.0,226.49,2024-01-03
mkt_004806,1,3793.89,804.0,78.71,5.0,5.0,118.88,2024-01-01
mkt_008954,1,2266.09,922.0,14.83,17.0,6.0,246.97,2024-01-18
mkt_008238,1,237.24,180.0,51.83,7.0,4.0,80.97,2024-01-30
mkt_008044,1,181.61,324.0,4.86,9.0,0.0,190.85,2024-01-16
mkt_009782,1,389.47,297.0,12.63,7.0,0.0,148.22,2024-01-16
mkt_003993,0,668.27,232.0,8.96,7.0,3.0,196.6,2024-01-25
mkt_009551,1,225.82,170.0,1.8,11.0,3.0,378.16,2024-01-03
mkt_006609,1,119.42,20.0,8.77,10.0,3.0,210.11,2024-01-28
mkt_005319,1,897.34,320.0,6.57,12.0,3.0,156.5,2024-01-16
mkt_007119,1,249.75,33.0,31.01,8.0,5.0,52.82,2024-01-25
mkt_002421,0,99.02,73.0,2.95,10.0,3.0,260.29,2024-01-03
mkt_005604,1,98.77,4.0,110.75,11.0,5.0,159.25,2024-01-09
mkt_001750,0,241.28,16.0,60.09,9.0,4.0,32.91,2024-01-10
mkt_009015,1,107.1,9.0,16.65,16.0,9.0,83.53,2024-01-15
mkt_009718,1,172.79,362.0,40.08,7.0,1.0,494.84,2024-01-17
mkt_000338,0,102.91,4.0,36.36,9.0,0.0,51.27,2024-01-06
mkt_008407,1,692.52,914.0,22.72,15.0,8.0,72.72,2024-01-02
mkt_001341,0,132.68,89.0,6.51,12.0,3.0,193.63,2024-01-16
mkt_009544,1,379.87,55.0,11.94,13.0,8.0,677.41,2024-01-08
mkt_007982,1,258.88,3.0,18.59,12.0,1.0,102.71,2024-01-30
mkt_003640,0,1918.22,505.0,8.84,11.0,0.0,137.26,2024-01-26
mkt_000329,0,126.33,29.0,6.62,7.0,6.0,65.56,2024-01-28
mkt_008828,1,246.22,46.0,36.64,12.0,0.0,83.42,2024-01-25
mkt_003004,0,443.36,16.0,53.47,15.0,4.0,305.88,2024-01-23
mkt_006960,1,233.19,31.0,4.99,14.0,1.0,139.0,2024-01-04
mkt_004090,0,3218.69,1269.0,23.91,20.0,0.0,468.94,2024-01-03
mkt_002322,0,1618.36,70.0,13.72,13.0,6.0,425.5,2024-01-07
mkt_006667,1,310.02,123.0,15.91,7.0,2.0,154.79,2024-01-04
mkt_007009,1,1466.45,162.0,16.91,20.0,3.0,543.99,2024-01-27
mkt_004197,0,175.75,139.0,408.07,11.0,9.0,209.41,2024-01-30
mkt_003549,0,270.83,70.0,5.77,8.0,3.0,113.6,2024-01-29
mkt_008363,1,425.2,240.0,32.6,9.0,7.0,797.54,2024-01-08
mkt_004203,0,1803.54,41.0,20.14,9.0,1.0,141.46,2024-01-24
mkt_009310,1,479.38,616.0,35.2,10.0,7.0,782.48,2024-01-02
mkt_008936,1,130.52,106.0,52.23,16.0,0.0,843.28,2024-01-26
mkt_006185,1,101.17,148.0,12.11,11.0,3.0,86.74,2024-01-13
mkt_001639,0,143.88,76.0,19.96,14.0,1.0,135.45,2024-01-07
mkt_000060,0,492.11,18.0,7.05,17.0,5.0,207.8,2024-01-19
mkt_001240,0,665.7,73.0,117.87,13.0,2.0,95.14,2024-01-17
mkt_005760,1,466.65,187.0,19.87,16.0,5.0,185.15,2024-01-12
mkt_005136,1,83.12,226.0,19.71,10.0,0.0,99.4,2024-01-18
mkt_002343,0,509.95,405.0,22.87,9.0,6.0,554.2,2024-01-20
mkt_002120,0,656.96,124.0,6.69,9.0,2.0,313.01,2024-01-11
mkt_001524,0,296.68,113.0,1.0,7.0,1.0,237.51,2024-01-16
mkt_007617,1,352.44,363.0,29.78,9.0,1.0,601.63,2024-01-24
mkt_000153,0,1306.93,463.0,52.45,30.0,2.0,983.2,2024-01-19
mkt_000481,0,90.94,20.0,24.87,11.0,4.0,79.67,2024-01-07
mkt_006122,1,22.63,128.0,49.25,9.0,1.0,103.35,2024-01-17
mkt_007674,1,1003.39,76.0,4.45,12.0,9.0,598.62,2024-01-17
mkt_007101,1,146.61,37.0,21.69,14.0,0.0,141.37,2024-01-07
mkt_001762,0,575.07,30.0,33.61,7.0,1.0,330.7,2024-01-09
mkt_007715,1,253.98,648.0,4.75,10.0,9.0,237.18,2024-01-11
mkt_009081,1,269.79,86.0,14.5,4.0,7.0,89.81,2024-01-28
mkt_007479,1,761.07,44.0,36.93,12.0,8.0,165.7,2024-01-10
mkt_006212,1,68.22,26.0,2.68,11.0,9.0,304.28,2024-01-22
mkt_004853,1,762.5,194.0,11.85,9.0,8.0,176.69,2024-01-22
mkt_002711,0,34.85,138.0,78.41,16.0,9.0,226.98,2024-01-28
mkt_006766,1,281.1,33.0,5.19,12.0,0.0,126.02,2024-01-16
mkt_004150,0,208.51,76.0,36.91,13.0,1.0,875.89,2024-01-11
mkt_001333,0,291.34,229.0,11.66,11.0,7.0,143.85,2024-01-25
mkt_008378,1,461.96,93.0,12.68,9.0,0.0,449.57,2024-01-02
mkt_009389,1,265.06,1327.0,48.23,18.0,1.0,295.43,2024-01-05
mkt_009707,1,719.57,1179.0,16.77,15.0,7.0,883.48,2024-01-09
mkt_009121,1,55.33,93.0,7.39,12.0,1.0,93.08,2024-01-18
mkt_003850,0,624.43,167.0,33.09,15.0,5.0,196.35,2024-01-15
mkt_008340,1,345.6,308.0,10.6,8.0,5.0,1136.59,2024-01-08
mkt_004124,0,166.02,48.0,5.0,15.0,9.0,84.43,2024-01-07
mkt_008963,1,106.05,15.0,12.91,8.0,9.0,95.13,2024-01-10
mkt_004788,1,108.05,60.0,57.45,4.0,6.0,24.11,2024-01-11
mkt_002866,0,191.57,338.0,7.31,13.0,6.0,213.95,2024-01-22
mkt_001386,0,294.91,452.0,17.96,16.0,9.0,133.91,2024-01-15
mkt_005941,1,124.96,75.0,25.53,10.0,7.0,226.23,2024-01-15
mkt_003067,0,492.09,89.0,68.95,12.0,5.0,263.04,2024-01-15
mkt_009058,1,943.37,121.0,15.46,6.0,6.0,149.52,2024-01-13
mkt_003629,0,472.35,121.0,14.78,7.0,4.0,73.12,2024-01-17
mkt_009455,1,60.16,56.0,10.15,18.0,7.0,312.64,2024-01-16
mkt_008949,1,374.63,8.0,17.02,11.0,3.0,292.21,2024-01-28
mkt_003028,0,206.41,57.0,15.93,21.0,6.0,127.53,2024-01-27
mkt_002969,0,467.66,52.0,22.85,20.0,4.0,90.41,2024-01-10
mkt_008646,1,36.69,15.0,38.19,18.0,0.0,123.31,2024-01-10
mkt_006136,1,453.47,109.0,66.7,10.0,5.0,343.71,2024-01-04
mkt_008801,1,200.12,26.0,49.78,8.0,5.0,409.51,2024-01-16
mkt_004263,0,118.05,352.0,9.51,13.0,8.0,791.08,2024-01-10
mkt_000645,0,370.13,185.0,11.45,15.0,5.0,155.99,2024-01-18
mkt_009653,1,546.47,28.0,16.11,19.0,7.0,73.66,2024-01-09
mkt_002074,0,55.52,53.0,31.38,11.0,2.0,296.32,2024-01-18
mkt_000341,0,146.84,285.0,47.88,10.0,8.0,2771.02,2024-01-17
mkt_008041,1,384.56,55.0,48.39,15.0,7.0,107.67,2024-01-03
mkt_001622,0,1087.13,28.0,15.71,8.0,7.0,33.81,2024-01-11
mkt_007141,1,356.75,88.0,8.83,16.0,1.0,295.23,2024-01-29
mkt_005796,1,348.94,16.0,6.01,15.0,9.0,162.69,2024-01-27
mkt_007184,1,518.2,85.0,9.25,10.0,8.0,734.48,2024-01-23
mkt_008232,1,513.18,49.0,15.11,9.0,5.0,281.87,2024-01-25
mkt_005475,1,491.53,28.0,10.08,14.0,9.0,569.15,2024-01-23
mkt_009252,1,51.3,12.0,11.8,7.0,7.0,84.07,2024-01-13
mkt_000074,0,421.25,92.0,10.93,19.0,9.0,350.44,2024-01-28
mkt_008633,1,359.91,393.0,44.71,15.0,0.0,912.67,2024-01-27
mkt_009229,1,193.22,43.0,82.27,9.0,7.0,448.2,2024-01-05
mkt_002051,0,314.21,67.0,14.6,13.0,2.0,989.77,2024-01-26
mkt_002541,0,189.17,174.0,12.44,7.0,6.0,646.97,2024-01-07
mkt_001301,0,335.21,180.0,6.38,18.0,4.0,387.9,2024-01-21
mkt_005877,1,182.84,43.0,37.69,13.0,7.0,71.16,2024-01-01
mkt_007368,1,165.0,98.0,8.18,9.0,4.0,737.39,2024-01-03
mkt_001304,0,93.83,98.0,12.54,5.0,5.0,526.19,2024-01-11
mkt_008428,1,87.11,345.0,28.31,13.0,6.0,775.87,2024-01-09
mkt_009094,1,465.0,342.0,4.76,11.0,1.0,786.93,2024-01-13
mkt_002599,0,289.0,343.0,12.58,19.0,4.0,691.08,2024-01-23
mkt_002573,0,589.22,81.0,1.43,9.0,6.0,167.04,2024-01-11
mkt_003186,0,169.2,20.0,38.74,5.0,6.0,162.24,2024-01-10
mkt_002768,0,208.53,174.0,33.38,15.0,7.0,296.54,2024-01-27
mkt_004831,1,71.49,133.0,9.38,13.0,3.0,923.93,2024-01-24
mkt_004223,0,770.0,18.0,50.56,9.0,1.0,141.94,2024-01-26
mkt_009649,1,271.47,342.0,6.99,15.0,8.0,189.52,2024-01-19
mkt_002106,0,84.82,732.0,119.06,19.0,0.0,552.99,2024-01-16
mkt_002679,0,457.16,123.0,11.86,20.0,0.0,337.64,2024-01-29
mkt_001387,0,182.62,22.0,14.24,11.0,6.0,129.86,2024-01-23
mkt_008931,1,603.37,44.0,8.36,9.0,6.0,84.46,2024-01-11
mkt_009659,1,161.95,90.0,5.86,7.0,4.0,367.86,2024-01-30
mkt_007083,1,22.27,88.0,6.22,11.0,2.0,309.22,2024-01-28
mkt_001279,0,97.67,22.0,79.77,13.0,1.0,75.67,2024-01-10
mkt_000804,0,52.83,39.0,216.22,7.0,8.0,63.66,2024-01-07
mkt_001555,0,2274.42,445.0,60.77,8.0,6.0,173.47,2024-01-22
mkt_009486,1,224.95,343.0,2.66,10.0,5.0,238.65,2024-01-18
mkt_004566,1,677.89,2190.0,41.88,9.0,6.0,125.51,2024-01-25
mkt_009669,1,787.33,21.0,11.67,7.0,2.0,703.43,2024-01-28
mkt_004841,1,190.36,118.0,96.7,13.0,2.0,686.64,2024-01-14
mkt_003594,0,262.87,41.0,6.57,15.0,0.0,146.67,2024-01-28
mkt_006035,1,729.33,44.0,73.04,12.0,2.0,119.51,2024-01-17
mkt_006852,1,312.21,97.0,121.37,20.0,7.0,185.09,2024-01-17
mkt_008705,1,289.76,226.0,94.38,13.0,0.0,649.54,2024-01-29
mkt_004177,0,455.18,63.0,10.21,14.0,0.0,962.89,2024-01-19
mkt_001308,0,372.09,47.0,13.64,4.0,0.0,53.65,2024-01-17
mkt_003452,0,48.25,27.0,15.56,6.0,9.0,81.76,2024-01-14
mkt_003695,0,325.24,61.0,26.07,11.0,0.0,199.12,2024-01-06
mkt_004242,0,212.02,184.0,108.29,13.0,1.0,1244.42,2024-01-05
mkt_002198,0,95.46,62.0,29.47,19.0,8.0,448.29,2024-01-22
mkt_004425,0,1607.18,427.0,39.35,14.0,6.0,1475.64,2024-01-18
mkt_006150,1,265.66,310.0,73.72,14.0,7.0,108.05,2024-01-07
mkt_000943,0,825.25,308.0,24.24,12.0,2.0,268.95,2024-01-25
mkt_000822,0,560.88,113.0,88.16,12.0,3.0,252.55,2024-01-22
mkt_005005,1,333.24,38.0,29.15,13.0,3.0,152.6,2024-01-08
mkt_006612,1,49.43,4.0,15.4,15.0,2.0,222.99,2024-01-05
mkt_008356,1,262.54,552.0,16.43,12.0,3.0,760.18,2024-01-23
mkt_005619,1,35.69,54.0,153.4,10.0,3.0,189.94,2024-01-14
mkt_004547,1,165.14,56.0,22.93,11.0,9.0,252.46,2024-01-13
mkt_002538,0,188.32,69.0,35.1,9.0,2.0,232.94,2024-01-19
mkt_005207,1,601.11,12.0,82.25,9.0,7.0,118.09,2024-01-28
mkt_009514,1,106.64,19.0,45.27,12.0,8.0,139.79,2024-01-22
mkt_009009,1,724.85,121.0,162.57,13.0,5.0,304.8,2024-01-21
mkt_003054,0,464.34,115.0,12.66,11.0,8.0,338.23,2024-01-03
mkt_003675,0,1379.99,316.0,50.48,13.0,2.0,206.97,2024-01-20
mkt_007776,1,160.86,22.0,73.21,10.0,6.0,462.93,2024-01-24
mkt_007218,1,147.5,21.0,11.27,10.0,6.0,143.29,2024-01-09
mkt_006722,1,1036.94,456.0,19.14,12.0,2.0,171.1,2024-01-01
mkt_003300,0,243.52,203.0,5.37,17.0,8.0,475.54,2024-01-13
mkt_003310,0,344.43,215.0,19.7,14.0,6.0,356.67,2024-01-05
mkt_007221,1,222.71,148.0,5.53,9.0,9.0,426.25,2024-01-27
mkt_008519,1,144.66,43.0,24.83,9.0,3.0,47.79,2024-01-02
mkt_005954,1,227.0,28.0,16.61,15.0,5.0,131.76,2024-01-30
mkt_000832,0,99.4,200.0,2.0,10.0,4.0,227.37,2024-01-10
mkt_003462,0,143.14,22.0,16.81,15.0,1.0,84.59,2024-01-04
mkt_007643,1,129.8,220.0,31.42,12.0,5.0,234.87,2024-01-01
mkt_000054,0,1368.6,913.0,15.69,11.0,4.0,1610.3,2024-01-03
mkt_003451,0,750.93,86.0,13.56,11.0,9.0,465.64,2024-01-09
mkt_006305,1,1046.3,201.0,20.97,16.0,0.0,557.07,2024-01-01
mkt_001481,0,89.98,82.0,3.44,16.0,6.0,187.78,2024-01-27
mkt_004873,1,440.96,75.0,2.2,12.0,8.0,277.61,2024-01-30
mkt_008038,1,79.41,84.0,12.94,15.0,5.0,413.25,2024-01-03
mkt_003335,0,668.06,59.0,18.99,12.0,1.0,71.51,2024-01-04
mkt_006016,1,337.87,165.0,10.09,9.0,7.0,240.87,2024-01-17
mkt_004926,1,204.49,159.0,11.99,10.0,6.0,310.26,2024-01-18
mkt_005797,1,568.93,378.0,25.08,14.0,8.0,425.03,2024-01-08
mkt_009831,1,149.4,34.0,11.32,16.0,6.0,62.23,2024-01-08
mkt_005083,1,208.4,106.0,2.71,10.0,2.0,180.79,2024-01-24
mkt_006645,1,344.82,62.0,15.71,8.0,2.0,71.53,2024-01-23
mkt_005490,1,442.77,288.0,10.77,13.0,3.0,86.82,2024-01-29
mkt_000768,0,304.78,255.0,24.49,11.0,7.0,79.9,2024-01-09
mkt_002065,0,549.21,91.0,13.16,14.0,7.0,231.86,2024-01-17
mkt_009500,1,849.12,94.0,3.68,9.0,7.0,518.33,2024-01-04
mkt_007311,1,283.12,1864.0,33.12,9.0,7.0,357.82,2024-01-09
mkt_008477,1,471.72,225.0,22.01,9.0,7.0,110.26,2024-01-10
mkt_004524,1,960.1,351.0,50.96,12.0,0.0,309.35,2024-01-05
mkt_002717,0,141.7,87.0,8.89,15.0,8.0,221.19,2024-01-01
mkt_002079,0,354.88,83.0,36.57,15.0,0.0,868.25,2024-01-30
mkt_008914,1,160.06,57.0,6.75,12.0,8.0,193.02,2024-01-02
mkt_000951,0,219.15,361.0,17.21,9.0,6.0,5139.36,2024-01-12
mkt_008058,1,526.77,716.0,12.5,15.0,1.0,756.48,2024-01-01
mkt_002482,0,991.58,815.0,40.46,12.0,8.0,335.4,2024-01-24
mkt_001759,0,243.97,214.0,4.58,14.0,8.0,2023.81,2024-01-06
mkt_004422,0,408.54,31.0,7.08,9.0,3.0,233.99,2024-01-22
mkt_006704,1,437.46,45.0,13.13,12.0,5.0,77.71,2024-01-20
mkt_005182,1,70.06,265.0,25.21,11.0,5.0,307.33,2024-01-26
mkt_008533,1,69.96,375.0,29.55,9.0,9.0,261.67,2024-01-14
mkt_003701,0,465.74,198.0,8.88,9.0,3.0,276.32,2024-01-10
mkt_004243,0,435.48,122.0,12.58,12.0,0.0,314.22,2024-01-29
mkt_000688,0,203.24,37.0,20.72,20.0,2.0,180.7,2024-01-20
mkt_003432,0,412.26,142.0,32.93,10.0,4.0,103.99,2024-01-20
mkt_004944,1,152.42,190.0,10.52,16.0,1.0,363.81,2024-01-05
mkt_000966,0,386.5,101.0,4.65,17.0,7.0,481.51,2024-01-13
mkt_009484,1,1008.72,135.0,19.67,13.0,4.0,273.75,2024-01-25
mkt_002713,0,321.02,113.0,10.78,6.0,5.0,161.2,2024-01-18
mkt_004757,1,725.45,58.0,38.46,17.0,2.0,77.55,2024-01-26
mkt_009545,1,349.83,237.0,9.81,12.0,4.0,822.9,2024-01-26
mkt_006320,1,1441.94,469.0,34.04,14.0,7.0,818.22,2024-01-27
mkt_005975,1,119.36,26.0,13.9,14.0,4.0,315.31,2024-01-25
mkt_003572,0,181.72,30.0,34.64,9.0,4.0,127.0,2024-01-24
mkt_005299,1,343.66,154.0,29.88,10.0,1.0,361.16,2024-01-15
mkt_001990,0,233.43,30.0,4.9,10.0,0.0,159.71,2024-01-10
mkt_001205,0,191.55,1279.0,25.59,11.0,6.0,934.34,2024-01-25
mkt_004971,1,1210.33,61.0,75.31,15.0,2.0,238.5,2024-01-29
mkt_006783,1,3509.78,154.0,46.27,20.0,9.0,433.8,2024-01-19
mkt_003600,0,73.74,87.0,14.34,18.0,7.0,262.87,2024-01-01
mkt_006490,1,163.67,120.0,14.08,10.0,0.0,134.51,2024-01-29
mkt_008609,1,995.2,72.0,69.71,10.0,0.0,313.09,2024-01-09
mkt_009978,1,188.73,50.0,22.6,13.0,9.0,71.72,2024-01-06
mkt_008070,1,184.83,22.0,13.04,15.0,3.0,164.09,2024-01-16
mkt_008577,1,491.3,288.0,13.15,13.0,7.0,62.6,2024-01-12
mkt_007973,1,144.46,93.0,10.6,20.0,8.0,910.83,2024-01-02
mkt_001625,0,299.15,351.0,3.53,11.0,3.0,517.78,2024-01-21
mkt_000536,0,492.02,35.0,78.8,10.0,0.0,350.08,2024-01-30
mkt_008766,1,181.95,430.0,10.29,12.0,9.0,117.24,2024-01-11
mkt_007970,1,332.3,14.0,2.27,9.0,6.0,40.16,2024-01-24
mkt_004212,0,112.29,60.0,16.44,10.0,8.0,123.98,2024-01-01
mkt_006456,1,53.45,2.0,16.57,9.0,5.0,37.59,2024-01-17
mkt_003507,0,213.57,13.0,8.9,7.0,2.0,192.54,2024-01-28
mkt_008393,1,199.64,64.0,35.2,17.0,8.0,217.61,2024-01-15
mkt_007112,1,257.17,122.0,46.67,12.0,7.0,557.69,2024-01-11
mkt_002708,0,693.79,31.0,36.38,6.0,2.0,178.61,2024-01-15
mkt_005031,1,1220.69,679.0,67.12,8.0,7.0,964.33,2024-01-17
mkt_006514,1,663.25,98.0,43.87,16.0,6.0,216.04,2024-01-21
mkt_004662,1,124.01,115.0,88.1,13.0,1.0,49.97,2024-01-27
mkt_004021,0,179.53,17.0,4.93,9.0,0.0,101.21,2024-01-16
mkt_001854,0,859.2,229.0,85.79,15.0,7.0,986.09,2024-01-28
mkt_009425,1,582.64,129.0,6.97,10.0,8.0,209.75,2024-01-14
mkt_002872,0,639.83,259.0,18.12,8.0,7.0,361.89,2024-01-22
mkt_003030,0,240.88,406.0,20.64,4.0,1.0,357.88,2024-01-30
mkt_001645,0,213.12,30.0,23.88,14.0,8.0,231.16,2024-01-20
mkt_003417,0,194.97,41.0,6.16,11.0,5.0,569.26,2024-01-15
mkt_003476,0,595.17,176.0,34.47,13.0,2.0,322.12,2024-01-04
mkt_009552,1,522.6,94.0,18.68,7.0,7.0,190.08,2024-01-14
mkt_001792,0,298.22,76.0,10.73,14.0,6.0,321.0,2024-01-24
mkt_003797,0,747.01,98.0,24.47,12.0,8.0,118.92,2024-01-12
mkt_003368,0,106.95,29.0,16.16,9.0,8.0,82.71,2024-01-24
mkt_007196,1,78.6,67.0,25.92,19.0,9.0,164.25,2024-01-22
mkt_009641,1,463.46,230.0,18.22,13.0,4.0,1048.08,2024-01-18
mkt_005109,1,839.5,133.0,16.56,7.0,4.0,68.52,2024-01-02
mkt_006024,1,1793.08,73.0,3.45,4.0,7.0,282.88,2024-01-22
mkt_008795,1,245.18,38.0,17.5,14.0,9.0,114.44,2024-01-08
mkt_009294,1,613.65,57.0,16.55,11.0,2.0,181.54,2024-01-20
mkt_000126,0,276.72,158.0,8.06,12.0,5.0,436.89,2024-01-15
mkt_005959,1,167.35,32.0,13.51,8.0,9.0,64.39,2024-01-17
mkt_003876,0,153.97,119.0,31.7,13.0,0.0,670.29,2024-01-15
mkt_004451,0,86.82,439.0,11.23,17.0,4.0,514.86,2024-01-29
mkt_007147,1,403.15,500.0,47.59,17.0,6.0,433.53,2024-01-03
mkt_003531,0,143.9,98.0,79.27,17.0,5.0,98.39,2024-01-23
mkt_000827,0,216.43,157.0,19.43,14.0,9.0,129.1,2024-01-11
mkt_007790,1,267.36,123.0,33.55,10.0,6.0,128.64,2024-01-17
mkt_000984,0,292.95,118.0,72.66,10.0,0.0,191.79,2024-01-04
mkt_007783,1,448.44,505.0,16.42,11.0,1.0,168.95,2024-01-09
mkt_002443,0,355.1,56.0,25.62,7.0,5.0,378.06,2024-01-02
mkt_008554,1,114.38,12.0,11.6,16.0,0.0,277.38,2024-01-08
mkt_000345,0,357.19,72.0,25.34,16.0,2.0,181.83,2024-01-04
mkt_000814,0,490.03,107.0,36.43,19.0,4.0,141.28,2024-01-25
mkt_006166,1,293.08,44.0,39.42,8.0,9.0,723.23,2024-01-27
mkt_005779,1,228.9,6.0,136.33,9.0,9.0,269.1,2024-01-16
mkt_002116,0,274.54,428.0,10.73,15.0,7.0,220.83,2024-01-07
mkt_000793,0,77.16,24.0,21.58,12.0,7.0,163.61,2024-01-17
mkt_006898,1,384.39,2181.0,8.06,10.0,0.0,86.47,2024-01-06
mkt_002674,0,286.6,1451.0,43.19,23.0,6.0,402.93,2024-01-01
mkt_000094,0,165.85,20.0,30.7,14.0,1.0,124.83,2024-01-28
mkt_004225,0,1116.79,224.0,13.65,9.0,6.0,478.67,2024-01-05
mkt_003756,0,2137.71,10.0,15.68,11.0,9.0,68.48,2024-01-02
mkt_002891,0,245.89,94.0,70.59,7.0,0.0,75.43,2024-01-11
mkt_002371,0,521.64,171.0,16.96,16.0,7.0,93.94,2024-01-23
mkt_009388,1,136.6,24.0,7.98,14.0,4.0,76.86,2024-01-01
mkt_003228,0,259.34,247.0,66.27,16.0,1.0,318.4,2024-01-09
mkt_007863,1,56.35,249.0,6.34,9.0,2.0,373.16,2024-01-20
mkt_006359,1,217.45,33.0,18.14,17.0,1.0,44.39,2024-01-04
mkt_009196,1,889.1,19.0,29.27,16.0,1.0,82.08,2024-01-16
mkt_007326,1,216.54,121.0,57.45,9.0,9.0,173.25,2024-01-07
mkt_006028,1,86.78,15.0,34.72,13.0,7.0,73.08,2024-01-17
mkt_001865,0,925.4,109.0,77.5,8.0,6.0,116.89,2024-01-12
mkt_004612,1,441.88,222.0,62.03,10.0,9.0,105.82,2024-01-29
mkt_002645,0,797.55,212.0,29.26,12.0,3.0,278.79,2024-01-01
mkt_002243,0,202.01,51.0,29.01,11.0,4.0,123.06,2024-01-26
mkt_005373,1,180.78,226.0,7.08,17.0,1.0,195.31,2024-01-29
mkt_002336,0,570.11,54.0,20.36,16.0,6.0,93.75,2024-01-02
mkt_000950,0,55.49,232.0,30.79,12.0,7.0,315.79,2024-01-10
mkt_001120,0,306.4,312.0,184.58,13.0,9.0,942.05,2024-01-04
mkt_002204,0,231.83,197.0,18.46,11.0,2.0,650.63,2024-01-11
mkt_000419,0,86.3,39.0,20.53,9.0,7.0,348.18,2024-01-04
mkt_000922,0,41.95,17.0,49.46,10.0,9.0,116.85,2024-01-03
mkt_008669,1,1016.47,946.0,30.45,13.0,8.0,556.79,2024-01-07
mkt_005408,1,316.09,103.0,19.91,12.0,8.0,259.52,2024-01-01
mkt_005788,1,224.09,108.0,15.55,13.0,4.0,322.26,2024-01-10
mkt_005742,1,776.92,33.0,68.82,11.0,4.0,59.58,2024-01-06
mkt_007667,1,269.86,255.0,66.38,11.0,9.0,173.44,2024-01-26
mkt_005567,1,1480.32,727.0,52.25,11.0,3.0,400.69,2024-01-17
mkt_008135,1,205.18,168.0,12.77,10.0,9.0,47.21,2024-01-16
mkt_001202,0,1452.93,11.0,18.11,13.0,8.0,23.9,2024-01-10
mkt_005765,1,355.99,380.0,33.51,9.0,3.0,170.48,2024-01-13
mkt_008389,1,239.36,85.0,11.54,12.0,0.0,205.45,2024-01-04
mkt_001970,0,83.65,14.0,29.26,14.0,3.0,34.38,2024-01-05
mkt_004018,0,130.5,11.0,3.0,15.0,0.0,154.67,2024-01-10
mkt_003687,0,374.09,72.0,53.78,13.0,5.0,189.47,2024-01-08
mkt_001997,0,641.29,45.0,15.37,10.0,4.0,96.37,2024-01-11
mkt_004033,0,45.28,34.0,60.91,12.0,0.0,120.52,2024-01-21
mkt_001248,0,233.27,204.0,11.91,18.0,4.0,119.89,2024-01-26
mkt_002192,0,85.27,48.0,11.51,7.0,2.0,169.38,2024-01-29
mkt_002712,0,213.41,38.0,91.37,17.0,0.0,50.84,2024-01-27
mkt_002190,0,194.66,121.0,101.97,16.0,4.0,229.01,2024-01-19
mkt_004670,1,601.34,256.0,11.08,15.0,6.0,205.84,2024-01-23
mkt_005142,1,114.37,358.0,13.71,15.0,6.0,280.11,2024-01-12
mkt_005984,1,228.59,81.0,70.7,7.0,1.0,396.83,2024-01-01
mkt_006565,1,425.18,639.0,14.15,9.0,3.0,634.54,2024-01-11
mkt_007804,1,232.23,28.0,35.32,13.0,8.0,104.96,2024-01-12
mkt_006943,1,217.45,86.0,10.94,15.0,1.0,179.9,2024-01-30
mkt_002136,0,410.3,34.0,6.64,15.0,2.0,79.9,2024-01-10
mkt_001065,0,183.66,25.0,22.07,11.0,1.0,260.87,2024-01-20
mkt_000600,0,40.63,40.0,45.4,16.0,3.0,636.21,2024-01-04
mkt_004227,0,298.68,75.0,50.99,11.0,3.0,68.64,2024-01-29
mkt_007577,1,478.08,94.0,6.97,13.0,8.0,361.39,2024-01-11
mkt_000077,0,538.37,49.0,11.61,16.0,8.0,89.99,2024-01-22
mkt_007546,1,181.45,254.0,17.54,10.0,4.0,501.67,2024-01-17
mkt_002898,0,51.62,81.0,53.12,12.0,5.0,23.62,2024-01-27
mkt_004820,1,1314.62,1207.0,25.94,10.0,8.0,644.13,2024-01-17
mkt_009302,1,553.19,487.0,6.48,16.0,7.0,1029.4,2024-01-11
mkt_006413,1,352.65,301.0,7.61,11.0,3.0,187.68,2024-01-08
mkt_009064,1,366.36,273.0,21.24,11.0,1.0,361.6,2024-01-30
mkt_008007,1,224.54,177.0,46.16,14.0,3.0,811.31,2024-01-20
mkt_005468,1,471.24,34.0,9.53,13.0,9.0,191.33,2024-01-02
mkt_005951,1,443.01,32.0,26.62,9.0,5.0,91.7,2024-01-02
mkt_003391,0,141.68,584.0,61.31,11.0,1.0,1350.81,2024-01-18
mkt_005415,1,91.05,45.0,24.1,13.0,8.0,320.78,2024-01-11
mkt_002560,0,486.9,455.0,96.45,12.0,0.0,236.98,2024-01-25
mkt_008162,1,131.88,140.0,24.66,8.0,5.0,245.09,2024-01-23
mkt_002635,0,64.76,62.0,26.62,19.0,0.0,480.68,2024-01-01
mkt_005256,1,235.14,187.0,36.25,11.0,0.0,193.22,2024-01-17
mkt_003530,0,138.72,28.0,11.55,7.0,1.0,112.31,2024-01-19
mkt_008567,1,421.17,303.0,16.83,10.0,4.0,104.39,2024-01-18
mkt_001908,0,172.29,25.0,4.21,13.0,6.0,285.3,2024-01-20
mkt_000235,0,80.87,450.0,10.23,11.0,3.0,463.61,2024-01-24
mkt_001604,0,413.94,356.0,6.98,11.0,0.0,313.64,2024-01-16
mkt_007984,1,88.74,33.0,74.68,9.0,4.0,35.93,2024-01-24
mkt_003490,0,1445.92,305.0,25.06,21.0,9.0,48.48,2024-01-29
mkt_001994,0,1621.4,127.0,58.09,9.0,0.0,61.44,2024-01-23
mkt_002824,0,104.11,165.0,20.99,11.0,2.0,230.57,2024-01-19
mkt_009285,1,1067.46,128.0,44.45,12.0,4.0,239.9,2024-01-23
mkt_001342,0,103.93,57.0,74.5,10.0,2.0,113.22,2024-01-04
mkt_008512,1,1374.17,331.0,10.98,18.0,0.0,369.55,2024-01-26
mkt_001619,0,311.46,4.0,2.21,9.0,8.0,125.9,2024-01-17
mkt_005287,1,1091.08,990.0,19.78,14.0,5.0,657.59,2024-01-29
mkt_002060,0,131.81,30.0,29.85,21.0,2.0,1412.78,2024-01-22
mkt_009955,1,1020.18,592.0,2.94,7.0,8.0,89.11,2024-01-14
mkt_002219,0,476.5,46.0,23.51,11.0,6.0,34.29,2024-01-03
mkt_006038,1,398.1,16.0,40.0,17.0,2.0,377.07,2024-01-26
mkt_000260,0,114.14,224.0,18.49,8.0,7.0,465.84,2024-01-10
mkt_009365,1,177.77,691.0,5.91,17.0,9.0,2355.05,2024-01-04
mkt_009093,1,153.02,43.0,3.51,11.0,7.0,1058.26,2024-01-03
mkt_003744,0,272.21,30.0,9.82,20.0,6.0,311.33,2024-01-26
mkt_002026,0,489.31,166.0,15.52,18.0,5.0,342.67,2024-01-04
mkt_006988,1,343.94,97.0,9.78,10.0,5.0,293.59,2024-01-22
mkt_004234,0,301.93,16.0,41.8,8.0,3.0,139.0,2024-01-17
mkt_001917,0,354.22,29.0,41.62,9.0,7.0,131.72,2024-01-29
mkt_001828,0,322.38,97.0,9.02,11.0,4.0,106.44,2024-01-24
mkt_006233,1,140.56,117.0,14.77,10.0,6.0,359.85,2024-01-04
mkt_009332,1,748.07,897.0,17.86,15.0,4.0,125.73,2024-01-22
mkt_006283,1,260.69,182.0,36.69,15.0,6.0,209.87,2024-01-11
mkt_004208,0,109.81,154.0,17.18,9.0,3.0,86.72,2024-01-11
mkt_000224,0,65.47,42.0,39.57,8.0,0.0,78.62,2024-01-01
mkt_008915,1,75.65,25.0,18.41,9.0,3.0,396.66,2024-01-28
mkt_006469,1,855.82,447.0,50.2,10.0,2.0,407.53,2024-01-18
mkt_009413,1,390.65,27.0,12.65,18.0,8.0,225.21,2024-01-23
mkt_000846,0,50.01,3.0,47.88,9.0,1.0,4.75,2024-01-18
mkt_004289,0,113.02,11.0,19.6,9.0,4.0,229.41,2024-01-04
mkt_005560,1,367.36,242.0,43.46,12.0,8.0,425.01,2024-01-24
mkt_002551,0,111.82,71.0,101.41,17.0,6.0,226.78,2024-01-10
mkt_000117,0,928.11,97.0,50.6,16.0,1.0,116.33,2024-01-15
mkt_008837,1,644.6,40.0,34.19,12.0,0.0,194.36,2024-01-19
mkt_005966,1,87.92,168.0,32.42,14.0,9.0,221.95,2024-01-02
mkt_008195,1,888.02,44.0,3.37,17.0,2.0,746.21,2024-01-29
mkt_008659,1,345.56,45.0,11.24,10.0,2.0,112.13,2024-01-26
mkt_007489,1,2162.81,58.0,19.17,10.0,9.0,183.63,2024-01-07
mkt_000005,0,176.67,150.0,14.08,14.0,7.0,369.16,2024-01-19
mkt_005342,1,128.38,112.0,13.74,16.0,4.0,365.6,2024-01-02
mkt_009111,1,189.54,175.0,18.18,9.0,5.0,503.78,2024-01-05
mkt_004324,0,267.02,56.0,8.76,12.0,6.0,214.59,2024-01-06
mkt_001063,0,94.22,161.0,10.81,9.0,6.0,165.98,2024-01-23
mkt_002590,0,47.42,44.0,15.08,12.0,8.0,84.68,2024-01-30
mkt_008434,1,646.34,177.0,38.45,9.0,0.0,308.99,2024-01-14
mkt_003735,0,237.35,61.0,17.56,9.0,1.0,70.97,2024-01-16
mkt_003517,0,61.09,269.0,10.85,7.0,3.0,2175.94,2024-01-30
mkt_006986,1,99.18,7.0,23.33,10.0,0.0,95.28,2024-01-03
mkt_006767,1,451.91,932.0,10.61,17.0,6.0,2061.07,2024-01-11
mkt_005622,1,412.47,964.0,1.09,15.0,7.0,382.2,2024-01-07
mkt_001605,0,110.09,64.0,5.83,6.0,6.0,282.09,2024-01-07
mkt_001733,0,57.26,19.0,42.0,21.0,1.0,182.49,2024-01-13
mkt_009341,1,128.59,54.0,34.74,22.0,1.0,746.25,2024-01-04
mkt_003812,0,297.34,201.0,120.48,7.0,2.0,1172.73,2024-01-17
mkt_009624,1,433.64,15.0,40.66,18.0,3.0,65.11,2024-01-11
mkt_001761,0,236.41,45.0,24.66,17.0,4.0,110.19,2024-01-27
mkt_005401,1,353.32,74.0,64.18,15.0,3.0,479.1,2024-01-17
mkt_002739,0,566.88,381.0,8.59,13.0,3.0,1127.72,2024-01-11
mkt_002472,0,159.34,191.0,3.73,8.0,2.0,265.06,2024-01-30
mkt_006738,1,160.97,43.0,7.14,24.0,9.0,1513.65,2024-01-10
mkt_006891,1,790.17,386.0,59.45,15.0,5.0,199.38,2024-01-03
mkt_007943,1,180.92,8.0,46.92,8.0,7.0,274.38,2024-01-04
mkt_004206,0,12600.21,63.0,17.34,16.0,7.0,202.94,2024-01-16
mkt_006371,1,39.65,4.0,7.59,10.0,0.0,158.45,2024-01-27
mkt_000232,0,643.55,162.0,9.15,9.0,3.0,246.17,2024-01-06
mkt_008258,1,181.41,31.0,29.45,12.0,8.0,94.98,2024-01-24
mkt_007561,1,1258.77,58.0,3.98,6.0,6.0,112.94,2024-01-21
mkt_006168,1,269.05,2190.0,73.09,19.0,0.0,2092.63,2024-01-11
mkt_003596,0,227.87,181.0,19.36,9.0,5.0,253.63,2024-01-28
mkt_006288,1,409.08,1416.0,7.22,12.0,0.0,328.64,2024-01-04
mkt_004632,1,161.63,55.0,32.07,17.0,8.0,122.84,2024-01-27
mkt_000125,0,584.01,61.0,23.98,16.0,7.0,659.9,2024-01-17
mkt_007641,1,1298.99,384.0,27.26,11.0,9.0,1414.27,2024-01-08
mkt_006229,1,625.39,205.0,5.21,10.0,3.0,320.02,2024-01-11
mkt_001296,0,512.19,150.0,64.11,14.0,6.0,257.6,2024-01-03
mkt_001976,0,159.94,105.0,38.3,14.0,4.0,794.96,2024-01-03
mkt_009480,1,444.71,280.0,13.68,13.0,8.0,266.38,2024-01-12
mkt_009581,1,371.06,19.0,8.75,12.0,6.0,366.31,2024-01-23
mkt_005750,1,259.18,22.0,33.74,15.0,0.0,53.34,2024-01-24
mkt_008152,1,397.07,133.0,14.96,13.0,3.0,274.76,2024-01-25
mkt_003086,0,393.95,518.0,44.74,14.0,1.0,77.02,2024-01-25
mkt_009276,1,109.75,62.0,61.74,7.0,1.0,264.88,2024-01-17
mkt_006882,1,636.57,49.0,2.05,14.0,2.0,236.87,2024-01-15
mkt_009305,1,388.11,45.0,1.3,11.0,6.0,178.84,2024-01-04
mkt_007673,1,257.63,74.0,65.89,9.0,1.0,559.22,2024-01-12
mkt_003345,0,494.41,455.0,20.95,17.0,0.0,557.56,2024-01-17
mkt_008172,1,278.32,55.0,17.11,15.0,3.0,126.86,2024-01-07
mkt_009421,1,74.08,88.0,32.82,12.0,7.0,72.27,2024-01-14
mkt_005870,1,794.34,85.0,54.04,18.0,1.0,585.14,2024-01-28
mkt_006506,1,388.35,56.0,2.51,13.0,2.0,105.56,2024-01-03
mkt_002797,0,49.91,20.0,34.84,6.0,9.0,213.26,2024-01-12
mkt_000918,0,1273.91,77.0,5.13,9.0,7.0,125.41,2024-01-10
mkt_001646,0,96.62,145.0,6.0,16.0,9.0,109.85,2024-01-15
mkt_005122,1,94.08,90.0,23.63,11.0,3.0,289.08,2024-01-20
mkt_005126,1,253.46,12.0,28.89,20.0,4.0,68.44,2024-01-01
mkt_004621,1,161.94,60.0,95.01,9.0,9.0,423.91,2024-01-19
mkt_006809,1,171.31,24.0,9.0,17.0,3.0,244.04,2024-01-01
mkt_000364,0,438.07,20.0,111.05,12.0,2.0,113.16,2024-01-03
mkt_002125,0,155.82,38.0,250.85,14.0,4.0,271.8,2024-01-30
mkt_008150,1,704.22,285.0,2.92,13.0,7.0,289.15,2024-01-16
mkt_008717,1,78.25,163.0,1.17,13.0,0.0,262.9,2024-01-12
mkt_000055,0,80.92,27.0,53.59,12.0,5.0,117.51,2024-01-18
mkt_000638,0,327.52,181.0,15.19,18.0,9.0,133.52,2024-01-13
mkt_000302,0,101.63,32.0,10.4,15.0,0.0,232.46,2024-01-02
mkt_005811,1,369.43,42.0,113.93,16.0,6.0,149.43,2024-01-11
mkt_001276,0,218.11,112.0,34.01,9.0,7.0,1109.82,2024-01-28
mkt_004432,0,309.86,95.0,99.86,11.0,7.0,46.69,2024-01-23
mkt_003644,0,318.9,47.0,44.73,16.0,0.0,95.53,2024-01-24
mkt_004143,0,631.43,34.0,33.32,16.0,2.0,367.9,2024-01-30
mkt_002878,0,670.38,117.0,44.8,22.0,9.0,316.67,2024-01-28
mkt_006493,1,211.15,226.0,2.72,15.0,7.0,311.9,2024-01-24
mkt_005240,1,308.82,528.0,15.93,14.0,6.0,329.05,2024-01-29
mkt_009408,1,173.72,453.0,49.03,14.0,9.0,150.34,2024-01-11
mkt_006937,1,99.76,13.0,7.6,12.0,4.0,79.84,2024-01-24
mkt_007240,1,841.33,447.0,4.08,11.0,3.0,301.11,2024-01-10
mkt_002593,0,142.1,40.0,69.5,15.0,7.0,55.76,2024-01-06
mkt_002393,0,294.27,349.0,7.55,10.0,5.0,424.27,2024-01-22
mkt_000523,0,359.77,465.0,19.43,16.0,1.0,750.02,2024-01-22
mkt_006376,1,519.41,52.0,2.1,8.0,5.0,569.26,2024-01-29
mkt_006981,1,182.07,279.0,27.19,8.0,2.0,948.08,2024-01-29
mkt_006677,1,288.3,615.0,3.03,17.0,0.0,429.72,2024-01-02
mkt_003900,0,250.7,1011.0,3.81,15.0,5.0,1141.67,2024-01-17
mkt_009634,1,77.69,30.0,119.05,15.0,7.0,89.41,2024-01-11
mkt_005585,1,1886.88,99.0,38.76,25.0,9.0,1006.88,2024-01-17
mkt_009360,1,232.22,56.0,19.27,6.0,1.0,742.72,2024-01-17
mkt_007956,1,131.37,13.0,38.97,13.0,1.0,393.93,2024-01-01
mkt_007570,1,864.04,1020.0,3.7,15.0,3.0,82.81,2024-01-04
mkt_006777,1,760.77,56.0,14.21,8.0,2.0,178.25,2024-01-27
mkt_000671,0,539.09,97.0,12.12,8.0,9.0,234.93,2024-01-19
mkt_004188,0,263.26,31.0,11.73,12.0,9.0,396.9,2024-01-23
mkt_000666,0,88.04,296.0,19.52,9.0,1.0,165.7,2024-01-03
mkt_003266,0,191.21,138.0,11.59,10.0,4.0,148.38,2024-01-21
mkt_001887,0,494.63,12.0,20.23,13.0,8.0,65.49,2024-01-11
mkt_008472,1,390.98,391.0,22.17,13.0,5.0,134.18,2024-01-09
mkt_009091,1,103.63,62.0,30.39,8.0,1.0,238.44,2024-01-20
mkt_007687,1,96.36,37.0,38.31,14.0,3.0,172.07,2024-01-04
mkt_006031,1,147.09,22.0,81.81,12.0,5.0,209.71,2024-01-21
mkt_006090,1,94.43,92.0,19.91,18.0,8.0,114.11,2024-01-23
mkt_006238,1,2371.0,576.0,6.61,8.0,5.0,387.94,2024-01-08
mkt_007350,1,95.56,2.0,48.43,7.0,8.0,54.83,2024-01-02
mkt_007830,1,144.62,34.0,8.44,15.0,5.0,110.22,2024-01-16
mkt_000760,0,202.94,156.0,14.95,9.0,4.0,114.31,2024-01-18
mkt_006254,1,90.27,94.0,11.42,13.0,1.0,95.88,2024-01-30
mkt_001906,0,528.71,92.0,7.87,9.0,3.0,82.72,2024-01-01
mkt_003818,0,219.02,33.0,17.18,7.0,9.0,73.39,2024-01-17
mkt_006269,1,187.29,66.0,62.96,16.0,6.0,251.54,2024-01-16
mkt_004300,0,607.78,144.0,12.33,11.0,8.0,987.22,2024-01-17
mkt_005569,1,344.24,226.0,3.93,10.0,8.0,607.52,2024-01-16
mkt_007941,1,510.38,496.0,14.64,15.0,2.0,573.55,2024-01-08
mkt_004164,0,207.18,200.0,199.99,8.0,7.0,483.56,2024-01-18
mkt_005971,1,444.03,660.0,2.6,13.0,6.0,383.38,2024-01-16
mkt_003579,0,4758.46,748.0,57.69,12.0,5.0,82.59,2024-01-24
mkt_002832,0,1598.91,189.0,20.94,12.0,4.0,214.2,2024-01-03
mkt_005449,1,479.37,192.0,21.08,13.0,6.0,63.06,2024-01-17
mkt_003472,0,622.52,64.0,53.9,13.0,0.0,322.6,2024-01-26
mkt_006327,1,240.61,399.0,48.72,10.0,5.0,158.74,2024-01-10
mkt_000137,0,225.29,233.0,62.25,13.0,7.0,992.91,2024-01-24
mkt_007043,1,904.17,626.0,16.27,12.0,1.0,866.14,2024-01-01
mkt_004892,1,418.84,339.0,29.62,11.0,3.0,69.46,2024-01-06
mkt_002180,0,281.26,24.0,18.94,15.0,3.0,68.5,2024-01-24
mkt_007730,1,984.81,259.0,28.76,10.0,5.0,176.41,2024-01-02
mkt_003177,0,564.26,62.0,45.85,18.0,1.0,117.84,2024-01-27
mkt_004854,1,602.45,105.0,13.24,14.0,8.0,112.18,2024-01-28
mkt_004637,1,841.59,114.0,22.44,16.0,0.0,677.4,2024-01-17
mkt_005115,1,69.96,26.0,49.03,12.0,7.0,109.53,2024-01-26
mkt_007648,1,57.92,50.0,29.32,10.0,8.0,26.36,2024-01-25
mkt_004261,0,272.07,26.0,6.26,15.0,0.0,107.21,2024-01-26
mkt_001331,0,228.91,170.0,44.76,14.0,9.0,644.1,2024-01-19
mkt_007002,1,135.17,32.0,63.32,9.0,3.0,714.85,2024-01-09
mkt_006941,1,362.45,202.0,418.72,11.0,5.0,136.9,2024-01-02
mkt_008017,1,1037.49,169.0,11.46,8.0,7.0,540.51,2024-01-03
mkt_006241,1,189.48,84.0,6.83,8.0,9.0,57.05,2024-01-02
mkt_009987,1,123.39,22.0,4.98,15.0,9.0,99.92,2024-01-15
mkt_006881,1,1124.91,157.0,18.76,11.0,8.0,2411.06,2024-01-25
mkt_004530,1,501.23,249.0,18.02,13.0,4.0,157.85,2024-01-26
mkt_004673,1,202.78,171.0,93.59,13.0,3.0,161.68,2024-01-10
mkt_006996,1,1680.17,42.0,8.04,14.0,2.0,242.15,2024-01-04
mkt_001252,0,568.53,134.0,77.37,10.0,4.0,137.72,2024-01-16
mkt_003374,0,50.94,212.0,1.53,20.0,0.0,133.47,2024-01-27
mkt_002814,0,108.35,28.0,4.29,16.0,7.0,291.21,2024-01-06
mkt_004719,1,122.47,36.0,23.58,16.0,8.0,150.24,2024-01-05
mkt_006544,1,223.12,98.0,3.18,14.0,0.0,107.45,2024-01-24
mkt_004858,1,382.4,45.0,52.71,14.0,5.0,246.46,2024-01-05
mkt_007901,1,1076.76,715.0,61.17,13.0,4.0,1992.53,2024-01-30
mkt_008580,1,819.75,38.0,28.69,11.0,1.0,57.98,2024-01-12
mkt_008427,1,137.1,312.0,48.56,7.0,0.0,352.51,2024-01-26
mkt_001077,0,169.49,32.0,15.93,18.0,5.0,258.01,2024-01-03
mkt_004363,0,543.37,363.0,21.45,12.0,7.0,468.08,2024-01-02
mkt_000770,0,649.33,197.0,30.77,15.0,9.0,158.83,2024-01-13
mkt_008865,1,121.95,45.0,85.92,10.0,6.0,192.76,2024-01-24
mkt_000249,0,396.95,363.0,56.61,16.0,3.0,112.06,2024-01-11
mkt_007239,1,127.73,15.0,37.9,13.0,7.0,43.85,2024-01-01
mkt_003419,0,265.53,119.0,41.77,14.0,4.0,163.93,2024-01-04
mkt_004976,1,137.27,12.0,13.41,13.0,2.0,91.31,2024-01-26
mkt_004544,1,235.97,48.0,13.19,15.0,2.0,120.68,2024-01-26
mkt_005565,1,209.91,54.0,6.47,12.0,5.0,256.66,2024-01-05
mkt_007939,1,112.31,40.0,22.84,10.0,1.0,304.43,2024-01-21
mkt_000716,0,63.76,7.0,98.03,13.0,9.0,71.56,2024-01-08
mkt_009652,1,72.49,43.0,16.4,16.0,2.0,223.26,2024-01-03
mkt_002048,0,26.94,49.0,3.36,12.0,7.0,272.51,2024-01-26
mkt_005997,1,31.99,8.0,87.14,13.0,7.0,226.88,2024-01-26
mkt_006600,1,139.82,13.0,56.11,12.0,7.0,201.23,2024-01-05
mkt_007245,1,636.79,164.0,54.72,14.0,6.0,197.5,2024-01-27
mkt_004178,0,195.54,68.0,10.53,9.0,3.0,32.48,2024-01-25
mkt_004809,1,341.5,99.0,26.82,17.0,4.0,142.0,2024-01-29
mkt_009482,1,164.96,200.0,66.91,9.0,3.0,331.91,2024-01-08
mkt_007140,1,211.48,602.0,44.03,12.0,2.0,1120.28,2024-01-19
mkt_007190,1,249.21,1822.0,7.26,12.0,7.0,799.89,2024-01-21
mkt_001460,0,472.35,1322.0,10.76,9.0,9.0,438.15,2024-01-01
mkt_005989,1,448.5,37.0,9.14,9.0,3.0,146.08,2024-01-09
mkt_002000,0,298.82,164.0,36.62,8.0,9.0,126.42,2024-01-10
mkt_008175,1,467.46,338.0,7.61,16.0,8.0,628.63,2024-01-12
mkt_000404,0,2326.71,172.0,10.73,14.0,7.0,131.97,2024-01-19
mkt_000384,0,142.23,449.0,3.11,13.0,0.0,576.35,2024-01-06
mkt_009448,1,279.65,76.0,5.3,16.0,8.0,1078.12,2024-01-19
mkt_009487,1,554.94,224.0,26.6,19.0,0.0,245.58,2024-01-19
mkt_001633,0,55.39,52.0,70.27,12.0,9.0,28.56,2024-01-16
mkt_009853,1,1871.89,40.0,13.75,14.0,8.0,556.09,2024-01-18
mkt_004784,1,991.68,505.0,10.21,10.0,4.0,675.3,2024-01-27
mkt_009456,1,119.44,147.0,5.89,12.0,7.0,302.05,2024-01-10
mkt_006970,1,1398.92,187.0,25.83,12.0,3.0,503.92,2024-01-23
mkt_003925,0,345.86,317.0,17.81,9.0,8.0,223.17,2024-01-10
mkt_004158,0,402.84,55.0,163.12,9.0,7.0,294.96,2024-01-30
mkt_007449,1,331.66,60.0,13.05,15.0,9.0,163.72,2024-01-22
mkt_008415,1,1434.9,915.0,18.99,8.0,6.0,397.52,2024-01-16
mkt_002193,0,541.46,49.0,34.55,14.0,1.0,195.4,2024-01-25
mkt_001015,0,644.04,24.0,3.04,10.0,0.0,34.25,2024-01-02
mkt_005124,1,415.06,447.0,4.74,16.0,2.0,815.34,2024-01-04
mkt_007418,1,675.7,346.0,41.52,17.0,6.0,342.94,2024-01-02
mkt_007409,1,303.58,162.0,20.04,8.0,4.0,314.45,2024-01-21
mkt_008989,1,229.56,106.0,21.55,12.0,6.0,118.8,2024-01-04
mkt_002871,0,1185.68,425.0,12.25,16.0,7.0,333.28,2024-01-02
mkt_000009,0,451.37,191.0,16.6,12.0,1.0,706.42,2024-01-17
mkt_001838,0,794.27,90.0,25.67,16.0,5.0,187.5,2024-01-03
mkt_004804,1,665.83,194.0,3.57,11.0,7.0,732.63,2024-01-26
mkt_000255,0,518.86,331.0,7.8,11.0,3.0,131.56,2024-01-26
mkt_007026,1,1372.16,258.0,7.71,8.0,5.0,231.35,2024-01-08
mkt_005713,1,39.01,7.0,13.17,11.0,2.0,73.59,2024-01-06
mkt_003324,0,25.67,13.0,59.84,11.0,0.0,107.48,2024-01-16
mkt_007714,1,134.31,86.0,23.36,14.0,3.0,64.42,2024-01-08
mkt_001581,0,174.87,135.0,38.18,10.0,5.0,1434.88,2024-01-08
mkt_000924,0,365.62,280.0,23.52,10.0,7.0,152.75,2024-01-01
mkt_002779,0,598.99,61.0,19.73,11.0,3.0,78.93,2024-01-14
mkt_007891,1,250.22,200.0,15.81,9.0,9.0,721.07,2024-01-24
mkt_006132,1,656.06,49.0,20.94,11.0,8.0,460.59,2024-01-29
mkt_005320,1,190.0,18.0,11.82,17.0,8.0,139.92,2024-01-21
mkt_007312,1,94.0,75.0,8.13,17.0,4.0,62.14,2024-01-25
mkt_007102,1,409.83,124.0,42.95,11.0,1.0,345.28,2024-01-02
mkt_006042,1,347.71,15.0,55.9,9.0,1.0,35.72,2024-01-19
mkt_003775,0,174.63,42.0,24.75,10.0,4.0,117.99,2024-01-10
mkt_004835,1,145.57,224.0,2.04,7.0,4.0,235.07,2024-01-18
mkt_004964,1,264.59,54.0,5.36,10.0,5.0,139.92,2024-01-11
mkt_000539,0,52.88,38.0,17.79,12.0,2.0,70.47,2024-01-16
mkt_007483,1,145.16,10.0,13.45,11.0,4.0,107.9,2024-01-19
mkt_002745,0,132.59,78.0,26.43,19.0,8.0,280.58,2024-01-08
mkt_003719,0,571.98,136.0,41.37,14.0,9.0,258.53,2024-01-01
mkt_006819,1,196.89,237.0,11.55,11.0,6.0,533.88,2024-01-03
mkt_009337,1,248.61,283.0,47.3,8.0,2.0,607.96,2024-01-12
mkt_004468,0,279.32,61.0,12.2,11.0,8.0,248.2,2024-01-02
mkt_000667,0,622.57,273.0,13.78,17.0,2.0,999.99,2024-01-26
mkt_007575,1,182.28,75.0,14.84,12.0,7.0,220.04,2024-01-24
mkt_008549,1,73.38,22.0,18.56,13.0,7.0,114.7,2024-01-23
mkt_005063,1,199.36,68.0,51.69,5.0,0.0,297.44,2024-01-11
mkt_001353,0,31.16,29.0,8.3,4.0,4.0,74.88,2024-01-04
mkt_007114,1,179.32,2.0,8.73,13.0,6.0,74.99,2024-01-17
mkt_009773,1,663.96,82.0,46.31,11.0,2.0,162.97,2024-01-05
mkt_008662,1,97.5,4.0,40.92,11.0,8.0,105.88,2024-01-19
mkt_002703,0,393.84,66.0,118.72,12.0,4.0,475.88,2024-01-12
mkt_003330,0,376.18,277.0,27.22,11.0,8.0,1270.36,2024-01-21
mkt_008053,1,65.68,30.0,11.19,9.0,1.0,39.6,2024-01-21
mkt_003584,0,565.99,841.0,59.52,9.0,5.0,261.46,2024-01-04
mkt_009441,1,297.28,117.0,42.06,7.0,7.0,193.54,2024-01-19
mkt_005645,1,256.58,76.0,94.38,14.0,7.0,321.24,2024-01-27
mkt_003376,0,624.71,363.0,21.91,7.0,7.0,726.53,2024-01-02
mkt_001256,0,317.82,61.0,5.7,13.0,1.0,92.15,2024-01-04
mkt_006190,1,265.41,126.0,5.59,11.0,6.0,873.79,2024-01-27
mkt_005348,1,233.79,56.0,41.12,10.0,5.0,23.32,2024-01-13
mkt_004175,0,264.38,45.0,60.74,11.0,7.0,352.37,2024-01-24
mkt_004910,1,281.71,26.0,10.29,8.0,6.0,224.3,2024-01-14
mkt_001852,0,636.0,179.0,3.53,6.0,4.0,633.15,2024-01-05
mkt_006316,1,1442.32,339.0,3.59,13.0,5.0,554.23,2024-01-29
mkt_009854,1,227.19,52.0,12.89,9.0,5.0,213.22,2024-01-15
mkt_002105,0,193.66,34.0,5.68,14.0,5.0,113.27,2024-01-25
mkt_000133,0,436.21,70.0,7.17,10.0,3.0,366.24,2024-01-29
mkt_005029,1,332.03,230.0,9.36,8.0,9.0,190.62,2024-01-25
mkt_000928,0,77.65,59.0,33.63,7.0,3.0,468.73,2024-01-19
mkt_000823,0,488.63,109.0,9.43,7.0,5.0,488.84,2024-01-21
mkt_007576,1,88.0,726.0,8.79,12.0,7.0,93.54,2024-01-06
mkt_001531,0,75.74,12.0,40.88,9.0,7.0,89.5,2024-01-10
mkt_001214,0,243.69,303.0,5.38,12.0,8.0,224.93,2024-01-12
mkt_000504,0,152.35,362.0,29.88,13.0,7.0,72.61,2024-01-16
mkt_006530,1,102.75,412.0,5.48,9.0,9.0,514.53,2024-01-13
mkt_003072,0,1792.75,207.0,32.95,14.0,0.0,92.52,2024-01-03
mkt_009086,1,528.57,51.0,33.11,9.0,5.0,72.89,2024-01-18
mkt_008647,1,156.54,43.0,13.11,16.0,8.0,125.53,2024-01-09
mkt_006619,1,301.95,441.0,7.32,17.0,4.0,165.19,2024-01-24
mkt_009273,1,146.29,57.0,7.27,15.0,3.0,111.85,2024-01-09
mkt_003709,0,533.47,212.0,13.78,14.0,4.0,186.02,2024-01-29
mkt_004849,1,833.31,188.0,38.06,12.0,7.0,507.67,2024-01-10
mkt_004748,1,116.8,73.0,24.29,16.0,6.0,452.89,2024-01-17
mkt_004268,0,739.07,266.0,21.79,11.0,9.0,694.11,2024-01-12
mkt_009878,1,231.41,105.0,13.32,11.0,5.0,219.5,2024-01-17
mkt_008905,1,152.74,26.0,9.7,7.0,5.0,117.87,2024-01-16
mkt_004186,0,183.2,450.0,30.38,9.0,2.0,163.92,2024-01-12
mkt_005301,1,63.08,90.0,10.29,13.0,5.0,673.34,2024-01-15
mkt_002923,0,332.54,100.0,12.5,13.0,4.0,117.64,2024-01-29
mkt_006588,1,248.06,405.0,12.19,20.0,6.0,180.34,2024-01-15
mkt_001810,0,210.47,15.0,33.78,12.0,1.0,16.03,2024-01-22
mkt_003486,0,132.29,51.0,14.28,16.0,3.0,361.25,2024-01-03
mkt_007419,1,179.94,969.0,39.06,12.0,2.0,1169.51,2024-01-13
mkt_003141,0,477.72,62.0,73.71,13.0,7.0,299.88,2024-01-18
mkt_009347,1,812.98,31.0,67.5,11.0,6.0,121.66,2024-01-25
mkt_001324,0,183.86,14.0,50.69,15.0,9.0,118.02,2024-01-03
mkt_004312,0,124.25,9.0,71.36,13.0,2.0,206.93,2024-01-28
mkt_007494,1,388.66,451.0,45.4,6.0,2.0,1126.61,2024-01-03
mkt_008702,1,370.96,103.0,28.23,15.0,6.0,292.82,2024-01-16
mkt_008691,1,52.86,3.0,48.02,10.0,9.0,65.95,2024-01-12
mkt_009503,1,100.92,158.0,43.52,6.0,9.0,194.87,2024-01-05
mkt_005541,1,187.71,214.0,48.75,13.0,2.0,960.74,2024-01-05
mkt_006172,1,276.43,579.0,3.04,12.0,5.0,1190.4,2024-01-26
mkt_001540,0,269.64,9.0,20.32,10.0,0.0,144.88,2024-01-21
mkt_009409,1,86.55,336.0,36.75,8.0,2.0,27.42,2024-01-30
mkt_002681,0,394.59,159.0,43.53,16.0,7.0,438.3,2024-01-27
mkt_009882,1,126.35,32.0,10.09,13.0,3.0,316.65,2024-01-10
mkt_006313,1,326.19,100.0,9.03,10.0,1.0,150.89,2024-01-08
mkt_001191,0,276.83,307.0,16.55,11.0,6.0,686.57,2024-01-09
mkt_005293,1,46.38,84.0,53.3,12.0,0.0,2216.47,2024-01-20
mkt_001542,0,261.56,80.0,49.06,6.0,2.0,320.82,2024-01-01
mkt_007056,1,164.84,34.0,34.38,8.0,7.0,180.09,2024-01-22
mkt_002539,0,254.74,50.0,22.61,13.0,6.0,765.75,2024-01-14
mkt_000953,0,441.06,57.0,18.13,10.0,6.0,320.74,2024-01-24
mkt_007241,1,233.84,7.0,26.15,9.0,9.0,38.94,2024-01-15
mkt_006731,1,245.13,55.0,55.52,10.0,6.0,145.85,2024-01-12
mkt_004846,1,370.95,73.0,34.57,9.0,8.0,701.18,2024-01-12
mkt_006801,1,169.53,58.0,2.19,6.0,2.0,153.57,2024-01-01
mkt_008010,1,611.34,651.0,7.81,17.0,6.0,668.59,2024-01-04
mkt_004330,0,312.48,811.0,10.56,13.0,0.0,808.84,2024-01-18
mkt_008924,1,49.62,96.0,144.48,10.0,5.0,219.82,2024-01-19
mkt_005334,1,287.49,160.0,98.01,8.0,0.0,309.89,2024-01-19
mkt_007330,1,97.79,130.0,30.97,10.0,7.0,358.35,2024-01-16
mkt_009348,1,1753.26,189.0,45.25,11.0,6.0,286.82,2024-01-22
mkt_004729,1,285.03,97.0,10.17,10.0,2.0,135.6,2024-01-21
mkt_006541,1,763.84,303.0,38.38,17.0,9.0,372.2,2024-01-16
mkt_005305,1,69.38,21.0,6.4,7.0,1.0,118.16,2024-01-12
mkt_005161,1,152.01,34.0,24.92,12.0,6.0,108.63,2024-01-30
mkt_007860,1,178.57,55.0,5.72,11.0,3.0,75.32,2024-01-29
mkt_002156,0,401.62,50.0,15.91,14.0,5.0,156.26,2024-01-09
mkt_001062,0,111.73,206.0,18.3,18.0,9.0,129.35,2024-01-21
mkt_001167,0,214.25,875.0,33.27,12.0,0.0,386.32,2024-01-11
mkt_003636,0,34.91,8.0,8.18,10.0,5.0,40.73,2024-01-26
mkt_007651,1,263.38,55.0,2.51,15.0,0.0,106.14,2024-01-26
mkt_005588,1,377.38,87.0,41.12,17.0,3.0,348.45,2024-01-17
mkt_007192,1,540.48,157.0,51.71,13.0,0.0,142.36,2024-01-15
mkt_004491,0,603.4,29.0,8.8,13.0,2.0,265.28,2024-01-30
mkt_007266,1,557.49,31.0,17.03,14.0,1.0,130.49,2024-01-29
mkt_004980,1,270.78,171.0,9.32,13.0,9.0,155.57,2024-01-29
mkt_008335,1,182.69,100.0,77.44,12.0,8.0,393.21,2024-01-08
mkt_009952,1,185.57,460.0,26.93,14.0,8.0,815.09,2024-01-09
mkt_004946,1,289.86,115.0,24.32,14.0,1.0,351.44,2024-01-24
mkt_002782,0,428.17,131.0,7.38,15.0,0.0,642.51,2024-01-11
mkt_000717,0,328.13,533.0,27.32,15.0,0.0,289.88,2024-01-07
mkt_002502,0,772.63,27.0,2.32,9.0,3.0,332.84,2024-01-16
mkt_004360,0,4173.38,210.0,7.97,16.0,2.0,423.43,2024-01-22
mkt_004171,0,213.01,75.0,15.9,11.0,2.0,516.03,2024-01-26
mkt_008082,1,1006.37,690.0,21.16,14.0,9.0,284.3,2024-01-16
mkt_009760,1,247.82,13.0,10.89,19.0,9.0,62.6,2024-01-18
mkt_000395,0,208.33,105.0,66.03,13.0,0.0,124.71,2024-01-21
mkt_007186,1,653.32,207.0,15.1,13.0,2.0,330.69,2024-01-30
mkt_009822,1,440.7,38.0,102.84,13.0,6.0,126.63,2024-01-02
mkt_004492,0,329.17,79.0,48.79,12.0,0.0,205.92,2024-01-15
mkt_001365,0,118.45,33.0,9.63,13.0,9.0,400.91,2024-01-19
mkt_009526,1,274.51,104.0,9.36,14.0,4.0,287.71,2024-01-10
mkt_008787,1,261.6,27.0,31.58,13.0,8.0,183.57,2024-01-30
mkt_005917,1,295.7,64.0,10.72,12.0,7.0,268.31,2024-01-23
mkt_004968,1,1783.82,42.0,29.95,20.0,1.0,352.78,2024-01-18
mkt_002914,0,184.35,15.0,34.29,12.0,6.0,176.21,2024-01-09
mkt_005644,1,91.2,46.0,35.07,15.0,2.0,93.32,2024-01-07
mkt_003766,0,776.77,202.0,24.18,15.0,5.0,78.81,2024-01-20
mkt_003440,0,319.55,17.0,20.69,11.0,8.0,754.97,2024-01-03
mkt_007357,1,1683.75,1455.0,38.99,13.0,1.0,554.83,2024-01-04
mkt_006806,1,238.18,62.0,26.31,17.0,1.0,102.05,2024-01-03
mkt_002143,0,98.86,21.0,4.01,23.0,2.0,159.58,2024-01-10
mkt_005104,1,560.65,493.0,2.14,8.0,4.0,1929.64,2024-01-10
mkt_005073,1,106.57,9.0,6.6,8.0,0.0,257.53,2024-01-18
mkt_001571,0,107.18,19.0,19.4,7.0,4.0,107.54,2024-01-23
mkt_004079,0,445.82,20.0,124.03,5.0,2.0,9.04,2024-01-11
mkt_001122,0,142.29,30.0,7.1,21.0,1.0,197.77,2024-01-03
mkt_002786,0,489.77,61.0,98.56,8.0,4.0,192.09,2024-01-02
mkt_002967,0,62.28,39.0,11.27,6.0,1.0,138.31,2024-01-22
mkt_002504,0,670.87,100.0,11.12,13.0,2.0,147.11,2024-01-15
mkt_005988,1,625.68,198.0,13.4,10.0,3.0,720.35,2024-01-23
mkt_008867,1,365.72,28.0,75.85,13.0,6.0,327.57,2024-01-07
mkt_007164,1,232.82,278.0,7.09,11.0,6.0,51.3,2024-01-15
mkt_000728,0,375.17,12.0,24.45,9.0,0.0,43.04,2024-01-18
mkt_007587,1,184.2,183.0,51.58,11.0,7.0,187.05,2024-01-07
mkt_007543,1,169.47,13.0,34.16,12.0,3.0,862.64,2024-01-18
mkt_000412,0,941.16,1825.0,3.55,16.0,8.0,175.22,2024-01-30
mkt_005745,1,5722.01,207.0,53.76,7.0,5.0,879.29,2024-01-02
mkt_007668,1,348.94,316.0,93.03,14.0,3.0,160.38,2024-01-10
mkt_000825,0,109.65,100.0,3.11,15.0,2.0,214.48,2024-01-13
mkt_003267,0,164.08,24.0,1.0,13.0,8.0,127.92,2024-01-15
mkt_003974,0,437.19,117.0,2.34,9.0,5.0,111.67,2024-01-01
mkt_008808,1,391.4,139.0,12.16,11.0,5.0,237.16,2024-01-14
mkt_008306,1,509.56,19.0,20.94,12.0,5.0,59.54,2024-01-10
mkt_000417,0,80.45,214.0,6.79,11.0,4.0,477.49,2024-01-22
mkt_006748,1,266.89,232.0,24.96,13.0,5.0,102.82,2024-01-10
mkt_008967,1,10932.06,108.0,35.52,7.0,7.0,148.45,2024-01-19
mkt_002082,0,684.7,237.0,15.9,10.0,6.0,371.74,2024-01-16
mkt_008945,1,327.71,43.0,13.3,16.0,7.0,52.5,2024-01-03
mkt_003373,0,511.92,22.0,47.73,13.0,4.0,230.53,2024-01-18
mkt_005726,1,391.33,120.0,3.61,14.0,5.0,400.85,2024-01-29
mkt_004107,0,491.96,68.0,12.1,8.0,6.0,226.66,2024-01-03
mkt_004380,0,474.0,136.0,59.5,5.0,1.0,320.14,2024-01-04
mkt_007723,1,918.73,721.0,24.31,14.0,8.0,302.45,2024-01-18
mkt_001066,0,819.32,59.0,5.69,13.0,5.0,49.13,2024-01-05
mkt_003913,0,522.19,149.0,11.53,7.0,0.0,129.14,2024-01-29
mkt_005536,1,74.41,129.0,11.31,7.0,7.0,488.48,2024-01-17
mkt_008002,1,3229.56,296.0,18.11,7.0,2.0,640.52,2024-01-05
mkt_005387,1,249.91,64.0,169.41,16.0,8.0,331.22,2024-01-21
mkt_005732,1,1037.32,345.0,36.02,19.0,4.0,194.86,2024-01-18
mkt_002738,0,1104.93,122.0,21.03,10.0,2.0,560.23,2024-01-21
mkt_005052,1,106.92,66.0,15.86,12.0,1.0,102.7,2024-01-26
mkt_004000,0,832.27,13.0,14.25,11.0,2.0,268.41,2024-01-04
mkt_002427,0,132.19,32.0,35.36,5.0,5.0,125.46,2024-01-25
mkt_006833,1,121.49,19.0,4.29,15.0,5.0,20.25,2024-01-22
mkt_001687,0,327.16,215.0,2.62,13.0,5.0,398.71,2024-01-05
mkt_000851,0,39.85,77.0,128.36,8.0,3.0,295.24,2024-01-04
mkt_006303,1,130.69,114.0,12.88,7.0,7.0,56.98,2024-01-03
mkt_009087,1,1075.67,2190.0,31.64,18.0,3.0,1367.86,2024-01-16
mkt_005878,1,98.37,388.0,6.02,23.0,2.0,289.29,2024-01-04
mkt_008527,1,2959.75,57.0,8.27,7.0,6.0,509.78,2024-01-28
mkt_002839,0,11993.02,287.0,24.55,12.0,7.0,727.42,2024-01-01
mkt_004611,1,652.12,64.0,39.61,15.0,1.0,58.83,2024-01-30
mkt_009540,1,22.24,60.0,12.35,15.0,6.0,223.87,2024-01-28
mkt_009207,1,262.79,224.0,11.17,10.0,6.0,266.31,2024-01-20
mkt_002489,0,383.79,95.0,43.04,17.0,4.0,583.82,2024-01-28
mkt_006905,1,689.01,151.0,4.53,17.0,0.0,98.15,2024-01-02
mkt_007390,1,1018.79,610.0,12.79,5.0,0.0,594.31,2024-01-22
mkt_002849,0,1096.01,519.0,49.82,18.0,8.0,821.38,2024-01-30
mkt_006665,1,583.48,127.0,12.09,11.0,7.0,950.19,2024-01-12
mkt_005881,1,723.42,332.0,27.59,9.0,0.0,309.96,2024-01-09
mkt_004452,0,218.21,61.0,25.96,11.0,4.0,306.15,2024-01-11
mkt_007421,1,1286.46,36.0,34.57,10.0,1.0,249.77,2024-01-22
mkt_006484,1,540.07,267.0,48.23,12.0,0.0,2016.83,2024-01-23
mkt_002479,0,466.25,41.0,32.88,14.0,5.0,106.98,2024-01-07
mkt_006617,1,145.93,39.0,9.5,8.0,0.0,504.34,2024-01-16
mkt_002141,0,204.57,30.0,39.87,14.0,7.0,144.05,2024-01-25
mkt_005188,1,1132.67,690.0,50.12,15.0,1.0,362.51,2024-01-04
mkt_009704,1,140.97,21.0,12.85,9.0,7.0,177.21,2024-01-02
mkt_002744,0,220.68,91.0,4.94,15.0,3.0,139.45,2024-01-12
mkt_007253,1,900.72,253.0,69.0,20.0,9.0,183.7,2024-01-29
mkt_003506,0,346.84,668.0,20.73,9.0,9.0,103.3,2024-01-09
mkt_001679,0,671.6,174.0,8.44,12.0,4.0,431.98,2024-01-13
mkt_004249,0,360.29,817.0,65.52,8.0,2.0,391.08,2024-01-26
mkt_003147,0,598.51,251.0,6.46,13.0,0.0,793.3,2024-01-23
mkt_008130,1,538.04,45.0,47.75,11.0,8.0,229.04,2024-01-12
mkt_007004,1,160.16,27.0,188.12,12.0,2.0,173.64,2024-01-23
mkt_000580,0,150.35,161.0,14.01,8.0,6.0,69.1,2024-01-29
mkt_004070,0,150.66,63.0,20.86,7.0,5.0,107.06,2024-01-16
mkt_003343,0,212.8,86.0,56.64,12.0,9.0,171.4,2024-01-18
mkt_007404,1,124.89,14.0,115.57,7.0,0.0,73.83,2024-01-18
mkt_003672,0,363.78,26.0,59.99,19.0,5.0,119.12,2024-01-17
mkt_000559,0,225.05,205.0,5.3,14.0,0.0,444.18,2024-01-03
mkt_005237,1,527.14,483.0,13.15,8.0,2.0,187.46,2024-01-05
mkt_007805,1,114.77,177.0,5.97,14.0,5.0,495.86,2024-01-23
mkt_000512,0,95.84,30.0,9.09,11.0,0.0,507.53,2024-01-28
mkt_001081,0,1108.9,222.0,18.94,8.0,7.0,96.81,2024-01-04
mkt_001664,0,20.0,2.0,16.86,13.0,8.0,83.99,2024-01-19
mkt_009204,1,121.27,110.0,58.57,11.0,0.0,217.98,2024-01-12
mkt_001931,0,12861.58,332.0,17.6,17.0,1.0,421.63,2024-01-26
mkt_009666,1,73.33,32.0,28.29,15.0,6.0,123.78,2024-01-09
mkt_001150,0,202.49,85.0,1.57,6.0,0.0,123.89,2024-01-15
mkt_002838,0,409.75,16.0,8.23,19.0,9.0,173.35,2024-01-27
mkt_005949,1,659.81,172.0,2.55,14.0,9.0,342.95,2024-01-16
mkt_008308,1,282.54,67.0,4.41,12.0,3.0,122.45,2024-01-23
mkt_008932,1,324.56,195.0,5.03,12.0,9.0,152.31,2024-01-30
mkt_009788,1,403.78,102.0,15.38,13.0,4.0,461.58,2024-01-02
mkt_005177,1,395.92,100.0,11.67,15.0,8.0,343.23,2024-01-02
mkt_000830,0,735.56,424.0,6.46,14.0,5.0,251.6,2024-01-29
mkt_008311,1,999.39,151.0,22.47,18.0,7.0,270.78,2024-01-06
mkt_004752,1,607.57,24.0,5.94,10.0,5.0,82.6,2024-01-04
mkt_009850,1,261.06,199.0,30.42,11.0,3.0,340.12,2024-01-10
mkt_000635,0,677.81,306.0,80.1,13.0,8.0,568.87,2024-01-18
mkt_004465,0,1017.84,13.0,22.5,10.0,2.0,278.02,2024-01-19
mkt_006799,1,65.26,9.0,40.29,23.0,7.0,49.9,2024-01-06
mkt_007987,1,978.01,360.0,25.61,15.0,3.0,401.71,2024-01-01
mkt_007079,1,279.87,42.0,1.0,21.0,4.0,101.97,2024-01-15
mkt_006966,1,126.29,145.0,126.71,14.0,1.0,289.21,2024-01-29
mkt_004142,0,124.35,137.0,2.61,14.0,6.0,138.85,2024-01-07
mkt_007027,1,47.42,34.0,33.96,8.0,6.0,489.18,2024-01-22
mkt_009183,1,242.67,50.0,6.9,16.0,3.0,936.84,2024-01-16
mkt_000876,0,75.53,52.0,13.3,8.0,0.0,367.91,2024-01-10
mkt_004869,1,95.34,111.0,11.11,19.0,0.0,379.92,2024-01-22
mkt_005315,1,129.79,28.0,38.72,10.0,7.0,37.16,2024-01-29
mkt_005222,1,681.1,216.0,49.84,10.0,4.0,93.45,2024-01-09
mkt_000004,0,253.97,28.0,34.79,8.0,4.0,524.11,2024-01-09
mkt_003051,0,142.98,77.0,55.75,14.0,4.0,88.86,2024-01-08
mkt_005691,1,146.64,33.0,36.82,4.0,2.0,194.25,2024-01-17
mkt_003124,0,52.05,38.0,7.07,8.0,1.0,170.48,2024-01-16
mkt_002491,0,178.03,2.0,6.21,16.0,3.0,103.63,2024-01-05
mkt_003854,0,247.74,366.0,6.53,16.0,4.0,448.41,2024-01-29
mkt_004777,1,589.52,129.0,7.16,13.0,2.0,171.92,2024-01-12
mkt_007509,1,2311.92,157.0,53.04,15.0,9.0,330.24,2024-01-18
mkt_006457,1,807.53,48.0,17.52,11.0,2.0,174.7,2024-01-03
mkt_006293,1,663.13,162.0,15.46,16.0,3.0,212.59,2024-01-11
mkt_001148,0,246.15,84.0,96.95,19.0,4.0,331.75,2024-01-30
mkt_000574,0,580.99,110.0,7.55,10.0,7.0,163.61,2024-01-02
mkt_003769,0,192.7,24.0,37.74,13.0,6.0,467.51,2024-01-05
mkt_004146,0,562.76,115.0,12.32,13.0,9.0,2235.73,2024-01-29
mkt_000853,0,154.31,25.0,18.37,15.0,8.0,56.92,2024-01-19
mkt_005919,1,198.97,7.0,26.1,14.0,7.0,104.14,2024-01-23
mkt_009358,1,195.91,40.0,7.09,10.0,5.0,668.65,2024-01-20
mkt_006614,1,282.28,20.0,2.83,14.0,1.0,102.42,2024-01-03
mkt_006002,1,200.8,1188.0,50.39,11.0,9.0,692.15,2024-01-07
mkt_009163,1,119.34,214.0,20.02,5.0,4.0,126.25,2024-01-30
mkt_004495,0,39.15,586.0,76.21,12.0,4.0,770.1,2024-01-12
mkt_008173,1,45.69,10.0,13.51,12.0,5.0,162.43,2024-01-14
mkt_006655,1,155.33,150.0,5.29,16.0,2.0,85.84,2024-01-18
mkt_002368,0,426.5,109.0,28.9,18.0,5.0,146.35,2024-01-10
mkt_004780,1,445.88,108.0,26.75,8.0,8.0,180.66,2024-01-12
mkt_007992,1,2530.57,301.0,30.63,9.0,4.0,460.93,2024-01-11
mkt_002950,0,403.29,154.0,6.92,15.0,1.0,124.74,2024-01-04
mkt_005625,1,4012.98,624.0,66.87,18.0,5.0,758.82,2024-01-04
mkt_006971,1,78.88,8.0,42.87,18.0,2.0,53.38,2024-01-28
mkt_008716,1,258.19,182.0,23.24,13.0,7.0,118.14,2024-01-30
mkt_001841,0,186.11,36.0,14.98,17.0,1.0,94.07,2024-01-24
mkt_005986,1,137.73,46.0,35.08,13.0,8.0,417.94,2024-01-16
mkt_000537,0,70.67,488.0,81.49,13.0,1.0,727.76,2024-01-26
mkt_002806,0,293.18,99.0,30.14,11.0,7.0,178.21,2024-01-11
mkt_005801,1,94.79,81.0,26.64,11.0,0.0,214.31,2024-01-25
mkt_005596,1,51.53,52.0,14.53,7.0,6.0,130.5,2024-01-10
mkt_007206,1,451.06,44.0,4.2,8.0,7.0,145.93,2024-01-21
mkt_007343,1,263.66,75.0,5.17,8.0,6.0,473.63,2024-01-09
mkt_007560,1,81.87,91.0,62.58,10.0,9.0,83.93,2024-01-27
mkt_008096,1,866.09,7.0,19.82,14.0,1.0,32.44,2024-01-11
mkt_000784,0,363.87,86.0,13.96,6.0,4.0,481.6,2024-01-02
mkt_001409,0,191.36,71.0,157.73,8.0,8.0,890.41,2024-01-23
mkt_000154,0,277.27,115.0,5.47,11.0,0.0,114.75,2024-01-03
mkt_007806,1,117.47,27.0,3.46,3.0,9.0,211.93,2024-01-09
mkt_003009,0,500.8,64.0,44.41,18.0,7.0,70.29,2024-01-05
mkt_001686,0,333.57,88.0,28.23,11.0,4.0,463.18,2024-01-20
mkt_004014,0,169.58,23.0,6.64,19.0,0.0,130.36,2024-01-24
mkt_007455,1,382.92,64.0,22.81,14.0,3.0,205.09,2024-01-19
mkt_003863,0,191.38,112.0,53.26,7.0,6.0,204.67,2024-01-30
mkt_002733,0,512.44,451.0,8.65,13.0,1.0,344.27,2024-01-01
mkt_001895,0,541.12,23.0,110.22,9.0,2.0,37.92,2024-01-17
mkt_005442,1,301.3,28.0,9.51,7.0,4.0,40.95,2024-01-15
mkt_000569,0,234.73,278.0,59.34,10.0,9.0,681.11,2024-01-25
mkt_006709,1,219.84,54.0,25.78,13.0,2.0,124.19,2024-01-11
mkt_005854,1,691.98,165.0,16.53,12.0,3.0,160.69,2024-01-20
mkt_001816,0,463.55,64.0,24.14,8.0,6.0,151.12,2024-01-16
mkt_008319,1,157.72,253.0,85.63,11.0,3.0,233.7,2024-01-25
mkt_003394,0,104.57,96.0,4.15,15.0,1.0,148.64,2024-01-03
mkt_003327,0,207.7,23.0,87.98,15.0,4.0,351.82,2024-01-29
mkt_009982,1,774.68,169.0,28.3,14.0,7.0,76.94,2024-01-17
mkt_006102,1,312.43,734.0,180.81,8.0,8.0,765.31,2024-01-12
mkt_002975,0,1429.58,479.0,15.34,7.0,2.0,382.06,2024-01-18
mkt_000980,0,110.13,161.0,32.63,12.0,2.0,634.34,2024-01-25
mkt_000190,0,206.56,1484.0,16.09,16.0,8.0,338.03,2024-01-02
mkt_009331,1,250.63,135.0,24.75,15.0,9.0,38.48,2024-01-25
mkt_005088,1,2803.56,295.0,5.21,7.0,2.0,107.28,2024-01-17
mkt_000699,0,452.84,22.0,48.96,15.0,9.0,208.93,2024-01-01
mkt_009759,1,127.03,64.0,11.69,11.0,4.0,103.94,2024-01-30
mkt_000606,0,85.24,11.0,20.34,17.0,4.0,177.67,2024-01-26
mkt_000301,0,196.88,141.0,6.77,10.0,7.0,684.26,2024-01-19
mkt_003420,0,462.12,188.0,17.3,16.0,1.0,128.78,2024-01-17
mkt_009804,1,1953.01,226.0,9.68,13.0,0.0,179.91,2024-01-14
mkt_001060,0,48.85,45.0,46.75,7.0,9.0,143.86,2024-01-29
mkt_003444,0,202.78,113.0,20.55,12.0,9.0,258.53,2024-01-16
mkt_001069,0,391.69,240.0,6.41,12.0,0.0,484.08,2024-01-16
mkt_002205,0,543.67,208.0,98.8,14.0,2.0,348.31,2024-01-30
mkt_009435,1,210.8,19.0,35.11,14.0,5.0,502.61,2024-01-05
mkt_007339,1,498.53,228.0,23.6,19.0,4.0,343.89,2024-01-09
mkt_008208,1,423.16,36.0,309.35,9.0,4.0,79.06,2024-01-11
mkt_007679,1,60.44,486.0,11.51,11.0,3.0,436.94,2024-01-10
mkt_004642,1,286.04,12.0,7.42,11.0,8.0,169.97,2024-01-23
mkt_007683,1,127.64,49.0,9.99,13.0,8.0,62.95,2024-01-12
mkt_009007,1,308.16,88.0,10.63,12.0,6.0,55.18,2024-01-27
mkt_007996,1,152.35,9.0,12.21,16.0,5.0,130.93,2024-01-13
mkt_005600,1,662.54,111.0,14.59,9.0,8.0,157.52,2024-01-01
mkt_009151,1,161.51,292.0,3.14,12.0,7.0,410.47,2024-01-13
mkt_007022,1,620.76,49.0,18.59,22.0,4.0,111.8,2024-01-17
mkt_004893,1,172.57,109.0,155.06,10.0,5.0,1654.05,2024-01-10
mkt_000225,0,252.93,75.0,5.74,16.0,6.0,52.78,2024-01-19
mkt_003354,0,123.32,35.0,59.64,16.0,3.0,500.68,2024-01-10
mkt_005895,1,310.86,562.0,7.65,8.0,0.0,405.42,2024-01-10
mkt_008754,1,204.23,69.0,11.31,11.0,5.0,149.37,2024-01-06
mkt_003436,0,36.33,48.0,13.34,9.0,1.0,95.92,2024-01-07
mkt_001693,0,44.02,57.0,1.33,18.0,9.0,242.85,2024-01-05
mkt_006893,1,451.28,162.0,16.99,7.0,9.0,245.21,2024-01-30
mkt_001045,0,547.52,894.0,14.71,8.0,4.0,437.2,2024-01-12
mkt_003446,0,2325.14,79.0,34.65,9.0,9.0,1480.31,2024-01-27
mkt_008050,1,140.65,72.0,13.13,13.0,3.0,906.07,2024-01-25
mkt_009146,1,337.34,435.0,7.22,7.0,7.0,257.91,2024-01-28
mkt_009981,1,966.1,201.0,9.26,11.0,9.0,383.77,2024-01-13
mkt_004735,1,442.03,92.0,26.74,10.0,9.0,358.46,2024-01-15
mkt_004496,0,117.58,175.0,77.79,13.0,0.0,122.79,2024-01-27
mkt_001218,0,145.14,41.0,8.77,13.0,6.0,111.6,2024-01-26
mkt_006015,1,633.55,39.0,16.74,11.0,7.0,160.15,2024-01-23
mkt_009719,1,180.68,14.0,58.62,14.0,6.0,399.31,2024-01-10
mkt_003987,0,113.95,80.0,30.42,7.0,2.0,182.29,2024-01-18
mkt_004911,1,2509.76,232.0,18.85,13.0,4.0,261.3,2024-01-17
mkt_009492,1,153.43,33.0,17.0,10.0,6.0,85.12,2024-01-16
mkt_004493,0,1040.06,236.0,1.55,17.0,4.0,315.37,2024-01-10
mkt_006944,1,258.11,27.0,272.09,18.0,3.0,184.67,2024-01-21
mkt_005699,1,97.42,20.0,11.65,17.0,7.0,332.97,2024-01-05
mkt_008352,1,967.62,43.0,19.31,9.0,5.0,189.45,2024-01-21
mkt_000956,0,255.01,36.0,86.69,12.0,7.0,79.73,2024-01-14
mkt_002869,0,575.91,705.0,44.05,8.0,8.0,105.08,2024-01-28
mkt_004433,0,620.01,312.0,32.62,12.0,9.0,123.43,2024-01-03
mkt_004973,1,174.77,104.0,20.96,10.0,2.0,207.4,2024-01-15
mkt_002961,0,585.55,13.0,12.49,12.0,9.0,126.11,2024-01-20
mkt_002200,0,107.5,20.0,6.8,12.0,0.0,149.28,2024-01-15
mkt_000098,0,22.57,9.0,125.41,11.0,9.0,120.14,2024-01-19
mkt_009849,1,107.64,88.0,38.22,11.0,2.0,964.98,2024-01-21
mkt_002557,0,1307.45,212.0,38.51,15.0,7.0,60.26,2024-01-26
mkt_008445,1,193.28,39.0,180.88,13.0,0.0,206.29,2024-01-29
mkt_004199,0,460.04,125.0,29.9,12.0,8.0,94.66,2024-01-14
mkt_009637,1,76.32,62.0,29.25,9.0,5.0,593.02,2024-01-11
mkt_005539,1,3428.05,67.0,22.75,16.0,2.0,141.54,2024-01-01
mkt_001648,0,38.32,55.0,14.19,14.0,6.0,818.67,2024-01-13
mkt_006197,1,359.82,68.0,27.97,11.0,1.0,1296.8,2024-01-05
mkt_006295,1,1734.39,1318.0,8.92,14.0,8.0,147.25,2024-01-12
mkt_004499,0,201.22,377.0,11.92,13.0,7.0,388.51,2024-01-16
mkt_001154,0,335.8,279.0,13.91,10.0,3.0,465.6,2024-01-05
mkt_002255,0,378.33,236.0,20.41,11.0,6.0,194.08,2024-01-20
mkt_003170,0,214.28,171.0,62.36,13.0,0.0,249.91,2024-01-08
mkt_007400,1,483.25,279.0,13.46,5.0,2.0,251.92,2024-01-04
mkt_007158,1,231.63,244.0,99.58,12.0,4.0,104.86,2024-01-18
mkt_003108,0,253.53,7.0,238.06,17.0,0.0,68.24,2024-01-25
mkt_004548,1,253.96,32.0,19.43,4.0,7.0,65.04,2024-01-05
mkt_005423,1,494.48,261.0,15.42,20.0,4.0,598.82,2024-01-26
mkt_002049,0,285.94,20.0,31.42,12.0,6.0,96.73,2024-01-30
mkt_009208,1,1828.58,105.0,17.9,7.0,7.0,283.85,2024-01-08
mkt_008815,1,542.01,208.0,29.13,10.0,7.0,266.89,2024-01-24
mkt_009797,1,450.67,24.0,44.75,12.0,1.0,425.21,2024-01-23
mkt_000262,0,1508.1,64.0,54.44,20.0,6.0,128.62,2024-01-19
mkt_004061,0,316.54,77.0,34.26,12.0,1.0,564.82,2024-01-22
mkt_005534,1,1174.84,494.0,8.8,13.0,2.0,222.42,2024-01-19
mkt_006616,1,43.98,14.0,30.46,12.0,5.0,135.4,2024-01-21
mkt_008120,1,521.7,199.0,9.19,19.0,0.0,101.89,2024-01-12
mkt_008155,1,58.23,112.0,68.14,2.0,6.0,122.81,2024-01-17
mkt_001802,0,156.08,73.0,6.69,11.0,1.0,241.92,2024-01-06
mkt_004736,1,571.86,26.0,3.95,9.0,6.0,102.92,2024-01-13
mkt_002385,0,1393.22,23.0,41.02,13.0,0.0,54.19,2024-01-17
mkt_006694,1,215.12,38.0,16.72,13.0,4.0,37.53,2024-01-10
mkt_005759,1,360.22,416.0,49.99,10.0,3.0,149.37,2024-01-08
mkt_001959,0,75.45,78.0,51.2,5.0,0.0,308.98,2024-01-18
mkt_002976,0,903.44,160.0,26.22,18.0,9.0,482.64,2024-01-14
mkt_008680,1,224.29,39.0,1.25,14.0,8.0,102.45,2024-01-01
mkt_001843,0,87.59,24.0,18.79,14.0,0.0,208.64,2024-01-21
mkt_001734,0,295.63,51.0,7.85,16.0,6.0,218.62,2024-01-04
mkt_002911,0,657.58,240.0,8.48,22.0,0.0,857.05,2024-01-18
mkt_008338,1,641.77,27.0,5.68,10.0,8.0,136.22,2024-01-11
mkt_001986,0,965.85,50.0,40.01,11.0,2.0,1036.84,2024-01-30
mkt_009561,1,736.72,309.0,7.59,16.0,3.0,251.33,2024-01-03
mkt_006546,1,318.36,244.0,7.69,6.0,9.0,57.39,2024-01-16
mkt_007098,1,2111.05,122.0,23.99,15.0,3.0,115.49,2024-01-18
mkt_002811,0,609.46,59.0,8.78,13.0,0.0,198.01,2024-01-06
mkt_000659,0,37.96,192.0,169.69,11.0,0.0,77.47,2024-01-06
mkt_002511,0,333.36,112.0,74.38,6.0,4.0,229.15,2024-01-17
mkt_004282,0,71.25,108.0,6.32,12.0,4.0,391.05,2024-01-08
mkt_009339,1,450.12,139.0,50.07,15.0,4.0,449.15,2024-01-08
mkt_008800,1,94.35,18.0,11.43,14.0,1.0,259.33,2024-01-06
mkt_006287,1,398.41,145.0,9.49,14.0,3.0,235.73,2024-01-15
mkt_001930,0,2692.15,1825.0,17.77,10.0,4.0,420.11,2024-01-11
mkt_007125,1,163.39,135.0,2.94,11.0,1.0,164.64,2024-01-16
mkt_000197,0,403.92,81.0,13.33,13.0,5.0,130.28,2024-01-30
mkt_007777,1,44.05,10.0,14.34,5.0,5.0,116.1,2024-01-19
mkt_002931,0,83.12,29.0,16.5,15.0,2.0,81.13,2024-01-28
mkt_008004,1,307.81,122.0,26.06,13.0,2.0,205.06,2024-01-11
mkt_002327,0,103.31,77.0,16.52,10.0,7.0,585.42,2024-01-05
mkt_004389,0,247.89,220.0,22.63,11.0,7.0,529.52,2024-01-03
mkt_008958,1,317.33,27.0,3.13,14.0,6.0,73.99,2024-01-26
mkt_004218,0,735.96,457.0,16.69,9.0,7.0,120.72,2024-01-23
mkt_000202,0,56.34,45.0,2.8,7.0,6.0,245.06,2024-01-21
mkt_003510,0,439.29,124.0,41.36,10.0,8.0,26.61,2024-01-29
mkt_004931,1,74.12,138.0,11.69,12.0,5.0,986.72,2024-01-07
mkt_005535,1,247.76,410.0,22.4,20.0,3.0,1200.92,2024-01-24
mkt_005791,1,117.69,146.0,15.48,10.0,7.0,143.39,2024-01-24
mkt_001707,0,137.49,19.0,66.09,15.0,2.0,137.51,2024-01-30
mkt_005172,1,176.23,76.0,24.59,7.0,4.0,165.72,2024-01-17
mkt_005249,1,146.63,16.0,32.45,9.0,8.0,80.63,2024-01-06
mkt_006528,1,578.2,135.0,15.83,18.0,9.0,641.0,2024-01-12
mkt_009848,1,387.83,348.0,45.56,16.0,4.0,884.6,2024-01-26
mkt_005855,1,239.97,558.0,41.47,11.0,4.0,173.61,2024-01-07
mkt_008164,1,191.36,314.0,18.76,8.0,9.0,458.55,2024-01-25
mkt_000854,0,116.66,146.0,16.07,10.0,1.0,145.03,2024-01-09
mkt_004737,1,151.49,230.0,13.78,7.0,4.0,360.1,2024-01-06
mkt_000698,0,1210.7,69.0,49.69,4.0,3.0,291.51,2024-01-18
mkt_003696,0,4827.29,598.0,13.35,10.0,3.0,817.73,2024-01-15
mkt_001636,0,521.96,79.0,10.95,8.0,7.0,313.85,2024-01-02
mkt_007280,1,249.4,636.0,4.18,12.0,0.0,192.4,2024-01-16
mkt_007554,1,244.22,70.0,10.85,14.0,4.0,214.32,2024-01-08
mkt_003581,0,1690.72,319.0,21.4,11.0,4.0,205.74,2024-01-15
mkt_001291,0,94.3,43.0,38.26,10.0,0.0,227.18,2024-01-22
mkt_006585,1,629.27,160.0,12.08,11.0,3.0,1057.4,2024-01-28
mkt_001853,0,1588.9,32.0,49.28,12.0,8.0,103.21,2024-01-11
mkt_005232,1,758.36,346.0,10.24,10.0,3.0,473.66,2024-01-09
mkt_003763,0,1278.65,283.0,91.78,17.0,5.0,317.07,2024-01-12
mkt_003304,0,2652.8,1366.0,19.56,8.0,8.0,512.33,2024-01-01
mkt_001495,0,666.36,369.0,49.91,14.0,3.0,289.43,2024-01-14
mkt_007994,1,725.15,259.0,12.44,13.0,6.0,722.38,2024-01-06
mkt_001998,0,21.85,61.0,49.03,12.0,7.0,144.21,2024-01-04
mkt_000663,0,103.72,58.0,29.96,17.0,6.0,167.15,2024-01-06
mkt_003748,0,581.54,294.0,107.58,18.0,5.0,1130.1,2024-01-30
mkt_004413,0,331.95,325.0,99.78,12.0,6.0,264.78,2024-01-05
mkt_005530,1,485.18,798.0,52.77,14.0,5.0,602.58,2024-01-16
mkt_005575,1,549.87,66.0,73.58,9.0,3.0,52.22,2024-01-10
mkt_008901,1,309.02,130.0,46.53,11.0,7.0,438.78,2024-01-17
mkt_007526,1,33.35,94.0,26.22,11.0,7.0,165.01,2024-01-15
mkt_009474,1,239.43,9.0,9.21,10.0,8.0,153.14,2024-01-18
mkt_005864,1,299.04,72.0,8.78,14.0,9.0,431.69,2024-01-03
mkt_006776,1,201.74,6.0,2.67,17.0,1.0,207.97,2024-01-13
mkt_001306,0,143.77,44.0,8.13,10.0,0.0,358.31,2024-01-03
mkt_007392,1,969.48,404.0,50.29,8.0,8.0,215.77,2024-01-03
mkt_005592,1,1507.1,397.0,5.26,12.0,5.0,98.31,2024-01-12
mkt_009721,1,329.26,262.0,28.57,6.0,0.0,49.28,2024-01-23
mkt_001663,0,440.75,128.0,15.94,20.0,9.0,564.28,2024-01-08
mkt_005450,1,818.27,106.0,90.9,14.0,9.0,162.09,2024-01-12
mkt_009954,1,972.79,175.0,28.82,9.0,3.0,124.46,2024-01-18
mkt_003627,0,73.58,41.0,68.43,10.0,1.0,214.05,2024-01-07
mkt_002693,0,615.26,661.0,12.01,9.0,0.0,149.76,2024-01-28
mkt_009789,1,288.37,21.0,18.54,12.0,3.0,15.97,2024-01-25
mkt_005915,1,465.07,13.0,11.55,18.0,8.0,68.1,2024-01-26
mkt_003157,0,73.97,17.0,7.22,6.0,1.0,179.42,2024-01-17
mkt_006668,1,1467.89,216.0,52.12,14.0,6.0,442.67,2024-01-06
mkt_001059,0,80.47,72.0,10.13,18.0,7.0,277.74,2024-01-19
mkt_004636,1,86.3,33.0,13.9,9.0,6.0,259.16,2024-01-26
mkt_003242,0,466.93,67.0,118.83,10.0,9.0,313.24,2024-01-16
mkt_001678,0,202.06,307.0,69.65,17.0,3.0,237.43,2024-01-27
mkt_006892,1,369.34,49.0,68.04,14.0,4.0,318.5,2024-01-13
mkt_006374,1,46.36,99.0,220.46,9.0,8.0,66.9,2024-01-11
mkt_007574,1,44.46,74.0,11.35,16.0,0.0,408.49,2024-01-07
mkt_001757,0,133.66,56.0,3.21,17.0,7.0,427.88,2024-01-25
mkt_006019,1,71.79,21.0,15.74,10.0,8.0,729.99,2024-01-19
mkt_005116,1,508.75,531.0,26.2,10.0,2.0,363.41,2024-01-21
mkt_008755,1,719.52,187.0,22.54,6.0,9.0,175.46,2024-01-11
mkt_007408,1,259.01,103.0,121.56,10.0,7.0,190.63,2024-01-01
mkt_002790,0,103.55,69.0,15.76,9.0,1.0,145.0,2024-01-15
mkt_000863,0,146.87,5.0,73.77,13.0,1.0,79.63,2024-01-22
mkt_007858,1,906.48,54.0,49.97,12.0,1.0,302.24,2024-01-06
mkt_001484,0,144.68,127.0,6.29,4.0,2.0,794.51,2024-01-29
mkt_007035,1,74.87,44.0,25.9,13.0,2.0,59.01,2024-01-14
mkt_007721,1,244.26,15.0,4.03,11.0,8.0,106.3,2024-01-11
mkt_005977,1,410.67,313.0,8.77,11.0,3.0,175.31,2024-01-09
mkt_005134,1,248.41,75.0,21.93,9.0,2.0,115.31,2024-01-03
mkt_000206,0,618.83,309.0,139.58,11.0,3.0,302.53,2024-01-21
mkt_004488,0,57.92,23.0,49.25,14.0,3.0,108.32,2024-01-25
mkt_006938,1,1216.6,20.0,11.11,7.0,7.0,67.36,2024-01-19
mkt_009062,1,496.32,76.0,9.32,13.0,4.0,303.97,2024-01-08
mkt_006910,1,261.44,214.0,35.84,11.0,3.0,790.36,2024-01-20
mkt_000502,0,101.42,76.0,26.08,18.0,7.0,688.88,2024-01-04
mkt_007385,1,252.1,948.0,2.23,11.0,5.0,477.24,2024-01-18
mkt_001028,0,251.07,30.0,3.73,8.0,8.0,429.26,2024-01-18
mkt_003840,0,206.48,73.0,17.32,11.0,7.0,267.11,2024-01-19
mkt_008110,1,206.03,4.0,11.35,10.0,2.0,77.84,2024-01-18
mkt_005056,1,515.41,61.0,17.72,11.0,6.0,201.93,2024-01-30
mkt_009762,1,532.72,133.0,17.52,14.0,5.0,41.18,2024-01-26
mkt_008154,1,662.68,40.0,39.42,11.0,7.0,177.2,2024-01-12
mkt_002731,0,628.61,87.0,44.29,14.0,9.0,125.34,2024-01-26
mkt_008996,1,156.47,18.0,45.3,11.0,7.0,56.73,2024-01-09
mkt_002454,0,2039.58,115.0,6.4,9.0,9.0,504.9,2024-01-18
mkt_007215,1,202.36,63.0,5.31,10.0,5.0,244.41,2024-01-02
mkt_003104,0,88.67,54.0,3.53,12.0,3.0,219.49,2024-01-02
mkt_008392,1,63.06,12.0,76.85,6.0,2.0,53.96,2024-01-19
mkt_006278,1,115.19,321.0,13.27,18.0,6.0,284.32,2024-01-20
mkt_003099,0,362.95,116.0,42.79,15.0,7.0,471.24,2024-01-14
mkt_006184,1,876.01,33.0,80.45,24.0,2.0,174.72,2024-01-08
mkt_003561,0,148.33,59.0,4.54,14.0,5.0,171.35,2024-01-16
mkt_005892,1,199.21,21.0,14.47,15.0,3.0,31.45,2024-01-19
mkt_000391,0,163.62,17.0,4.66,10.0,1.0,44.29,2024-01-26
mkt_006736,1,77.04,24.0,7.56,9.0,5.0,110.84,2024-01-17
mkt_005618,1,156.52,447.0,11.8,15.0,1.0,1944.15,2024-01-25
mkt_005258,1,269.38,57.0,19.23,10.0,1.0,272.83,2024-01-19
mkt_009687,1,395.9,61.0,22.08,11.0,8.0,921.21,2024-01-19
mkt_002695,0,310.31,17.0,30.06,12.0,8.0,163.19,2024-01-06
mkt_002027,0,439.35,125.0,16.37,17.0,0.0,775.78,2024-01-14
mkt_005463,1,2452.37,349.0,94.55,10.0,3.0,1243.88,2024-01-29
mkt_002568,0,496.14,128.0,48.1,14.0,0.0,561.96,2024-01-15
mkt_008006,1,553.0,111.0,6.73,12.0,9.0,136.4,2024-01-21
mkt_000064,0,128.93,90.0,44.99,7.0,0.0,300.88,2024-01-25
mkt_002062,0,43.87,20.0,30.58,6.0,0.0,231.77,2024-01-12
mkt_005276,1,430.91,134.0,91.17,15.0,5.0,290.21,2024-01-10
mkt_007208,1,241.88,181.0,4.56,13.0,9.0,1631.15,2024-01-23
mkt_008684,1,617.49,368.0,181.19,10.0,3.0,237.56,2024-01-30
mkt_008571,1,387.56,217.0,1.28,16.0,5.0,123.61,2024-01-22
mkt_006331,1,541.92,253.0,85.54,14.0,3.0,156.78,2024-01-20
mkt_004859,1,256.64,122.0,4.01,12.0,5.0,222.74,2024-01-26
mkt_004887,1,120.68,57.0,7.66,14.0,0.0,585.43,2024-01-14
mkt_009268,1,2150.6,325.0,8.23,13.0,7.0,146.4,2024-01-15
mkt_000878,0,139.94,21.0,255.62,12.0,7.0,402.26,2024-01-06
mkt_008529,1,731.63,57.0,101.81,17.0,8.0,101.95,2024-01-18
mkt_007916,1,867.97,278.0,118.27,9.0,0.0,633.59,2024-01-07
mkt_006863,1,98.79,19.0,26.69,12.0,7.0,30.45,2024-01-29
mkt_007892,1,699.34,463.0,16.81,15.0,2.0,275.68,2024-01-16
mkt_006439,1,1138.75,298.0,43.0,7.0,5.0,89.75,2024-01-22
mkt_007869,1,2920.66,118.0,43.43,8.0,6.0,118.98,2024-01-17
mkt_001016,0,126.8,205.0,30.11,13.0,0.0,1710.46,2024-01-30
mkt_009467,1,230.5,1665.0,10.34,14.0,6.0,923.32,2024-01-05
mkt_007629,1,344.79,31.0,31.65,22.0,7.0,48.6,2024-01-22
mkt_000995,0,10182.3,150.0,60.49,12.0,4.0,182.17,2024-01-21
mkt_004297,0,174.86,62.0,7.81,15.0,5.0,76.47,2024-01-18
mkt_000161,0,972.22,11.0,17.72,10.0,7.0,564.81,2024-01-06
mkt_005675,1,435.81,61.0,76.12,20.0,7.0,514.96,2024-01-20
mkt_006873,1,3140.56,80.0,3.48,13.0,5.0,371.37,2024-01-10
mkt_009692,1,237.81,91.0,92.9,16.0,4.0,233.59,2024-01-10
mkt_007989,1,97.93,44.0,27.93,13.0,5.0,95.17,2024-01-10
mkt_003843,0,578.78,293.0,21.55,13.0,7.0,573.8,2024-01-24
mkt_001021,0,116.27,55.0,154.65,16.0,9.0,326.27,2024-01-23
mkt_003073,0,155.11,29.0,56.53,7.0,2.0,206.35,2024-01-18
mkt_007555,1,705.55,27.0,15.17,8.0,1.0,175.56,2024-01-21
mkt_003943,0,839.33,1088.0,22.71,11.0,7.0,704.07,2024-01-16
mkt_001585,0,466.72,58.0,6.65,10.0,7.0,774.59,2024-01-26
mkt_003152,0,148.05,718.0,56.23,8.0,2.0,370.92,2024-01-08
mkt_008226,1,271.26,172.0,9.68,7.0,9.0,303.51,2024-01-11
mkt_000775,0,96.09,20.0,11.23,12.0,3.0,105.76,2024-01-14
mkt_009670,1,3978.52,46.0,17.51,13.0,6.0,66.83,2024-01-30
mkt_007099,1,70.92,19.0,28.03,10.0,7.0,133.31,2024-01-26
mkt_005486,1,155.34,16.0,6.2,18.0,5.0,49.77,2024-01-16
mkt_006235,1,51.58,19.0,13.95,14.0,6.0,71.18,2024-01-09
mkt_009555,1,717.71,94.0,4.7,22.0,9.0,127.0,2024-01-26
mkt_007041,1,323.34,46.0,47.52,15.0,3.0,68.13,2024-01-08
mkt_002612,0,505.59,133.0,47.72,9.0,5.0,62.59,2024-01-07
mkt_007513,1,189.44,48.0,39.41,13.0,9.0,146.85,2024-01-01
mkt_008433,1,545.8,127.0,9.46,13.0,2.0,881.12,2024-01-10
mkt_008792,1,190.19,32.0,141.37,11.0,4.0,139.71,2024-01-01
mkt_005393,1,375.73,160.0,6.18,10.0,6.0,122.92,2024-01-09
mkt_008838,1,224.58,30.0,13.67,8.0,8.0,36.34,2024-01-11
mkt_003890,0,103.9,10.0,27.69,13.0,2.0,350.58,2024-01-11
mkt_003556,0,319.59,81.0,3.42,10.0,1.0,140.83,2024-01-29
mkt_001528,0,120.78,197.0,9.2,7.0,3.0,130.33,2024-01-08
mkt_001267,0,1112.42,179.0,23.67,13.0,7.0,136.39,2024-01-20
mkt_007734,1,157.02,26.0,5.32,12.0,3.0,169.82,2024-01-06
mkt_001899,0,955.91,6.0,3.54,7.0,9.0,139.57,2024-01-18
mkt_004658,1,1595.51,274.0,18.18,17.0,3.0,365.67,2024-01-16
mkt_003005,0,181.96,35.0,13.67,19.0,0.0,720.08,2024-01-30
mkt_002734,0,95.49,368.0,59.71,8.0,7.0,467.89,2024-01-30
mkt_000189,0,104.59,266.0,16.67,14.0,9.0,309.6,2024-01-16
mkt_009167,1,243.11,63.0,23.99,11.0,5.0,220.42,2024-01-25
mkt_002747,0,302.73,356.0,14.47,17.0,8.0,110.69,2024-01-02
mkt_002047,0,779.77,92.0,7.97,9.0,8.0,51.55,2024-01-13
mkt_007849,1,239.07,50.0,57.58,17.0,1.0,225.61,2024-01-23
mkt_002558,0,183.32,13.0,22.7,16.0,7.0,86.32,2024-01-24
mkt_009274,1,514.6,369.0,22.23,12.0,0.0,185.78,2024-01-23
mkt_008666,1,262.69,117.0,42.26,12.0,1.0,1719.76,2024-01-10
mkt_006396,1,76.73,88.0,13.5,8.0,5.0,197.62,2024-01-29
mkt_003385,0,209.44,153.0,131.91,9.0,7.0,404.49,2024-01-26
mkt_004555,1,148.32,69.0,7.1,15.0,4.0,178.57,2024-01-04
mkt_001184,0,123.64,39.0,79.92,12.0,9.0,111.94,2024-01-26
mkt_006420,1,88.58,20.0,21.56,8.0,4.0,294.11,2024-01-17
mkt_005051,1,92.29,45.0,15.43,13.0,5.0,454.82,2024-01-11
mkt_005311,1,832.11,385.0,500.0,18.0,9.0,427.26,2024-01-01
mkt_002433,0,59.95,72.0,14.94,9.0,2.0,581.66,2024-01-11
mkt_006949,1,114.53,43.0,132.87,9.0,1.0,179.27,2024-01-20
mkt_000769,0,1427.64,667.0,5.98,14.0,6.0,130.58,2024-01-05
mkt_001685,0,34.03,31.0,32.3,12.0,3.0,496.87,2024-01-09
mkt_008322,1,687.29,418.0,48.26,8.0,1.0,187.68,2024-01-29
mkt_005578,1,610.15,64.0,20.02,20.0,9.0,550.36,2024-01-25
mkt_004426,0,22.09,134.0,5.04,12.0,1.0,633.95,2024-01-23
mkt_000466,0,142.75,150.0,20.9,8.0,7.0,161.08,2024-01-09
mkt_006265,1,845.14,123.0,19.38,21.0,9.0,121.89,2024-01-22
mkt_005734,1,299.6,472.0,13.61,12.0,9.0,860.81,2024-01-08
mkt_005191,1,432.46,958.0,6.24,9.0,7.0,558.36,2024-01-06
mkt_005390,1,2169.07,129.0,78.45,16.0,3.0,149.43,2024-01-11
mkt_000860,0,331.45,17.0,27.19,13.0,3.0,163.65,2024-01-18
mkt_007270,1,118.79,20.0,72.79,11.0,2.0,104.84,2024-01-20
