subject_id,variant,outcome,company_size,days_since_signup,plan_type,feature_usage_count,pre_experiment_outcome,experiment_day
saas_006252,1,44.87,91.0,3.0,2.0,3.0,38.35,24
saas_004684,0,23.42,7.0,3.0,0.0,12.0,13.18,28
saas_001731,1,20.76,19.0,1.0,0.0,18.0,14.27,27
saas_004742,0,42.28,17.0,10.0,0.0,12.0,49.13,3
saas_004521,0,19.27,32.0,5.0,1.0,10.0,6.22,29
saas_006340,1,27.58,13.0,25.0,0.0,8.0,6.87,21
saas_000576,1,57.55,149.0,40.0,1.0,5.0,40.28,20
saas_005202,0,32.24,4.0,64.0,0.0,11.0,38.72,12
saas_006363,0,0.0,21.0,12.0,1.0,6.0,16.65,30
saas_000439,1,17.23,38.0,6.0,1.0,7.0,36.87,12
saas_002750,1,30.75,36.0,30.0,1.0,7.0,50.01,26
saas_007487,1,17.34,85.0,13.0,0.0,10.0,39.14,20
saas_005272,0,0.0,7.0,61.0,1.0,2.0,38.28,13
saas_005653,1,78.09,49.0,6.0,1.0,12.0,47.51,30
saas_003999,0,43.54,3.0,9.0,0.0,5.0,40.64,8
saas_006033,0,44.02,36.0,9.0,1.0,17.0,25.57,11
saas_000582,1,9.31,12.0,18.0,2.0,4.0,30.31,21
saas_009930,1,23.47,2.0,13.0,1.0,4.0,50.37,25
saas_007051,0,0.0,281.0,16.0,1.0,5.0,30.65,7
saas_008158,1,61.23,21.0,1.0,0.0,8.0,28.12,20
saas_009896,0,15.45,16.0,2.0,0.0,11.0,15.81,1
saas_002249,0,32.24,115.0,10.0,1.0,10.0,29.39,3
saas_004640,0,17.75,196.0,28.0,0.0,5.0,35.36,19
saas_009485,1,7.7,44.0,21.0,0.0,7.0,3.87,30
saas_004947,0,52.47,34.0,15.0,1.0,11.0,36.13,26
saas_009920,0,4.62,339.0,1.0,2.0,6.0,28.97,5
saas_001963,1,36.36,14.0,4.0,0.0,12.0,8.67,12
saas_008243,1,48.07,182.0,5.0,2.0,7.0,23.2,23
saas_006590,0,36.19,35.0,16.0,2.0,7.0,34.97,30
saas_008847,0,0.0,1.0,16.0,0.0,13.0,0.0,18
saas_000321,1,24.98,15.0,5.0,0.0,5.0,25.38,9
saas_002678,1,17.1,1.0,43.0,0.0,5.0,8.28,4
saas_004625,1,37.31,35.0,10.0,1.0,9.0,34.63,4
saas_004949,0,13.73,71.0,17.0,1.0,10.0,52.41,26
saas_008328,0,29.51,6.0,30.0,0.0,10.0,0.0,4
saas_003337,1,30.08,41.0,31.0,0.0,10.0,42.02,18
saas_005589,1,7.96,4.0,7.0,0.0,11.0,24.16,24
saas_000251,1,29.17,33.0,5.0,0.0,9.0,7.68,29
saas_003973,1,55.21,257.0,64.0,0.0,7.0,31.59,14
saas_006630,0,81.54,33.0,10.0,1.0,10.0,55.97,30
saas_005547,0,11.15,88.0,20.0,1.0,4.0,19.63,18
saas_000035,0,0.0,109.0,22.0,1.0,11.0,32.45,5
saas_008362,0,0.0,74.0,11.0,1.0,4.0,10.09,2
saas_001513,1,59.72,1.0,6.0,2.0,10.0,26.7,21
saas_009317,0,33.41,8.0,4.0,1.0,10.0,30.55,27
saas_000039,0,53.75,53.0,4.0,1.0,7.0,40.61,6
saas_004819,1,7.0,2.0,4.0,0.0,8.0,23.93,23
saas_003465,0,78.43,444.0,1.0,1.0,8.0,44.81,15
saas_001760,1,13.43,3.0,19.0,1.0,7.0,12.11,18
saas_002304,1,21.13,34.0,19.0,0.0,7.0,23.64,29
saas_003723,1,27.64,78.0,8.0,2.0,5.0,29.18,12
saas_008284,0,20.81,59.0,11.0,0.0,8.0,13.85,23
saas_004993,0,42.54,7.0,3.0,0.0,5.0,33.62,3
saas_008127,1,10.09,145.0,24.0,0.0,5.0,9.93,7
saas_003032,1,0.45,3.0,6.0,0.0,8.0,0.0,15
saas_007938,0,32.17,48.0,16.0,1.0,8.0,35.38,25
saas_003039,0,0.0,18.0,18.0,2.0,7.0,21.69,9
saas_009655,1,9.9,1.0,1.0,0.0,6.0,0.0,22
saas_002545,1,0.45,9.0,34.0,2.0,6.0,19.26,15
saas_002592,0,45.29,40.0,5.0,0.0,10.0,31.98,23
saas_001188,1,6.86,50.0,1.0,1.0,7.0,17.07,22
saas_007966,1,0.86,15.0,13.0,0.0,7.0,23.57,2
saas_006077,0,33.24,5.0,3.0,0.0,4.0,10.43,23
saas_000107,1,38.3,12.0,8.0,0.0,7.0,22.83,22
saas_001315,0,56.13,315.0,35.0,2.0,2.0,26.38,9
saas_008187,0,17.69,4.0,8.0,0.0,8.0,11.81,24
saas_002753,0,9.93,23.0,20.0,2.0,7.0,24.73,15
saas_009753,0,23.84,52.0,1.0,0.0,8.0,54.22,6
saas_006231,1,0.45,73.0,27.0,0.0,6.0,15.0,18
saas_002876,1,0.45,2.0,15.0,0.0,13.0,0.0,4
saas_005323,0,68.73,5.0,4.0,0.0,8.0,87.72,12
saas_000799,1,63.45,21.0,4.0,2.0,10.0,44.05,24
saas_003570,1,31.56,59.0,22.0,2.0,1.0,41.26,2
saas_002894,1,25.82,7.0,44.0,0.0,11.0,28.7,30
saas_002927,1,4.33,30.0,11.0,1.0,3.0,24.96,7
saas_008178,1,75.8,14.0,14.0,0.0,8.0,55.68,12
saas_000971,1,13.32,17.0,3.0,0.0,9.0,11.04,23
saas_006687,0,39.58,3.0,6.0,1.0,6.0,21.44,20
saas_008575,0,14.44,37.0,14.0,1.0,6.0,9.17,2
saas_002020,0,60.57,20.0,6.0,0.0,8.0,45.72,4
saas_009054,1,0.45,39.0,6.0,0.0,7.0,0.0,18
saas_000952,0,9.38,41.0,5.0,0.0,15.0,23.15,18
saas_005359,0,61.68,16.0,5.0,0.0,8.0,62.3,30
saas_003857,1,0.45,20.0,14.0,1.0,13.0,33.12,30
saas_005861,0,80.77,122.0,19.0,1.0,9.0,55.08,11
saas_003145,1,1.46,35.0,10.0,0.0,3.0,18.45,14
saas_003305,1,36.22,43.0,9.0,0.0,12.0,37.28,28
saas_003006,0,0.0,1.0,8.0,2.0,6.0,23.36,3
saas_009001,1,7.22,3.0,26.0,0.0,7.0,28.95,20
saas_007770,0,21.49,126.0,5.0,0.0,14.0,27.2,23
saas_007438,0,33.09,6.0,1.0,2.0,10.0,49.17,15
saas_007942,1,0.45,61.0,29.0,0.0,15.0,5.56,13
saas_009238,0,27.2,15.0,7.0,0.0,5.0,17.48,1
saas_001056,1,35.18,25.0,1.0,0.0,5.0,48.68,16
saas_003154,1,44.1,8.0,26.0,1.0,9.0,37.34,19
saas_003787,1,17.85,21.0,34.0,1.0,8.0,13.49,3
saas_009189,0,32.28,74.0,12.0,0.0,10.0,23.46,21
saas_007825,1,0.45,19.0,4.0,2.0,8.0,6.96,17
saas_007539,0,19.36,14.0,1.0,1.0,6.0,33.21,4
saas_007231,0,15.05,98.0,45.0,0.0,6.0,29.75,21
saas_000764,0,58.89,33.0,11.0,1.0,5.0,54.31,26
saas_005019,1,46.02,75.0,6.0,1.0,4.0,15.93,12
saas_004903,0,2.2,26.0,2.0,0.0,9.0,25.57,6
saas_008093,0,0.0,23.0,18.0,1.0,7.0,0.0,26
saas_006843,1,26.41,18.0,25.0,1.0,5.0,26.09,17
saas_002165,1,31.83,130.0,4.0,0.0,14.0,39.16,15
saas_001862,0,19.89,167.0,20.0,0.0,7.0,8.12,27
saas_007850,0,1.39,51.0,32.0,2.0,11.0,23.39,15
saas_009123,1,74.31,40.0,6.0,0.0,6.0,43.5,6
saas_002340,0,41.34,184.0,13.0,1.0,10.0,29.13,17
saas_005527,0,19.99,27.0,13.0,0.0,6.0,15.11,2
saas_006743,0,0.0,184.0,5.0,0.0,10.0,0.0,20
saas_004003,0,43.0,577.0,10.0,1.0,2.0,42.64,5
saas_001123,1,31.18,14.0,51.0,1.0,4.0,29.39,3
saas_008709,0,63.99,9.0,3.0,0.0,7.0,35.89,5
saas_004049,1,7.15,22.0,8.0,1.0,14.0,23.0,16
saas_007640,0,27.93,11.0,1.0,2.0,6.0,11.4,11
saas_000765,0,47.97,1.0,7.0,0.0,9.0,39.02,28
saas_002344,1,58.19,67.0,6.0,1.0,7.0,36.76,8
saas_004071,0,45.91,15.0,20.0,2.0,11.0,25.05,11
saas_007216,0,0.0,1.0,17.0,2.0,7.0,16.63,15
saas_004216,1,48.21,123.0,13.0,2.0,6.0,20.93,25
saas_007952,1,54.76,19.0,23.0,0.0,8.0,28.84,5
saas_005970,0,0.0,38.0,14.0,1.0,11.0,1.13,6
saas_003350,0,79.69,22.0,1.0,1.0,15.0,53.08,26
saas_004695,0,16.33,34.0,20.0,0.0,5.0,9.54,27
saas_003399,0,16.38,9.0,2.0,1.0,7.0,13.16,11
saas_004081,1,53.36,73.0,5.0,1.0,11.0,43.86,28
saas_009149,0,0.47,29.0,3.0,0.0,7.0,22.44,4
saas_001224,0,4.3,5.0,19.0,1.0,7.0,12.33,13
saas_006292,0,0.0,23.0,1.0,0.0,10.0,19.0,15
saas_003122,1,53.75,56.0,3.0,0.0,10.0,32.55,29
saas_000510,1,48.63,1.0,43.0,0.0,10.0,37.33,26
saas_005794,0,12.65,4.0,17.0,1.0,7.0,22.64,11
saas_008181,1,44.88,1.0,2.0,0.0,2.0,34.1,12
saas_009417,1,21.23,14.0,26.0,2.0,7.0,2.12,19
saas_000096,0,0.0,2.0,30.0,1.0,17.0,27.96,12
saas_006681,0,46.57,2.0,12.0,0.0,4.0,51.21,1
saas_001512,0,54.96,76.0,2.0,1.0,9.0,56.14,14
saas_008791,0,61.87,196.0,15.0,0.0,8.0,6.17,1
saas_000119,0,50.58,14.0,9.0,0.0,8.0,21.99,3
saas_007791,0,32.49,1.0,19.0,0.0,9.0,43.39,13
saas_006517,0,31.03,5.0,2.0,0.0,6.0,27.7,11
saas_000033,0,37.63,5.0,21.0,2.0,9.0,14.23,13
saas_007887,0,33.16,2.0,2.0,0.0,7.0,13.55,19
saas_006830,0,22.69,14.0,5.0,1.0,11.0,27.08,16
saas_005421,1,37.01,3.0,6.0,0.0,6.0,49.03,23
saas_001068,1,57.33,175.0,26.0,1.0,9.0,27.74,2
saas_001347,1,12.03,6.0,2.0,1.0,9.0,35.18,3
saas_004747,1,21.71,3.0,17.0,2.0,6.0,5.56,16
saas_006005,0,29.43,45.0,8.0,0.0,5.0,35.29,7
saas_006039,1,36.7,62.0,7.0,1.0,7.0,34.07,25
saas_003817,1,38.93,26.0,1.0,1.0,7.0,47.82,20
saas_008446,0,4.55,162.0,23.0,1.0,12.0,21.06,21
saas_005269,0,0.0,6.0,33.0,0.0,8.0,4.94,8
saas_006897,1,43.01,3.0,9.0,2.0,9.0,27.36,28
saas_005309,0,38.87,58.0,6.0,0.0,8.0,35.7,9
saas_000031,1,52.75,10.0,6.0,1.0,7.0,38.8,11
saas_005674,0,37.53,12.0,29.0,1.0,8.0,11.63,11
saas_004386,1,0.45,13.0,89.0,0.0,10.0,9.45,12
saas_000029,1,68.7,38.0,10.0,0.0,7.0,20.63,20
saas_004202,0,0.0,45.0,8.0,2.0,7.0,26.17,18
saas_007507,1,0.6,6.0,2.0,0.0,6.0,21.8,15
saas_000735,0,24.04,25.0,35.0,1.0,13.0,29.68,19
saas_002067,1,35.22,19.0,11.0,0.0,4.0,34.74,29
saas_000106,1,16.69,4.0,16.0,1.0,2.0,17.59,15
saas_009644,0,10.0,64.0,9.0,0.0,5.0,29.92,17
saas_008894,1,14.3,48.0,15.0,1.0,2.0,33.87,20
saas_008020,0,64.23,190.0,11.0,0.0,13.0,52.39,29
saas_002232,0,64.37,2.0,4.0,0.0,2.0,53.53,22
saas_000993,0,52.74,144.0,6.0,0.0,16.0,37.41,5
saas_009412,1,33.22,8.0,53.0,1.0,3.0,28.42,1
saas_007058,0,44.85,189.0,8.0,1.0,11.0,36.57,22
saas_006789,1,8.13,7.0,3.0,0.0,5.0,23.85,17
saas_000360,0,1.71,15.0,12.0,0.0,6.0,20.4,10
saas_000304,1,13.16,18.0,29.0,0.0,13.0,23.1,29
saas_002627,1,42.41,181.0,4.0,0.0,6.0,29.13,8
saas_008965,0,32.99,90.0,37.0,0.0,6.0,29.84,1
saas_004513,1,41.11,6.0,9.0,1.0,8.0,20.04,6
saas_005910,1,62.3,229.0,16.0,2.0,11.0,42.74,24
saas_008313,1,9.31,5.0,2.0,0.0,11.0,0.0,15
saas_003100,1,58.37,4.0,10.0,1.0,9.0,26.49,5
saas_005703,1,31.05,20.0,1.0,0.0,11.0,35.13,7
saas_003898,1,24.75,7.0,23.0,1.0,12.0,67.8,16
saas_005440,0,0.0,19.0,9.0,1.0,14.0,27.28,18
saas_007930,0,17.37,8.0,2.0,0.0,8.0,15.87,19
saas_000621,1,28.16,21.0,25.0,0.0,10.0,21.24,30
saas_007235,0,48.16,116.0,4.0,2.0,13.0,28.05,24
saas_002498,1,21.53,8.0,2.0,0.0,7.0,29.59,16
saas_000713,0,29.53,19.0,4.0,0.0,6.0,51.45,8
saas_008403,0,66.18,51.0,1.0,0.0,6.0,65.77,22
saas_002855,1,33.34,213.0,2.0,1.0,11.0,32.13,3
saas_004269,0,63.03,15.0,2.0,0.0,6.0,46.05,25
saas_002908,0,39.88,3.0,17.0,0.0,8.0,39.98,3
saas_008080,1,65.56,6.0,30.0,0.0,3.0,23.41,26
saas_004516,1,35.2,67.0,2.0,1.0,7.0,30.34,27
saas_001261,1,0.45,23.0,5.0,0.0,7.0,2.01,3
saas_003160,0,0.0,18.0,34.0,0.0,10.0,0.0,29
saas_000970,1,60.31,13.0,21.0,1.0,12.0,49.68,24
saas_003912,1,53.63,9.0,8.0,0.0,12.0,55.67,23
saas_005198,0,14.19,8.0,13.0,1.0,10.0,21.93,13
saas_008846,1,0.45,15.0,10.0,0.0,10.0,4.5,10
saas_000259,1,44.87,2.0,38.0,0.0,12.0,41.48,30
saas_003790,0,50.67,9.0,12.0,1.0,11.0,36.11,3
saas_009202,0,63.57,12.0,12.0,1.0,6.0,32.48,28
saas_000487,1,28.83,38.0,5.0,0.0,5.0,24.39,23
saas_007907,0,0.84,2.0,8.0,1.0,8.0,11.3,18
saas_000518,1,41.78,77.0,3.0,1.0,6.0,46.47,25
saas_008342,1,43.36,3.0,8.0,1.0,12.0,46.23,25
saas_000311,0,0.0,38.0,19.0,0.0,6.0,22.53,22
saas_003231,1,60.57,193.0,1.0,0.0,2.0,55.12,12
saas_007932,1,47.49,77.0,11.0,0.0,6.0,32.96,29
saas_007457,1,0.45,8.0,11.0,2.0,8.0,7.61,9
saas_009783,1,0.45,7.0,12.0,1.0,6.0,11.76,4
saas_005183,0,50.64,1797.0,9.0,1.0,7.0,55.86,4
saas_008076,1,79.82,18.0,5.0,1.0,10.0,35.84,15
saas_006501,1,55.33,176.0,30.0,0.0,3.0,29.4,12
saas_006790,0,53.56,61.0,8.0,1.0,9.0,50.87,9
saas_007772,1,0.45,13.0,13.0,1.0,8.0,18.33,8
saas_002737,0,20.72,14.0,26.0,2.0,8.0,21.81,6
saas_007841,1,29.26,1.0,1.0,1.0,6.0,34.63,9
saas_006261,0,21.8,41.0,1.0,1.0,15.0,18.24,8
saas_008205,1,26.0,11.0,1.0,0.0,8.0,15.62,30
saas_001247,1,42.33,1.0,1.0,1.0,4.0,31.25,12
saas_009335,1,43.06,1.0,42.0,0.0,9.0,45.6,1
saas_004194,0,71.45,136.0,3.0,1.0,8.0,41.93,29
saas_008000,0,55.34,33.0,6.0,0.0,10.0,55.35,19
saas_007377,0,0.0,1.0,3.0,2.0,5.0,19.67,4
saas_003434,0,66.86,2.0,10.0,1.0,4.0,58.79,23
saas_005381,1,27.89,7.0,3.0,0.0,9.0,33.45,10
saas_000958,1,28.18,20.0,7.0,1.0,12.0,0.0,5
saas_000416,1,47.51,102.0,34.0,1.0,12.0,34.52,30
saas_005741,1,21.63,109.0,5.0,0.0,8.0,19.01,4
saas_006727,1,11.63,14.0,25.0,0.0,6.0,22.4,1
saas_004381,0,37.32,32.0,6.0,0.0,13.0,24.2,19
saas_005196,0,29.39,22.0,3.0,1.0,7.0,36.61,12
saas_001112,0,15.81,3.0,29.0,2.0,8.0,24.28,24
saas_002688,1,47.48,138.0,17.0,0.0,6.0,40.88,8
saas_006472,1,52.15,25.0,1.0,0.0,9.0,26.49,21
saas_008819,1,0.45,2.0,21.0,2.0,10.0,3.58,12
saas_007807,1,0.45,36.0,3.0,0.0,3.0,36.67,1
saas_003410,1,88.79,1.0,23.0,0.0,13.0,49.29,6
saas_000080,1,58.38,39.0,30.0,1.0,14.0,36.37,4
saas_004613,1,0.45,7.0,14.0,0.0,20.0,13.82,6
saas_001373,1,51.83,1.0,7.0,0.0,11.0,32.08,8
saas_001509,1,40.98,24.0,14.0,2.0,5.0,40.49,29
saas_006442,1,10.23,128.0,8.0,1.0,6.0,24.99,7
saas_003070,1,19.64,72.0,1.0,0.0,15.0,29.42,10
saas_003015,1,43.18,8.0,2.0,1.0,8.0,40.52,23
saas_004822,0,23.59,182.0,5.0,0.0,5.0,18.62,30
saas_007821,0,44.9,89.0,4.0,0.0,9.0,50.04,2
saas_000092,0,45.47,10.0,14.0,2.0,7.0,10.15,4
saas_009420,1,27.06,5.0,1.0,0.0,5.0,53.86,22
saas_006599,0,28.59,134.0,13.0,0.0,11.0,34.71,3
saas_004442,0,23.68,18.0,15.0,0.0,7.0,24.91,18
saas_007601,1,23.69,2.0,11.0,1.0,13.0,19.99,29
saas_003834,0,29.94,171.0,30.0,0.0,15.0,21.15,10
saas_009701,1,2.65,165.0,24.0,0.0,4.0,26.55,13
saas_004321,1,0.45,23.0,2.0,0.0,7.0,2.94,18
saas_003393,0,0.0,4.0,28.0,1.0,12.0,25.02,9
saas_004751,0,9.43,29.0,23.0,0.0,11.0,17.04,23
saas_007228,0,19.89,4.0,8.0,2.0,7.0,10.9,19
saas_009190,0,0.0,8.0,23.0,0.0,11.0,3.9,23
saas_002360,1,58.64,211.0,17.0,0.0,8.0,49.32,3
saas_001147,1,42.04,11.0,18.0,2.0,6.0,28.49,14
saas_005665,0,84.5,17.0,3.0,2.0,7.0,41.02,15
saas_008074,1,27.14,497.0,25.0,0.0,11.0,33.54,9
saas_004942,0,17.05,13.0,16.0,0.0,6.0,17.84,30
saas_003662,1,19.68,10.0,15.0,2.0,6.0,5.53,25
saas_001562,1,15.96,5.0,7.0,2.0,6.0,19.06,12
saas_004112,0,33.49,7.0,2.0,1.0,5.0,30.58,16
saas_009049,1,38.28,6.0,1.0,0.0,5.0,38.23,23
saas_009275,1,2.65,105.0,15.0,0.0,10.0,14.21,25
saas_008537,0,27.86,421.0,1.0,1.0,9.0,31.56,15
saas_000794,0,31.35,1.0,1.0,1.0,7.0,42.82,12
saas_005853,1,3.05,2.0,5.0,1.0,7.0,17.61,12
saas_007618,1,48.69,13.0,36.0,2.0,14.0,36.46,5
saas_001593,1,23.74,6.0,46.0,2.0,5.0,1.93,20
saas_007417,1,26.26,6.0,18.0,1.0,8.0,39.11,9
saas_005266,0,41.25,2.0,12.0,0.0,10.0,15.44,12
saas_007146,1,24.96,224.0,16.0,1.0,5.0,18.09,9
saas_000088,1,18.09,41.0,3.0,0.0,7.0,8.64,24
saas_008694,1,0.45,67.0,50.0,1.0,12.0,13.2,24
saas_009731,0,17.35,22.0,8.0,1.0,5.0,38.34,19
saas_009445,1,42.33,44.0,9.0,1.0,3.0,49.38,7
saas_006753,1,6.25,49.0,1.0,0.0,6.0,6.92,5
saas_003501,1,30.84,145.0,2.0,0.0,7.0,28.26,25
saas_002233,0,27.4,215.0,4.0,2.0,15.0,34.21,20
saas_002802,0,32.84,74.0,7.0,1.0,11.0,22.56,24
saas_004423,0,59.03,7.0,4.0,0.0,2.0,16.43,18
saas_005662,0,23.27,13.0,29.0,1.0,7.0,31.29,3
saas_007169,1,54.74,294.0,2.0,0.0,5.0,62.06,2
saas_008336,0,0.0,115.0,8.0,1.0,6.0,4.72,6
saas_002147,1,0.45,81.0,4.0,1.0,5.0,0.0,28
saas_007968,0,0.0,5.0,1.0,1.0,9.0,36.25,19
saas_006550,0,65.45,20.0,4.0,1.0,7.0,39.67,3
saas_007642,0,36.52,2.0,3.0,0.0,7.0,35.22,23
saas_006163,0,24.96,9.0,56.0,0.0,7.0,16.79,19
saas_001494,0,36.71,11.0,8.0,2.0,6.0,35.02,17
saas_007695,0,9.09,83.0,1.0,0.0,6.0,15.05,15
saas_007093,1,22.03,8.0,37.0,0.0,11.0,24.51,18
saas_001408,1,25.57,19.0,19.0,0.0,9.0,21.59,12
saas_006690,1,0.45,13.0,8.0,0.0,9.0,13.21,29
saas_003400,1,35.13,36.0,8.0,0.0,10.0,32.92,22
saas_000108,1,0.45,70.0,17.0,0.0,9.0,17.93,12
saas_005635,0,42.41,1.0,21.0,1.0,6.0,33.58,27
saas_008481,0,26.87,23.0,22.0,2.0,6.0,16.27,28
saas_006603,0,9.53,28.0,58.0,0.0,8.0,21.52,2
saas_001090,1,0.45,8.0,6.0,1.0,8.0,12.95,19
saas_005559,0,0.0,2.0,5.0,1.0,6.0,16.77,6
saas_009411,1,77.22,37.0,2.0,1.0,10.0,58.49,1
saas_008142,0,53.51,41.0,21.0,0.0,10.0,21.62,28
saas_008663,0,0.0,49.0,3.0,2.0,7.0,13.98,8
saas_006595,0,34.15,9.0,3.0,0.0,7.0,24.78,12
saas_000623,1,42.21,7.0,7.0,0.0,6.0,39.51,15
saas_006870,0,7.23,17.0,8.0,0.0,3.0,23.77,9
saas_004813,1,31.3,18.0,16.0,1.0,9.0,35.62,5
saas_006552,1,45.66,13.0,1.0,0.0,3.0,41.71,4
saas_007529,1,35.48,264.0,22.0,0.0,4.0,28.81,7
saas_005795,0,0.0,36.0,9.0,0.0,6.0,22.05,28
saas_007436,0,22.16,101.0,25.0,0.0,6.0,15.06,24
saas_004217,1,13.37,41.0,18.0,0.0,11.0,6.98,22
saas_005940,0,23.66,1.0,5.0,0.0,8.0,38.96,1
saas_008500,0,0.0,21.0,10.0,0.0,10.0,0.0,22
saas_006428,1,43.24,129.0,1.0,1.0,9.0,25.72,18
saas_006826,1,0.45,1.0,5.0,0.0,10.0,10.67,18
saas_004130,0,81.14,92.0,27.0,1.0,6.0,26.38,26
saas_007801,0,34.27,86.0,1.0,1.0,9.0,13.34,9
saas_007753,0,72.12,19.0,6.0,0.0,11.0,35.04,3
saas_004721,0,47.11,5.0,16.0,1.0,9.0,43.95,3
saas_001650,1,36.55,9.0,17.0,0.0,7.0,39.69,15
saas_004140,0,0.0,16.0,34.0,1.0,3.0,14.79,27
saas_001617,0,24.04,1.0,36.0,0.0,5.0,29.55,23
saas_002029,1,36.32,9.0,16.0,0.0,11.0,37.69,3
saas_008517,1,2.26,20.0,5.0,0.0,8.0,31.29,22
saas_004575,0,51.66,34.0,3.0,0.0,6.0,48.53,9
saas_003992,1,0.45,12.0,37.0,0.0,8.0,3.62,8
saas_007376,1,82.28,4.0,8.0,0.0,12.0,72.27,4
saas_006149,1,22.53,138.0,5.0,2.0,7.0,23.98,22
saas_004908,1,33.75,9.0,15.0,2.0,14.0,30.63,8
saas_005026,0,38.72,16.0,2.0,1.0,16.0,24.61,25
saas_008260,0,0.0,1.0,34.0,0.0,9.0,1.91,25
saas_004731,1,18.96,12.0,17.0,0.0,9.0,33.9,15
saas_007548,1,0.45,62.0,3.0,0.0,7.0,0.72,4
saas_008134,0,23.42,52.0,2.0,0.0,11.0,10.48,3
saas_001606,0,73.92,43.0,21.0,0.0,6.0,57.62,3
saas_004773,0,0.0,53.0,1.0,1.0,10.0,0.0,21
saas_008109,0,57.15,5.0,8.0,1.0,11.0,32.37,17
saas_006951,1,31.69,322.0,12.0,0.0,9.0,11.55,29
saas_006004,1,53.92,1.0,2.0,0.0,8.0,27.65,10
saas_007728,1,18.36,53.0,1.0,0.0,7.0,15.22,13
saas_003541,1,26.86,34.0,6.0,1.0,7.0,25.26,17
saas_000388,1,31.13,30.0,10.0,2.0,4.0,34.82,5
saas_001794,0,43.01,1.0,11.0,1.0,2.0,28.15,3
saas_008731,1,18.99,19.0,4.0,0.0,6.0,18.96,7
saas_004919,0,24.42,86.0,22.0,1.0,6.0,32.9,15
saas_005537,1,12.61,1.0,15.0,0.0,15.0,20.44,27
saas_003872,0,7.55,9.0,6.0,2.0,4.0,6.46,16
saas_008868,0,54.81,9.0,23.0,0.0,14.0,34.14,8
saas_002254,1,0.45,94.0,3.0,2.0,10.0,23.53,15
saas_003412,0,72.06,24.0,11.0,2.0,9.0,48.45,25
saas_005459,0,0.0,77.0,15.0,1.0,9.0,5.72,9
saas_004955,0,0.0,444.0,13.0,0.0,7.0,25.02,29
saas_007396,1,54.68,47.0,13.0,2.0,10.0,29.79,20
saas_005414,0,11.82,154.0,4.0,0.0,12.0,53.22,11
saas_007399,1,31.03,20.0,36.0,0.0,6.0,30.1,21
saas_007414,0,4.59,1.0,13.0,0.0,9.0,25.5,25
saas_009100,1,49.28,178.0,5.0,0.0,13.0,47.72,11
saas_004851,1,0.45,14.0,3.0,2.0,4.0,5.58,21
saas_002025,1,56.2,2.0,1.0,0.0,4.0,33.16,7
saas_002615,0,43.1,7.0,29.0,1.0,9.0,66.23,16
saas_007388,0,32.38,2.0,8.0,0.0,8.0,26.51,7
saas_002926,0,39.57,66.0,3.0,2.0,9.0,34.61,29
saas_001121,1,29.89,20.0,15.0,0.0,11.0,15.23,14
saas_002910,0,15.61,9.0,17.0,0.0,13.0,6.79,19
saas_008146,0,15.73,18.0,3.0,1.0,10.0,32.67,4
saas_007383,0,43.19,10.0,24.0,1.0,12.0,58.79,8
saas_003482,1,49.74,86.0,3.0,0.0,10.0,30.3,12
saas_000795,1,25.86,16.0,28.0,1.0,11.0,16.82,12
saas_001575,0,0.0,3.0,84.0,0.0,12.0,6.93,7
saas_006176,1,0.45,6.0,1.0,0.0,10.0,12.03,6
saas_006266,0,11.47,38.0,1.0,1.0,11.0,29.48,30
saas_002458,1,3.51,1.0,5.0,0.0,10.0,26.59,21
saas_003312,0,0.0,15.0,3.0,0.0,9.0,12.93,20
saas_001253,1,14.11,31.0,9.0,2.0,4.0,22.11,15
saas_006834,0,20.09,36.0,11.0,0.0,8.0,10.69,29
saas_008794,0,19.98,25.0,5.0,1.0,7.0,26.43,13
saas_003837,1,66.83,16.0,32.0,0.0,5.0,44.06,12
saas_004398,1,13.11,4.0,24.0,0.0,10.0,13.34,2
saas_003595,1,27.29,844.0,4.0,0.0,8.0,38.41,13
saas_006621,0,46.41,3.0,15.0,0.0,5.0,25.73,24
saas_008382,0,46.54,178.0,16.0,0.0,5.0,0.0,29
saas_002124,0,23.79,19.0,4.0,0.0,8.0,22.1,8
saas_003238,0,16.56,78.0,4.0,0.0,9.0,5.65,28
saas_005403,1,17.53,20.0,7.0,0.0,10.0,24.77,19
saas_005998,1,12.79,27.0,4.0,0.0,10.0,28.73,3
saas_005938,0,37.9,29.0,7.0,0.0,8.0,48.61,4
saas_002045,0,11.23,4.0,29.0,1.0,6.0,40.74,5
saas_001578,0,33.02,1.0,1.0,0.0,5.0,44.22,11
saas_000014,0,34.18,40.0,40.0,1.0,7.0,37.77,26
saas_002673,1,23.95,41.0,3.0,0.0,6.0,31.93,29
saas_007016,0,21.3,184.0,26.0,0.0,12.0,30.53,4
saas_008720,1,35.79,2.0,2.0,0.0,8.0,31.53,14
saas_008849,1,4.85,182.0,60.0,2.0,9.0,0.0,23
saas_004812,0,2.1,19.0,22.0,0.0,11.0,11.74,16
saas_001084,1,24.87,23.0,3.0,1.0,5.0,24.98,18
saas_004983,1,51.65,347.0,1.0,1.0,9.0,60.43,17
saas_007155,0,15.36,71.0,1.0,1.0,10.0,40.97,10
saas_002884,0,20.61,20.0,7.0,0.0,7.0,27.43,28
saas_000333,1,12.12,4.0,1.0,1.0,6.0,22.3,16
saas_007204,1,65.04,9.0,42.0,1.0,9.0,35.09,24
saas_004367,1,70.83,15.0,1.0,2.0,9.0,69.23,25
saas_003079,1,22.67,96.0,23.0,0.0,8.0,23.67,21
saas_007203,1,32.68,22.0,23.0,0.0,12.0,26.51,19
saas_009909,0,5.83,13.0,1.0,1.0,6.0,26.01,22
saas_008864,0,61.1,433.0,30.0,0.0,11.0,30.8,22
saas_000263,0,0.0,8.0,3.0,0.0,4.0,17.27,4
saas_004337,1,19.57,9.0,23.0,0.0,10.0,44.6,11
saas_008895,0,40.96,134.0,32.0,0.0,6.0,31.87,24
saas_008447,0,31.13,59.0,1.0,0.0,7.0,31.55,26
saas_005903,1,18.5,24.0,1.0,0.0,6.0,9.91,24
saas_001498,0,38.35,58.0,13.0,1.0,5.0,33.1,22
saas_004190,1,32.43,90.0,1.0,0.0,8.0,5.97,25
saas_007485,0,59.88,33.0,5.0,0.0,7.0,26.66,15
saas_009643,0,0.0,42.0,5.0,0.0,10.0,17.56,22
saas_008310,1,0.45,2.0,21.0,1.0,4.0,17.11,1
saas_007590,0,3.94,4.0,9.0,2.0,7.0,5.15,22
saas_000500,0,33.42,155.0,3.0,0.0,7.0,32.18,30
saas_009155,1,0.45,27.0,11.0,0.0,8.0,2.23,5
saas_009414,1,43.99,428.0,5.0,0.0,4.0,48.87,19
saas_003095,0,59.43,3.0,26.0,0.0,10.0,20.85,13
saas_004631,0,24.29,1.0,2.0,2.0,7.0,1.01,23
saas_000367,1,64.58,5.0,1.0,1.0,7.0,61.68,29
saas_004058,0,28.06,48.0,1.0,0.0,9.0,49.46,29
saas_008174,0,40.43,41.0,4.0,1.0,10.0,39.28,1
saas_004630,1,0.45,1.0,9.0,1.0,7.0,34.3,9
saas_006070,0,23.05,3.0,23.0,0.0,10.0,18.17,2
saas_002664,1,12.16,10.0,25.0,1.0,7.0,0.0,15
saas_001026,1,19.32,1.0,24.0,0.0,9.0,21.67,26
saas_005908,1,17.84,58.0,3.0,2.0,9.0,19.25,26
saas_005050,1,0.45,37.0,32.0,0.0,2.0,9.11,15
saas_006328,1,39.95,92.0,28.0,1.0,7.0,17.46,6
saas_009733,0,52.7,21.0,13.0,1.0,9.0,29.47,7
saas_001691,0,13.29,1.0,29.0,0.0,9.0,53.88,18
saas_000673,0,33.62,2.0,29.0,0.0,10.0,50.14,21
saas_005572,0,32.83,1.0,38.0,1.0,5.0,26.55,15
saas_005766,0,10.22,9.0,5.0,1.0,10.0,0.39,19
saas_005156,1,64.96,7.0,1.0,1.0,5.0,57.83,14
saas_000733,0,17.9,15.0,16.0,0.0,9.0,30.18,15
saas_003526,0,41.36,35.0,8.0,1.0,10.0,37.11,22
saas_000568,1,4.67,45.0,2.0,0.0,11.0,38.49,6
saas_009187,0,38.38,7.0,18.0,2.0,9.0,30.65,2
saas_002922,0,18.49,2.0,3.0,1.0,8.0,35.49,1
saas_007911,0,0.0,13.0,44.0,0.0,9.0,0.0,6
saas_001558,1,53.49,67.0,7.0,1.0,9.0,41.05,19
saas_000101,1,9.46,141.0,34.0,1.0,7.0,25.59,16
saas_003007,1,1.68,98.0,1.0,1.0,7.0,10.09,18
saas_007201,1,4.34,60.0,19.0,0.0,7.0,4.34,3
saas_000303,0,94.75,12.0,19.0,1.0,9.0,40.0,29
saas_000076,0,21.68,10.0,13.0,0.0,9.0,9.5,8
saas_006754,0,0.0,18.0,15.0,2.0,9.0,0.0,1
saas_008629,0,3.55,164.0,8.0,1.0,8.0,7.33,13
saas_001208,1,20.41,615.0,49.0,0.0,5.0,25.14,17
saas_007742,1,60.52,1.0,6.0,0.0,6.0,22.39,4
saas_008214,0,0.0,2.0,3.0,2.0,9.0,11.72,22
saas_008944,0,37.91,5.0,3.0,0.0,7.0,34.42,17
saas_008413,1,20.12,5.0,25.0,1.0,6.0,15.76,5
saas_001775,1,18.93,31.0,15.0,1.0,7.0,12.87,8
saas_003473,0,0.0,45.0,15.0,2.0,9.0,0.16,7
saas_000483,1,19.67,47.0,14.0,2.0,12.0,24.56,19
saas_002189,1,53.94,45.0,5.0,1.0,6.0,29.77,25
saas_000346,0,24.97,8.0,28.0,0.0,6.0,40.8,15
saas_005481,1,12.13,9.0,10.0,1.0,7.0,38.94,15
saas_008361,0,51.08,12.0,38.0,0.0,8.0,39.57,23
saas_001472,1,31.66,19.0,7.0,1.0,12.0,27.56,8
saas_005100,1,24.72,5.0,26.0,0.0,8.0,30.14,30
saas_006765,1,47.92,7.0,1.0,1.0,5.0,34.2,10
saas_008706,1,100.0,14.0,19.0,2.0,9.0,44.2,19
saas_004929,1,3.31,97.0,1.0,0.0,6.0,12.56,8
saas_006329,1,37.99,28.0,5.0,1.0,7.0,43.59,6
saas_002609,1,31.73,2.0,22.0,2.0,9.0,32.43,29
saas_000003,0,64.97,82.0,12.0,2.0,7.0,55.48,10
saas_002213,1,23.3,289.0,15.0,1.0,3.0,23.55,14
saas_004827,1,23.65,13.0,28.0,2.0,4.0,24.41,12
saas_000856,0,26.84,33.0,13.0,0.0,8.0,40.89,10
saas_006977,0,2.9,44.0,8.0,1.0,5.0,11.96,19
saas_005885,1,22.89,206.0,13.0,1.0,12.0,23.16,3
saas_000624,1,39.38,40.0,13.0,0.0,11.0,38.66,20
saas_000290,1,39.29,13.0,1.0,1.0,4.0,27.41,5
saas_002018,0,5.53,48.0,12.0,0.0,12.0,31.49,11
saas_000668,0,0.0,9.0,9.0,0.0,5.0,0.0,29
saas_008921,1,19.33,50.0,23.0,1.0,7.0,14.88,30
saas_008264,0,26.96,21.0,5.0,2.0,10.0,43.44,24
saas_009696,1,68.68,10.0,19.0,0.0,8.0,49.31,1
saas_001631,0,0.0,5.0,6.0,0.0,12.0,14.11,14
saas_005170,1,0.45,59.0,1.0,2.0,7.0,19.48,4
saas_007205,0,41.76,5.0,1.0,0.0,9.0,22.2,9
saas_002522,1,77.46,14.0,9.0,1.0,8.0,51.83,18
saas_002215,0,46.63,20.0,1.0,2.0,7.0,41.08,24
saas_006968,0,38.02,732.0,14.0,0.0,11.0,58.29,2
saas_006496,1,0.45,18.0,16.0,0.0,7.0,5.22,18
saas_006213,1,12.09,27.0,14.0,1.0,5.0,26.73,15
saas_007032,0,72.24,22.0,31.0,0.0,10.0,41.95,30
saas_007420,0,30.41,27.0,59.0,1.0,3.0,24.0,7
saas_001107,1,20.28,6.0,41.0,0.0,11.0,20.51,17
saas_000450,1,40.94,16.0,8.0,1.0,9.0,47.24,3
saas_006289,0,50.59,5.0,8.0,0.0,10.0,41.05,20
saas_009966,0,27.38,43.0,1.0,0.0,9.0,10.8,29
saas_000135,0,34.0,4.0,5.0,0.0,11.0,27.34,29
saas_001785,1,17.45,123.0,2.0,0.0,8.0,26.14,3
saas_003404,1,55.9,2.0,2.0,2.0,13.0,35.45,29
saas_002906,0,0.0,111.0,7.0,0.0,10.0,17.61,1
saas_008304,1,5.21,2.0,2.0,0.0,10.0,31.59,1
saas_007492,1,39.74,3.0,29.0,1.0,14.0,22.77,23
saas_006100,1,0.45,12.0,17.0,2.0,3.0,10.1,7
saas_004504,0,43.39,7.0,1.0,1.0,11.0,18.96,7
saas_005053,1,28.76,6.0,3.0,1.0,12.0,24.78,3
saas_005205,1,35.36,14.0,4.0,1.0,8.0,9.58,3
saas_004080,1,45.65,105.0,9.0,2.0,10.0,37.0,28
saas_006918,1,24.99,12.0,11.0,1.0,6.0,35.32,17
saas_006802,1,29.93,16.0,8.0,0.0,5.0,24.82,6
saas_005206,0,22.54,2.0,31.0,0.0,10.0,22.56,2
saas_000532,0,31.5,10.0,47.0,0.0,7.0,15.71,8
saas_004830,0,34.31,2.0,1.0,0.0,10.0,37.99,10
saas_004038,1,9.65,7.0,1.0,0.0,10.0,12.66,16
saas_004084,0,16.59,93.0,15.0,0.0,10.0,36.73,2
saas_003204,1,17.45,38.0,54.0,0.0,11.0,12.99,2
saas_007110,1,56.77,4.0,31.0,0.0,9.0,39.78,10
saas_000330,0,40.08,193.0,24.0,1.0,7.0,51.53,1
saas_004957,1,38.41,1.0,56.0,1.0,3.0,42.17,27
saas_003033,1,18.82,34.0,4.0,2.0,5.0,24.16,22
saas_007684,0,39.11,6.0,1.0,1.0,8.0,7.59,7
saas_001597,1,0.45,28.0,12.0,1.0,8.0,47.22,28
saas_009919,0,55.89,316.0,11.0,2.0,5.0,25.66,6
saas_003597,1,8.19,8.0,3.0,2.0,7.0,20.8,2
saas_009038,0,43.17,4.0,12.0,1.0,6.0,20.35,23
saas_008001,0,12.81,128.0,4.0,1.0,12.0,29.66,23
saas_000590,0,0.0,3.0,15.0,1.0,10.0,30.74,4
saas_000647,1,40.44,1.0,6.0,0.0,8.0,45.69,24
saas_009102,0,79.23,6.0,1.0,1.0,11.0,60.58,3
saas_008015,0,42.32,113.0,10.0,0.0,5.0,19.72,17
saas_003771,0,62.24,2.0,4.0,0.0,11.0,39.13,8
saas_009039,1,38.68,8.0,32.0,1.0,13.0,44.2,24
saas_005082,1,8.61,23.0,22.0,0.0,6.0,7.47,8
saas_007882,0,53.3,22.0,9.0,1.0,8.0,38.29,21
saas_009362,1,48.29,1700.0,8.0,1.0,7.0,70.71,10
saas_004210,0,11.93,21.0,10.0,0.0,8.0,2.7,26
saas_008834,1,65.68,3.0,10.0,1.0,4.0,50.49,23
saas_008699,1,48.01,2.0,1.0,0.0,4.0,33.12,18
saas_001795,1,45.45,12.0,3.0,1.0,12.0,39.7,18
saas_002586,0,16.96,22.0,1.0,0.0,4.0,15.71,3
saas_008355,1,28.56,1.0,23.0,1.0,10.0,20.21,3
saas_002316,1,100.0,13.0,42.0,1.0,5.0,63.34,4
saas_004185,0,14.98,35.0,11.0,1.0,4.0,35.98,13
saas_008827,0,2.19,57.0,1.0,2.0,4.0,2.51,12
saas_007072,0,17.63,11.0,27.0,0.0,5.0,22.0,8
saas_005234,1,21.93,7.0,9.0,1.0,6.0,29.56,18
saas_008743,0,27.56,2.0,1.0,0.0,11.0,36.13,6
saas_008670,1,2.55,61.0,16.0,0.0,10.0,29.72,14
saas_004768,0,25.97,2.0,7.0,0.0,9.0,23.44,30
saas_009972,1,0.45,15.0,4.0,1.0,6.0,11.38,19
saas_007144,1,59.05,14.0,15.0,0.0,6.0,43.37,15
saas_002913,1,19.12,1.0,1.0,1.0,5.0,3.08,5
saas_009871,1,23.15,28.0,65.0,1.0,4.0,38.38,19
saas_009893,0,61.26,22.0,2.0,0.0,10.0,46.34,10
saas_002075,1,14.76,2.0,11.0,0.0,8.0,13.47,26
saas_004302,1,17.07,6.0,21.0,1.0,13.0,28.38,12
saas_005822,0,59.74,25.0,1.0,1.0,8.0,42.33,26
saas_002149,1,12.52,24.0,17.0,2.0,6.0,21.56,15
saas_000144,0,26.66,5.0,10.0,0.0,8.0,26.15,28
saas_004963,1,17.53,9.0,1.0,0.0,7.0,15.53,28
saas_008159,1,3.95,14.0,6.0,0.0,4.0,17.88,6
saas_009030,0,22.17,21.0,1.0,0.0,7.0,37.57,7
saas_004775,1,9.11,58.0,7.0,0.0,6.0,28.1,15
saas_008933,1,29.5,12.0,17.0,0.0,8.0,60.03,11
saas_007749,1,78.29,3.0,3.0,0.0,9.0,42.25,25
saas_009828,1,69.02,2.0,10.0,2.0,7.0,46.31,4
saas_009214,0,16.94,2.0,5.0,1.0,8.0,26.51,26
saas_006060,0,24.35,9.0,16.0,0.0,6.0,32.47,24
saas_009475,0,31.84,13.0,21.0,1.0,7.0,28.23,10
saas_006409,0,33.45,7.0,7.0,1.0,7.0,24.76,24
saas_003317,0,73.54,7.0,30.0,1.0,6.0,39.34,4
saas_007464,1,4.61,24.0,9.0,0.0,7.0,2.79,27
saas_003061,0,12.43,27.0,22.0,0.0,8.0,12.03,3
saas_001355,1,0.45,40.0,28.0,0.0,3.0,4.3,22
saas_004514,0,0.0,23.0,4.0,2.0,12.0,1.6,16
saas_005505,1,42.47,4.0,20.0,1.0,3.0,36.1,13
saas_005250,0,46.68,17.0,3.0,0.0,10.0,36.87,18
saas_004511,0,36.94,15.0,18.0,0.0,9.0,43.45,28
saas_001730,1,10.31,17.0,6.0,0.0,9.0,19.04,5
saas_001758,1,23.61,4.0,19.0,0.0,7.0,26.3,16
saas_006650,1,54.98,68.0,2.0,1.0,8.0,35.68,20
saas_006646,1,55.14,6.0,16.0,0.0,8.0,24.34,23
saas_009860,1,0.45,25.0,32.0,0.0,9.0,13.77,22
saas_004139,0,3.43,31.0,3.0,1.0,3.0,20.88,5
saas_009393,0,0.0,84.0,2.0,0.0,14.0,12.41,7
saas_005123,0,38.7,17.0,8.0,1.0,13.0,33.51,1
saas_000000,1,41.2,31.0,1.0,0.0,6.0,31.76,17
saas_001864,1,57.09,31.0,11.0,0.0,8.0,49.05,13
saas_000543,0,12.3,15.0,4.0,2.0,7.0,33.38,6
saas_000349,0,60.11,183.0,44.0,0.0,6.0,28.49,7
saas_006906,0,0.0,4.0,8.0,0.0,12.0,12.45,5
saas_009765,1,47.45,3.0,5.0,2.0,11.0,48.56,16
saas_002523,1,54.72,1.0,11.0,1.0,7.0,40.73,28
saas_003464,1,17.76,41.0,32.0,0.0,10.0,15.96,22
saas_000457,1,30.36,5.0,8.0,1.0,13.0,13.11,30
saas_003023,0,8.9,6.0,6.0,1.0,9.0,26.67,19
saas_007261,1,28.8,118.0,19.0,0.0,5.0,32.66,24
saas_009515,1,27.5,1.0,2.0,1.0,5.0,27.9,15
saas_007872,0,64.5,19.0,3.0,0.0,6.0,31.46,30
saas_006625,1,20.64,16.0,18.0,1.0,8.0,36.7,1
saas_002534,1,43.39,15.0,1.0,0.0,10.0,12.0,14
saas_000131,1,26.85,2.0,1.0,0.0,4.0,19.33,7
saas_003704,0,0.0,43.0,32.0,0.0,10.0,5.94,22
saas_001372,1,37.9,36.0,14.0,0.0,9.0,20.15,26
saas_006200,0,95.8,187.0,1.0,0.0,9.0,74.1,11
saas_004856,0,55.58,2.0,23.0,0.0,3.0,42.52,18
saas_004712,0,5.49,106.0,11.0,1.0,5.0,9.62,26
saas_005544,1,24.11,18.0,2.0,0.0,8.0,26.21,27
saas_001413,0,66.33,133.0,17.0,0.0,8.0,70.7,3
saas_004113,1,88.51,45.0,6.0,0.0,8.0,43.47,18
saas_000655,1,27.42,32.0,4.0,0.0,8.0,35.13,19
saas_008137,1,41.41,55.0,24.0,0.0,8.0,17.25,1
saas_004098,0,0.0,38.0,27.0,0.0,7.0,14.18,28
saas_000592,0,0.0,308.0,32.0,0.0,10.0,7.95,25
saas_008708,0,0.0,9.0,1.0,1.0,10.0,15.65,29
saas_003123,0,33.71,45.0,6.0,0.0,11.0,11.66,5
saas_003047,0,13.94,44.0,6.0,0.0,8.0,21.83,25
saas_003887,0,61.2,10.0,15.0,1.0,13.0,45.17,29
saas_005735,1,22.08,1.0,11.0,1.0,7.0,22.72,11
saas_002184,0,44.72,1.0,12.0,0.0,10.0,33.16,8
saas_002145,1,0.45,7.0,13.0,0.0,8.0,27.68,20
saas_007047,1,32.5,59.0,3.0,0.0,5.0,5.95,30
saas_003105,0,53.24,21.0,4.0,2.0,13.0,33.11,10
saas_009233,1,70.58,1.0,2.0,1.0,6.0,28.11,9
saas_009096,1,37.92,13.0,3.0,1.0,10.0,22.54,30
saas_002769,1,0.45,63.0,11.0,0.0,8.0,0.0,19
saas_005221,0,51.13,1.0,12.0,1.0,7.0,9.59,13
saas_005833,0,29.22,5.0,31.0,1.0,15.0,31.66,22
saas_001732,1,0.45,14.0,3.0,0.0,5.0,27.59,5
saas_000265,0,32.59,91.0,5.0,0.0,10.0,19.05,17
saas_005144,0,10.64,1.0,14.0,1.0,4.0,33.03,4
saas_008267,1,0.45,3.0,13.0,1.0,8.0,12.72,21
saas_003937,1,15.32,40.0,4.0,1.0,8.0,11.6,5
saas_000761,0,35.78,52.0,17.0,2.0,6.0,28.26,22
saas_007220,0,53.99,53.0,6.0,0.0,9.0,14.26,9
saas_008439,0,11.68,17.0,1.0,1.0,7.0,11.82,6
saas_003257,0,13.02,236.0,17.0,1.0,6.0,35.41,9
saas_004338,0,22.53,20.0,3.0,0.0,11.0,35.89,13
saas_004362,0,0.0,11.0,55.0,0.0,17.0,7.1,30
saas_000316,1,34.18,22.0,15.0,1.0,13.0,39.7,24
saas_008069,0,27.35,158.0,1.0,0.0,8.0,35.53,30
saas_001851,0,0.0,28.0,2.0,2.0,11.0,9.45,28
saas_002484,0,28.08,17.0,16.0,0.0,9.0,32.57,19
saas_009873,1,30.04,9.0,17.0,0.0,10.0,32.56,25
saas_009574,1,38.11,84.0,3.0,1.0,14.0,32.76,25
saas_001078,1,12.53,8.0,25.0,1.0,8.0,18.92,17
saas_008358,1,59.6,457.0,3.0,0.0,12.0,14.13,26
saas_007333,1,73.66,387.0,1.0,0.0,8.0,43.98,16
saas_001071,1,35.64,3.0,13.0,0.0,7.0,10.13,12
saas_000103,1,20.11,60.0,12.0,0.0,11.0,23.52,12
saas_005748,1,29.87,6.0,2.0,1.0,5.0,24.9,8
saas_001418,1,21.09,86.0,8.0,0.0,5.0,22.27,24
saas_001658,0,43.87,62.0,90.0,1.0,6.0,31.21,16
saas_005284,1,32.02,31.0,2.0,2.0,8.0,0.0,5
saas_001149,0,35.94,94.0,5.0,0.0,7.0,11.44,21
saas_007150,1,3.02,10.0,10.0,1.0,2.0,6.93,16
saas_001568,1,10.06,60.0,21.0,1.0,8.0,36.05,11
saas_001087,1,28.38,1.0,5.0,1.0,8.0,17.45,8
saas_006085,1,14.92,2.0,20.0,1.0,4.0,19.35,8
saas_008674,0,47.93,16.0,1.0,0.0,7.0,50.12,15
saas_008341,0,13.45,19.0,5.0,1.0,11.0,10.5,29
saas_007811,1,41.93,4.0,7.0,0.0,3.0,27.58,1
saas_006084,0,0.0,4.0,2.0,1.0,8.0,23.34,17
saas_008773,1,35.63,2.0,10.0,2.0,5.0,19.48,17
saas_008757,1,2.65,124.0,7.0,0.0,8.0,2.05,30
saas_001692,1,44.63,2.0,28.0,1.0,10.0,40.14,10
saas_004734,0,50.81,11.0,8.0,0.0,6.0,37.68,4
saas_003387,1,0.45,9.0,19.0,0.0,8.0,16.83,13
saas_003646,1,18.62,169.0,49.0,1.0,15.0,10.72,5
saas_001683,0,0.0,126.0,12.0,1.0,3.0,42.9,10
saas_000008,0,57.47,19.0,7.0,0.0,10.0,37.4,28
saas_006062,0,23.54,25.0,7.0,1.0,12.0,16.78,12
saas_006516,0,0.0,3.0,13.0,0.0,11.0,18.67,9
saas_004123,0,52.88,34.0,5.0,1.0,5.0,33.92,22
saas_008729,0,44.68,3.0,1.0,0.0,7.0,46.53,2
saas_006045,0,0.0,18.0,9.0,0.0,6.0,33.3,12
saas_000567,1,28.51,7.0,2.0,2.0,7.0,44.04,18
saas_009161,1,37.15,105.0,3.0,0.0,7.0,35.71,1
saas_001803,0,0.38,10.0,13.0,1.0,10.0,15.15,23
saas_008501,0,38.59,27.0,5.0,0.0,7.0,26.45,11
saas_004900,1,6.82,1.0,7.0,1.0,5.0,13.38,29
saas_001599,1,8.02,4.0,72.0,1.0,8.0,11.19,10
saas_007931,0,42.45,1.0,18.0,0.0,5.0,17.19,19
saas_009547,1,35.24,1.0,1.0,1.0,7.0,15.96,5
saas_002823,1,9.17,4.0,10.0,0.0,7.0,12.34,26
saas_005467,0,39.15,184.0,20.0,0.0,5.0,35.74,2
saas_003529,0,0.0,16.0,9.0,1.0,3.0,0.0,1
saas_008683,0,32.17,19.0,12.0,0.0,9.0,26.9,15
saas_001155,1,17.85,23.0,10.0,0.0,5.0,24.79,29
saas_006547,0,37.44,252.0,57.0,2.0,9.0,21.98,5
saas_009088,0,0.0,1.0,28.0,0.0,7.0,0.0,26
saas_007620,1,54.14,61.0,37.0,0.0,4.0,35.27,25
saas_008296,1,0.45,18.0,66.0,1.0,5.0,8.56,4
saas_004540,0,56.41,98.0,25.0,2.0,9.0,43.0,26
saas_009134,1,0.45,4.0,9.0,1.0,10.0,17.34,28
saas_006482,0,0.0,12.0,4.0,1.0,7.0,25.08,18
saas_005826,0,0.0,85.0,15.0,2.0,7.0,16.7,10
saas_001190,1,54.32,199.0,13.0,0.0,6.0,24.19,30
saas_007444,0,39.47,17.0,2.0,0.0,6.0,25.68,12
saas_008520,1,25.75,8.0,9.0,2.0,17.0,11.88,28
saas_000960,0,34.52,227.0,5.0,1.0,4.0,27.16,10
saas_007454,0,70.46,12.0,12.0,0.0,7.0,45.17,9
saas_000036,0,11.23,16.0,61.0,1.0,12.0,11.41,26
saas_007516,0,58.46,65.0,20.0,0.0,6.0,27.94,28
saas_007644,1,37.75,39.0,22.0,0.0,6.0,41.23,6
saas_004438,0,74.52,2.0,9.0,0.0,8.0,42.26,10
saas_006161,0,27.9,7.0,14.0,2.0,8.0,25.61,29
saas_007744,1,24.98,1.0,19.0,0.0,11.0,15.59,4
saas_009587,0,21.76,18.0,8.0,2.0,8.0,11.35,22
saas_008119,1,58.93,62.0,10.0,0.0,3.0,45.67,13
saas_006967,0,31.46,3.0,1.0,1.0,9.0,15.75,13
saas_005718,1,3.15,95.0,49.0,0.0,7.0,18.14,14
saas_000577,1,49.06,130.0,15.0,0.0,5.0,28.1,9
saas_009833,1,45.24,15.0,11.0,0.0,7.0,35.63,30
saas_004102,0,0.0,6.0,14.0,1.0,7.0,0.0,17
saas_007646,1,4.39,1.0,3.0,2.0,9.0,13.26,6
saas_004151,0,25.76,177.0,13.0,1.0,9.0,14.85,25
saas_003130,1,0.45,54.0,3.0,0.0,10.0,0.0,9
saas_004890,0,3.71,46.0,5.0,1.0,13.0,39.5,29
saas_009975,0,58.44,6.0,4.0,1.0,4.0,47.96,5
saas_007471,1,17.07,35.0,15.0,2.0,13.0,34.04,19
saas_001833,0,15.96,37.0,31.0,2.0,7.0,18.31,21
saas_009148,0,9.66,22.0,10.0,0.0,8.0,33.78,13
saas_004891,1,11.64,2.0,5.0,1.0,5.0,13.23,24
saas_002287,0,16.28,611.0,26.0,0.0,4.0,12.89,15
saas_001330,0,18.79,1.0,1.0,0.0,7.0,34.99,18
saas_002771,1,6.83,47.0,3.0,1.0,8.0,18.98,2
saas_003686,0,71.92,3.0,15.0,1.0,8.0,27.5,26
saas_008283,0,11.2,15.0,55.0,1.0,4.0,25.4,4
saas_005928,0,29.54,48.0,26.0,2.0,7.0,45.38,23
saas_000637,0,0.0,3.0,10.0,1.0,7.0,19.42,27
saas_000047,1,45.33,28.0,12.0,0.0,5.0,48.95,10
saas_002602,0,49.07,17.0,2.0,0.0,4.0,24.2,30
saas_001965,1,51.42,41.0,1.0,0.0,9.0,41.49,13
saas_002168,1,45.06,6.0,21.0,1.0,3.0,31.83,9
saas_005049,1,25.56,92.0,19.0,0.0,7.0,34.0,24
saas_003334,1,51.7,21.0,3.0,0.0,7.0,42.79,12
saas_003019,0,18.95,1.0,11.0,0.0,6.0,12.37,11
saas_008764,1,30.44,165.0,17.0,1.0,10.0,26.25,9
saas_009176,0,43.84,18.0,9.0,1.0,11.0,35.43,22
saas_001360,1,36.76,11.0,19.0,0.0,6.0,33.59,8
saas_005798,1,0.45,6.0,17.0,0.0,10.0,31.94,30
saas_009400,1,63.18,5.0,6.0,0.0,7.0,40.21,16
saas_003251,1,0.46,18.0,2.0,2.0,8.0,22.09,22
saas_006300,1,53.22,211.0,18.0,2.0,4.0,20.41,12
saas_002251,0,74.33,17.0,4.0,0.0,7.0,42.35,7
saas_006027,0,6.48,7.0,20.0,0.0,5.0,13.32,29
saas_001175,1,0.45,1.0,41.0,1.0,8.0,3.15,17
saas_008799,0,49.14,11.0,22.0,1.0,12.0,14.3,18
saas_003279,0,60.86,11.0,15.0,0.0,5.0,26.44,26
saas_002973,1,26.95,8.0,2.0,0.0,13.0,28.98,8
saas_003396,1,28.58,5.0,47.0,0.0,9.0,20.96,19
saas_006939,0,48.24,17.0,22.0,0.0,10.0,38.98,20
saas_000965,0,58.16,2.0,2.0,0.0,7.0,55.34,23
saas_008574,1,21.03,1.0,16.0,0.0,11.0,42.15,13
saas_000742,0,18.98,4.0,33.0,0.0,8.0,0.0,13
saas_007514,0,59.13,84.0,9.0,0.0,10.0,31.16,11
saas_003314,0,76.81,102.0,3.0,1.0,12.0,40.87,12
saas_004898,0,0.0,31.0,3.0,1.0,10.0,9.86,5
saas_009340,1,0.45,3.0,1.0,0.0,7.0,0.0,3
saas_004672,0,0.0,46.0,15.0,1.0,8.0,33.29,27
saas_008618,0,33.79,21.0,3.0,0.0,10.0,40.85,20
saas_001217,0,0.0,1.0,8.0,0.0,9.0,0.0,17
saas_004397,0,57.5,10.0,6.0,1.0,3.0,31.96,26
saas_006080,0,51.33,5.0,38.0,0.0,3.0,21.94,2
saas_002614,0,58.04,1.0,16.0,0.0,4.0,27.97,25
saas_002620,0,46.68,7.0,6.0,2.0,4.0,29.98,25
saas_008714,0,40.14,6.0,19.0,0.0,5.0,53.61,14
saas_007282,1,7.78,130.0,53.0,0.0,5.0,25.24,24
saas_003379,1,22.33,13.0,1.0,0.0,9.0,29.11,22
saas_007301,1,21.12,8.0,6.0,0.0,5.0,39.1,19
saas_009857,1,26.92,39.0,20.0,1.0,5.0,3.35,8
saas_005605,1,22.64,3.0,8.0,0.0,6.0,26.06,9
saas_009813,0,0.0,23.0,12.0,1.0,7.0,0.0,10
saas_005786,1,21.54,44.0,65.0,1.0,7.0,31.84,22
saas_008518,0,0.45,23.0,1.0,0.0,5.0,17.96,20
saas_006850,1,45.19,127.0,1.0,1.0,5.0,40.0,22
saas_001516,0,34.95,6.0,17.0,0.0,6.0,46.67,8
saas_005098,0,48.98,4.0,14.0,0.0,8.0,37.12,21
saas_007636,0,34.05,297.0,6.0,0.0,8.0,30.84,13
saas_009085,1,47.4,33.0,6.0,0.0,7.0,28.94,1
saas_008023,1,34.88,9.0,21.0,1.0,4.0,22.8,16
saas_002392,0,0.0,1.0,25.0,2.0,11.0,16.5,15
saas_000586,0,3.65,3.0,2.0,0.0,5.0,15.98,28
saas_003519,1,27.7,53.0,19.0,0.0,6.0,14.61,1
saas_007653,0,44.19,18.0,45.0,2.0,7.0,47.33,8
saas_008946,1,42.85,1.0,23.0,1.0,6.0,40.86,22
saas_000850,1,30.64,11.0,25.0,1.0,4.0,46.63,5
saas_000335,0,23.68,3.0,10.0,1.0,8.0,42.77,8
saas_006634,1,24.95,22.0,11.0,0.0,7.0,5.11,27
saas_008972,1,19.3,18.0,22.0,0.0,11.0,27.96,8
saas_007493,0,0.0,1.0,2.0,1.0,7.0,0.0,3
saas_002868,1,49.18,22.0,2.0,0.0,4.0,41.2,22
saas_004872,0,70.13,2.0,4.0,0.0,7.0,38.16,26
saas_003550,0,41.33,6.0,1.0,1.0,10.0,6.64,6
saas_003842,1,0.45,31.0,1.0,2.0,12.0,17.43,4
saas_007262,0,25.38,109.0,3.0,0.0,10.0,23.92,11
saas_005824,0,47.11,1.0,20.0,0.0,6.0,22.38,21
saas_000023,0,48.18,15.0,11.0,1.0,15.0,28.8,24
saas_001453,0,48.88,11.0,29.0,0.0,6.0,28.15,5
saas_001684,1,28.31,7.0,7.0,0.0,8.0,28.36,11
saas_002310,1,22.09,69.0,5.0,0.0,8.0,19.76,16
saas_009063,0,17.74,97.0,15.0,1.0,5.0,28.87,17
saas_009406,0,29.9,14.0,17.0,1.0,11.0,17.61,21
saas_000381,1,44.08,143.0,1.0,0.0,11.0,13.0,23
saas_005814,0,31.2,63.0,21.0,1.0,12.0,35.92,7
saas_005550,0,14.82,59.0,33.0,0.0,8.0,15.05,22
saas_009308,0,0.0,10.0,1.0,1.0,9.0,28.09,7
saas_001618,1,9.0,32.0,4.0,0.0,12.0,0.0,24
saas_000789,1,42.56,16.0,6.0,0.0,8.0,32.09,20
saas_005983,0,0.0,57.0,74.0,0.0,2.0,3.29,18
saas_008672,1,49.05,192.0,6.0,0.0,3.0,40.2,11
saas_004475,0,31.54,43.0,33.0,1.0,10.0,37.95,14
saas_005606,1,86.6,14.0,17.0,1.0,5.0,52.94,8
saas_009312,0,18.2,4.0,6.0,0.0,1.0,19.82,17
saas_005648,1,64.41,1.0,6.0,1.0,10.0,33.1,11
saas_006216,0,43.8,19.0,10.0,1.0,10.0,35.77,12
saas_002286,1,64.49,57.0,23.0,0.0,11.0,20.98,3
saas_009993,1,64.5,57.0,14.0,1.0,4.0,36.94,4
saas_007578,0,3.66,150.0,16.0,1.0,10.0,4.56,17
saas_001183,0,8.75,51.0,7.0,0.0,6.0,6.35,13
saas_006001,1,0.45,18.0,26.0,0.0,6.0,22.81,20
saas_005090,1,48.62,31.0,26.0,1.0,12.0,35.99,30
saas_002516,0,49.43,20.0,22.0,1.0,3.0,24.96,9
saas_004122,1,25.24,4.0,32.0,1.0,12.0,12.51,10
saas_005521,0,6.34,52.0,3.0,0.0,6.0,18.34,30
saas_005627,0,43.88,1.0,18.0,0.0,10.0,21.83,22
saas_008360,0,54.09,5.0,15.0,2.0,11.0,23.53,11
saas_005872,0,34.16,26.0,7.0,0.0,14.0,20.23,4
saas_008612,1,14.39,9.0,24.0,0.0,6.0,4.26,22
saas_007727,0,0.0,187.0,11.0,1.0,10.0,24.8,10
saas_005968,0,60.6,24.0,16.0,0.0,7.0,27.33,10
saas_001180,1,5.92,2.0,13.0,1.0,6.0,12.28,7
saas_008762,1,2.65,103.0,1.0,1.0,10.0,34.81,23
saas_008235,0,30.73,12.0,40.0,0.0,7.0,0.19,19
saas_002818,1,11.05,62.0,1.0,0.0,9.0,32.4,26
saas_009964,0,69.29,17.0,8.0,0.0,7.0,10.47,2
saas_008703,1,12.57,121.0,8.0,0.0,8.0,28.76,26
saas_006608,1,47.13,51.0,64.0,1.0,8.0,23.94,26
saas_002820,0,16.34,1.0,7.0,0.0,6.0,5.56,10
saas_007535,1,34.02,39.0,3.0,0.0,4.0,29.67,30
saas_002260,1,23.49,1.0,17.0,1.0,8.0,19.77,7
saas_002239,0,38.87,12.0,31.0,1.0,7.0,33.15,20
saas_006021,1,43.13,1.0,26.0,2.0,4.0,53.03,24
saas_000782,1,56.66,297.0,6.0,0.0,10.0,40.87,17
saas_000932,0,27.56,115.0,2.0,1.0,12.0,33.34,23
saas_006202,1,16.74,24.0,18.0,1.0,11.0,29.21,19
saas_002412,0,0.0,1.0,18.0,1.0,7.0,0.0,16
saas_006997,0,48.65,4.0,34.0,0.0,6.0,18.56,17
saas_009115,1,5.01,5.0,19.0,0.0,4.0,18.62,8
saas_001156,1,51.11,20.0,3.0,1.0,10.0,40.62,4
saas_008107,1,40.09,93.0,58.0,0.0,6.0,47.02,26
saas_005805,1,20.89,11.0,1.0,2.0,9.0,33.1,23
saas_004879,1,38.09,3.0,8.0,0.0,5.0,8.89,13
saas_003309,0,3.61,10.0,1.0,0.0,5.0,12.72,5
saas_008961,0,53.05,34.0,2.0,1.0,4.0,25.32,26
saas_001702,0,43.32,24.0,23.0,1.0,13.0,40.95,30
saas_002492,0,2.56,63.0,1.0,0.0,8.0,5.14,17
saas_003706,1,11.06,15.0,5.0,1.0,6.0,0.0,5
saas_008276,1,51.22,4.0,24.0,0.0,7.0,37.39,26
saas_000286,0,8.03,29.0,5.0,0.0,6.0,12.3,17
saas_001608,1,15.08,14.0,20.0,1.0,6.0,21.79,24
saas_006631,1,33.81,11.0,1.0,0.0,8.0,32.92,3
saas_008278,0,0.0,58.0,7.0,0.0,8.0,6.46,29
saas_007315,1,51.12,19.0,17.0,2.0,8.0,46.44,28
saas_002252,0,23.72,55.0,11.0,2.0,9.0,35.87,13
saas_007415,1,34.21,2.0,4.0,0.0,9.0,25.19,25
saas_008365,0,35.91,19.0,2.0,0.0,6.0,30.49,15
saas_001891,0,22.76,6.0,32.0,0.0,7.0,8.41,16
saas_005062,0,34.46,4.0,7.0,0.0,12.0,21.72,18
saas_006120,0,19.36,402.0,9.0,2.0,1.0,38.23,18
saas_000563,0,0.0,6.0,3.0,1.0,8.0,20.75,1
saas_000291,0,9.69,25.0,4.0,0.0,6.0,3.05,13
saas_004716,1,28.15,73.0,8.0,1.0,5.0,17.88,5
saas_007708,0,62.14,8.0,75.0,1.0,8.0,50.17,6
saas_006349,1,42.66,20.0,6.0,1.0,11.0,12.5,1
saas_000169,0,22.56,18.0,5.0,1.0,11.0,20.64,11
saas_000267,0,55.62,34.0,9.0,0.0,7.0,41.06,21
saas_004638,0,43.35,9.0,7.0,1.0,11.0,48.48,15
saas_007077,1,43.12,12.0,26.0,1.0,10.0,31.59,19
saas_003355,1,13.5,1.0,1.0,1.0,9.0,29.94,14
saas_008279,1,27.32,36.0,11.0,0.0,3.0,31.14,20
saas_000315,0,0.0,12.0,8.0,0.0,4.0,8.19,1
saas_006728,0,59.02,313.0,13.0,1.0,13.0,54.23,17
saas_009495,0,0.0,56.0,14.0,2.0,11.0,8.72,26
saas_004067,1,67.46,17.0,13.0,0.0,8.0,24.87,19
saas_000245,0,0.48,2.0,1.0,1.0,6.0,8.53,17
saas_000252,0,6.45,268.0,5.0,0.0,9.0,27.66,5
saas_001111,1,63.19,13.0,6.0,1.0,6.0,48.43,2
saas_004801,1,33.6,45.0,37.0,2.0,6.0,0.0,7
saas_001713,0,32.14,16.0,57.0,0.0,8.0,44.2,15
saas_000050,1,53.78,30.0,16.0,0.0,6.0,43.86,6
saas_001835,0,60.99,22.0,2.0,1.0,11.0,53.74,15
saas_007896,0,0.0,2.0,33.0,0.0,6.0,23.41,3
saas_003383,1,44.07,7.0,10.0,1.0,7.0,49.4,5
saas_006410,0,15.61,280.0,24.0,2.0,5.0,31.33,11
saas_004313,1,44.04,29.0,5.0,0.0,8.0,24.64,19
saas_000872,0,53.66,59.0,4.0,1.0,6.0,23.6,23
saas_001254,1,0.45,6.0,4.0,0.0,9.0,0.0,22
saas_008881,0,0.0,18.0,13.0,0.0,5.0,0.0,16
saas_005851,0,43.84,100.0,1.0,1.0,6.0,29.89,12
saas_005702,0,7.0,49.0,1.0,0.0,9.0,44.91,27
saas_008103,1,8.43,149.0,1.0,0.0,7.0,14.23,12
saas_002098,0,28.61,1.0,33.0,1.0,9.0,16.63,5
saas_005128,1,0.45,29.0,6.0,1.0,11.0,21.66,9
saas_000248,0,48.11,1568.0,10.0,0.0,9.0,37.53,22
saas_006561,1,88.67,1.0,1.0,0.0,13.0,41.16,28
saas_001339,0,54.44,14.0,15.0,1.0,9.0,40.48,26
saas_007017,0,71.71,41.0,5.0,1.0,9.0,40.93,8
saas_002110,1,28.02,36.0,1.0,0.0,9.0,19.2,26
saas_001569,0,52.82,1.0,57.0,0.0,5.0,47.36,8
saas_001726,0,24.04,4.0,10.0,1.0,9.0,13.76,28
saas_008384,1,48.58,14.0,1.0,0.0,5.0,17.6,28
saas_006940,0,0.0,5.0,18.0,0.0,8.0,3.52,9
saas_004395,0,34.9,29.0,17.0,0.0,8.0,39.28,21
saas_002420,1,53.54,1.0,39.0,1.0,13.0,41.08,12
saas_003045,0,11.46,11.0,6.0,1.0,3.0,7.2,2
saas_005503,1,16.05,6.0,16.0,1.0,4.0,37.75,14
saas_003703,0,46.02,6.0,22.0,2.0,16.0,45.64,2
saas_008191,0,13.9,259.0,32.0,2.0,8.0,49.71,24
saas_005331,1,36.45,36.0,6.0,0.0,11.0,49.37,26
saas_009808,0,16.37,28.0,7.0,1.0,14.0,16.84,25
saas_000447,0,50.79,12.0,42.0,0.0,10.0,35.24,18
saas_007894,1,68.27,238.0,4.0,1.0,7.0,29.71,2
saas_008728,1,69.17,32.0,1.0,0.0,3.0,35.96,5
saas_007828,1,43.58,113.0,7.0,2.0,5.0,27.7,24
saas_001768,0,3.68,5.0,31.0,0.0,3.0,29.08,4
saas_006808,1,0.45,64.0,3.0,0.0,8.0,24.12,23
saas_004704,0,55.22,59.0,4.0,0.0,8.0,36.76,2
saas_003869,0,39.0,46.0,1.0,1.0,4.0,11.07,10
saas_001655,1,13.14,1.0,33.0,1.0,9.0,14.17,8
saas_003187,0,38.08,6.0,17.0,1.0,13.0,51.73,6
saas_000683,0,0.0,9.0,15.0,0.0,8.0,3.16,9
saas_004170,0,2.07,98.0,3.0,1.0,9.0,29.96,3
saas_004477,1,31.33,9.0,21.0,1.0,8.0,37.58,5
saas_000461,0,17.51,5.0,31.0,1.0,6.0,49.86,23
saas_005764,1,69.55,11.0,10.0,1.0,9.0,57.19,24
saas_007522,0,68.27,38.0,17.0,1.0,12.0,51.17,12
saas_004502,0,68.2,2.0,18.0,1.0,11.0,44.24,23
saas_009709,0,8.92,12.0,1.0,0.0,5.0,0.0,8
saas_000318,1,0.45,88.0,19.0,0.0,11.0,33.36,26
saas_001145,0,30.67,56.0,10.0,0.0,9.0,25.51,18
saas_005094,1,36.31,43.0,32.0,1.0,7.0,32.48,19
saas_001393,0,0.91,40.0,6.0,0.0,5.0,2.78,13
saas_006623,1,42.57,36.0,17.0,0.0,12.0,44.96,24
saas_001501,0,25.47,7.0,2.0,1.0,5.0,38.92,26
saas_006408,0,34.67,3.0,10.0,2.0,5.0,18.51,23
saas_000376,0,18.03,14.0,2.0,0.0,10.0,45.32,5
saas_000410,1,85.35,2.0,21.0,0.0,7.0,66.31,18
saas_001660,1,25.25,720.0,7.0,0.0,7.0,31.77,12
saas_003151,0,21.99,5.0,2.0,1.0,5.0,4.77,22
saas_001623,1,29.23,117.0,90.0,0.0,6.0,0.0,18
saas_005609,1,10.8,40.0,9.0,1.0,6.0,24.38,8
saas_008532,1,0.45,31.0,20.0,2.0,10.0,20.28,10
saas_005802,0,40.49,57.0,3.0,0.0,7.0,13.88,11
saas_005306,1,27.17,24.0,4.0,0.0,6.0,3.81,3
saas_007086,1,14.92,7.0,4.0,1.0,8.0,20.24,2
saas_008897,1,29.5,141.0,1.0,1.0,12.0,34.57,8
saas_007488,1,43.54,14.0,1.0,1.0,6.0,22.09,29
saas_009615,1,79.1,371.0,26.0,1.0,8.0,32.09,4
saas_009217,0,59.64,138.0,29.0,0.0,7.0,41.57,29
saas_001672,1,0.45,24.0,9.0,1.0,8.0,34.67,27
saas_002358,0,74.45,123.0,1.0,1.0,6.0,66.65,19
saas_008467,1,29.03,3.0,17.0,1.0,12.0,26.52,19
saas_000274,0,54.9,212.0,3.0,1.0,8.0,57.76,11
saas_002473,1,57.58,48.0,1.0,0.0,4.0,23.55,16
saas_005489,0,28.62,6.0,2.0,0.0,14.0,27.37,19
saas_004771,0,24.06,1.0,22.0,0.0,11.0,28.41,15
saas_002107,1,14.74,4.0,5.0,1.0,8.0,24.37,11
saas_007500,1,31.14,81.0,10.0,1.0,6.0,32.62,6
saas_004414,1,27.84,15.0,1.0,1.0,9.0,35.57,11
saas_008138,0,40.37,39.0,7.0,2.0,11.0,30.85,8
saas_008660,1,36.27,11.0,20.0,1.0,7.0,46.68,17
saas_008239,1,38.46,27.0,12.0,2.0,5.0,25.08,18
saas_002417,0,0.0,7.0,16.0,0.0,3.0,14.45,4
saas_008771,0,15.25,84.0,11.0,0.0,10.0,14.79,2
saas_002236,1,0.45,18.0,10.0,1.0,13.0,28.12,9
saas_003767,1,19.85,39.0,14.0,0.0,7.0,30.83,18
saas_009791,1,0.45,60.0,3.0,1.0,7.0,0.0,24
saas_009989,0,48.54,157.0,33.0,0.0,12.0,56.29,26
saas_009965,1,29.29,13.0,16.0,0.0,7.0,35.66,28
saas_007323,1,64.89,69.0,5.0,0.0,9.0,54.36,13
saas_001383,1,7.76,15.0,43.0,0.0,5.0,40.0,12
saas_003101,0,15.52,9.0,9.0,1.0,5.0,31.42,1
saas_003921,1,65.18,12.0,15.0,2.0,7.0,40.69,28
saas_006685,0,0.0,1.0,17.0,0.0,13.0,3.86,3
saas_003194,0,0.0,16.0,5.0,1.0,6.0,5.21,11
saas_001941,1,49.95,23.0,19.0,1.0,14.0,33.73,17
saas_007713,0,53.13,7.0,1.0,0.0,4.0,22.83,16
saas_004896,1,0.45,50.0,15.0,0.0,5.0,9.9,20
saas_004782,0,40.25,5.0,1.0,1.0,8.0,18.61,24
saas_001496,1,56.94,32.0,13.0,0.0,8.0,25.75,6
saas_001957,0,10.8,3.0,2.0,0.0,7.0,26.44,16
saas_009171,1,12.99,16.0,3.0,0.0,8.0,10.84,25
saas_009745,0,8.9,77.0,77.0,0.0,8.0,41.83,8
saas_007332,0,26.21,11.0,20.0,1.0,11.0,46.96,9
saas_007949,1,41.99,136.0,5.0,0.0,6.0,28.06,11
saas_003017,0,0.92,98.0,8.0,2.0,2.0,3.23,22
saas_006746,1,68.61,12.0,10.0,1.0,8.0,58.55,27
saas_000513,1,0.45,17.0,17.0,0.0,8.0,0.0,25
saas_003934,1,11.8,36.0,17.0,0.0,4.0,0.0,8
saas_003025,1,0.45,20.0,1.0,0.0,8.0,32.04,28
saas_001199,0,38.99,4.0,6.0,0.0,12.0,33.7,24
saas_005028,0,11.77,69.0,3.0,1.0,6.0,48.37,22
saas_009784,1,28.47,339.0,3.0,0.0,13.0,22.97,9
saas_000921,1,41.9,5.0,10.0,1.0,6.0,40.41,29
saas_004649,0,13.34,14.0,22.0,0.0,5.0,15.65,3
saas_005332,0,19.87,31.0,1.0,1.0,5.0,22.69,11
saas_001076,0,0.0,145.0,1.0,0.0,10.0,23.02,28
saas_006768,0,17.54,285.0,15.0,0.0,7.0,21.87,1
saas_009410,1,12.67,4.0,35.0,1.0,5.0,0.0,5
saas_001671,1,28.34,1.0,3.0,2.0,9.0,23.68,25
saas_000474,1,8.44,50.0,11.0,0.0,7.0,1.47,24
saas_009186,0,33.79,47.0,4.0,0.0,5.0,13.24,14
saas_008839,1,50.89,44.0,17.0,1.0,11.0,49.62,11
saas_005758,1,46.08,32.0,12.0,0.0,11.0,30.55,11
saas_006297,1,41.55,23.0,39.0,1.0,2.0,31.32,6
saas_002478,0,22.55,63.0,14.0,2.0,3.0,52.41,20
saas_005493,0,16.24,8.0,14.0,2.0,7.0,7.16,5
saas_003914,1,27.46,1.0,21.0,1.0,14.0,31.3,19
saas_002138,1,14.18,32.0,23.0,0.0,8.0,8.76,1
saas_005454,0,24.16,6.0,1.0,1.0,8.0,34.32,28
saas_005379,1,66.28,89.0,12.0,2.0,7.0,36.38,24
saas_008985,0,37.72,137.0,30.0,2.0,5.0,30.59,1
saas_004023,0,69.39,1.0,23.0,1.0,11.0,68.0,25
saas_003485,1,52.78,101.0,2.0,1.0,7.0,29.73,27
saas_002455,1,79.26,22.0,1.0,1.0,14.0,51.46,24
saas_002464,1,66.36,6.0,29.0,0.0,6.0,47.88,3
saas_008696,1,62.6,115.0,13.0,0.0,8.0,38.75,19
saas_001369,1,0.45,84.0,6.0,0.0,8.0,15.22,7
saas_006688,0,50.95,188.0,28.0,1.0,10.0,45.76,2
saas_007456,1,14.09,182.0,24.0,2.0,11.0,17.08,6
saas_009974,1,37.53,16.0,14.0,0.0,9.0,24.69,11
saas_001901,1,8.57,100.0,9.0,1.0,1.0,0.0,15
saas_004871,0,18.62,26.0,18.0,1.0,9.0,48.26,16
saas_004710,0,0.0,38.0,16.0,2.0,6.0,34.5,26
saas_007886,0,55.36,7.0,14.0,0.0,10.0,62.65,4
saas_001793,1,26.87,12.0,10.0,1.0,8.0,20.17,15
saas_002874,0,9.38,23.0,1.0,2.0,6.0,43.46,17
saas_006217,0,37.91,7.0,21.0,0.0,6.0,40.14,3
saas_005213,1,86.58,10.0,21.0,0.0,6.0,37.63,6
saas_002245,0,45.93,7.0,5.0,0.0,6.0,21.04,14
saas_001741,1,49.63,184.0,20.0,1.0,8.0,45.63,3
saas_001020,1,31.48,33.0,19.0,1.0,9.0,34.87,11
saas_000705,1,19.26,4.0,50.0,0.0,13.0,29.92,2
saas_004294,0,68.59,22.0,28.0,0.0,10.0,42.36,2
saas_005576,1,53.58,36.0,6.0,0.0,11.0,47.26,11
saas_007166,0,11.58,54.0,7.0,0.0,8.0,21.39,14
saas_008177,1,66.36,15.0,13.0,0.0,3.0,61.09,17
saas_000908,0,29.88,22.0,7.0,1.0,9.0,23.18,30
saas_005193,0,0.0,47.0,7.0,1.0,10.0,16.01,12
saas_003077,1,70.84,1.0,1.0,0.0,12.0,35.77,9
saas_009366,0,34.41,62.0,10.0,0.0,7.0,16.97,17
saas_000594,0,33.91,2.0,43.0,1.0,8.0,11.42,2
saas_005304,1,19.99,194.0,1.0,1.0,6.0,36.04,3
saas_000440,0,40.94,15.0,2.0,0.0,5.0,45.19,9
saas_007606,1,2.64,15.0,8.0,1.0,7.0,38.24,23
saas_004092,1,11.12,6.0,34.0,0.0,7.0,16.86,6
saas_006134,0,41.75,60.0,13.0,0.0,8.0,37.04,26
saas_000010,1,40.06,75.0,6.0,2.0,8.0,33.29,23
saas_003776,1,35.89,5.0,30.0,1.0,10.0,27.13,8
saas_008999,0,13.86,23.0,2.0,0.0,6.0,2.7,17
saas_003708,1,20.57,16.0,1.0,1.0,7.0,7.58,16
saas_003780,0,6.96,35.0,7.0,0.0,6.0,0.0,16
saas_000093,1,22.84,17.0,1.0,2.0,13.0,46.26,14
saas_009239,1,59.3,26.0,18.0,0.0,7.0,45.29,23
saas_003949,1,0.45,18.0,12.0,0.0,7.0,8.17,4
saas_005785,1,36.78,285.0,3.0,1.0,12.0,38.74,25
saas_004870,1,33.18,3.0,15.0,0.0,12.0,14.99,30
saas_004802,0,50.59,19.0,23.0,0.0,10.0,38.79,8
saas_004867,0,42.33,12.0,12.0,0.0,10.0,37.23,17
saas_000292,0,14.02,182.0,18.0,1.0,9.0,25.44,13
saas_007888,0,11.86,2.0,1.0,1.0,5.0,30.38,30
saas_007405,0,35.39,13.0,34.0,0.0,7.0,28.67,16
saas_005595,0,37.51,32.0,8.0,0.0,6.0,30.71,19
saas_002886,1,0.45,43.0,1.0,0.0,10.0,30.67,24
saas_006454,1,21.38,19.0,3.0,0.0,9.0,27.16,2
saas_002542,0,29.88,12.0,20.0,0.0,9.0,26.08,22
saas_001765,1,42.17,16.0,2.0,0.0,6.0,25.12,19
saas_006800,1,6.38,9.0,1.0,0.0,6.0,18.64,26
saas_001877,0,0.0,302.0,17.0,0.0,6.0,0.0,13
saas_001981,0,1.6,8.0,11.0,0.0,10.0,9.8,8
saas_009729,1,26.86,667.0,6.0,1.0,4.0,19.11,22
saas_009608,0,28.19,211.0,6.0,0.0,2.0,37.51,3
saas_002685,0,58.72,24.0,5.0,0.0,8.0,47.85,25
saas_008930,1,16.96,76.0,2.0,0.0,12.0,50.06,30
saas_003458,0,31.76,14.0,14.0,1.0,8.0,24.76,2
saas_004541,1,35.82,30.0,5.0,0.0,11.0,26.51,5
saas_002178,0,31.07,49.0,88.0,0.0,13.0,33.16,30
saas_004450,0,6.29,6.0,10.0,0.0,7.0,8.25,30
saas_003859,1,41.61,36.0,10.0,2.0,6.0,42.78,16
saas_007623,1,35.67,32.0,1.0,2.0,14.0,53.13,16
saas_007654,1,31.05,51.0,7.0,0.0,10.0,29.95,17
saas_004519,0,49.34,1.0,15.0,0.0,7.0,25.19,1
saas_002517,0,35.14,173.0,5.0,0.0,8.0,37.89,1
saas_004836,0,34.29,1.0,13.0,1.0,6.0,27.82,17
saas_002885,0,54.17,31.0,7.0,2.0,7.0,48.05,11
saas_007281,1,75.91,10.0,2.0,0.0,6.0,34.82,16
saas_006255,0,23.12,80.0,9.0,1.0,5.0,19.06,10
saas_004539,1,56.27,56.0,1.0,0.0,9.0,31.88,23
saas_005639,0,38.21,48.0,7.0,1.0,12.0,14.56,9
saas_009459,1,51.79,231.0,7.0,1.0,9.0,42.88,1
saas_003481,0,18.11,76.0,43.0,0.0,8.0,16.13,7
saas_001277,1,41.35,228.0,3.0,0.0,8.0,27.71,15
saas_003146,1,44.06,70.0,2.0,1.0,9.0,33.3,18
saas_008262,1,65.99,18.0,84.0,1.0,9.0,46.91,29
saas_003205,0,7.19,12.0,7.0,0.0,6.0,9.06,21
saas_009892,0,76.6,7.0,15.0,1.0,6.0,60.13,29
saas_002742,1,62.07,5.0,8.0,1.0,9.0,43.69,4
saas_006076,1,42.7,438.0,6.0,0.0,10.0,41.1,8
saas_004047,1,20.99,8.0,19.0,1.0,4.0,35.6,19
saas_005731,1,40.65,21.0,5.0,1.0,6.0,48.75,26
saas_002945,0,19.0,28.0,14.0,0.0,13.0,9.73,9
saas_005790,0,42.41,108.0,12.0,1.0,7.0,43.19,11
saas_006794,0,45.79,22.0,9.0,1.0,6.0,35.98,15
saas_006543,1,47.38,97.0,39.0,1.0,13.0,39.35,13
saas_000700,1,61.95,106.0,4.0,2.0,6.0,30.71,3
saas_003574,0,12.11,8.0,21.0,0.0,4.0,34.74,2
saas_007699,0,16.64,53.0,1.0,1.0,6.0,36.86,1
saas_002515,0,60.73,8.0,1.0,1.0,9.0,35.53,1
saas_003000,0,54.91,130.0,1.0,1.0,8.0,65.63,29
saas_005820,0,40.81,11.0,23.0,0.0,3.0,53.07,13
saas_008581,1,28.01,31.0,2.0,1.0,7.0,30.65,18
saas_003684,1,24.4,4.0,11.0,0.0,8.0,24.08,16
saas_002995,0,26.63,6.0,1.0,0.0,10.0,27.01,29
saas_004252,0,32.16,41.0,25.0,1.0,6.0,33.95,3
saas_003411,1,79.14,1.0,10.0,0.0,11.0,49.75,24
saas_007962,1,98.74,436.0,5.0,1.0,11.0,70.33,2
saas_006309,1,41.99,2.0,1.0,0.0,2.0,36.97,16
saas_008611,1,75.83,9.0,31.0,2.0,6.0,50.02,14
saas_005012,0,35.39,2.0,27.0,0.0,10.0,17.9,23
saas_007750,1,36.29,7.0,5.0,1.0,9.0,42.59,10
saas_005979,0,26.42,2.0,1.0,0.0,3.0,37.87,17
saas_004048,0,51.47,15.0,4.0,2.0,10.0,26.91,19
saas_004899,0,39.04,10.0,23.0,2.0,10.0,20.71,29
saas_001318,0,41.54,2.0,3.0,0.0,3.0,30.07,16
saas_009772,0,24.74,9.0,13.0,0.0,5.0,15.14,5
saas_009137,1,5.23,17.0,18.0,0.0,11.0,19.72,19
saas_007142,1,3.33,5.0,1.0,1.0,7.0,19.35,25
saas_001897,0,73.35,39.0,22.0,1.0,12.0,41.56,25
saas_007465,0,53.54,39.0,19.0,0.0,14.0,32.17,10
saas_000603,1,26.08,7.0,37.0,0.0,8.0,22.13,17
saas_002846,0,54.84,8.0,11.0,0.0,7.0,31.08,16
saas_008207,1,39.9,22.0,1.0,1.0,9.0,28.74,29
saas_000393,1,26.37,40.0,3.0,1.0,7.0,19.21,5
saas_004436,1,4.97,10.0,9.0,0.0,7.0,22.67,29
saas_009447,0,20.11,8.0,8.0,0.0,9.0,16.61,17
saas_007234,0,0.0,35.0,3.0,1.0,5.0,0.0,17
saas_005398,0,33.03,1.0,17.0,2.0,2.0,31.45,25
saas_000095,1,11.04,2.0,28.0,1.0,4.0,29.6,30
saas_001662,0,0.0,17.0,19.0,0.0,9.0,10.42,9
saas_008970,0,1.46,32.0,10.0,0.0,6.0,9.09,28
saas_005130,1,27.11,4.0,34.0,1.0,11.0,49.47,16
saas_001488,0,11.38,32.0,19.0,0.0,9.0,13.1,23
saas_008316,1,1.78,41.0,13.0,0.0,9.0,14.44,21
saas_002707,0,46.22,1.0,6.0,0.0,6.0,35.71,2
saas_001595,1,19.78,39.0,3.0,1.0,9.0,63.07,12
saas_009277,0,35.76,4.0,24.0,2.0,5.0,47.97,23
saas_002377,0,61.24,7.0,23.0,2.0,11.0,46.82,5
saas_005140,1,0.45,15.0,5.0,0.0,5.0,7.37,25
saas_006147,0,10.72,7.0,3.0,1.0,12.0,9.03,1
saas_008241,1,9.05,4.0,26.0,0.0,8.0,13.96,6
saas_003948,0,8.88,18.0,66.0,0.0,9.0,24.28,29
saas_003933,0,68.81,104.0,23.0,0.0,4.0,44.03,26
saas_004797,1,29.75,71.0,5.0,0.0,4.0,0.19,8
saas_004372,0,9.02,3.0,6.0,0.0,8.0,0.0,2
saas_009862,0,51.66,22.0,50.0,0.0,8.0,31.31,10
saas_008242,0,0.0,36.0,4.0,0.0,7.0,30.12,17
saas_003448,1,19.85,8.0,16.0,0.0,8.0,19.39,1
saas_002943,1,12.47,12.0,4.0,2.0,7.0,2.07,1
saas_002465,0,48.65,6.0,6.0,0.0,9.0,23.18,28
saas_008582,1,20.02,4.0,28.0,0.0,8.0,17.47,30
saas_005506,0,17.93,9.0,1.0,0.0,13.0,4.49,21
saas_002698,1,15.22,36.0,11.0,1.0,7.0,20.88,4
saas_002447,1,23.76,10.0,1.0,1.0,7.0,14.19,16
saas_000019,0,13.62,18.0,24.0,2.0,6.0,24.6,8
saas_002748,0,25.83,15.0,1.0,1.0,13.0,12.23,15
saas_005399,1,49.7,119.0,7.0,0.0,11.0,24.18,29
saas_008078,1,1.69,50.0,14.0,0.0,9.0,16.48,8
saas_006871,1,37.78,114.0,3.0,0.0,7.0,39.35,26
saas_004708,1,14.2,5.0,41.0,0.0,11.0,6.43,28
saas_009476,1,57.58,2.0,8.0,0.0,10.0,54.88,4
saas_000809,1,23.84,27.0,19.0,1.0,8.0,31.61,30
saas_007477,0,0.0,26.0,30.0,1.0,10.0,23.14,3
saas_002273,0,43.45,78.0,3.0,2.0,4.0,48.3,11
saas_001923,0,30.46,109.0,19.0,1.0,9.0,23.06,30
saas_001470,0,23.38,23.0,27.0,2.0,5.0,16.69,19
saas_007934,0,0.18,103.0,10.0,2.0,13.0,9.97,30
saas_007407,0,0.0,8.0,14.0,2.0,10.0,14.9,5
saas_002406,1,0.45,31.0,6.0,0.0,4.0,11.92,27
saas_001142,1,16.35,1.0,30.0,2.0,12.0,7.4,26
saas_001747,0,37.43,32.0,3.0,0.0,7.0,18.6,18
saas_005709,1,26.32,6.0,2.0,0.0,6.0,29.26,17
saas_004975,0,4.57,7.0,7.0,0.0,14.0,29.46,1
saas_007300,0,0.0,25.0,90.0,0.0,12.0,9.19,18
saas_008148,1,28.8,39.0,10.0,1.0,4.0,17.13,16
saas_002833,1,18.92,4.0,1.0,0.0,10.0,18.96,15
saas_003131,1,23.62,7.0,2.0,0.0,9.0,14.37,1
saas_001310,1,5.77,3.0,10.0,0.0,6.0,0.86,25
saas_008650,0,80.69,17.0,3.0,2.0,4.0,50.97,15
saas_006774,1,24.41,3.0,15.0,1.0,8.0,25.69,16
saas_006756,0,19.49,10.0,7.0,0.0,8.0,31.22,25
saas_000620,0,0.0,10.0,3.0,0.0,8.0,15.39,1
saas_002701,1,39.51,3.0,1.0,1.0,6.0,39.84,1
saas_002199,1,26.22,5.0,17.0,2.0,6.0,52.25,22
saas_006196,0,42.35,71.0,11.0,0.0,4.0,28.96,15
saas_008824,1,11.89,62.0,3.0,2.0,15.0,21.49,22
saas_001046,1,0.45,8.0,1.0,0.0,11.0,34.92,26
saas_005768,1,2.75,17.0,6.0,0.0,9.0,20.49,25
saas_009947,0,18.66,11.0,1.0,1.0,9.0,18.93,8
saas_009019,1,68.34,8.0,8.0,0.0,3.0,49.57,3
saas_000743,1,0.45,1.0,7.0,1.0,5.0,0.29,25
saas_000222,1,40.33,26.0,6.0,0.0,6.0,31.64,29
saas_003149,0,49.38,28.0,9.0,0.0,5.0,31.62,24
saas_000625,0,22.41,9.0,14.0,0.0,7.0,8.46,4
saas_009334,0,36.44,73.0,23.0,2.0,9.0,27.42,30
saas_007566,0,42.87,7.0,25.0,0.0,11.0,27.42,30
saas_004582,0,0.0,25.0,15.0,0.0,11.0,29.85,10
saas_005711,1,47.88,1.0,3.0,0.0,9.0,39.45,20
saas_003284,0,0.0,6.0,3.0,0.0,11.0,18.8,23
saas_007585,1,0.45,10.0,3.0,0.0,8.0,16.78,8
saas_009646,0,41.67,2.0,3.0,0.0,7.0,32.75,10
saas_001530,0,45.63,46.0,1.0,1.0,7.0,27.92,15
saas_009685,0,44.49,1.0,26.0,0.0,4.0,34.92,5
saas_000353,0,13.05,68.0,8.0,0.0,10.0,29.76,21
saas_002474,0,0.0,5.0,3.0,0.0,8.0,0.0,3
saas_008013,1,31.1,3.0,31.0,0.0,9.0,13.33,7
saas_006475,0,66.02,5.0,4.0,0.0,13.0,29.14,2
saas_006449,0,14.49,180.0,47.0,0.0,4.0,9.76,9
saas_000239,0,0.0,9.0,1.0,1.0,7.0,11.55,30
saas_002625,1,4.57,15.0,25.0,0.0,3.0,21.17,8
saas_009786,0,16.09,28.0,3.0,0.0,8.0,15.33,26
saas_007198,1,43.92,4.0,25.0,1.0,8.0,44.21,11
saas_007692,0,25.63,3.0,20.0,1.0,10.0,36.73,10
saas_002997,1,2.65,662.0,1.0,0.0,11.0,0.25,5
saas_006440,1,12.41,50.0,5.0,2.0,15.0,12.15,11
saas_004562,1,0.45,32.0,2.0,0.0,2.0,14.78,19
saas_008614,1,45.97,23.0,15.0,0.0,7.0,21.73,9
saas_001479,1,23.87,259.0,51.0,0.0,9.0,13.84,21
saas_001018,0,16.8,12.0,10.0,0.0,10.0,31.01,18
saas_003094,1,8.97,310.0,3.0,1.0,7.0,39.72,7
saas_006182,0,16.38,1.0,40.0,1.0,10.0,10.64,1
saas_004960,1,51.95,7.0,3.0,0.0,8.0,30.45,10
saas_008492,1,40.71,39.0,23.0,1.0,7.0,0.0,25
saas_001103,0,31.67,43.0,1.0,1.0,7.0,20.91,19
saas_006081,1,35.13,1.0,7.0,1.0,9.0,39.18,23
saas_009525,1,0.45,83.0,1.0,1.0,4.0,29.0,29
saas_005190,1,16.82,23.0,19.0,0.0,8.0,25.88,24
saas_004181,1,55.97,22.0,50.0,1.0,4.0,51.86,22
saas_004467,0,24.58,12.0,8.0,1.0,12.0,27.81,9
saas_001626,0,0.0,1.0,27.0,1.0,10.0,3.63,26
saas_006717,1,30.72,29.0,4.0,1.0,14.0,25.58,30
saas_003798,1,49.61,70.0,6.0,0.0,5.0,35.63,9
saas_003053,1,52.92,17.0,13.0,1.0,8.0,39.27,22
saas_002867,0,33.81,199.0,5.0,0.0,6.0,41.39,14
saas_001432,1,54.8,5.0,11.0,0.0,3.0,53.02,12
saas_007983,0,0.0,5.0,24.0,1.0,8.0,38.6,19
saas_009346,1,46.8,6.0,1.0,2.0,5.0,42.55,28
saas_009419,0,27.44,40.0,13.0,1.0,14.0,33.45,8
saas_004076,1,24.23,1.0,6.0,0.0,11.0,14.93,11
saas_000217,0,51.08,149.0,5.0,0.0,7.0,24.5,17
saas_003555,1,12.22,13.0,2.0,0.0,5.0,10.21,16
saas_007936,1,0.45,8.0,18.0,1.0,9.0,2.84,18
saas_008421,0,0.0,11.0,2.0,0.0,10.0,4.99,4
saas_001034,0,0.0,9.0,10.0,1.0,5.0,0.0,5
saas_003773,1,53.13,45.0,1.0,0.0,11.0,49.19,5
saas_004132,1,34.13,33.0,13.0,1.0,5.0,31.55,14
saas_002335,1,43.07,22.0,1.0,1.0,6.0,59.74,23
saas_006492,1,22.14,3.0,11.0,0.0,9.0,35.11,12
saas_001482,1,44.95,23.0,15.0,1.0,11.0,27.6,23
saas_000906,1,47.46,14.0,17.0,1.0,5.0,36.71,9
saas_006088,1,2.65,304.0,36.0,0.0,4.0,0.0,18
saas_006466,1,32.38,55.0,5.0,2.0,4.0,14.41,25
saas_005676,1,9.45,1.0,38.0,0.0,4.0,0.0,23
saas_002770,1,34.82,85.0,1.0,0.0,11.0,36.28,8
saas_001805,1,21.17,1.0,1.0,2.0,8.0,32.32,8
saas_007374,0,69.24,14.0,47.0,1.0,7.0,46.08,26
saas_002114,1,1.59,41.0,61.0,0.0,10.0,0.43,22
saas_004534,1,56.01,19.0,36.0,1.0,5.0,40.24,21
saas_002531,0,0.0,45.0,2.0,0.0,16.0,11.43,26
saas_008525,1,26.38,12.0,15.0,1.0,11.0,33.68,18
saas_003470,1,22.12,1.0,35.0,0.0,5.0,27.55,29
saas_001402,0,30.09,14.0,76.0,0.0,10.0,8.71,13
saas_000852,1,12.98,78.0,35.0,0.0,6.0,33.24,15
saas_003082,0,33.68,28.0,7.0,0.0,9.0,27.45,11
saas_008024,1,0.45,4.0,4.0,0.0,10.0,11.05,13
saas_007565,1,6.96,2.0,4.0,0.0,8.0,37.89,17
saas_005529,0,0.0,18.0,56.0,0.0,5.0,8.44,8
saas_007854,1,31.78,11.0,15.0,0.0,10.0,20.02,25
saas_004932,1,72.9,269.0,26.0,0.0,5.0,54.45,5
saas_005159,0,38.65,1.0,1.0,0.0,8.0,3.68,25
saas_009715,0,31.02,70.0,8.0,0.0,9.0,38.79,12
saas_003846,1,12.2,17.0,25.0,1.0,4.0,26.86,24
saas_006483,0,40.5,266.0,39.0,1.0,7.0,38.63,8
saas_000747,0,18.83,43.0,23.0,0.0,10.0,43.52,13
saas_003034,1,42.14,103.0,4.0,2.0,3.0,41.45,14
saas_000347,0,0.0,48.0,16.0,2.0,11.0,6.89,1
saas_003351,1,32.18,37.0,5.0,0.0,9.0,18.51,22
saas_002864,1,5.23,3.0,53.0,2.0,8.0,2.31,9
saas_002167,0,20.95,1.0,1.0,0.0,8.0,26.89,18
saas_006954,0,0.0,14.0,2.0,1.0,5.0,27.08,18
saas_006209,0,0.0,7.0,11.0,0.0,8.0,22.19,21
saas_002777,1,14.4,10.0,25.0,0.0,14.0,3.46,2
saas_001441,1,0.45,34.0,3.0,2.0,6.0,0.0,9
saas_005657,1,0.45,12.0,1.0,2.0,6.0,5.81,28
saas_009657,0,37.34,71.0,18.0,0.0,4.0,38.62,18
saas_003027,1,0.45,2.0,4.0,1.0,4.0,6.44,15
saas_006117,1,39.28,3.0,1.0,0.0,14.0,27.13,19
saas_002483,0,0.0,19.0,9.0,0.0,5.0,33.26,4
saas_002882,1,3.19,62.0,31.0,2.0,10.0,17.22,7
saas_005561,1,33.36,840.0,10.0,1.0,7.0,28.4,24
saas_000763,0,0.0,52.0,32.0,1.0,6.0,6.37,29
saas_006481,1,53.55,7.0,4.0,1.0,8.0,37.87,29
saas_001616,0,44.9,1589.0,12.0,0.0,9.0,46.28,3
saas_001222,0,30.6,37.0,2.0,0.0,6.0,5.44,12
saas_008664,0,49.55,49.0,15.0,0.0,2.0,40.33,19
saas_006221,0,0.58,12.0,8.0,1.0,7.0,3.4,5
saas_001576,1,53.29,20.0,8.0,2.0,10.0,41.62,19
saas_009391,1,58.7,1116.0,8.0,0.0,3.0,45.52,22
saas_006350,1,12.84,35.0,11.0,2.0,10.0,0.0,29
saas_003782,1,24.78,4.0,14.0,0.0,7.0,18.36,13
saas_004374,1,53.83,74.0,13.0,1.0,10.0,40.79,30
saas_000708,0,11.32,14.0,14.0,0.0,8.0,21.7,16
saas_000509,1,25.11,40.0,9.0,0.0,7.0,25.83,27
saas_002954,1,21.52,1.0,25.0,0.0,12.0,19.26,3
saas_007537,0,38.4,32.0,17.0,1.0,10.0,47.4,2
saas_006338,0,48.25,132.0,2.0,0.0,5.0,40.38,10
saas_008922,0,29.23,76.0,12.0,2.0,12.0,28.96,24
saas_007063,0,11.43,13.0,4.0,2.0,5.0,27.64,17
saas_007162,1,67.4,10.0,1.0,1.0,8.0,63.03,18
saas_007371,0,0.0,49.0,2.0,2.0,9.0,14.54,3
saas_006828,1,52.97,11.0,1.0,0.0,6.0,37.2,17
saas_003615,0,84.46,73.0,43.0,1.0,7.0,24.31,3
saas_004656,0,40.34,5.0,6.0,0.0,4.0,18.76,3
saas_006975,1,19.39,1.0,8.0,0.0,11.0,13.74,17
saas_004350,0,64.28,14.0,6.0,1.0,5.0,20.46,18
saas_000711,1,13.77,57.0,2.0,2.0,4.0,31.31,11
saas_006478,0,33.12,8.0,36.0,2.0,5.0,25.84,18
saas_009129,0,9.6,83.0,64.0,0.0,9.0,6.7,21
saas_008204,0,59.86,136.0,19.0,0.0,6.0,46.52,2
saas_009203,0,15.46,300.0,1.0,0.0,10.0,13.99,17
saas_000712,1,9.11,4.0,11.0,1.0,13.0,13.78,1
saas_009112,0,3.6,41.0,6.0,1.0,8.0,31.01,17
saas_001245,1,13.17,22.0,1.0,0.0,8.0,36.17,22
saas_009785,1,40.16,25.0,10.0,2.0,5.0,44.63,8
saas_006848,0,61.66,1.0,9.0,0.0,12.0,54.15,25
saas_005133,1,46.46,2.0,23.0,0.0,2.0,27.45,16
saas_000715,0,20.97,3.0,3.0,0.0,7.0,27.8,20
saas_003463,0,0.0,2.0,33.0,0.0,6.0,14.2,24
saas_004394,0,8.72,3.0,33.0,1.0,5.0,53.09,15
saas_004568,1,43.22,52.0,41.0,1.0,8.0,31.95,12
saas_008803,0,14.53,11.0,1.0,1.0,9.0,34.33,19
saas_008489,0,0.0,1.0,1.0,0.0,9.0,11.62,11
saas_007701,1,0.45,14.0,11.0,1.0,6.0,15.59,5
saas_000212,1,50.84,21.0,15.0,1.0,8.0,26.73,9
saas_009767,1,32.16,1.0,9.0,0.0,7.0,30.09,19
saas_006838,0,0.0,159.0,11.0,0.0,16.0,14.53,24
saas_001010,1,38.82,3.0,9.0,1.0,8.0,19.33,29
saas_000323,1,17.6,61.0,80.0,2.0,6.0,24.21,23
saas_005396,1,2.74,38.0,1.0,1.0,8.0,8.54,30
saas_005990,0,18.32,1.0,6.0,2.0,7.0,8.52,23
saas_003172,0,52.57,86.0,6.0,1.0,7.0,35.64,30
saas_000334,1,0.45,21.0,10.0,2.0,10.0,25.6,29
saas_008305,1,30.28,43.0,11.0,0.0,7.0,41.91,9
saas_002210,1,47.72,65.0,5.0,1.0,9.0,35.37,1
saas_004271,0,30.52,3.0,16.0,0.0,15.0,38.15,2
saas_006740,1,9.07,2.0,1.0,2.0,5.0,0.0,10
saas_000233,0,78.2,122.0,1.0,0.0,6.0,54.76,25
saas_005950,0,36.73,1.0,12.0,2.0,9.0,32.8,5
saas_005737,0,0.0,54.0,45.0,2.0,11.0,14.91,28
saas_007921,0,81.71,107.0,31.0,0.0,2.0,35.89,9
saas_002348,0,40.72,191.0,2.0,1.0,6.0,44.38,7
saas_002036,0,17.85,10.0,2.0,1.0,3.0,0.0,29
saas_007484,1,0.45,11.0,1.0,0.0,7.0,25.06,20
saas_006006,1,44.24,4.0,38.0,0.0,10.0,20.68,21
saas_004553,1,0.45,34.0,3.0,1.0,12.0,12.43,25
saas_008072,0,37.39,2.0,7.0,2.0,7.0,38.1,15
saas_001458,1,48.24,292.0,26.0,2.0,2.0,31.29,17
saas_003288,1,24.29,10.0,20.0,2.0,8.0,0.0,16
saas_003064,0,10.41,12.0,28.0,1.0,6.0,21.21,1
saas_009436,0,64.08,5.0,6.0,0.0,8.0,11.16,26
saas_000774,0,26.36,20.0,13.0,0.0,7.0,34.84,29
saas_006832,0,13.57,79.0,28.0,1.0,9.0,36.53,12
saas_000871,1,0.45,4.0,9.0,0.0,8.0,4.29,10
saas_008749,1,0.88,1.0,6.0,1.0,8.0,0.0,27
saas_001263,1,0.45,10.0,37.0,2.0,10.0,11.74,5
saas_004833,1,10.79,5.0,27.0,0.0,7.0,20.95,12
saas_003894,0,38.26,51.0,26.0,1.0,13.0,38.51,23
saas_006323,1,0.45,9.0,5.0,1.0,4.0,25.89,10
saas_009212,0,22.31,73.0,1.0,0.0,9.0,17.93,23
saas_007019,1,39.18,23.0,22.0,1.0,4.0,29.54,16
saas_001220,1,0.45,18.0,1.0,1.0,6.0,18.35,28
saas_001446,1,43.1,657.0,35.0,2.0,8.0,27.81,29
saas_003184,1,0.45,56.0,19.0,1.0,10.0,10.93,15
saas_000408,0,41.37,1.0,8.0,0.0,7.0,28.42,17
saas_004344,0,20.11,8.0,23.0,0.0,9.0,20.72,17
saas_003021,1,29.06,190.0,12.0,0.0,9.0,23.2,8
saas_002303,0,52.86,10.0,6.0,0.0,6.0,40.81,3
saas_006271,1,22.75,1.0,3.0,0.0,5.0,35.03,30
saas_008280,1,50.79,36.0,9.0,1.0,8.0,52.34,3
saas_006641,1,0.45,13.0,1.0,1.0,10.0,25.14,2
saas_006955,1,0.45,18.0,6.0,1.0,6.0,10.78,5
saas_002109,1,20.34,27.0,24.0,0.0,12.0,26.25,17
saas_005351,1,0.45,31.0,16.0,0.0,6.0,11.58,16
saas_009683,0,51.55,111.0,1.0,1.0,4.0,63.02,21
saas_008343,1,43.22,8.0,16.0,0.0,4.0,40.0,24
saas_004549,0,8.96,5.0,11.0,0.0,6.0,25.6,17
saas_001880,0,36.84,59.0,1.0,1.0,4.0,23.11,7
saas_005945,1,66.95,1.0,9.0,0.0,8.0,49.79,16
saas_001737,0,22.37,15.0,24.0,2.0,14.0,32.48,20
saas_007793,0,36.43,10.0,45.0,0.0,9.0,26.14,8
saas_005212,1,11.51,8.0,12.0,1.0,7.0,18.26,23
saas_003208,0,17.47,92.0,24.0,1.0,10.0,41.81,18
saas_007082,0,13.44,16.0,12.0,0.0,9.0,24.07,28
saas_002055,0,14.15,48.0,6.0,0.0,9.0,11.67,19
saas_001688,0,23.22,16.0,3.0,1.0,12.0,30.83,20
saas_004779,1,24.34,21.0,8.0,1.0,6.0,0.0,15
saas_007475,1,28.79,52.0,12.0,1.0,11.0,29.85,18
saas_007876,0,53.39,10.0,28.0,0.0,6.0,14.84,12
saas_006749,1,46.87,11.0,27.0,1.0,6.0,29.17,21
saas_008555,1,1.0,4.0,1.0,1.0,5.0,20.74,29
saas_008122,0,36.88,9.0,7.0,0.0,7.0,31.98,25
saas_006990,0,11.84,9.0,8.0,0.0,12.0,24.99,13
saas_008266,0,1.15,149.0,6.0,0.0,2.0,11.18,12
saas_008539,1,38.84,31.0,15.0,0.0,9.0,38.19,19
saas_003392,1,18.11,6.0,35.0,1.0,4.0,0.77,2
saas_006325,0,0.0,940.0,8.0,0.0,10.0,22.18,26
saas_003528,1,37.85,1.0,12.0,0.0,9.0,41.15,13
saas_004604,1,47.3,16.0,3.0,0.0,6.0,25.24,9
saas_007023,1,4.38,63.0,26.0,0.0,6.0,1.73,30
saas_006321,1,14.67,13.0,26.0,2.0,12.0,22.4,16
saas_000745,1,0.45,81.0,16.0,1.0,13.0,14.23,5
saas_000710,1,99.11,19.0,14.0,1.0,7.0,64.16,3
saas_000379,0,37.94,10.0,15.0,0.0,7.0,20.56,3
saas_008782,1,42.77,25.0,39.0,1.0,13.0,28.87,20
saas_003011,0,65.98,11.0,2.0,1.0,9.0,30.9,17
saas_008858,0,62.98,10.0,1.0,1.0,13.0,50.18,18
saas_007152,0,5.6,123.0,30.0,0.0,9.0,0.0,22
saas_008566,0,42.69,24.0,4.0,2.0,4.0,49.95,27
saas_003497,1,6.65,101.0,4.0,1.0,5.0,16.52,4
saas_003889,1,74.38,6.0,20.0,0.0,6.0,27.01,26
saas_004484,1,0.45,21.0,24.0,0.0,9.0,9.77,8
saas_004011,0,26.29,29.0,28.0,0.0,12.0,25.98,11
saas_002619,0,28.14,241.0,3.0,0.0,6.0,7.94,13
saas_006670,1,0.45,15.0,9.0,0.0,8.0,4.52,18
saas_006512,1,32.81,37.0,8.0,0.0,7.0,0.0,27
saas_003467,1,7.45,1.0,2.0,1.0,9.0,13.58,12
saas_001313,0,15.17,36.0,5.0,0.0,5.0,12.46,5
saas_008605,0,42.65,3.0,9.0,0.0,6.0,20.15,14
saas_002069,1,0.45,14.0,4.0,0.0,5.0,8.7,8
saas_002982,0,0.0,14.0,1.0,1.0,11.0,10.64,19
saas_005914,0,38.76,44.0,15.0,1.0,9.0,24.92,24
saas_009170,0,15.46,4.0,8.0,0.0,11.0,30.91,12
saas_001285,1,27.25,29.0,18.0,0.0,8.0,25.66,20
saas_008990,1,11.83,60.0,11.0,0.0,4.0,18.24,12
saas_008429,1,11.9,121.0,20.0,0.0,4.0,33.43,1
saas_001349,0,10.0,17.0,3.0,1.0,10.0,33.06,22
saas_002611,1,19.25,69.0,17.0,0.0,6.0,27.33,22
saas_009494,0,30.16,1.0,29.0,1.0,6.0,22.65,22
saas_003668,0,20.5,1.0,7.0,2.0,6.0,38.58,9
saas_002221,0,24.32,6.0,2.0,0.0,5.0,5.89,29
saas_000427,0,0.0,265.0,35.0,0.0,6.0,11.85,29
saas_000653,1,8.76,3.0,35.0,0.0,5.0,15.55,30
saas_009913,0,41.27,39.0,11.0,1.0,7.0,45.18,24
saas_003535,1,43.22,2.0,26.0,0.0,8.0,42.19,7
saas_007736,1,52.13,101.0,1.0,0.0,9.0,47.4,29
saas_003245,1,19.44,33.0,16.0,0.0,5.0,38.42,18
saas_004740,0,39.53,13.0,3.0,0.0,7.0,32.33,27
saas_009068,1,79.95,1.0,12.0,1.0,7.0,38.08,27
saas_004099,0,45.94,14.0,6.0,0.0,10.0,30.78,23
saas_004100,0,75.07,46.0,11.0,1.0,4.0,41.13,6
saas_006959,1,56.94,15.0,37.0,0.0,9.0,28.73,5
saas_000611,0,0.0,28.0,2.0,0.0,8.0,39.6,29
saas_004288,1,27.52,16.0,1.0,0.0,6.0,35.6,6
saas_008570,1,21.7,4.0,11.0,1.0,11.0,19.93,22
saas_009712,1,7.69,3.0,28.0,1.0,13.0,32.33,5
saas_001543,1,0.45,17.0,3.0,1.0,8.0,17.09,10
saas_009535,0,0.0,224.0,16.0,2.0,10.0,2.44,8
saas_003853,1,10.93,11.0,13.0,0.0,8.0,2.34,22
saas_000554,0,7.79,17.0,8.0,0.0,10.0,0.41,1
saas_006365,1,77.88,11.0,1.0,1.0,10.0,47.97,26
saas_000511,1,9.66,12.0,7.0,1.0,3.0,22.48,3
saas_003206,0,7.27,41.0,43.0,1.0,12.0,21.5,24
saas_008084,1,37.95,14.0,23.0,0.0,5.0,28.81,24
saas_000967,0,22.43,6.0,18.0,0.0,6.0,27.39,8
saas_006043,0,39.03,2.0,13.0,0.0,10.0,29.41,4
saas_006879,0,7.92,24.0,1.0,1.0,10.0,6.96,5
saas_006775,1,31.47,101.0,9.0,2.0,8.0,30.68,28
saas_003295,0,49.12,50.0,10.0,2.0,10.0,23.59,4
saas_008701,0,0.0,3.0,26.0,0.0,6.0,11.85,7
saas_003429,0,36.59,65.0,9.0,1.0,8.0,27.51,6
saas_008870,1,57.77,175.0,12.0,0.0,9.0,47.54,16
saas_006962,1,38.03,14.0,3.0,1.0,8.0,17.68,4
saas_002088,1,56.18,7.0,32.0,1.0,6.0,53.45,4
saas_008499,0,40.04,67.0,19.0,0.0,7.0,28.18,17
saas_006162,0,51.01,22.0,6.0,1.0,7.0,44.6,24
saas_003210,1,27.96,21.0,16.0,1.0,6.0,38.34,4
saas_009200,1,0.45,29.0,1.0,0.0,12.0,0.0,28
saas_006605,1,24.6,2.0,16.0,1.0,6.0,50.29,2
saas_001109,1,36.55,70.0,9.0,0.0,14.0,28.08,4
saas_005728,1,21.34,112.0,1.0,1.0,6.0,36.38,12
saas_007829,0,11.75,10.0,4.0,0.0,7.0,5.48,23
saas_001038,1,19.57,67.0,5.0,1.0,11.0,0.76,23
saas_001194,0,25.73,365.0,18.0,1.0,11.0,22.48,17
saas_004474,0,19.74,7.0,18.0,1.0,10.0,21.3,18
saas_009874,0,79.68,69.0,12.0,0.0,16.0,56.39,27
saas_002122,0,28.8,5.0,1.0,0.0,4.0,20.15,11
saas_004982,0,29.52,1.0,16.0,2.0,6.0,16.92,23
saas_008973,0,26.42,3.0,19.0,1.0,8.0,13.13,7
saas_005700,1,56.59,13.0,33.0,0.0,7.0,20.42,15
saas_000934,0,18.97,31.0,6.0,0.0,12.0,6.33,25
saas_006101,0,63.88,6.0,74.0,1.0,11.0,46.02,4
saas_004689,1,36.53,8.0,5.0,0.0,8.0,26.6,11
saas_000394,1,57.37,57.0,27.0,1.0,7.0,4.44,5
saas_004685,1,10.36,6.0,1.0,1.0,9.0,25.29,21
saas_008776,1,0.45,50.0,43.0,0.0,4.0,6.27,28
saas_009165,1,58.85,40.0,37.0,1.0,6.0,31.65,7
saas_005980,1,28.82,6.0,28.0,0.0,7.0,31.83,11
saas_009942,1,1.05,2.0,18.0,0.0,14.0,13.81,27
saas_002191,0,60.9,4.0,12.0,0.0,8.0,41.77,25
saas_001297,1,65.77,7.0,15.0,0.0,5.0,37.54,18
saas_005044,0,0.0,1.0,16.0,0.0,9.0,10.29,23
saas_001162,1,3.49,13.0,15.0,2.0,6.0,30.32,5
saas_004254,0,35.38,6.0,17.0,1.0,8.0,25.37,17
saas_006372,1,51.03,10.0,8.0,0.0,2.0,53.89,14
saas_001527,0,19.43,15.0,15.0,0.0,12.0,40.7,11
saas_004342,0,25.02,17.0,4.0,0.0,7.0,20.13,18
saas_002030,1,44.71,142.0,12.0,0.0,7.0,33.84,10
saas_003060,0,57.04,117.0,2.0,1.0,7.0,57.4,26
saas_000058,0,32.05,5.0,9.0,2.0,5.0,23.46,20
saas_002405,0,29.61,1.0,13.0,1.0,5.0,17.97,12
saas_005006,0,9.94,1.0,6.0,2.0,10.0,35.53,19
saas_006157,0,3.86,11.0,6.0,1.0,12.0,10.91,28
saas_007375,1,26.07,6.0,1.0,2.0,11.0,33.18,4
saas_004506,1,62.71,61.0,8.0,0.0,11.0,41.29,22
saas_005214,0,56.27,44.0,21.0,1.0,10.0,27.86,29
saas_006029,0,42.57,1.0,5.0,2.0,8.0,29.6,29
saas_001780,1,3.33,67.0,22.0,0.0,12.0,13.41,12
saas_005447,1,62.4,19.0,6.0,0.0,10.0,48.94,17
saas_004606,1,39.28,4.0,28.0,0.0,5.0,14.35,24
saas_006914,1,89.54,1.0,22.0,0.0,6.0,34.25,1
saas_000676,0,19.99,716.0,12.0,1.0,7.0,22.34,24
saas_003582,1,47.94,22.0,2.0,1.0,8.0,31.49,19
saas_003653,0,15.82,59.0,4.0,1.0,14.0,15.16,25
saas_007920,0,0.0,19.0,2.0,0.0,7.0,0.0,11
saas_009499,1,52.77,4.0,2.0,2.0,12.0,56.18,22
saas_002732,0,58.47,268.0,23.0,1.0,9.0,60.64,29
saas_004787,0,50.76,20.0,6.0,1.0,12.0,38.65,6
saas_002754,1,47.01,101.0,15.0,1.0,7.0,73.14,6
saas_002337,1,22.73,70.0,10.0,0.0,10.0,20.2,17
saas_003643,1,48.11,7.0,29.0,1.0,9.0,45.27,12
saas_007737,1,45.07,10.0,12.0,0.0,11.0,40.54,12
saas_005516,1,7.64,22.0,10.0,1.0,7.0,31.36,8
saas_005246,0,45.41,2596.0,8.0,1.0,12.0,50.47,22
saas_000866,1,0.45,2.0,9.0,1.0,9.0,7.83,1
saas_004447,1,40.84,20.0,6.0,2.0,6.0,36.48,24
saas_005071,0,39.58,18.0,11.0,0.0,11.0,49.76,3
saas_004881,0,20.18,30.0,35.0,1.0,8.0,25.79,18
saas_009510,1,18.69,32.0,3.0,0.0,9.0,28.23,20
saas_003002,0,75.29,383.0,23.0,2.0,8.0,52.47,30
saas_002225,1,37.28,28.0,12.0,0.0,9.0,32.09,2
saas_009056,1,19.52,394.0,10.0,1.0,8.0,25.44,25
saas_004826,1,51.55,10.0,5.0,1.0,12.0,36.21,30
saas_007621,1,31.49,13.0,1.0,0.0,8.0,22.53,11
saas_009689,0,48.69,119.0,1.0,0.0,2.0,46.21,2
saas_005500,1,51.51,9.0,21.0,1.0,10.0,18.82,3
saas_009700,1,0.45,9.0,1.0,0.0,7.0,13.69,4
saas_008478,0,30.6,2.0,4.0,1.0,5.0,68.13,15
saas_005502,0,55.49,3.0,34.0,0.0,11.0,44.55,10
saas_001210,0,60.63,75.0,3.0,0.0,8.0,37.07,9
saas_009083,0,50.11,334.0,1.0,0.0,7.0,34.77,29
saas_002288,0,18.01,86.0,14.0,0.0,8.0,33.34,6
saas_002183,0,36.86,4.0,7.0,2.0,8.0,16.87,25
saas_002862,0,17.61,6.0,5.0,0.0,6.0,23.9,3
saas_006861,1,0.45,2.0,5.0,1.0,5.0,0.0,21
saas_002362,1,20.02,11.0,5.0,0.0,9.0,20.84,28
saas_008463,1,36.8,13.0,27.0,1.0,10.0,46.78,1
saas_006332,0,9.3,13.0,1.0,0.0,10.0,18.2,12
saas_004064,1,0.45,26.0,23.0,1.0,10.0,11.26,9
saas_009546,0,29.22,93.0,1.0,0.0,9.0,40.1,12
saas_000617,1,11.94,28.0,8.0,0.0,6.0,11.05,20
saas_003281,0,45.76,63.0,8.0,0.0,11.0,15.34,10
saas_005226,1,0.45,21.0,1.0,1.0,9.0,30.15,22
saas_003397,1,41.92,13.0,9.0,0.0,8.0,43.05,5
saas_003065,1,0.45,20.0,7.0,2.0,6.0,0.0,4
saas_000766,1,19.34,22.0,23.0,0.0,12.0,10.77,5
saas_007078,1,0.45,5.0,6.0,1.0,9.0,11.57,28
saas_005279,1,82.12,388.0,24.0,1.0,5.0,60.69,20
saas_004149,0,29.13,1.0,3.0,0.0,4.0,5.97,29
saas_001144,0,20.94,20.0,8.0,2.0,7.0,36.73,4
saas_004248,1,42.73,7.0,1.0,1.0,9.0,37.84,24
saas_004110,0,16.06,46.0,46.0,1.0,7.0,17.42,20
saas_000462,1,23.74,1.0,13.0,2.0,7.0,30.17,3
saas_002932,1,2.65,117.0,73.0,2.0,7.0,14.66,15
saas_004623,1,0.45,71.0,9.0,0.0,12.0,33.01,29
saas_003813,0,12.81,13.0,28.0,2.0,8.0,13.01,3
saas_006308,1,54.13,133.0,1.0,0.0,6.0,27.84,1
saas_004341,0,70.43,108.0,4.0,0.0,8.0,49.56,3
saas_005300,1,36.71,6.0,42.0,0.0,16.0,36.33,13
saas_006804,1,17.46,54.0,11.0,2.0,10.0,16.42,8
saas_003282,0,0.39,8.0,17.0,1.0,6.0,9.8,25
saas_002574,0,27.92,17.0,15.0,0.0,9.0,20.99,23
saas_007961,0,56.03,1.0,14.0,1.0,6.0,49.7,8
saas_007879,0,25.71,62.0,13.0,1.0,6.0,10.74,9
saas_000828,1,20.54,124.0,34.0,0.0,4.0,15.39,2
saas_006486,0,28.89,18.0,7.0,0.0,13.0,52.57,24
saas_007599,1,0.45,80.0,23.0,2.0,10.0,20.29,23
saas_002540,0,79.42,41.0,2.0,1.0,11.0,45.94,19
saas_005746,1,36.47,1.0,3.0,0.0,6.0,11.55,2
saas_008526,0,24.11,18.0,19.0,1.0,7.0,36.83,29
saas_009566,1,0.45,1.0,5.0,0.0,10.0,9.79,28
saas_003742,1,50.44,1.0,41.0,1.0,7.0,36.68,23
saas_007498,0,35.6,9.0,20.0,0.0,10.0,24.69,30
saas_003524,1,38.86,5.0,3.0,2.0,10.0,31.77,11
saas_000020,0,0.0,15.0,9.0,1.0,6.0,16.79,5
saas_001915,0,9.41,1.0,10.0,0.0,4.0,34.67,3
saas_006571,1,41.95,131.0,16.0,0.0,6.0,38.94,24
saas_009018,0,23.77,7.0,2.0,1.0,9.0,38.86,25
saas_002012,0,11.57,53.0,8.0,1.0,5.0,29.96,24
saas_005405,0,20.18,113.0,5.0,2.0,9.0,24.32,25
saas_001295,1,5.83,71.0,12.0,2.0,6.0,34.35,19
saas_003745,1,0.45,11.0,5.0,1.0,6.0,16.56,21
saas_000591,0,5.49,29.0,2.0,1.0,8.0,22.42,7
saas_001406,1,48.79,29.0,11.0,0.0,4.0,38.91,17
saas_000221,1,8.1,28.0,12.0,2.0,7.0,33.36,26
saas_005617,0,3.14,17.0,7.0,0.0,8.0,5.51,6
saas_006248,0,48.11,305.0,1.0,0.0,8.0,50.01,13
saas_004418,1,1.3,34.0,13.0,1.0,6.0,0.0,13
saas_000858,1,29.65,1.0,8.0,1.0,4.0,29.39,7
saas_001783,0,0.0,4.0,4.0,2.0,10.0,21.96,22
saas_007259,0,44.26,4.0,1.0,2.0,12.0,42.21,5
saas_006856,1,0.45,4.0,27.0,2.0,2.0,17.88,29
saas_001954,0,11.45,27.0,41.0,0.0,7.0,31.66,8
saas_001746,0,62.16,8.0,4.0,2.0,6.0,55.89,26
saas_003132,0,0.0,21.0,12.0,2.0,8.0,9.05,22
saas_008036,0,10.03,16.0,9.0,0.0,9.0,0.0,5
saas_008850,0,67.02,127.0,13.0,0.0,4.0,62.09,10
saas_000994,0,19.91,17.0,1.0,2.0,3.0,23.76,15
saas_006108,1,18.48,142.0,15.0,1.0,8.0,22.18,5
saas_000730,1,11.61,39.0,29.0,1.0,4.0,6.03,8
saas_006974,0,15.89,175.0,1.0,0.0,8.0,29.43,18
saas_006273,0,14.52,2106.0,3.0,0.0,7.0,16.25,28
saas_006751,1,29.76,16.0,3.0,0.0,14.0,17.28,29
saas_003509,0,17.9,4.0,5.0,1.0,9.0,14.02,22
saas_003533,1,0.45,34.0,5.0,2.0,4.0,26.19,18
saas_002513,0,9.35,67.0,2.0,0.0,6.0,8.95,8
saas_005436,0,25.65,8.0,63.0,0.0,3.0,6.99,29
saas_003625,1,33.83,417.0,11.0,1.0,6.0,40.08,10
saas_000465,0,0.0,10.0,8.0,1.0,12.0,40.47,11
saas_006755,0,67.62,41.0,4.0,2.0,5.0,28.97,18
saas_006759,0,65.28,204.0,7.0,2.0,5.0,43.6,9
saas_007991,0,38.23,7.0,25.0,0.0,9.0,31.96,1
saas_000157,1,70.93,87.0,17.0,2.0,11.0,35.39,16
saas_003960,1,13.74,143.0,2.0,0.0,6.0,17.73,26
saas_008832,0,19.74,3.0,49.0,0.0,9.0,35.38,24
saas_005470,0,34.79,12.0,1.0,0.0,12.0,38.53,8
saas_000185,0,21.56,201.0,18.0,1.0,4.0,14.81,20
saas_001002,1,64.9,10.0,4.0,0.0,8.0,30.67,2
saas_009508,0,0.39,19.0,1.0,0.0,10.0,18.43,16
saas_005623,0,0.0,1.0,23.0,0.0,9.0,5.78,5
saas_000400,1,35.7,15.0,31.0,1.0,7.0,39.39,23
saas_006240,1,91.13,110.0,32.0,0.0,5.0,48.89,12
saas_008940,0,7.51,1.0,3.0,0.0,4.0,43.53,18
saas_009932,1,27.11,13.0,20.0,1.0,8.0,15.02,16
saas_007342,1,41.12,14.0,11.0,0.0,10.0,28.84,10
saas_009832,0,74.12,10.0,4.0,1.0,6.0,42.29,25
saas_008466,0,61.6,6.0,26.0,1.0,9.0,18.21,25
saas_008756,0,49.17,21.0,55.0,1.0,13.0,54.08,22
saas_007958,0,0.0,55.0,12.0,2.0,7.0,0.0,18
saas_001250,0,15.64,85.0,1.0,0.0,12.0,21.66,4
saas_003143,1,42.8,29.0,12.0,0.0,10.0,22.79,13
saas_007430,1,19.98,6.0,3.0,2.0,11.0,0.78,28
saas_000059,0,33.13,85.0,1.0,2.0,4.0,38.06,13
saas_007855,1,73.21,6.0,14.0,1.0,3.0,39.88,19
saas_001113,1,18.67,14.0,3.0,0.0,9.0,19.06,28
saas_003057,0,20.37,9.0,13.0,1.0,15.0,19.24,23
saas_009569,1,31.11,13.0,23.0,0.0,9.0,28.73,15
saas_001328,0,30.79,16.0,7.0,0.0,5.0,26.31,6
saas_004995,1,30.0,101.0,24.0,1.0,6.0,43.88,22
saas_006682,0,17.65,2.0,6.0,0.0,9.0,18.41,7
saas_002072,0,41.1,1.0,6.0,1.0,7.0,31.14,1
saas_004793,1,68.84,17.0,1.0,2.0,12.0,57.65,28
saas_006829,0,0.0,2.0,39.0,0.0,7.0,0.0,16
saas_009629,1,58.7,331.0,1.0,2.0,9.0,37.91,30
saas_008218,0,0.0,70.0,60.0,1.0,10.0,9.44,4
saas_007567,1,0.45,29.0,15.0,0.0,8.0,0.0,6
saas_005922,1,46.59,1171.0,12.0,1.0,14.0,36.21,18
saas_001550,1,72.43,1.0,4.0,0.0,7.0,48.25,4
saas_001009,0,0.0,35.0,1.0,0.0,9.0,0.0,14
saas_003755,1,26.96,9.0,11.0,0.0,7.0,4.8,27
saas_008681,1,25.07,57.0,7.0,1.0,9.0,0.0,18
saas_009342,1,32.69,14.0,1.0,1.0,3.0,32.29,23
saas_008009,0,56.37,1.0,24.0,0.0,7.0,26.62,11
saas_003860,1,0.45,3.0,6.0,0.0,9.0,0.0,24
saas_003148,1,19.54,288.0,5.0,1.0,5.0,17.16,26
saas_002519,1,18.14,1.0,12.0,0.0,4.0,14.45,10
saas_003127,1,42.0,37.0,15.0,1.0,10.0,29.78,24
saas_009084,1,6.72,11.0,1.0,0.0,14.0,35.8,10
saas_005316,0,0.0,62.0,16.0,0.0,9.0,0.0,3
saas_001195,0,20.51,380.0,3.0,0.0,10.0,27.74,15
saas_009050,0,48.52,2.0,2.0,0.0,9.0,28.97,10
saas_000879,0,9.98,19.0,1.0,1.0,8.0,16.48,25
saas_006989,0,24.23,3.0,39.0,2.0,4.0,25.49,18
saas_002487,0,0.0,71.0,75.0,2.0,6.0,29.46,10
saas_002840,1,29.32,15.0,6.0,1.0,9.0,35.99,10
saas_004329,1,47.9,1.0,1.0,1.0,7.0,38.7,29
saas_002930,0,61.58,6.0,16.0,2.0,8.0,23.35,29
saas_006424,1,69.88,18.0,11.0,1.0,4.0,47.23,14
saas_002485,0,38.95,16.0,10.0,0.0,10.0,20.29,16
saas_005747,1,31.14,2.0,1.0,0.0,9.0,29.24,2
saas_000883,1,41.96,3.0,6.0,1.0,5.0,39.01,27
saas_004914,0,33.67,120.0,14.0,1.0,9.0,39.96,13
saas_006210,1,39.94,7.0,15.0,0.0,2.0,30.24,20
saas_009578,1,42.03,11.0,7.0,0.0,12.0,37.37,1
saas_000211,1,45.44,2.0,40.0,2.0,10.0,46.46,11
saas_002275,1,27.5,1.0,2.0,0.0,5.0,22.62,22
saas_002328,0,51.33,25.0,22.0,0.0,5.0,67.08,21
saas_004950,1,12.1,109.0,1.0,0.0,4.0,35.34,15
saas_003319,1,53.18,64.0,41.0,2.0,8.0,44.45,24
saas_009834,1,8.05,10.0,16.0,0.0,5.0,40.08,10
saas_004607,0,5.41,140.0,8.0,0.0,10.0,6.36,16
saas_001438,1,27.69,3.0,19.0,0.0,8.0,11.05,15
saas_000467,1,39.39,367.0,1.0,0.0,4.0,36.45,26
saas_005466,0,21.49,67.0,3.0,1.0,8.0,20.86,9
saas_003329,0,22.54,13.0,11.0,0.0,5.0,42.65,10
saas_005828,1,28.86,11.0,14.0,0.0,12.0,3.73,27
saas_008607,0,33.87,2.0,1.0,1.0,5.0,7.51,8
saas_000696,0,33.64,1.0,42.0,1.0,10.0,16.01,1
saas_007267,0,0.0,50.0,2.0,1.0,6.0,10.52,3
saas_009144,1,41.62,101.0,22.0,1.0,14.0,41.23,7
saas_008180,0,16.38,28.0,10.0,0.0,8.0,21.93,17
saas_009938,0,55.66,14.0,1.0,1.0,7.0,15.68,6
saas_001314,0,29.08,46.0,6.0,1.0,8.0,32.98,29
saas_002301,1,15.94,5.0,7.0,0.0,9.0,23.99,20
saas_002039,0,0.0,31.0,12.0,0.0,7.0,3.31,9
saas_007108,1,15.21,48.0,3.0,2.0,8.0,34.81,27
saas_003666,1,0.45,20.0,11.0,1.0,2.0,16.2,6
saas_000914,0,0.0,88.0,5.0,0.0,10.0,6.47,24
saas_000012,0,1.89,22.0,13.0,0.0,6.0,15.96,2
saas_008583,1,12.48,3.0,5.0,0.0,12.0,9.18,15
saas_006427,1,3.48,3.0,1.0,0.0,4.0,10.49,10
saas_001536,1,12.11,61.0,27.0,2.0,5.0,15.47,24
saas_000736,0,32.76,64.0,12.0,1.0,8.0,41.29,8
saas_008201,0,41.14,1.0,1.0,0.0,11.0,14.38,26
saas_008652,0,11.83,21.0,6.0,0.0,12.0,7.0,2
saas_000453,1,48.63,452.0,21.0,0.0,6.0,47.28,22
saas_004345,0,15.53,34.0,4.0,1.0,9.0,20.15,16
saas_000927,1,21.61,37.0,1.0,0.0,9.0,26.15,24
saas_006291,0,23.44,186.0,7.0,1.0,10.0,51.71,9
saas_008281,1,35.52,14.0,2.0,0.0,5.0,29.55,6
saas_008722,1,10.43,35.0,1.0,0.0,7.0,38.94,1
saas_006473,0,37.52,4.0,53.0,0.0,5.0,35.62,20
saas_000037,0,28.25,5.0,35.0,0.0,6.0,35.28,27
saas_005770,1,28.34,122.0,3.0,1.0,6.0,14.19,25
saas_002554,0,40.55,36.0,12.0,0.0,9.0,32.52,9
saas_007632,0,18.97,11.0,17.0,0.0,9.0,28.18,21
saas_009998,1,30.57,108.0,17.0,1.0,10.0,25.57,1
saas_006620,0,32.4,16.0,5.0,0.0,7.0,29.46,29
saas_000940,0,13.62,27.0,1.0,0.0,12.0,0.0,26
saas_007398,1,50.37,6.0,11.0,1.0,10.0,23.06,17
saas_006128,1,40.04,138.0,24.0,1.0,14.0,14.58,20
saas_009829,1,0.45,11.0,1.0,0.0,12.0,0.0,30
saas_002680,0,44.87,127.0,22.0,0.0,8.0,26.13,21
saas_004354,1,3.09,4.0,77.0,1.0,5.0,9.15,29
saas_003058,0,62.59,7.0,10.0,1.0,9.0,62.58,21
saas_007880,1,29.63,8.0,32.0,1.0,6.0,36.78,30
saas_000738,1,39.42,1.0,35.0,1.0,12.0,23.8,1
saas_000538,0,0.0,1.0,1.0,0.0,8.0,19.31,6
saas_003325,1,33.18,30.0,90.0,1.0,9.0,29.72,29
saas_004239,0,30.3,52.0,7.0,0.0,9.0,27.07,10
saas_001400,0,48.69,118.0,20.0,0.0,4.0,36.6,30
saas_004046,1,32.33,15.0,23.0,2.0,6.0,32.31,9
saas_005137,1,19.01,40.0,17.0,1.0,6.0,30.47,17
saas_004229,0,24.7,78.0,13.0,1.0,6.0,19.31,20
saas_004191,1,32.88,68.0,14.0,0.0,7.0,31.21,19
saas_009142,0,0.0,1.0,8.0,2.0,11.0,0.0,7
saas_005538,1,12.18,46.0,9.0,0.0,6.0,17.77,18
saas_002692,1,23.47,18.0,59.0,0.0,5.0,0.0,28
saas_005340,1,39.28,26.0,1.0,0.0,9.0,46.96,3
saas_009917,0,66.82,29.0,41.0,1.0,6.0,32.33,10
saas_007670,1,47.98,27.0,32.0,2.0,12.0,44.37,24
saas_009173,1,39.52,9.0,4.0,0.0,10.0,40.33,5
saas_001807,1,37.97,20.0,1.0,1.0,5.0,50.68,24
saas_005111,0,10.38,14.0,6.0,1.0,9.0,20.41,1
saas_003989,1,5.65,5.0,27.0,1.0,5.0,0.0,23
saas_003455,1,26.24,5.0,12.0,0.0,4.0,0.0,17
saas_002907,1,16.33,20.0,9.0,0.0,7.0,31.09,25
saas_006651,1,29.04,9.0,1.0,2.0,9.0,43.64,25
saas_008287,1,51.99,63.0,9.0,0.0,6.0,54.09,14
saas_006244,0,14.59,205.0,8.0,0.0,7.0,14.57,12
saas_002697,1,83.49,24.0,4.0,1.0,9.0,41.29,1
saas_004016,1,28.72,193.0,5.0,0.0,10.0,29.04,10
saas_004339,0,26.63,13.0,3.0,0.0,2.0,32.48,23
saas_004645,1,25.57,5.0,2.0,0.0,9.0,28.49,19
saas_007739,1,0.45,46.0,11.0,0.0,12.0,0.89,3
saas_007091,0,0.0,1.0,14.0,1.0,9.0,0.0,18
saas_004692,0,24.24,29.0,31.0,1.0,7.0,17.43,16
saas_001739,0,0.0,23.0,1.0,2.0,12.0,20.77,25
saas_005406,0,34.35,1.0,31.0,0.0,9.0,47.72,27
saas_004588,0,33.54,1.0,6.0,0.0,8.0,15.72,28
saas_003125,1,18.33,46.0,2.0,0.0,6.0,0.0,15
saas_002157,0,40.93,5.0,2.0,1.0,5.0,54.84,21
saas_005333,1,23.69,252.0,22.0,1.0,10.0,45.62,30
saas_008636,1,35.97,27.0,9.0,1.0,7.0,12.59,26
saas_001825,1,58.4,55.0,17.0,1.0,9.0,25.98,3
saas_004230,0,29.91,114.0,2.0,1.0,6.0,41.14,20
saas_003487,0,7.1,29.0,16.0,2.0,8.0,26.63,15
saas_009053,0,33.46,40.0,6.0,1.0,6.0,32.63,5
saas_009768,0,42.63,37.0,7.0,1.0,3.0,16.56,3
saas_003647,0,33.08,11.0,7.0,1.0,4.0,29.76,24
saas_005902,1,21.91,15.0,27.0,1.0,8.0,0.0,22
saas_006385,0,48.31,451.0,5.0,1.0,7.0,33.89,14
saas_005638,0,13.68,34.0,1.0,0.0,6.0,28.87,25
saas_006423,0,4.48,27.0,7.0,0.0,9.0,28.11,17
saas_007826,0,22.36,55.0,9.0,0.0,7.0,35.17,25
saas_007743,0,9.67,38.0,6.0,0.0,9.0,7.58,1
saas_003012,1,38.06,10.0,10.0,0.0,7.0,30.93,23
saas_007671,0,12.07,127.0,3.0,2.0,3.0,13.44,4
saas_009548,1,37.29,5.0,3.0,0.0,11.0,52.22,20
saas_009977,1,0.45,7.0,2.0,0.0,8.0,14.95,7
saas_003080,0,0.0,9.0,4.0,2.0,7.0,24.15,1
saas_003520,1,30.12,6.0,1.0,0.0,10.0,28.75,17
saas_004978,0,94.19,108.0,3.0,0.0,5.0,43.83,28
saas_007619,1,75.88,157.0,2.0,0.0,4.0,43.3,3
saas_004347,0,26.12,1.0,18.0,1.0,8.0,35.74,10
saas_008440,0,39.1,4.0,7.0,1.0,9.0,38.58,24
saas_001346,0,20.1,32.0,9.0,0.0,9.0,34.8,16
saas_007087,0,73.96,7.0,27.0,2.0,3.0,41.63,27
saas_008947,1,42.71,11.0,47.0,0.0,7.0,29.58,17
saas_005651,1,0.45,2.0,40.0,1.0,8.0,11.31,25
saas_008081,1,22.19,4.0,28.0,1.0,9.0,34.55,2
saas_001791,1,0.45,19.0,18.0,0.0,6.0,0.0,9
saas_007428,0,57.32,15.0,1.0,1.0,9.0,42.93,6
saas_009579,0,24.89,148.0,13.0,0.0,8.0,45.25,19
saas_009959,0,36.97,1.0,9.0,2.0,12.0,26.84,1
saas_002270,0,30.53,37.0,4.0,2.0,6.0,33.6,2
saas_009766,1,12.49,12.0,39.0,0.0,4.0,24.37,3
saas_002955,1,14.3,4.0,17.0,0.0,10.0,16.79,19
saas_003443,0,17.0,11.0,1.0,2.0,8.0,14.98,15
saas_007735,0,26.08,4.0,14.0,1.0,8.0,28.46,28
saas_000833,0,51.14,11.0,23.0,1.0,7.0,56.06,9
saas_006498,0,33.26,39.0,10.0,1.0,7.0,23.13,10
saas_002991,0,66.73,230.0,20.0,0.0,10.0,63.67,10
saas_007792,1,16.28,15.0,21.0,1.0,4.0,29.16,18
saas_002150,1,12.1,18.0,11.0,1.0,13.0,33.8,18
saas_004022,1,9.54,2.0,10.0,1.0,6.0,15.36,12
saas_007614,1,40.33,1.0,5.0,1.0,10.0,25.82,6
saas_006123,0,31.86,13.0,8.0,1.0,8.0,23.1,24
saas_003338,0,28.3,3.0,3.0,0.0,10.0,41.87,25
saas_004343,1,0.45,9.0,42.0,1.0,11.0,12.09,30
saas_004463,0,16.0,7.0,7.0,0.0,6.0,2.12,3
saas_002375,1,15.43,1.0,90.0,1.0,6.0,34.84,8
saas_009043,1,40.86,9.0,27.0,2.0,7.0,40.17,9
saas_005570,0,0.0,73.0,19.0,1.0,9.0,24.17,1
saas_008598,0,31.85,25.0,17.0,2.0,10.0,28.79,1
saas_008503,0,20.11,2.0,17.0,0.0,6.0,5.2,30
saas_008879,0,6.06,6.0,1.0,2.0,6.0,6.76,10
saas_001886,1,12.47,4.0,3.0,2.0,9.0,12.94,29
saas_001197,0,33.41,5.0,29.0,1.0,7.0,25.55,24
saas_006426,1,41.56,85.0,16.0,0.0,10.0,44.58,29
saas_008910,1,0.45,64.0,4.0,0.0,10.0,0.0,21
saas_002935,1,34.15,1.0,4.0,1.0,5.0,38.44,30
saas_006341,1,12.37,5.0,18.0,0.0,9.0,37.66,15
saas_001429,1,20.45,61.0,2.0,2.0,9.0,20.76,2
saas_006306,1,0.45,1.0,37.0,2.0,9.0,6.03,13
saas_003649,0,27.44,21.0,35.0,2.0,8.0,34.77,16
saas_001937,0,30.33,3.0,4.0,1.0,7.0,49.1,1
saas_005171,1,52.05,17.0,5.0,2.0,6.0,12.23,24
saas_007763,1,14.13,41.0,2.0,1.0,7.0,4.37,19
saas_006392,1,42.15,35.0,12.0,1.0,6.0,25.16,4
saas_001153,1,51.19,8.0,2.0,2.0,9.0,59.28,21
saas_006249,0,0.0,28.0,20.0,0.0,6.0,0.0,6
saas_007036,0,49.09,46.0,7.0,1.0,5.0,36.27,9
saas_004228,0,0.41,7.0,6.0,0.0,7.0,2.11,1
saas_004974,1,34.33,10.0,12.0,0.0,7.0,33.99,22
saas_006400,0,51.98,102.0,5.0,1.0,7.0,47.29,26
saas_003639,0,50.27,2.0,7.0,1.0,6.0,18.25,19
saas_003971,0,70.77,27.0,12.0,1.0,3.0,48.41,16
saas_009593,1,40.19,19.0,17.0,0.0,6.0,47.18,23
saas_003375,1,14.87,8.0,54.0,2.0,6.0,26.24,26
saas_002486,1,54.03,23.0,23.0,0.0,6.0,62.35,30
saas_006953,0,4.54,57.0,90.0,0.0,4.0,16.73,29
saas_000605,1,0.45,45.0,22.0,0.0,10.0,0.0,20
saas_007443,1,19.84,3.0,3.0,0.0,6.0,31.94,26
saas_005927,0,0.0,76.0,7.0,0.0,8.0,9.23,26
saas_002453,1,40.98,5.0,18.0,1.0,8.0,32.38,22
saas_003608,0,21.84,65.0,16.0,0.0,8.0,40.22,18
saas_001483,0,16.31,32.0,1.0,2.0,5.0,17.17,26
saas_004518,1,5.91,13.0,47.0,0.0,5.0,18.25,22
saas_003037,0,10.85,17.0,5.0,0.0,8.0,20.52,30
saas_009351,0,1.64,37.0,13.0,2.0,8.0,40.87,15
saas_007691,1,22.95,9.0,1.0,0.0,15.0,32.45,18
saas_004115,0,27.59,8.0,31.0,0.0,9.0,29.93,10
saas_001426,1,48.59,69.0,11.0,0.0,8.0,23.62,6
saas_000496,0,45.9,1.0,29.0,1.0,8.0,47.59,11
saas_003352,1,52.32,69.0,1.0,0.0,6.0,27.06,1
saas_008793,0,34.16,33.0,9.0,0.0,10.0,20.87,16
saas_000758,1,0.45,52.0,17.0,0.0,13.0,15.38,28
saas_000837,1,28.46,170.0,54.0,2.0,8.0,2.62,4
saas_004326,0,49.0,96.0,1.0,2.0,7.0,38.45,15
saas_002127,1,35.74,9.0,4.0,1.0,9.0,17.86,20
saas_001022,0,38.36,37.0,25.0,0.0,7.0,35.0,26
saas_008761,0,30.92,21.0,19.0,0.0,11.0,20.37,12
saas_005613,1,17.97,177.0,4.0,0.0,8.0,21.81,1
saas_005580,1,18.67,35.0,9.0,0.0,6.0,27.55,15
saas_001057,1,7.9,37.0,27.0,0.0,7.0,30.88,29
saas_009541,0,44.18,7.0,25.0,1.0,11.0,46.96,4
saas_006855,0,8.85,20.0,8.0,1.0,6.0,26.83,7
saas_007348,1,27.6,44.0,21.0,0.0,14.0,34.45,2
saas_009044,0,0.0,23.0,6.0,2.0,5.0,26.08,19
saas_002128,0,51.4,37.0,18.0,0.0,6.0,53.95,2
saas_002766,1,39.27,1.0,12.0,1.0,6.0,24.34,10
saas_002108,0,20.92,6.0,4.0,1.0,7.0,26.74,25
saas_003616,0,36.84,119.0,70.0,1.0,8.0,35.16,26
saas_001544,1,31.29,155.0,26.0,0.0,8.0,29.4,28
saas_006913,0,0.0,496.0,1.0,0.0,11.0,0.0,21
saas_001718,1,40.26,49.0,1.0,2.0,12.0,40.94,25
saas_007434,1,68.4,4.0,11.0,1.0,3.0,51.02,15
saas_007364,0,32.34,18.0,5.0,2.0,9.0,44.68,22
saas_006234,1,28.68,15.0,15.0,1.0,15.0,28.93,8
saas_000724,1,43.17,5.0,1.0,2.0,4.0,28.81,26
saas_006672,0,45.56,3.0,4.0,0.0,8.0,34.43,27
saas_008028,1,5.45,27.0,1.0,2.0,7.0,13.25,1
saas_005491,0,4.32,1.0,19.0,0.0,13.0,15.56,3
saas_001127,0,62.28,17.0,4.0,1.0,9.0,39.33,7
saas_002956,0,80.22,44.0,9.0,2.0,12.0,64.92,11
saas_005155,1,16.44,5.0,7.0,0.0,9.0,12.72,15
saas_004816,0,38.41,337.0,2.0,0.0,9.0,47.92,23
saas_006201,1,23.05,5.0,23.0,1.0,8.0,10.33,7
saas_006223,1,13.38,62.0,15.0,1.0,10.0,28.31,24
saas_008685,1,44.41,28.0,6.0,0.0,7.0,20.04,7
saas_007113,0,40.07,26.0,3.0,1.0,6.0,35.45,1
saas_005274,1,10.7,7.0,5.0,0.0,12.0,1.81,11
saas_008535,1,51.92,8.0,19.0,0.0,5.0,22.64,18
saas_003043,0,16.36,9.0,27.0,1.0,11.0,13.71,17
saas_006911,1,20.21,8.0,36.0,1.0,5.0,36.19,17
saas_000149,0,49.28,25.0,2.0,1.0,8.0,36.44,2
saas_007573,1,4.89,39.0,22.0,0.0,4.0,32.0,8
saas_004205,0,17.68,13.0,29.0,0.0,4.0,27.74,4
saas_005492,1,9.46,14.0,8.0,0.0,5.0,11.33,3
saas_002689,0,36.48,1.0,7.0,0.0,7.0,36.89,17
saas_004220,1,25.54,229.0,18.0,0.0,10.0,15.44,6
saas_009101,0,2.08,39.0,7.0,2.0,11.0,0.0,19
saas_000841,1,10.39,21.0,3.0,1.0,9.0,15.12,7
saas_008136,0,17.23,4.0,26.0,1.0,9.0,62.19,7
saas_006437,1,16.05,103.0,7.0,0.0,13.0,22.9,4
saas_009699,1,38.99,264.0,5.0,1.0,5.0,43.84,24
saas_006199,0,0.0,24.0,14.0,0.0,14.0,8.96,6
saas_002794,0,0.0,104.0,7.0,0.0,9.0,0.0,14
saas_007625,0,51.91,20.0,2.0,1.0,9.0,34.0,18
saas_008474,0,7.29,27.0,7.0,0.0,5.0,26.18,21
saas_007889,1,26.2,51.0,10.0,1.0,6.0,10.77,10
saas_006607,0,29.36,18.0,12.0,0.0,6.0,39.46,8
saas_009194,1,23.77,1.0,64.0,1.0,9.0,9.98,17
saas_008247,1,0.45,3.0,19.0,0.0,13.0,0.0,28
saas_001392,0,0.0,8.0,7.0,0.0,5.0,5.38,9
saas_001921,1,0.45,93.0,9.0,0.0,13.0,13.76,29
saas_007018,1,80.11,5.0,15.0,0.0,4.0,61.97,14
saas_003621,0,25.98,7.0,3.0,1.0,7.0,36.77,15
saas_004848,1,83.09,6.0,32.0,1.0,6.0,66.16,10
saas_002291,1,28.68,111.0,19.0,0.0,14.0,35.48,29
saas_002133,0,20.79,32.0,35.0,0.0,8.0,14.53,23
saas_000550,0,47.43,35.0,2.0,2.0,6.0,46.83,4
saas_001740,0,27.15,11.0,22.0,2.0,5.0,17.78,17
saas_005289,1,11.02,286.0,6.0,2.0,7.0,30.49,25
saas_001817,1,17.65,81.0,7.0,2.0,4.0,21.89,23
saas_004698,1,29.38,101.0,1.0,1.0,9.0,22.85,12
saas_005181,1,67.78,17.0,2.0,1.0,8.0,38.37,24
saas_003018,0,52.06,35.0,13.0,0.0,13.0,53.27,19
saas_000017,0,42.7,4.0,34.0,0.0,9.0,17.6,30
saas_001770,0,62.21,10.0,1.0,0.0,5.0,23.93,27
saas_001888,0,27.52,1.0,10.0,0.0,7.0,29.03,23
saas_002152,0,19.65,5.0,1.0,1.0,12.0,27.32,11
saas_001642,1,0.45,1.0,9.0,1.0,5.0,12.9,14
saas_007846,0,44.05,47.0,12.0,0.0,3.0,20.91,26
saas_004193,0,21.37,4.0,1.0,0.0,12.0,7.26,3
saas_009432,1,30.58,10.0,40.0,1.0,5.0,0.0,16
saas_008898,0,53.75,17.0,38.0,0.0,5.0,39.84,20
saas_000533,0,0.0,39.0,11.0,2.0,11.0,16.82,1
saas_000132,0,14.93,52.0,1.0,0.0,14.0,17.13,19
saas_007722,0,32.8,45.0,5.0,0.0,2.0,39.65,6
saas_008458,1,11.5,3.0,5.0,0.0,14.0,9.37,13
saas_000964,0,26.13,19.0,12.0,1.0,5.0,11.71,20
saas_008719,1,42.76,21.0,9.0,1.0,6.0,43.53,7
saas_006412,0,32.5,4.0,2.0,0.0,9.0,43.29,19
saas_008285,0,15.78,70.0,3.0,0.0,7.0,14.89,3
saas_007853,1,0.45,1.0,1.0,0.0,7.0,21.06,12
saas_001095,1,51.4,126.0,8.0,1.0,6.0,14.67,3
saas_006929,0,32.38,27.0,6.0,1.0,6.0,36.09,9
saas_009254,1,30.64,5.0,44.0,1.0,15.0,12.78,10
saas_001561,1,16.28,24.0,4.0,0.0,8.0,18.75,15
saas_001670,1,32.49,17.0,6.0,0.0,9.0,24.57,14
saas_006087,0,36.97,58.0,5.0,2.0,8.0,29.76,1
saas_006669,1,39.33,5.0,10.0,0.0,5.0,31.1,11
saas_005933,0,3.61,19.0,4.0,2.0,3.0,25.32,11
saas_008829,1,59.98,56.0,10.0,1.0,2.0,26.22,9
saas_007945,0,38.61,2.0,5.0,1.0,10.0,8.55,1
saas_003508,0,24.54,45.0,10.0,0.0,1.0,45.61,6
saas_002002,0,48.64,38.0,5.0,1.0,7.0,44.4,25
saas_005866,0,15.4,13.0,5.0,1.0,8.0,25.27,1
saas_000168,1,0.45,15.0,23.0,1.0,9.0,0.44,10
saas_002588,1,0.45,31.0,24.0,0.0,3.0,2.02,4
saas_005905,1,61.57,14.0,43.0,0.0,7.0,46.27,17
saas_009529,0,7.33,2.0,4.0,0.0,5.0,0.0,17
saas_006384,1,34.2,43.0,3.0,1.0,5.0,32.31,9
saas_007824,1,8.7,4.0,10.0,1.0,11.0,18.62,18
saas_009779,0,6.31,1.0,1.0,1.0,10.0,14.13,18
saas_004629,1,49.46,4.0,40.0,0.0,13.0,37.08,16
saas_008560,1,52.69,91.0,8.0,1.0,6.0,65.14,5
saas_009291,1,33.75,27.0,7.0,1.0,14.0,27.66,3
saas_006874,0,75.95,3.0,5.0,0.0,5.0,32.13,2
saas_006521,1,4.58,62.0,14.0,0.0,5.0,17.88,6
saas_008979,0,0.0,8.0,52.0,0.0,5.0,4.67,26
saas_006647,0,42.18,23.0,68.0,1.0,14.0,35.83,17
saas_009825,1,8.5,1992.0,3.0,0.0,10.0,29.6,19
saas_000210,0,0.0,79.0,8.0,1.0,9.0,2.87,22
saas_005278,0,29.0,10.0,4.0,0.0,9.0,24.75,30
saas_001919,0,47.6,2.0,12.0,1.0,7.0,22.77,4
saas_000718,1,16.0,11.0,19.0,1.0,8.0,28.43,4
saas_004868,1,44.05,507.0,1.0,0.0,12.0,13.54,12
saas_007834,1,30.12,120.0,12.0,1.0,3.0,36.58,19
saas_001298,1,32.63,3.0,2.0,0.0,4.0,17.71,23
saas_009193,0,51.8,20.0,10.0,0.0,11.0,49.04,25
saas_004617,1,24.37,4.0,1.0,2.0,12.0,2.11,3
saas_003128,1,22.44,6.0,9.0,2.0,7.0,26.84,17
saas_009795,0,27.79,14.0,4.0,1.0,10.0,11.99,25
saas_003979,0,9.7,64.0,1.0,0.0,10.0,9.86,26
saas_009924,1,24.49,74.0,24.0,2.0,6.0,4.07,7
saas_008317,1,6.23,1.0,30.0,0.0,9.0,16.91,29
saas_004393,0,51.76,5.0,1.0,2.0,6.0,56.91,24
saas_001287,0,18.51,19.0,2.0,1.0,6.0,24.33,6
saas_004355,1,16.38,6.0,11.0,1.0,5.0,0.0,13
saas_007013,0,23.1,11.0,2.0,1.0,7.0,50.95,27
saas_003885,0,19.23,21.0,1.0,0.0,9.0,28.74,13
saas_005749,1,14.39,16.0,2.0,0.0,11.0,48.32,2
saas_009169,0,27.68,80.0,7.0,0.0,7.0,41.85,4
saas_002407,0,41.63,11.0,2.0,0.0,4.0,36.34,16
saas_002013,0,15.45,19.0,10.0,0.0,9.0,28.48,9
saas_005153,1,18.5,153.0,32.0,0.0,10.0,0.0,2
saas_008551,1,42.77,29.0,4.0,2.0,7.0,47.52,6
saas_004376,0,4.9,2.0,1.0,2.0,9.0,33.64,12
saas_008822,1,5.13,13.0,42.0,0.0,9.0,34.8,28
saas_004273,0,37.5,319.0,6.0,2.0,7.0,22.02,1
saas_005825,1,19.15,43.0,2.0,2.0,13.0,14.2,16
saas_006699,0,18.64,83.0,1.0,0.0,2.0,13.27,27
saas_007243,1,24.11,1.0,12.0,2.0,10.0,26.4,9
saas_000449,1,23.11,35.0,1.0,0.0,10.0,13.9,2
saas_002227,0,17.6,47.0,3.0,0.0,13.0,27.83,4
saas_005756,0,4.75,5.0,31.0,1.0,11.0,6.22,20
saas_000810,1,24.84,14.0,2.0,0.0,8.0,32.37,23
saas_004180,0,27.25,122.0,79.0,0.0,7.0,5.12,3
saas_009000,0,33.49,23.0,1.0,1.0,7.0,5.72,22
saas_005438,1,49.28,32.0,37.0,0.0,6.0,35.17,28
saas_007533,0,67.71,206.0,1.0,0.0,7.0,39.9,4
saas_006369,1,27.43,225.0,37.0,1.0,10.0,28.83,3
saas_008416,1,19.35,81.0,67.0,0.0,6.0,34.31,21
saas_001477,0,27.47,2.0,2.0,0.0,6.0,7.31,27
saas_001790,1,38.44,1.0,16.0,1.0,4.0,29.72,25
saas_002008,1,48.72,119.0,73.0,0.0,5.0,24.98,4
saas_000682,1,19.21,131.0,45.0,2.0,12.0,7.65,28
saas_002816,0,50.24,2.0,36.0,2.0,8.0,44.97,17
saas_009431,1,41.17,4.0,59.0,1.0,5.0,24.6,20
saas_003774,0,31.64,103.0,44.0,1.0,7.0,44.2,14
saas_006495,0,0.0,1.0,29.0,2.0,6.0,0.0,27
saas_008878,1,45.72,9.0,14.0,0.0,9.0,38.22,3
saas_007361,1,42.26,10.0,19.0,0.0,6.0,16.63,17
saas_008366,1,33.54,8.0,13.0,0.0,11.0,48.1,4
saas_007474,1,32.05,126.0,61.0,1.0,10.0,35.56,23
saas_000046,0,3.59,74.0,12.0,1.0,11.0,12.55,4
saas_000030,1,44.2,498.0,10.0,0.0,10.0,19.91,29
saas_008250,0,27.48,7.0,3.0,1.0,9.0,15.72,3
saas_006935,1,22.13,10.0,2.0,1.0,9.0,28.08,18
saas_001468,1,57.9,2.0,13.0,1.0,7.0,53.47,16
saas_001665,0,42.15,7.0,1.0,0.0,11.0,7.93,19
saas_001416,1,71.62,569.0,10.0,1.0,6.0,41.07,25
saas_006480,0,9.36,14.0,9.0,0.0,12.0,15.01,7
saas_004852,0,17.18,426.0,16.0,0.0,7.0,37.52,10
saas_002470,0,15.07,10.0,7.0,0.0,3.0,31.03,19
saas_004373,1,67.99,286.0,3.0,1.0,10.0,49.6,16
saas_008524,1,10.0,205.0,2.0,0.0,6.0,24.65,26
saas_000429,1,28.4,36.0,15.0,1.0,5.0,49.49,4
saas_005244,0,65.89,97.0,10.0,1.0,6.0,39.07,4
saas_002119,0,22.05,63.0,18.0,2.0,16.0,20.22,23
saas_000385,1,43.92,6.0,6.0,1.0,7.0,43.69,1
saas_001945,1,54.34,1.0,1.0,1.0,10.0,46.58,25
saas_004224,1,34.92,7.0,9.0,1.0,8.0,53.2,10
saas_000473,1,19.93,26.0,1.0,1.0,7.0,37.13,22
saas_002129,0,9.63,99.0,2.0,0.0,5.0,10.88,26
saas_006556,1,12.68,51.0,1.0,0.0,7.0,33.84,11
saas_006998,1,28.76,22.0,1.0,0.0,9.0,13.47,7
saas_001055,0,15.6,182.0,9.0,1.0,6.0,38.79,15
saas_003274,0,30.85,1.0,3.0,0.0,9.0,18.01,5
saas_004961,1,45.47,51.0,14.0,0.0,11.0,66.62,9
saas_005363,1,6.58,12.0,17.0,0.0,9.0,17.22,13
saas_005816,1,48.41,30.0,1.0,0.0,8.0,29.88,17
saas_000811,0,0.0,8.0,1.0,2.0,6.0,1.73,25
saas_004573,1,20.33,38.0,1.0,0.0,8.0,26.34,4
saas_006137,0,20.65,1.0,16.0,0.0,6.0,22.73,16
saas_002388,0,58.52,108.0,2.0,0.0,17.0,31.0,19
saas_009648,0,47.32,2.0,3.0,2.0,5.0,47.46,7
saas_006225,1,18.14,12.0,11.0,0.0,10.0,18.94,15
saas_000111,0,24.41,28.0,14.0,0.0,4.0,34.82,26
saas_008909,0,18.57,1.0,1.0,0.0,12.0,28.71,23
saas_001745,1,23.9,6.0,20.0,2.0,7.0,27.53,29
saas_007851,1,33.6,130.0,16.0,0.0,6.0,56.17,12
saas_001452,0,9.95,17.0,58.0,0.0,7.0,29.05,30
saas_000319,1,23.63,3.0,22.0,1.0,8.0,27.54,15
saas_008593,1,50.19,14.0,37.0,2.0,12.0,50.0,6
saas_003333,1,36.39,11.0,17.0,1.0,9.0,25.63,15
saas_001922,0,1.5,1.0,13.0,1.0,11.0,20.28,19
saas_005865,1,25.48,1.0,6.0,0.0,9.0,16.04,16
saas_009528,1,5.37,27.0,40.0,1.0,11.0,12.39,16
saas_003685,1,35.38,30.0,19.0,0.0,3.0,31.73,23
saas_004275,0,23.92,11.0,2.0,1.0,8.0,33.79,17
saas_004889,0,4.14,117.0,24.0,2.0,4.0,20.63,4
saas_005225,1,35.67,35.0,4.0,0.0,4.0,25.6,24
saas_007472,0,0.0,7.0,4.0,0.0,7.0,28.61,3
saas_003605,0,48.89,67.0,11.0,0.0,7.0,44.37,14
saas_001052,0,58.12,23.0,7.0,0.0,6.0,35.27,7
saas_004156,0,13.4,34.0,9.0,0.0,2.0,27.47,15
saas_009676,1,41.46,37.0,23.0,0.0,10.0,30.26,14
saas_000099,0,52.77,5.0,7.0,0.0,11.0,43.82,12
saas_007508,1,0.45,6.0,3.0,0.0,7.0,3.76,21
saas_001456,1,43.8,632.0,18.0,1.0,7.0,38.25,6
saas_007688,0,11.41,29.0,7.0,0.0,10.0,0.0,15
saas_004004,1,55.94,171.0,20.0,0.0,4.0,29.53,11
saas_006866,0,8.45,8.0,7.0,0.0,3.0,18.02,23
saas_004509,0,0.0,49.0,4.0,1.0,6.0,4.98,20
saas_003299,0,47.5,25.0,23.0,1.0,9.0,38.93,30
saas_003799,1,0.45,18.0,51.0,0.0,6.0,16.91,9
saas_004281,0,12.71,1.0,2.0,0.0,8.0,16.4,12
saas_009051,0,6.1,12.0,1.0,1.0,11.0,10.3,25
saas_006462,0,0.0,13.0,4.0,0.0,7.0,0.0,24
saas_007912,0,5.69,15.0,13.0,2.0,3.0,12.08,17
saas_001414,0,43.77,156.0,11.0,2.0,5.0,37.81,10
saas_000540,0,0.0,1.0,1.0,1.0,7.0,0.0,25
saas_005815,1,7.98,10.0,3.0,0.0,3.0,33.44,10
saas_008199,1,37.94,21.0,3.0,1.0,7.0,32.65,10
saas_003680,1,51.18,7.0,4.0,2.0,6.0,40.18,29
saas_000754,1,57.56,292.0,1.0,1.0,9.0,53.67,17
saas_004196,1,0.45,30.0,6.0,0.0,6.0,0.0,20
saas_002650,1,80.23,4.0,1.0,2.0,6.0,44.55,1
saas_004522,1,7.85,16.0,5.0,0.0,7.0,0.07,25
saas_009519,1,48.71,10.0,1.0,2.0,6.0,53.52,9
saas_003118,0,48.96,5.0,17.0,1.0,9.0,38.98,18
saas_003728,1,8.81,30.0,12.0,0.0,8.0,35.46,26
saas_003886,1,31.4,4.0,10.0,1.0,8.0,35.65,15
saas_007107,0,41.83,33.0,37.0,1.0,5.0,39.67,29
saas_008068,1,39.03,51.0,5.0,2.0,7.0,33.79,15
saas_007325,0,3.75,161.0,17.0,0.0,10.0,6.15,3
saas_008483,1,24.42,111.0,8.0,0.0,6.0,16.27,3
saas_008767,1,36.59,24.0,2.0,0.0,11.0,17.99,9
saas_006500,0,28.12,131.0,16.0,1.0,5.0,15.32,3
saas_008426,0,12.73,21.0,18.0,1.0,5.0,44.44,15
saas_007963,0,69.4,3.0,24.0,0.0,12.0,29.18,10
saas_000601,1,11.21,8.0,9.0,0.0,11.0,12.39,17
saas_009249,0,0.0,2566.0,2.0,0.0,8.0,0.0,7
saas_008919,1,0.45,3.0,1.0,0.0,11.0,16.88,29
saas_006814,1,0.45,29.0,4.0,0.0,9.0,0.0,8
saas_005411,0,61.66,138.0,69.0,0.0,10.0,46.34,24
saas_008747,0,35.12,34.0,4.0,0.0,8.0,0.0,15
saas_005522,1,51.99,5.0,2.0,0.0,7.0,31.29,5
saas_001044,0,36.34,6.0,1.0,0.0,8.0,16.1,10
saas_007334,0,45.18,15.0,3.0,0.0,8.0,26.62,2
saas_001557,1,30.94,63.0,23.0,0.0,11.0,36.02,3
saas_003739,1,77.52,9.0,1.0,2.0,13.0,21.68,12
saas_003522,1,47.86,12.0,27.0,2.0,7.0,38.66,17
saas_000180,1,13.6,142.0,1.0,2.0,5.0,23.6,13
saas_002115,0,45.17,13.0,6.0,0.0,9.0,41.53,4
saas_001699,0,50.73,27.0,9.0,2.0,10.0,20.52,20
saas_001379,1,54.89,183.0,3.0,0.0,5.0,35.53,11
saas_007229,0,6.6,79.0,23.0,1.0,5.0,29.67,17
saas_009143,1,10.95,34.0,1.0,0.0,9.0,15.06,29
saas_000618,0,44.56,7.0,9.0,1.0,9.0,26.57,18
saas_003181,0,76.37,2.0,7.0,0.0,7.0,33.07,1
saas_009851,1,30.71,12.0,8.0,0.0,7.0,39.61,10
saas_001600,0,0.0,18.0,31.0,0.0,6.0,0.0,12
saas_005963,0,27.79,18.0,29.0,0.0,5.0,42.16,17
saas_001615,1,31.48,44.0,4.0,0.0,10.0,38.41,22
saas_005920,1,38.34,13.0,6.0,1.0,10.0,20.85,17
saas_009591,0,0.0,6.0,4.0,0.0,4.0,13.2,19
saas_003891,0,18.48,2.0,3.0,0.0,9.0,22.73,5
saas_002083,1,24.0,25.0,1.0,1.0,12.0,32.75,9
saas_004574,0,49.2,96.0,11.0,0.0,7.0,31.84,17
saas_005594,1,41.66,40.0,27.0,1.0,9.0,33.15,7
saas_005121,0,33.21,2.0,19.0,1.0,14.0,24.77,12
saas_004587,1,40.85,191.0,10.0,1.0,10.0,32.58,3
saas_004902,0,21.8,20.0,7.0,2.0,8.0,5.47,22
saas_008252,1,16.57,9.0,33.0,0.0,8.0,6.51,10
saas_005916,0,18.94,21.0,3.0,0.0,8.0,40.9,12
saas_005129,0,41.76,22.0,1.0,0.0,6.0,22.6,11
saas_008334,0,49.91,136.0,11.0,0.0,8.0,15.76,4
saas_001918,1,67.05,12.0,1.0,1.0,9.0,60.28,4
saas_008330,1,42.21,3.0,4.0,0.0,7.0,28.07,23
saas_005707,1,12.15,38.0,3.0,1.0,8.0,30.88,29
saas_005384,1,17.93,198.0,61.0,0.0,11.0,18.49,4
saas_006336,1,26.77,35.0,10.0,1.0,5.0,27.5,23
saas_002054,1,15.97,34.0,11.0,1.0,7.0,15.79,29
saas_007612,1,2.65,117.0,14.0,1.0,5.0,5.33,25
saas_009209,1,10.08,10.0,12.0,1.0,8.0,20.82,23
saas_003963,0,34.64,10.0,20.0,0.0,6.0,29.03,17
saas_001126,0,22.27,286.0,8.0,2.0,9.0,38.5,25
saas_003428,1,60.99,335.0,29.0,0.0,10.0,27.3,29
saas_004601,1,50.77,21.0,7.0,1.0,5.0,62.05,18
saas_003721,1,9.3,57.0,3.0,1.0,8.0,33.59,6
saas_002389,0,37.62,18.0,1.0,1.0,7.0,29.87,4
saas_001322,1,30.47,19.0,7.0,0.0,13.0,42.67,8
saas_001603,0,0.0,2.0,4.0,1.0,6.0,0.0,16
saas_007224,1,55.56,6.0,1.0,2.0,5.0,50.96,4
saas_007425,1,59.2,2.0,3.0,2.0,7.0,55.15,21
saas_004336,0,0.0,25.0,6.0,0.0,4.0,21.37,11
saas_005593,1,43.15,36.0,4.0,0.0,6.0,33.56,28
saas_004411,1,63.86,16.0,4.0,1.0,9.0,61.99,14
saas_005858,1,49.05,110.0,3.0,1.0,7.0,44.58,4
saas_009343,0,10.71,7.0,52.0,0.0,10.0,25.84,7
saas_003991,1,61.24,4.0,22.0,0.0,9.0,34.75,18
saas_006079,1,27.15,2.0,1.0,2.0,9.0,30.49,24
saas_001559,1,1.13,16.0,1.0,2.0,10.0,0.0,11
saas_004682,0,50.86,7.0,5.0,1.0,7.0,38.5,2
saas_007557,0,37.92,199.0,30.0,0.0,4.0,33.86,13
saas_003772,0,15.14,37.0,5.0,1.0,6.0,4.7,21
saas_008779,0,11.67,24.0,1.0,0.0,4.0,24.56,19
saas_003457,1,60.01,4.0,2.0,1.0,7.0,5.66,20
saas_008383,0,0.0,6.0,13.0,0.0,5.0,23.15,26
saas_001354,1,56.76,354.0,4.0,0.0,5.0,26.09,21
saas_000045,0,58.27,27.0,30.0,1.0,8.0,41.28,16
saas_009872,1,9.42,55.0,16.0,0.0,7.0,4.41,4
saas_000748,0,54.91,11.0,22.0,2.0,9.0,51.56,1
saas_007917,1,12.65,23.0,23.0,1.0,7.0,12.4,26
saas_004241,1,36.28,5.0,13.0,0.0,4.0,37.69,28
saas_005628,1,28.75,55.0,15.0,0.0,9.0,17.64,4
saas_004657,1,67.3,22.0,4.0,1.0,6.0,51.68,26
saas_004238,1,44.33,17.0,28.0,1.0,11.0,38.33,5
saas_003460,0,0.0,23.0,26.0,0.0,5.0,5.91,29
saas_007381,0,20.34,6.0,32.0,1.0,7.0,35.15,10
saas_005549,0,46.87,4.0,7.0,2.0,7.0,15.14,1
saas_007075,0,60.95,1.0,11.0,0.0,11.0,61.62,27
saas_005838,0,47.58,19.0,14.0,2.0,8.0,26.28,17
saas_008091,0,32.17,8423.0,90.0,0.0,9.0,24.0,8
saas_005474,1,45.58,30.0,8.0,0.0,12.0,36.59,1
saas_003614,0,82.41,1.0,3.0,1.0,13.0,60.03,23
saas_007501,0,0.0,1.0,1.0,0.0,4.0,23.71,15
saas_007053,1,25.4,382.0,77.0,0.0,6.0,30.56,25
saas_007367,0,1.29,40.0,16.0,1.0,6.0,8.95,17
saas_008019,0,48.2,6.0,23.0,2.0,3.0,30.37,9
saas_009638,0,39.39,3.0,8.0,0.0,7.0,39.39,15
saas_009055,0,33.86,10.0,30.0,0.0,7.0,39.49,3
saas_000664,0,43.24,17.0,1.0,1.0,12.0,11.5,6
saas_002319,1,35.34,13.0,1.0,1.0,11.0,23.2,21
saas_003542,0,21.38,15.0,1.0,0.0,14.0,6.03,20
saas_003677,1,0.45,50.0,18.0,0.0,9.0,9.93,1
saas_009599,0,58.32,1.0,3.0,0.0,7.0,36.38,21
saas_003091,1,7.34,7.0,12.0,0.0,5.0,8.02,19
saas_000675,1,81.34,33.0,6.0,0.0,9.0,65.85,21
saas_008676,1,9.84,1.0,12.0,1.0,7.0,35.01,4
saas_004884,1,36.37,38.0,1.0,2.0,5.0,30.58,3
saas_008079,1,42.57,829.0,3.0,2.0,10.0,22.26,28
saas_001962,1,87.4,13.0,28.0,0.0,8.0,48.49,10
saas_001840,1,17.12,8.0,10.0,0.0,7.0,38.66,12
saas_007168,1,7.34,2.0,3.0,2.0,10.0,15.79,6
saas_009898,1,57.6,198.0,2.0,0.0,9.0,37.73,22
saas_003538,0,0.0,73.0,1.0,0.0,9.0,5.07,25
saas_008026,0,31.45,82.0,10.0,1.0,8.0,14.77,19
saas_004866,1,0.45,5.0,3.0,2.0,7.0,2.2,8
saas_004174,0,16.72,4.0,10.0,0.0,11.0,26.35,16
saas_008088,0,0.0,39.0,1.0,0.0,7.0,29.44,13
saas_004377,1,43.08,16.0,5.0,1.0,7.0,29.22,6
saas_006211,1,5.41,123.0,4.0,0.0,12.0,0.0,26
saas_004766,0,0.0,4.0,6.0,0.0,6.0,15.4,25
saas_000411,1,36.38,1.0,33.0,0.0,10.0,26.63,6
saas_000613,1,25.92,39.0,16.0,0.0,9.0,35.21,9
saas_006126,1,21.45,64.0,41.0,1.0,8.0,24.18,18
saas_005210,1,52.47,35.0,1.0,0.0,7.0,40.81,16
saas_001430,1,30.39,13.0,11.0,0.0,10.0,16.23,30
saas_002425,0,0.0,110.0,46.0,0.0,6.0,0.0,15
saas_008841,0,3.41,4.0,6.0,1.0,9.0,15.62,9
saas_003833,1,24.77,6.0,15.0,0.0,13.0,26.47,30
saas_004718,1,50.47,30.0,9.0,0.0,9.0,16.78,19
saas_007185,1,28.54,49.0,12.0,1.0,4.0,44.23,17
saas_001417,1,12.41,89.0,11.0,0.0,4.0,12.49,5
saas_007199,0,27.97,70.0,9.0,0.0,6.0,16.27,2
saas_000604,1,27.38,7.0,5.0,0.0,6.0,44.24,6
saas_001272,1,54.45,11.0,8.0,1.0,12.0,37.03,29
saas_003964,0,43.4,14.0,2.0,2.0,7.0,47.32,1
saas_006367,0,52.75,4.0,11.0,1.0,6.0,38.42,25
saas_008746,0,15.58,166.0,1.0,0.0,9.0,27.14,3
saas_000247,1,57.7,315.0,3.0,1.0,6.0,44.64,2
saas_009226,0,42.37,3.0,7.0,1.0,5.0,20.8,26
saas_001982,0,0.0,21.0,31.0,0.0,6.0,20.74,8
saas_002835,0,12.27,17.0,12.0,0.0,7.0,7.63,3
saas_005375,1,0.45,77.0,1.0,1.0,4.0,30.32,30
saas_000199,1,0.45,15.0,17.0,2.0,2.0,17.72,29
saas_000485,1,9.32,15.0,6.0,1.0,5.0,13.28,18
saas_006083,0,46.34,3.0,5.0,0.0,9.0,7.25,29
saas_008956,0,0.0,1.0,2.0,0.0,4.0,26.72,15
saas_000455,0,36.4,25.0,4.0,1.0,10.0,59.01,7
saas_009798,1,22.37,48.0,13.0,0.0,9.0,38.03,12
saas_008826,0,10.52,27.0,22.0,1.0,5.0,29.19,25
saas_006515,0,85.44,2.0,11.0,0.0,9.0,34.72,19
saas_001721,1,29.26,2.0,4.0,0.0,7.0,12.44,9
saas_007050,0,27.35,43.0,3.0,2.0,7.0,8.93,25
saas_006382,0,34.57,59.0,31.0,0.0,9.0,30.06,25
saas_008165,1,26.7,101.0,3.0,1.0,9.0,22.87,19
saas_005767,1,26.04,239.0,20.0,0.0,10.0,26.0,3
saas_005809,0,26.76,4.0,1.0,0.0,4.0,31.95,25
saas_004626,0,24.34,8.0,38.0,0.0,10.0,20.07,22
saas_000862,1,42.48,18.0,8.0,0.0,7.0,9.14,2
saas_002094,1,43.74,23.0,1.0,0.0,9.0,29.18,5
saas_000947,1,61.16,1.0,20.0,1.0,15.0,39.74,13
saas_005641,0,39.07,1.0,5.0,0.0,10.0,39.11,1
saas_001444,1,32.53,16.0,43.0,0.0,6.0,26.25,22
saas_001280,1,26.29,120.0,5.0,0.0,7.0,45.04,15
saas_003110,0,0.0,28.0,10.0,0.0,11.0,30.23,16
saas_008952,0,32.53,2.0,3.0,0.0,3.0,44.66,18
saas_007609,1,0.45,19.0,8.0,0.0,8.0,25.2,16
saas_005135,0,18.6,12.0,8.0,0.0,5.0,47.68,3
saas_003016,1,46.07,7.0,17.0,0.0,3.0,31.66,14
saas_002302,0,47.61,1.0,22.0,1.0,4.0,27.53,27
saas_002004,1,34.05,2.0,1.0,0.0,3.0,30.65,1
saas_004580,0,48.41,11.0,6.0,2.0,9.0,34.62,26
saas_008704,1,0.45,8.0,1.0,0.0,6.0,17.5,21
saas_001005,1,0.45,33.0,4.0,0.0,12.0,18.04,26
saas_005138,0,28.25,8.0,4.0,1.0,5.0,34.94,29
saas_004317,0,53.49,8.0,6.0,1.0,7.0,19.19,2
saas_006558,1,0.45,10.0,9.0,0.0,5.0,0.0,30
saas_004387,1,0.45,50.0,1.0,0.0,9.0,5.69,11
saas_002132,0,39.89,11.0,19.0,1.0,13.0,17.05,9
saas_004265,1,0.45,9.0,1.0,0.0,4.0,23.2,29
saas_002057,0,36.46,1.0,2.0,2.0,9.0,34.56,16
saas_005386,0,6.11,3.0,1.0,1.0,9.0,20.46,24
saas_000229,1,41.68,13.0,13.0,1.0,8.0,48.72,10
saas_002889,0,12.76,12.0,56.0,0.0,7.0,13.21,7
saas_004472,0,26.78,292.0,1.0,0.0,12.0,55.19,8
saas_006064,1,23.69,236.0,9.0,2.0,6.0,27.06,29
saas_007924,0,7.38,11.0,30.0,0.0,11.0,0.0,24
saas_007649,0,36.92,1.0,38.0,0.0,7.0,43.13,1
saas_008381,0,7.41,17.0,1.0,1.0,9.0,38.71,17
saas_000209,0,19.65,12.0,22.0,2.0,8.0,30.69,19
saas_002758,1,33.07,61.0,18.0,2.0,5.0,19.53,12
saas_008471,0,44.58,9.0,3.0,1.0,10.0,69.51,5
saas_002948,0,17.01,59.0,11.0,1.0,9.0,23.27,16
saas_007116,0,46.32,26.0,11.0,1.0,6.0,29.41,1
saas_006330,0,37.78,173.0,16.0,1.0,7.0,35.99,22
saas_001728,0,58.88,22.0,23.0,0.0,6.0,31.78,14
saas_004176,1,55.76,37.0,9.0,1.0,7.0,28.09,3
saas_000337,1,35.06,32.0,5.0,1.0,15.0,19.01,1
saas_004984,0,0.0,2.0,21.0,0.0,6.0,30.55,11
saas_006878,1,17.92,20.0,37.0,1.0,11.0,22.82,20
saas_007248,0,0.0,78.0,1.0,1.0,5.0,23.64,23
saas_008452,0,19.16,4.0,24.0,2.0,9.0,31.38,9
saas_001226,1,1.54,59.0,14.0,0.0,5.0,23.81,12
saas_007608,0,4.68,321.0,10.0,2.0,13.0,14.95,28
saas_006827,1,13.1,1.0,8.0,1.0,7.0,29.92,6
saas_003540,0,7.6,26.0,5.0,0.0,7.0,28.64,14
saas_005868,0,0.0,40.0,13.0,1.0,9.0,13.57,17
saas_002111,0,0.0,42.0,12.0,0.0,13.0,0.0,21
saas_002691,0,10.19,4.0,1.0,2.0,8.0,16.12,26
saas_007153,0,48.72,24.0,1.0,0.0,3.0,39.48,14
saas_003707,1,18.75,49.0,1.0,2.0,6.0,0.0,24
saas_001017,1,14.18,13.0,13.0,0.0,10.0,32.61,22
saas_008511,0,60.63,11.0,2.0,2.0,9.0,49.58,23
saas_002807,0,7.5,1.0,1.0,0.0,13.0,23.86,16
saas_005015,1,48.81,10.0,1.0,0.0,8.0,27.69,14
saas_001928,1,0.45,73.0,12.0,1.0,10.0,40.3,24
saas_000350,1,39.75,34.0,5.0,0.0,11.0,20.71,10
saas_005173,0,27.99,4.0,1.0,0.0,8.0,25.0,5
saas_004192,0,44.85,47.0,1.0,0.0,13.0,1.4,12
saas_001934,0,24.58,2.0,7.0,1.0,3.0,30.6,24
saas_006901,0,40.65,153.0,2.0,0.0,9.0,65.45,28
saas_004823,1,39.94,8.0,9.0,0.0,6.0,42.5,27
saas_000564,0,43.0,77.0,1.0,0.0,12.0,53.15,14
saas_001582,0,42.37,45.0,20.0,1.0,4.0,29.7,14
saas_004694,0,17.33,16.0,28.0,1.0,11.0,39.74,1
saas_002175,0,53.65,21.0,1.0,0.0,7.0,44.31,4
saas_007028,0,39.89,13.0,4.0,0.0,5.0,44.37,9
saas_004880,1,59.11,8.0,1.0,0.0,10.0,34.71,24
saas_002228,0,58.39,533.0,1.0,2.0,7.0,40.39,30
saas_001115,1,46.0,22.0,1.0,2.0,8.0,54.3,7
saas_003126,1,12.74,18.0,30.0,0.0,6.0,12.92,24
saas_003544,1,23.61,13.0,32.0,2.0,4.0,33.48,15
saas_005048,1,21.02,19.0,9.0,0.0,4.0,27.18,19
saas_007476,0,21.35,4.0,17.0,2.0,9.0,20.08,28
saas_000821,0,33.95,173.0,16.0,0.0,4.0,36.45,2
saas_006532,0,52.06,113.0,2.0,1.0,9.0,48.36,13
saas_002272,1,22.91,51.0,6.0,0.0,10.0,38.36,30
saas_005545,1,48.83,246.0,6.0,1.0,5.0,34.92,9
saas_000081,1,24.25,7.0,1.0,1.0,7.0,16.79,4
saas_001323,0,41.56,1.0,34.0,1.0,6.0,30.67,30
saas_009405,0,53.67,1.0,1.0,0.0,7.0,41.47,24
saas_001614,0,0.0,7.0,26.0,0.0,7.0,14.25,7
saas_000831,0,52.0,208.0,1.0,0.0,10.0,25.08,22
saas_003883,1,9.56,128.0,6.0,0.0,12.0,37.0,25
saas_008641,1,39.0,269.0,40.0,0.0,11.0,34.81,11
saas_004464,0,8.93,88.0,11.0,0.0,9.0,24.24,11
saas_005339,1,52.38,109.0,1.0,1.0,10.0,45.82,3
saas_008066,1,55.78,38.0,3.0,1.0,10.0,24.17,25
saas_001649,0,8.6,7.0,3.0,0.0,11.0,36.85,27
saas_004065,1,3.29,37.0,1.0,2.0,8.0,0.0,29
saas_009665,0,16.72,30.0,9.0,1.0,10.0,9.67,9
saas_003038,1,19.72,5.0,1.0,0.0,7.0,29.75,24
saas_003320,0,49.38,1.0,4.0,1.0,7.0,52.13,13
saas_007143,1,13.08,78.0,25.0,0.0,10.0,22.39,30
saas_006889,1,30.89,89.0,28.0,1.0,2.0,29.61,19
saas_005092,0,25.65,2.0,4.0,1.0,7.0,45.33,24
saas_003720,0,0.02,21.0,7.0,0.0,9.0,21.15,29
saas_002423,0,14.98,10.0,7.0,1.0,8.0,22.59,2
saas_000749,0,36.62,5.0,2.0,1.0,9.0,27.53,11
saas_005271,1,6.84,105.0,12.0,1.0,9.0,34.77,12
saas_002373,0,21.71,219.0,2.0,1.0,15.0,43.88,16
saas_004693,0,48.0,6.0,1.0,1.0,7.0,52.94,21
saas_009879,0,66.87,192.0,11.0,2.0,5.0,50.84,5
saas_008370,0,70.99,39.0,1.0,0.0,9.0,33.71,2
saas_007319,0,16.83,13.0,12.0,0.0,6.0,11.0,19
saas_004368,1,33.6,16.0,2.0,1.0,7.0,35.39,12
saas_006785,0,27.35,3.0,36.0,2.0,10.0,53.13,2
saas_007401,1,12.83,204.0,4.0,0.0,10.0,16.73,3
saas_001139,1,0.45,20.0,1.0,1.0,6.0,14.14,26
saas_007631,0,2.87,1.0,15.0,1.0,7.0,0.0,25
saas_002231,0,10.5,3.0,25.0,1.0,12.0,30.48,27
saas_002164,1,54.91,49.0,30.0,0.0,11.0,28.84,18
saas_005217,0,25.47,120.0,21.0,0.0,5.0,30.13,29
saas_009444,1,36.3,142.0,6.0,1.0,8.0,34.64,6
saas_009237,1,23.24,58.0,3.0,1.0,8.0,23.38,19
saas_004561,0,23.43,6.0,4.0,0.0,9.0,21.37,4
saas_001570,0,29.13,20.0,26.0,0.0,8.0,47.1,4
saas_000172,0,0.0,10.0,2.0,1.0,6.0,15.6,1
saas_007163,1,32.31,33.0,5.0,0.0,9.0,13.22,9
saas_002087,0,3.82,9.0,15.0,0.0,6.0,26.18,16
saas_004667,1,45.35,66.0,1.0,1.0,12.0,41.26,6
saas_004565,0,10.01,23.0,2.0,2.0,6.0,45.11,11
saas_007089,0,58.12,18.0,1.0,0.0,4.0,33.82,14
saas_006569,0,0.0,3.0,9.0,0.0,5.0,0.0,22
saas_004783,1,6.0,32.0,74.0,1.0,8.0,43.26,26
saas_002684,0,35.56,2.0,29.0,1.0,10.0,39.77,26
saas_001832,0,57.54,3.0,8.0,0.0,6.0,52.92,23
saas_008546,1,39.16,9.0,12.0,1.0,8.0,29.95,6
saas_005065,0,0.0,34.0,16.0,2.0,9.0,29.77,3
saas_009130,0,55.3,23.0,1.0,0.0,7.0,37.77,3
saas_009355,0,12.7,10.0,3.0,0.0,10.0,30.84,15
saas_004412,0,56.13,61.0,32.0,2.0,3.0,23.7,1
saas_007207,0,0.0,63.0,56.0,0.0,10.0,0.0,12
saas_009890,1,0.45,20.0,3.0,1.0,8.0,2.41,17
saas_000834,1,24.63,6.0,5.0,0.0,10.0,20.54,4
saas_006821,0,49.4,4.0,13.0,1.0,7.0,10.55,23
saas_003781,1,23.68,1.0,3.0,0.0,10.0,24.7,15
saas_009012,0,50.36,11.0,24.0,0.0,11.0,33.37,6
saas_007499,0,0.0,1.0,26.0,0.0,1.0,8.87,17
saas_003424,1,24.84,1368.0,36.0,1.0,6.0,39.69,29
saas_000065,0,34.85,66.0,8.0,0.0,12.0,17.62,16
saas_002963,1,0.45,6.0,3.0,1.0,3.0,19.29,8
saas_005669,1,21.53,44.0,2.0,0.0,8.0,22.27,3
saas_008962,1,13.05,17.0,8.0,0.0,8.0,0.0,26
saas_000354,0,33.31,99.0,16.0,1.0,14.0,30.77,28
saas_008171,1,13.97,6.0,37.0,1.0,9.0,26.4,13
saas_004030,0,22.48,3.0,13.0,2.0,5.0,45.06,17
saas_008534,1,61.43,23.0,2.0,1.0,11.0,40.95,29
saas_003651,0,21.26,29.0,7.0,0.0,8.0,2.12,7
saas_006739,0,0.0,4.0,9.0,0.0,9.0,17.17,8
saas_003297,1,43.32,18.0,4.0,0.0,10.0,50.81,26
saas_004127,0,42.69,12.0,23.0,1.0,7.0,23.61,3
saas_008043,1,9.04,1.0,6.0,1.0,5.0,4.27,3
saas_004767,1,25.75,98.0,12.0,0.0,8.0,15.78,24
saas_000472,0,36.59,13.0,8.0,0.0,14.0,37.21,23
saas_003761,0,24.92,62.0,7.0,1.0,8.0,13.52,10
saas_008617,0,0.0,1.0,4.0,2.0,5.0,22.48,26
saas_003566,1,5.24,58.0,19.0,0.0,10.0,8.57,1
saas_002760,0,45.09,7.0,14.0,2.0,8.0,43.83,26
saas_000868,0,30.61,8.0,14.0,1.0,8.0,40.17,27
saas_009382,1,0.45,30.0,4.0,0.0,8.0,19.58,4
saas_008688,0,50.85,11.0,1.0,1.0,12.0,41.73,16
saas_004052,1,39.44,36.0,23.0,0.0,4.0,36.33,27
saas_006130,1,8.01,16.0,1.0,2.0,9.0,21.61,12
saas_003244,0,45.4,41.0,10.0,0.0,4.0,39.07,19
saas_004842,0,0.0,2.0,51.0,0.0,8.0,2.92,30
saas_009330,0,0.0,8.0,46.0,2.0,9.0,20.11,2
saas_005640,1,34.35,10.0,15.0,0.0,6.0,29.33,16
saas_005780,1,23.28,13.0,13.0,1.0,7.0,25.74,2
saas_008540,1,0.45,72.0,18.0,0.0,6.0,7.4,15
saas_001075,0,45.94,28.0,32.0,2.0,8.0,10.68,15
saas_002957,0,56.54,23.0,9.0,0.0,13.0,40.63,19
saas_006752,0,0.0,6.0,17.0,1.0,6.0,17.7,25
saas_008657,1,60.99,1.0,13.0,1.0,5.0,41.73,13
saas_007272,1,41.39,2.0,6.0,2.0,14.0,27.71,1
saas_004759,0,44.61,8.0,33.0,1.0,11.0,39.85,4
saas_004862,0,0.0,54.0,7.0,2.0,8.0,0.0,8
saas_007025,0,29.82,188.0,9.0,2.0,8.0,32.93,20
saas_007647,1,36.5,157.0,27.0,2.0,3.0,27.46,7
saas_007161,1,26.07,27.0,4.0,0.0,8.0,24.66,5
saas_000073,1,3.12,42.0,10.0,1.0,10.0,9.57,11
saas_004901,0,19.1,22.0,8.0,0.0,11.0,1.65,25
saas_004375,1,16.42,1.0,1.0,1.0,6.0,25.25,19
saas_006698,1,40.13,12.0,62.0,1.0,8.0,50.35,25
saas_009805,1,23.66,2.0,26.0,0.0,5.0,3.65,16
saas_001101,1,29.7,50.0,1.0,1.0,11.0,6.62,29
saas_009537,0,22.41,52.0,35.0,2.0,11.0,32.47,2
saas_007655,0,9.89,8.0,16.0,1.0,9.0,24.49,10
saas_005235,1,19.91,14.0,9.0,0.0,5.0,19.71,7
saas_005165,0,43.41,7.0,6.0,0.0,12.0,34.7,11
saas_000118,1,51.71,221.0,8.0,0.0,9.0,33.5,2
saas_002022,0,20.93,24.0,14.0,1.0,8.0,25.37,24
saas_009885,1,13.67,1.0,19.0,2.0,10.0,27.87,23
saas_002638,0,75.54,54.0,30.0,1.0,7.0,67.65,2
saas_002034,1,47.38,23.0,12.0,0.0,6.0,1.33,24
saas_002564,1,2.65,109.0,13.0,1.0,10.0,30.23,12
saas_008665,1,24.26,1.0,16.0,2.0,10.0,18.95,4
saas_003543,0,47.28,36.0,17.0,0.0,14.0,28.38,3
saas_001219,1,17.53,146.0,1.0,0.0,8.0,23.68,6
saas_009714,1,40.39,53.0,1.0,0.0,12.0,20.46,7
saas_006711,1,48.08,10.0,6.0,0.0,6.0,49.3,17
saas_002903,0,25.27,8.0,15.0,1.0,4.0,24.9,16
saas_003026,1,45.45,60.0,9.0,0.0,8.0,42.91,3
saas_002510,1,32.08,8.0,1.0,0.0,11.0,27.73,15
saas_004201,1,21.16,1.0,40.0,0.0,10.0,30.76,2
saas_003207,0,4.19,32.0,4.0,0.0,5.0,9.12,9
saas_004489,0,0.0,12.0,12.0,0.0,8.0,12.3,5
saas_002755,1,16.92,3.0,6.0,2.0,7.0,27.84,22
saas_008889,1,45.27,8.0,7.0,0.0,8.0,46.95,16
saas_000177,0,67.51,25.0,1.0,1.0,7.0,47.43,25
saas_001643,0,19.08,53.0,16.0,1.0,4.0,21.38,9
saas_009292,0,34.7,1.0,49.0,1.0,8.0,37.75,7
saas_003518,0,25.83,20.0,3.0,0.0,8.0,20.92,10
saas_001374,0,49.77,19.0,12.0,2.0,6.0,38.94,25
saas_001720,0,29.97,96.0,21.0,1.0,16.0,39.77,27
saas_003995,0,0.0,7.0,5.0,0.0,8.0,20.26,4
saas_003688,1,38.08,1032.0,1.0,1.0,8.0,27.25,22
saas_002264,0,22.88,41.0,8.0,2.0,6.0,44.18,1
saas_000087,0,22.91,20.0,6.0,1.0,7.0,25.56,17
saas_002848,1,8.82,65.0,7.0,0.0,13.0,24.04,1
saas_008687,1,5.46,8.0,33.0,0.0,8.0,0.0,18
saas_000403,0,34.4,11.0,4.0,2.0,12.0,24.07,6
saas_009900,1,38.9,2.0,2.0,1.0,7.0,30.96,4
saas_004077,0,0.68,9.0,15.0,1.0,8.0,22.36,24
saas_006835,1,46.36,20.0,7.0,2.0,11.0,22.33,17
saas_006537,1,41.49,3.0,12.0,0.0,7.0,45.01,22
saas_002456,1,33.19,89.0,4.0,0.0,5.0,53.75,13
saas_002751,0,3.16,11.0,20.0,0.0,4.0,20.38,12
saas_002214,0,29.69,5.0,1.0,0.0,10.0,47.87,4
saas_001027,0,6.3,21.0,43.0,0.0,9.0,12.3,19
saas_009703,0,0.0,19.0,15.0,1.0,8.0,0.0,18
saas_001421,0,44.29,14.0,1.0,1.0,6.0,23.9,4
saas_002436,0,30.48,4.0,19.0,1.0,5.0,26.84,1
saas_004277,0,54.47,14.0,1.0,0.0,11.0,32.48,27
saas_009609,1,0.92,15.0,6.0,0.0,5.0,25.95,8
saas_001278,1,21.11,34.0,11.0,2.0,7.0,24.2,20
saas_006220,1,59.0,186.0,7.0,0.0,7.0,31.12,2
saas_004907,1,29.38,4.0,8.0,0.0,9.0,0.0,29
saas_005064,1,2.51,12.0,14.0,0.0,5.0,27.23,20
saas_001978,1,17.77,213.0,58.0,1.0,13.0,31.66,26
saas_001061,1,17.25,177.0,8.0,0.0,5.0,25.99,13
saas_005014,0,37.28,34.0,6.0,0.0,5.0,33.36,26
saas_004535,0,0.0,34.0,1.0,1.0,7.0,20.59,24
saas_006993,1,52.67,21.0,3.0,1.0,8.0,29.15,11
saas_009253,1,8.65,55.0,19.0,1.0,10.0,16.37,18
saas_001502,1,22.64,146.0,19.0,0.0,6.0,21.11,8
saas_008568,1,20.28,4.0,6.0,0.0,5.0,31.68,12
saas_009314,1,53.31,60.0,14.0,1.0,4.0,36.39,16
saas_008836,0,29.19,24.0,12.0,0.0,10.0,24.2,9
saas_008920,0,45.55,46.0,9.0,2.0,7.0,45.77,22
saas_004918,0,23.78,30.0,5.0,2.0,6.0,32.37,21
saas_000678,1,10.6,35.0,5.0,1.0,11.0,17.33,2
saas_005076,0,41.8,37.0,4.0,0.0,11.0,62.62,8
saas_008064,0,42.45,32.0,10.0,0.0,6.0,35.18,4
saas_007568,0,0.0,134.0,8.0,1.0,8.0,9.34,1
saas_000102,0,11.94,11.0,1.0,2.0,5.0,59.08,27
saas_000957,1,31.64,580.0,15.0,1.0,7.0,18.58,6
saas_008556,0,22.56,11.0,4.0,0.0,4.0,25.59,13
saas_003785,1,17.89,3.0,4.0,2.0,13.0,10.37,21
saas_009630,1,67.24,60.0,14.0,1.0,11.0,18.16,15
saas_007173,1,0.45,9.0,5.0,1.0,6.0,8.62,25
saas_004043,1,31.92,2.0,6.0,1.0,11.0,27.39,15
saas_002648,1,26.93,31.0,8.0,0.0,5.0,28.4,8
saas_006000,0,33.7,28.0,12.0,1.0,6.0,32.6,23
saas_007927,1,41.47,6.0,21.0,0.0,10.0,0.0,19
saas_002826,1,38.16,318.0,19.0,1.0,8.0,40.83,22
saas_004094,0,0.0,45.0,1.0,0.0,10.0,0.0,9
saas_007774,0,21.88,17.0,17.0,1.0,8.0,13.87,18
saas_009258,1,21.37,1.0,15.0,0.0,6.0,15.65,20
saas_008113,0,20.99,5.0,22.0,0.0,6.0,30.81,7
saas_004772,0,21.72,12.0,7.0,2.0,7.0,9.56,15
saas_001947,0,33.32,5.0,5.0,0.0,7.0,20.18,8
saas_006109,0,0.0,6.0,20.0,0.0,9.0,18.75,16
saas_002299,0,11.55,12.0,1.0,0.0,6.0,10.68,20
saas_007844,1,0.45,79.0,7.0,0.0,10.0,18.58,19
saas_004382,1,13.7,40.0,36.0,2.0,9.0,9.58,21
saas_005425,1,0.45,7.0,9.0,1.0,8.0,17.16,2
saas_006771,1,34.19,448.0,4.0,1.0,5.0,9.67,13
saas_008578,0,31.96,234.0,8.0,0.0,14.0,20.12,18
saas_004291,0,35.55,1.0,5.0,1.0,9.0,34.01,12
saas_000528,0,25.54,29.0,27.0,0.0,6.0,31.43,23
saas_001233,1,37.44,22.0,16.0,2.0,12.0,28.74,3
saas_000779,1,50.46,2.0,17.0,1.0,3.0,43.77,30
saas_005859,0,74.13,144.0,20.0,1.0,8.0,24.58,30
saas_003059,0,0.0,12.0,1.0,1.0,8.0,25.02,28
saas_008587,1,15.73,6.0,8.0,2.0,7.0,0.0,2
saas_001860,1,23.28,53.0,1.0,0.0,6.0,10.74,25
saas_008438,1,21.63,86.0,15.0,0.0,6.0,25.06,23
saas_007403,1,24.16,5.0,10.0,1.0,7.0,28.8,15
saas_004639,0,55.09,8.0,7.0,2.0,9.0,36.06,5
saas_004250,0,53.78,13.0,5.0,1.0,8.0,44.44,24
saas_001992,1,37.58,28.0,10.0,1.0,10.0,44.11,25
saas_007379,0,11.65,13.0,19.0,1.0,6.0,40.03,10
saas_007305,0,1.34,10.0,14.0,1.0,3.0,30.91,20
saas_005303,0,20.18,119.0,25.0,1.0,11.0,22.9,20
saas_008192,0,78.26,46.0,25.0,0.0,8.0,33.66,19
saas_007447,0,33.68,130.0,18.0,0.0,5.0,33.07,26
saas_002471,0,27.59,10.0,5.0,0.0,9.0,40.78,11
saas_007197,1,30.1,15.0,14.0,1.0,8.0,33.61,12
saas_005312,0,11.06,42.0,17.0,1.0,10.0,13.99,29
saas_009035,1,35.47,282.0,9.0,1.0,6.0,43.35,4
saas_001396,0,40.23,49.0,25.0,1.0,11.0,22.68,16
saas_004002,0,39.34,30.0,29.0,0.0,10.0,25.32,15
saas_005371,1,31.29,31.0,55.0,2.0,5.0,1.32,5
saas_003235,0,48.24,45.0,53.0,2.0,6.0,57.37,4
saas_001042,1,50.88,57.0,4.0,1.0,9.0,36.82,29
saas_003298,0,77.87,10.0,7.0,1.0,8.0,69.57,13
saas_007256,0,10.03,247.0,1.0,0.0,3.0,37.2,23
saas_000257,0,3.01,11.0,2.0,0.0,13.0,23.86,12
saas_007286,0,44.2,11.0,9.0,1.0,15.0,8.86,17
saas_008616,0,19.51,16.0,13.0,1.0,6.0,28.05,10
saas_007816,0,33.27,53.0,5.0,0.0,12.0,11.41,30
saas_005843,0,39.68,41.0,4.0,2.0,6.0,32.23,7
saas_002089,1,40.06,40.0,8.0,0.0,5.0,30.72,1
saas_007702,0,32.43,1.0,39.0,0.0,9.0,36.75,26
saas_000503,0,70.2,2.0,10.0,1.0,10.0,40.82,13
saas_005265,0,20.94,17.0,18.0,2.0,6.0,12.75,3
saas_008814,0,20.51,280.0,43.0,0.0,8.0,18.88,23
saas_001345,1,20.72,642.0,20.0,0.0,4.0,27.24,9
saas_008455,1,53.52,32.0,13.0,0.0,17.0,53.68,21
saas_005046,1,53.65,77.0,1.0,1.0,9.0,37.11,3
saas_002248,1,0.45,18.0,45.0,0.0,14.0,25.49,22
saas_004981,0,0.0,26.0,1.0,0.0,3.0,21.77,5
saas_000372,0,24.95,72.0,33.0,2.0,5.0,26.4,9
saas_008454,1,18.69,13.0,20.0,0.0,6.0,20.84,8
saas_003370,0,46.53,13.0,6.0,0.0,9.0,27.74,4
saas_002006,1,21.07,17.0,8.0,1.0,11.0,22.31,6
saas_003656,0,44.43,14.0,13.0,2.0,10.0,19.9,11
saas_008327,1,0.45,28.0,13.0,1.0,7.0,7.86,17
saas_007521,1,0.45,35.0,4.0,1.0,11.0,0.0,27
saas_004001,0,39.62,76.0,8.0,0.0,12.0,45.59,1
saas_006072,0,52.43,66.0,16.0,2.0,10.0,36.89,7
saas_008736,0,29.23,65.0,10.0,1.0,10.0,33.18,18
saas_000997,0,17.15,24.0,13.0,1.0,5.0,31.18,24
saas_008179,1,48.75,315.0,13.0,1.0,9.0,33.99,8
saas_003290,1,40.25,14.0,1.0,0.0,10.0,28.33,9
saas_001176,0,12.7,6.0,8.0,1.0,3.0,6.73,18
saas_000551,0,47.74,46.0,12.0,0.0,6.0,20.81,5
saas_000744,1,0.45,23.0,4.0,1.0,6.0,33.05,29
saas_007223,1,20.98,15.0,19.0,1.0,4.0,23.24,8
saas_004554,0,7.8,290.0,20.0,2.0,8.0,35.18,20
saas_002859,0,38.26,5.0,5.0,2.0,7.0,27.34,19
saas_008820,0,39.05,61.0,18.0,2.0,8.0,52.67,1
saas_003459,0,43.27,63.0,11.0,0.0,7.0,48.37,19
saas_002724,0,28.83,8.0,5.0,1.0,11.0,35.56,11
saas_006847,1,35.12,1.0,9.0,2.0,11.0,38.46,28
saas_007615,0,34.22,7.0,20.0,1.0,6.0,43.94,26
saas_007547,0,51.89,14.0,4.0,2.0,7.0,54.05,18
saas_009174,0,6.64,690.0,19.0,2.0,3.0,9.44,11
saas_006393,1,50.36,19.0,2.0,0.0,8.0,41.91,3
saas_005358,1,77.56,10.0,27.0,2.0,9.0,35.61,30
saas_009488,1,27.1,34.0,1.0,0.0,9.0,12.17,29
saas_002968,0,23.62,422.0,47.0,0.0,6.0,24.42,8
saas_000693,1,9.96,1.0,1.0,0.0,9.0,36.62,19
saas_002533,1,22.35,24.0,30.0,1.0,8.0,29.71,9
saas_006399,1,22.4,59.0,1.0,0.0,4.0,22.34,18
saas_000982,0,12.63,28.0,3.0,0.0,2.0,3.56,20
saas_005364,1,38.71,31.0,3.0,0.0,6.0,30.48,28
saas_000079,1,44.52,12.0,3.0,0.0,9.0,35.65,1
saas_004053,0,49.58,8.0,11.0,1.0,9.0,42.86,29
saas_006258,0,51.14,3.0,15.0,1.0,12.0,36.07,12
saas_009576,1,51.79,52.0,1.0,0.0,4.0,18.6,7
saas_009025,0,58.56,4.0,42.0,1.0,7.0,37.57,3
saas_003107,0,10.71,24.0,1.0,0.0,8.0,26.17,19
saas_003601,1,18.19,754.0,4.0,0.0,6.0,21.06,25
saas_006073,0,71.42,31.0,10.0,0.0,6.0,30.84,5
saas_008126,1,52.83,131.0,1.0,1.0,10.0,36.42,21
saas_002142,1,2.65,1159.0,7.0,1.0,5.0,9.93,18
saas_006310,0,0.0,46.0,30.0,1.0,9.0,0.0,16
saas_002268,0,30.55,1.0,47.0,0.0,11.0,11.28,8
saas_000445,1,26.73,2.0,4.0,1.0,12.0,5.69,18
saas_004883,0,52.65,13.0,9.0,1.0,8.0,51.2,3
saas_004466,0,36.21,19.0,14.0,0.0,7.0,39.29,26
saas_009026,1,0.45,44.0,5.0,0.0,10.0,14.05,1
saas_006632,0,27.4,10.0,13.0,1.0,15.0,3.53,9
saas_003316,0,37.63,15.0,8.0,0.0,10.0,55.78,4
saas_001701,0,5.09,9.0,7.0,1.0,8.0,28.21,14
saas_002526,1,10.22,18.0,1.0,1.0,4.0,37.06,11
saas_000068,0,0.0,72.0,24.0,2.0,3.0,8.39,16
saas_001168,0,0.0,10.0,11.0,0.0,7.0,3.7,19
saas_000048,0,0.0,55.0,3.0,1.0,7.0,0.0,5
saas_001053,0,37.82,786.0,6.0,2.0,11.0,26.04,17
saas_004029,0,34.1,26.0,30.0,0.0,10.0,27.69,18
saas_000880,1,45.36,28.0,12.0,0.0,9.0,47.42,8
saas_002651,0,39.69,1.0,1.0,0.0,12.0,37.8,16
saas_007759,0,31.34,1.0,4.0,2.0,10.0,8.39,21
saas_002439,1,15.73,16.0,13.0,0.0,7.0,28.82,10
saas_004924,0,7.42,2.0,35.0,0.0,5.0,34.56,26
saas_001467,0,45.84,2.0,19.0,0.0,6.0,25.77,4
saas_007292,1,15.52,15.0,2.0,1.0,4.0,23.3,23
saas_005035,1,20.91,2.0,9.0,1.0,7.0,27.04,4
saas_002441,0,52.8,47.0,10.0,0.0,7.0,46.33,11
saas_006554,0,35.17,7.0,45.0,0.0,8.0,36.23,3
saas_000230,1,0.45,2.0,12.0,2.0,7.0,9.49,9
saas_001320,0,20.39,6.0,4.0,1.0,10.0,15.51,27
saas_000041,1,41.35,45.0,18.0,0.0,5.0,24.4,18
saas_000777,1,41.17,36.0,27.0,0.0,8.0,47.78,1
saas_008950,1,65.59,140.0,23.0,0.0,8.0,35.44,15
saas_008404,0,9.71,26.0,11.0,1.0,3.0,9.33,6
saas_001729,1,7.99,21.0,14.0,0.0,10.0,47.46,4
saas_003910,1,49.85,152.0,8.0,1.0,5.0,36.14,15
saas_000579,1,0.45,34.0,53.0,2.0,8.0,35.48,9
saas_009941,0,18.28,5.0,21.0,0.0,13.0,7.57,8
saas_005839,0,66.01,2.0,1.0,1.0,5.0,60.4,22
saas_008271,1,26.93,40.0,1.0,1.0,8.0,0.0,4
saas_007275,1,32.68,8.0,22.0,0.0,3.0,34.89,24
saas_001491,0,40.39,19.0,1.0,0.0,5.0,15.07,10
saas_009109,0,0.0,16.0,15.0,0.0,6.0,17.21,3
saas_005610,1,91.06,79.0,1.0,2.0,9.0,62.89,9
saas_000061,0,0.0,12.0,36.0,0.0,3.0,24.53,12
saas_005471,0,38.69,9.0,1.0,0.0,10.0,7.04,17
saas_003905,1,52.42,787.0,21.0,1.0,4.0,54.74,11
saas_006531,1,0.45,12.0,14.0,1.0,6.0,8.33,5
saas_000402,1,36.33,68.0,5.0,1.0,10.0,24.51,11
saas_000332,1,56.88,7.0,11.0,1.0,9.0,34.66,19
saas_002084,1,1.31,93.0,6.0,1.0,11.0,0.0,25
saas_009557,1,24.86,16.0,4.0,0.0,6.0,0.16,4
saas_000164,1,0.45,70.0,3.0,1.0,8.0,15.43,20
saas_004379,0,25.82,2.0,6.0,1.0,8.0,28.87,18
saas_002715,0,12.85,22.0,21.0,1.0,4.0,8.4,23
saas_008923,1,0.45,32.0,15.0,0.0,10.0,23.83,20
saas_007346,1,68.98,138.0,8.0,0.0,13.0,43.17,29
saas_005453,1,9.76,4.0,36.0,0.0,9.0,5.34,13
saas_007046,0,30.67,47.0,1.0,1.0,5.0,24.08,5
saas_001334,0,45.68,37.0,3.0,0.0,9.0,31.12,13
saas_008698,0,33.26,121.0,4.0,1.0,7.0,25.7,7
saas_001659,0,27.21,24.0,12.0,0.0,8.0,50.5,25
saas_003578,1,32.07,46.0,6.0,2.0,9.0,29.22,25
saas_000753,1,21.83,434.0,11.0,1.0,10.0,43.48,4
saas_006584,0,8.17,16.0,5.0,1.0,2.0,32.45,13
saas_000706,0,0.0,5.0,15.0,1.0,6.0,28.36,30
saas_003014,1,50.92,88.0,21.0,0.0,4.0,33.62,30
saas_008558,1,35.85,16.0,15.0,0.0,8.0,35.97,21
saas_009875,0,15.98,1.0,6.0,1.0,9.0,36.84,18
saas_009582,1,0.45,62.0,16.0,1.0,9.0,16.63,23
saas_008928,1,36.29,12.0,21.0,1.0,3.0,13.37,26
saas_009556,1,34.86,7.0,21.0,0.0,10.0,23.5,19
saas_008983,0,80.78,27.0,18.0,0.0,9.0,28.12,8
saas_001834,0,11.42,47.0,4.0,1.0,11.0,7.32,30
saas_002996,0,37.79,3.0,1.0,1.0,7.0,13.74,9
saas_005427,1,9.69,23.0,21.0,0.0,13.0,27.21,11
saas_003879,1,0.45,31.0,17.0,1.0,7.0,26.41,11
saas_007156,1,47.99,27.0,4.0,1.0,8.0,36.75,2
saas_005081,1,48.77,7.0,1.0,2.0,7.0,42.36,1
saas_009114,0,45.56,81.0,35.0,0.0,9.0,56.77,29
saas_007244,1,46.68,3.0,6.0,1.0,0.0,49.36,23
saas_005400,0,12.88,12.0,12.0,1.0,8.0,20.59,9
saas_005395,0,32.26,50.0,21.0,1.0,7.0,17.99,5
saas_009427,1,0.45,19.0,30.0,2.0,6.0,4.9,23
saas_002246,0,65.62,1.0,15.0,0.0,6.0,44.95,17
saas_000835,0,33.84,5.0,8.0,1.0,7.0,49.33,4
saas_008394,0,65.16,41.0,3.0,0.0,7.0,39.03,8
saas_009042,0,25.46,3.0,7.0,1.0,6.0,28.67,2
saas_000432,0,53.47,16.0,1.0,1.0,11.0,31.89,9
saas_003378,0,20.22,4.0,27.0,1.0,9.0,19.35,1
saas_006817,0,28.08,18.0,10.0,0.0,10.0,27.55,17
saas_008131,0,8.76,14.0,18.0,0.0,9.0,42.86,4
saas_009621,1,53.0,27.0,30.0,0.0,7.0,38.76,11
saas_006066,0,38.33,52.0,11.0,1.0,8.0,48.44,10
saas_001193,0,0.0,61.0,20.0,1.0,4.0,19.7,15
saas_006934,0,0.0,174.0,14.0,1.0,7.0,7.95,21
saas_005461,0,24.7,15.0,1.0,1.0,10.0,38.51,14
saas_003071,1,8.71,27.0,10.0,0.0,10.0,17.87,6
saas_003044,0,36.87,27.0,1.0,2.0,11.0,44.1,1
saas_003263,0,52.9,225.0,4.0,1.0,6.0,24.16,19
saas_002729,1,53.25,3.0,2.0,0.0,5.0,34.55,23
saas_003433,0,13.09,23.0,9.0,0.0,15.0,26.58,16
saas_000433,1,9.17,1.0,26.0,0.0,10.0,12.5,28
saas_003272,1,0.45,15.0,53.0,0.0,6.0,8.56,16
saas_007001,1,0.45,5.0,30.0,0.0,10.0,4.97,9
saas_009726,1,30.17,15.0,14.0,0.0,6.0,21.51,3
saas_000104,1,37.41,4.0,5.0,0.0,9.0,23.29,5
saas_003315,0,0.0,73.0,13.0,0.0,8.0,11.28,24
saas_001656,0,34.03,35.0,3.0,1.0,6.0,15.45,19
saas_001533,1,35.06,3.0,5.0,2.0,7.0,25.58,29
saas_004680,0,19.46,226.0,4.0,0.0,6.0,36.09,5
saas_008813,1,56.14,44.0,1.0,0.0,7.0,54.49,2
saas_009002,0,0.0,23.0,9.0,0.0,8.0,0.0,19
saas_006622,1,34.79,168.0,21.0,0.0,9.0,37.17,2
saas_001443,1,15.69,173.0,2.0,0.0,8.0,15.38,1
saas_000214,1,37.13,12.0,23.0,1.0,16.0,21.78,1
saas_005356,1,7.37,1.0,3.0,1.0,5.0,22.25,10
saas_009218,0,23.69,25.0,21.0,0.0,12.0,29.89,5
saas_006322,1,19.1,23.0,1.0,0.0,8.0,28.11,19
saas_004989,0,0.0,69.0,12.0,2.0,10.0,0.0,2
saas_001419,0,13.67,20.0,5.0,0.0,14.0,10.6,25
saas_009516,1,69.08,52.0,1.0,2.0,9.0,55.42,25
saas_008606,1,26.76,300.0,22.0,0.0,9.0,18.2,23
saas_000181,1,2.41,27.0,6.0,0.0,7.0,29.45,15
saas_004352,0,20.14,22.0,9.0,0.0,5.0,20.05,16
saas_008700,0,54.69,2.0,11.0,0.0,5.0,30.8,23
saas_002446,0,24.76,11.0,1.0,0.0,8.0,23.88,3
saas_005321,0,35.82,2.0,9.0,1.0,9.0,40.46,16
saas_008045,1,13.96,34.0,4.0,0.0,11.0,40.35,27
saas_005684,0,0.0,4.0,14.0,0.0,8.0,6.52,16
saas_003532,0,52.36,142.0,13.0,1.0,10.0,17.66,16
saas_008244,1,55.09,25.0,1.0,0.0,9.0,51.48,3
saas_007976,1,32.92,268.0,6.0,1.0,7.0,30.56,26
saas_003698,1,78.87,4.0,7.0,0.0,8.0,59.7,2
saas_000070,0,16.53,2.0,2.0,1.0,4.0,42.68,17
saas_000544,1,0.45,13.0,19.0,2.0,2.0,20.26,19
saas_001204,0,26.95,7.0,1.0,1.0,6.0,28.7,17
saas_003078,0,21.05,3.0,17.0,2.0,8.0,5.78,10
saas_009106,1,76.74,43.0,1.0,1.0,14.0,37.99,25
saas_009120,1,40.5,36.0,5.0,1.0,5.0,31.5,9
saas_009680,0,53.15,15.0,9.0,0.0,10.0,57.82,30
saas_006180,0,36.78,21.0,15.0,0.0,5.0,23.7,1
saas_008329,0,41.79,73.0,8.0,1.0,15.0,27.46,28
saas_004284,1,15.64,10.0,1.0,1.0,7.0,8.62,16
saas_004007,1,0.45,40.0,6.0,0.0,8.0,15.92,27
saas_008713,0,1.76,23.0,16.0,2.0,14.0,13.3,7
saas_000877,0,10.82,14.0,8.0,1.0,6.0,44.71,20
saas_008060,0,55.11,10.0,1.0,0.0,9.0,60.64,17
saas_000196,0,27.38,52.0,20.0,0.0,11.0,13.29,15
saas_009746,1,57.67,1.0,19.0,0.0,7.0,13.87,12
saas_004010,0,49.49,34.0,6.0,0.0,16.0,21.65,1
saas_009962,1,55.94,53.0,32.0,2.0,6.0,46.37,29
saas_002571,1,29.96,52.0,4.0,1.0,5.0,28.81,4
saas_003753,1,15.01,62.0,2.0,1.0,11.0,34.7,23
saas_009247,0,0.73,15.0,85.0,1.0,11.0,19.62,23
saas_008628,1,24.92,15.0,17.0,0.0,7.0,7.7,23
saas_009368,1,13.11,7.0,14.0,0.0,8.0,23.93,16
saas_006159,1,38.19,88.0,13.0,1.0,10.0,31.84,16
saas_004791,1,11.51,1.0,6.0,1.0,9.0,13.7,10
saas_005337,1,15.45,76.0,8.0,0.0,10.0,21.56,17
saas_003024,1,23.48,15.0,1.0,2.0,10.0,18.75,14
saas_002718,0,58.35,95.0,1.0,2.0,5.0,18.11,26
saas_008655,0,4.02,24.0,2.0,1.0,7.0,8.61,4
saas_006916,1,37.79,14.0,22.0,2.0,12.0,40.55,26
saas_003984,1,57.18,5.0,1.0,1.0,7.0,35.09,29
saas_007308,0,18.71,6.0,35.0,1.0,15.0,13.11,12
saas_005953,0,0.0,38.0,12.0,0.0,8.0,0.0,26
saas_003844,1,51.94,22.0,3.0,0.0,12.0,44.28,18
saas_002682,0,12.68,89.0,23.0,0.0,4.0,25.21,30
saas_004024,1,52.73,5.0,3.0,1.0,8.0,40.17,2
saas_008715,0,54.36,128.0,10.0,0.0,7.0,56.17,2
saas_003139,1,18.31,386.0,6.0,0.0,6.0,21.28,17
saas_004237,0,53.71,28.0,63.0,0.0,5.0,20.76,23
saas_000218,1,40.06,15.0,30.0,1.0,8.0,40.03,5
saas_006618,0,50.1,105.0,1.0,0.0,5.0,51.47,5
saas_009606,1,68.21,106.0,4.0,1.0,10.0,46.28,2
saas_005268,1,43.96,61.0,1.0,2.0,8.0,16.77,15
saas_002543,1,52.45,65.0,22.0,2.0,11.0,30.27,9
saas_002870,0,16.21,1.0,6.0,0.0,7.0,13.35,20
saas_001244,0,33.91,96.0,10.0,0.0,9.0,41.34,15
saas_000420,0,14.85,23.0,1.0,1.0,5.0,32.59,27
saas_006227,1,63.62,76.0,34.0,0.0,10.0,17.81,12
saas_002058,1,50.04,8.0,69.0,1.0,9.0,39.76,25
saas_008493,0,33.86,56.0,13.0,0.0,5.0,49.6,8
saas_006434,1,34.53,33.0,7.0,0.0,10.0,36.33,18
saas_003422,1,31.34,99.0,10.0,1.0,3.0,41.55,22
saas_004510,0,56.44,13.0,8.0,0.0,9.0,59.16,28
saas_001166,0,40.89,801.0,7.0,0.0,4.0,29.37,17
saas_000254,1,19.74,13.0,9.0,0.0,7.0,24.08,10
saas_000415,0,35.02,27.0,9.0,1.0,12.0,4.34,21
saas_009175,1,18.24,28.0,13.0,0.0,5.0,19.6,27
saas_003469,1,73.12,81.0,1.0,0.0,8.0,32.78,19
saas_003050,1,21.01,89.0,5.0,0.0,7.0,36.74,22
saas_000759,1,36.72,39.0,13.0,0.0,8.0,20.89,3
saas_001385,0,49.39,23.0,28.0,0.0,8.0,43.59,9
saas_000654,0,6.1,48.0,1.0,0.0,11.0,10.02,5
saas_001201,0,36.37,9.0,1.0,0.0,11.0,32.59,17
saas_002413,1,39.89,2.0,2.0,0.0,10.0,32.11,2
saas_005579,0,6.8,93.0,9.0,0.0,6.0,9.3,1
saas_005993,0,47.95,12.0,34.0,1.0,9.0,49.32,19
saas_005294,1,16.51,23.0,5.0,1.0,8.0,11.78,20
saas_003055,0,0.0,3.0,7.0,0.0,7.0,20.3,6
saas_002830,0,16.96,5.0,12.0,1.0,8.0,21.82,25
saas_002970,0,11.05,93.0,44.0,0.0,7.0,21.26,15
saas_000328,0,0.0,3.0,12.0,0.0,9.0,17.6,24
saas_004270,0,3.63,2.0,15.0,2.0,12.0,4.01,8
saas_005994,1,54.36,4.0,13.0,2.0,9.0,17.7,26
saas_004392,0,1.9,4.0,2.0,2.0,5.0,46.83,27
saas_002063,0,16.46,35.0,9.0,0.0,2.0,10.39,18
saas_008301,1,36.14,8.0,5.0,0.0,8.0,9.42,3
saas_009013,1,39.38,53.0,2.0,0.0,3.0,41.97,2
saas_009329,1,25.71,25.0,9.0,1.0,6.0,24.83,3
saas_005169,1,34.49,571.0,16.0,0.0,5.0,21.86,19
saas_004429,0,15.2,2.0,5.0,2.0,8.0,31.97,18
saas_001281,0,0.0,1.0,79.0,2.0,6.0,18.91,9
saas_003381,1,50.18,32.0,12.0,1.0,7.0,25.83,21
saas_002636,1,44.49,12.0,4.0,0.0,9.0,34.59,13
saas_003328,1,21.5,7.0,3.0,1.0,11.0,16.61,14
saas_006436,0,72.67,77.0,1.0,1.0,9.0,43.25,30
saas_005018,1,27.07,3.0,9.0,0.0,6.0,21.5,25
saas_007324,0,1.44,145.0,15.0,0.0,5.0,17.92,12
saas_003795,1,12.39,15.0,18.0,1.0,11.0,55.87,14
saas_002663,1,56.04,2.0,1.0,2.0,8.0,37.74,4
saas_008282,1,0.45,11.0,12.0,1.0,7.0,11.29,19
saas_001282,1,29.74,1.0,20.0,0.0,13.0,26.35,7
saas_004148,0,0.0,16.0,19.0,2.0,7.0,9.09,8
saas_001362,0,26.72,1.0,2.0,0.0,10.0,31.74,13
saas_001437,0,32.9,1.0,40.0,0.0,8.0,42.39,30
saas_009628,0,56.38,121.0,30.0,2.0,9.0,34.94,25
saas_003441,1,30.8,21.0,15.0,0.0,7.0,33.87,10
saas_000056,1,18.85,13.0,2.0,2.0,4.0,8.26,23
saas_004597,0,0.0,32.0,5.0,0.0,9.0,0.0,24
saas_008479,1,27.93,21.0,1.0,0.0,8.0,15.59,8
saas_005365,1,29.72,400.0,27.0,1.0,7.0,60.28,8
saas_001844,0,42.46,2.0,8.0,0.0,9.0,21.45,14
saas_005515,1,9.39,10.0,3.0,0.0,6.0,10.31,20
saas_008573,0,38.6,4.0,22.0,1.0,12.0,50.47,10
saas_006263,0,0.0,7.0,8.0,1.0,8.0,6.37,25
saas_002880,1,69.52,31.0,52.0,1.0,5.0,37.44,6
saas_001743,1,68.82,2.0,3.0,1.0,9.0,46.16,24
saas_008398,1,55.05,3.0,4.0,2.0,10.0,26.15,15
saas_004169,0,34.53,42.0,6.0,2.0,7.0,15.85,27
saas_005197,1,30.03,3.0,8.0,0.0,12.0,16.24,16
saas_008993,0,28.94,170.0,2.0,0.0,12.0,37.05,30
saas_000740,1,96.5,90.0,15.0,0.0,6.0,68.86,23
saas_009066,0,11.0,78.0,6.0,1.0,4.0,1.72,17
saas_001624,1,53.06,26.0,9.0,2.0,6.0,43.31,15
saas_000524,1,40.98,164.0,8.0,0.0,10.0,31.04,7
saas_007999,1,44.04,29.0,1.0,1.0,8.0,41.24,25
saas_004419,0,28.17,154.0,14.0,1.0,13.0,39.98,16
saas_005426,1,0.45,7.0,1.0,0.0,11.0,23.27,28
saas_006689,1,2.65,308.0,5.0,0.0,15.0,12.96,10
saas_007382,1,33.71,22.0,9.0,1.0,12.0,32.37,6
saas_000435,0,0.0,8.0,15.0,0.0,4.0,12.82,28
saas_002960,0,71.39,2.0,39.0,0.0,5.0,58.99,23
saas_000308,1,0.45,48.0,34.0,1.0,9.0,12.37,14
saas_001565,0,14.43,7.0,9.0,0.0,16.0,16.14,29
saas_002631,1,64.05,4.0,7.0,1.0,9.0,31.15,20
saas_005597,0,42.23,6.0,9.0,0.0,10.0,25.6,9
saas_009477,0,33.52,11.0,9.0,0.0,6.0,49.62,11
saas_000401,0,62.27,26.0,9.0,1.0,8.0,66.59,3
saas_003826,0,68.74,72.0,15.0,0.0,10.0,39.03,28
saas_000881,1,2.82,83.0,1.0,2.0,9.0,29.46,26
saas_003997,1,40.98,13.0,2.0,0.0,3.0,39.8,13
saas_007118,1,5.18,11.0,6.0,2.0,6.0,10.44,25
saas_003265,1,0.45,36.0,1.0,0.0,8.0,0.0,17
saas_008406,0,28.86,23.0,33.0,1.0,8.0,12.22,17
saas_005009,1,67.73,31.0,29.0,2.0,6.0,33.94,12
saas_005736,1,65.31,39.0,1.0,1.0,6.0,86.93,16
saas_005554,1,0.45,15.0,1.0,0.0,6.0,4.83,8
saas_000288,1,35.13,12.0,6.0,0.0,6.0,18.48,12
saas_005564,0,71.4,6.0,4.0,2.0,7.0,42.3,10
saas_008324,1,65.04,8.0,5.0,1.0,5.0,46.96,18
saas_002623,1,45.38,27.0,9.0,1.0,8.0,28.43,1
saas_008859,1,51.46,3.0,3.0,1.0,9.0,42.62,17
saas_000476,0,25.77,99.0,5.0,1.0,9.0,21.16,26
saas_008591,1,42.7,5.0,11.0,1.0,6.0,18.6,5
saas_009713,1,15.14,14.0,8.0,2.0,7.0,14.15,15
saas_006522,0,0.0,100.0,6.0,1.0,8.0,9.23,18
saas_003111,1,33.51,124.0,15.0,0.0,10.0,53.84,12
saas_009470,0,41.67,53.0,28.0,1.0,5.0,33.28,27
saas_000737,1,45.57,67.0,2.0,0.0,10.0,39.45,15
saas_003133,1,47.94,7.0,3.0,1.0,7.0,41.96,1
saas_008047,0,34.81,4.0,17.0,0.0,3.0,43.95,13
saas_006551,0,31.1,3.0,45.0,0.0,7.0,36.52,20
saas_005407,1,25.21,21.0,8.0,1.0,9.0,33.81,3
saas_005563,0,54.77,2.0,7.0,1.0,4.0,18.73,26
saas_005328,1,63.21,44.0,48.0,0.0,8.0,32.44,27
saas_006718,0,4.14,1.0,17.0,0.0,9.0,11.66,19
saas_005118,0,71.3,6.0,13.0,0.0,1.0,66.06,24
saas_004619,0,46.31,48.0,4.0,1.0,13.0,46.7,10
saas_003689,0,56.29,152.0,33.0,1.0,7.0,44.46,25
saas_007716,0,26.48,142.0,22.0,1.0,7.0,23.18,22
saas_001839,0,31.73,5.0,2.0,2.0,5.0,29.29,22
saas_001995,0,21.13,36.0,4.0,1.0,12.0,44.26,2
saas_002399,0,16.31,48.0,41.0,0.0,8.0,34.94,23
saas_006510,0,23.23,7.0,9.0,1.0,11.0,15.02,14
saas_009356,0,23.9,12.0,3.0,0.0,4.0,0.0,26
saas_004119,0,26.06,6.0,4.0,2.0,14.0,14.51,6
saas_005894,1,36.46,20.0,1.0,0.0,7.0,42.74,28
saas_000800,1,60.91,5.0,6.0,0.0,8.0,29.1,21
saas_008423,0,41.68,120.0,11.0,0.0,7.0,35.75,18
saas_007680,1,63.83,13.0,1.0,1.0,12.0,45.03,20
saas_001405,1,4.75,56.0,27.0,0.0,6.0,9.21,8
saas_005431,1,45.41,32.0,12.0,2.0,6.0,41.38,19
saas_000069,0,17.99,15.0,5.0,1.0,14.0,9.97,29
saas_009543,1,0.45,7.0,19.0,0.0,3.0,0.0,25
saas_002759,1,1.43,74.0,3.0,0.0,13.0,20.33,10
saas_008294,0,52.23,49.0,26.0,1.0,8.0,34.75,16
saas_001586,1,25.62,1.0,3.0,0.0,5.0,33.68,23
saas_006666,0,1.43,10.0,17.0,1.0,5.0,12.11,12
saas_008014,0,22.78,5.0,4.0,0.0,7.0,35.06,3
saas_001074,0,12.74,5.0,24.0,0.0,7.0,32.28,5
saas_003063,0,47.86,25.0,10.0,0.0,4.0,36.89,29
saas_006487,1,32.96,19.0,6.0,2.0,8.0,41.62,22
saas_004705,0,43.73,47.0,5.0,0.0,14.0,20.26,4
saas_009069,1,9.8,5.0,19.0,1.0,9.0,23.7,9
saas_002603,1,18.1,27.0,9.0,1.0,5.0,40.78,25
saas_007738,0,41.17,19.0,1.0,0.0,12.0,22.08,10
saas_001579,0,45.05,33.0,36.0,0.0,13.0,28.85,24
saas_005058,1,35.53,22.0,24.0,1.0,3.0,20.77,13
saas_005753,1,2.65,112.0,8.0,0.0,16.0,5.13,2
saas_003548,1,26.61,6.0,3.0,1.0,6.0,10.66,1
saas_000409,0,29.97,2.0,4.0,2.0,10.0,26.81,16
saas_004097,0,44.28,68.0,13.0,0.0,7.0,40.61,7
saas_006461,0,0.0,86.0,1.0,0.0,7.0,16.78,2
saas_005601,0,0.0,150.0,8.0,1.0,9.0,1.6,29
saas_005231,0,14.82,1.0,2.0,0.0,16.0,47.42,2
saas_003777,0,0.0,40.0,15.0,0.0,12.0,8.85,29
saas_002726,1,41.11,5.0,8.0,0.0,3.0,16.87,22
saas_000477,0,0.0,3.0,37.0,0.0,4.0,9.27,4
saas_001329,0,60.53,61.0,10.0,0.0,8.0,24.72,16
saas_004035,1,16.96,25.0,1.0,1.0,6.0,22.17,15
saas_009642,0,12.17,8.0,2.0,2.0,3.0,7.5,4
saas_001777,0,51.41,27.0,8.0,0.0,9.0,36.49,30
saas_006096,0,42.94,88.0,5.0,1.0,12.0,18.74,18
saas_000751,1,61.98,12.0,19.0,0.0,10.0,49.47,30
saas_005792,1,49.94,10.0,40.0,1.0,6.0,36.77,15
saas_004060,0,39.53,29.0,4.0,1.0,3.0,33.49,14
saas_009041,1,2.65,127.0,44.0,1.0,8.0,22.41,1
saas_006030,1,20.12,33.0,43.0,1.0,11.0,30.42,8
saas_005898,0,35.11,38.0,16.0,1.0,9.0,30.14,19
saas_009338,0,44.38,10.0,1.0,1.0,10.0,21.24,10
saas_009160,1,46.89,6.0,8.0,0.0,5.0,21.83,24
saas_009996,1,31.23,18.0,3.0,2.0,5.0,47.16,19
saas_005151,0,16.59,17.0,16.0,2.0,7.0,43.54,17
saas_000468,1,33.16,105.0,7.0,0.0,14.0,35.27,20
saas_001545,1,15.18,14.0,19.0,2.0,5.0,24.24,2
saas_006311,0,17.32,125.0,48.0,2.0,4.0,34.21,8
saas_002683,1,27.33,7.0,12.0,1.0,6.0,22.31,2
saas_008966,1,1.85,12.0,1.0,1.0,4.0,24.97,25
saas_006181,0,21.15,71.0,18.0,0.0,8.0,32.92,22
saas_001025,0,29.59,11.0,11.0,1.0,4.0,34.4,19
saas_005112,0,41.22,20.0,22.0,0.0,9.0,43.07,18
saas_008562,1,7.25,10.0,2.0,1.0,14.0,14.06,5
saas_005368,0,71.22,20.0,29.0,2.0,10.0,51.14,18
saas_002354,0,40.0,3.0,19.0,0.0,11.0,39.64,23
saas_007278,1,2.65,6.0,6.0,1.0,8.0,19.09,20
saas_003602,0,12.43,2.0,15.0,1.0,11.0,35.94,4
saas_000773,1,15.23,152.0,13.0,1.0,10.0,36.52,30
saas_006773,0,37.54,13.0,3.0,2.0,8.0,52.9,29
saas_008809,1,46.17,41.0,34.0,1.0,7.0,28.02,5
saas_003382,0,56.8,336.0,28.0,1.0,12.0,47.9,18
saas_000641,1,45.94,57.0,9.0,1.0,6.0,37.51,9
saas_004233,1,20.94,165.0,7.0,0.0,6.0,25.6,29
saas_003815,0,26.37,6.0,5.0,1.0,7.0,15.98,26
saas_004104,0,8.7,11.0,21.0,0.0,10.0,16.97,15
saas_009925,0,37.25,62.0,24.0,1.0,9.0,32.29,18
saas_001108,0,32.21,141.0,3.0,0.0,9.0,42.77,26
saas_003527,0,0.0,2.0,2.0,0.0,9.0,1.89,14
saas_003495,1,40.35,18.0,4.0,0.0,3.0,23.72,12
saas_001420,1,77.73,14.0,5.0,1.0,5.0,42.19,4
saas_006923,0,11.04,96.0,22.0,0.0,8.0,25.83,1
saas_003881,0,48.78,165.0,35.0,0.0,0.0,31.25,25
saas_008353,0,9.73,2.0,11.0,0.0,9.0,14.24,29
saas_006245,1,25.73,132.0,41.0,2.0,9.0,33.61,30
saas_004938,0,20.64,57.0,17.0,0.0,10.0,23.53,15
saas_006798,1,18.57,1.0,10.0,0.0,9.0,30.72,20
saas_007812,1,9.13,4.0,5.0,2.0,9.0,3.18,23
saas_001680,1,3.15,2.0,8.0,0.0,5.0,24.46,28
saas_006715,0,48.98,3.0,5.0,2.0,7.0,30.67,1
saas_000633,1,12.68,1.0,31.0,1.0,10.0,30.23,24
saas_002569,1,24.43,40.0,17.0,0.0,9.0,17.44,7
saas_007359,0,0.0,54.0,1.0,0.0,10.0,27.43,2
saas_002166,1,46.12,1365.0,4.0,1.0,9.0,38.01,7
saas_008169,1,29.31,10.0,11.0,0.0,4.0,18.55,13
saas_008845,1,16.0,105.0,4.0,0.0,8.0,21.63,7
saas_002825,1,31.75,16.0,5.0,1.0,6.0,27.06,22
saas_004087,1,60.67,1.0,37.0,0.0,4.0,30.48,4
saas_006243,1,45.06,126.0,4.0,0.0,7.0,62.13,16
saas_008364,1,33.5,28.0,17.0,1.0,11.0,36.96,1
saas_003941,1,23.52,12.0,4.0,2.0,8.0,5.92,4
saas_009179,1,47.54,91.0,1.0,1.0,8.0,41.55,10
saas_008075,0,76.38,5.0,8.0,0.0,10.0,38.78,3
saas_009195,1,67.77,12.0,4.0,1.0,6.0,26.94,26
saas_004128,1,44.43,14.0,2.0,1.0,6.0,43.59,29
saas_001172,0,33.94,16.0,1.0,1.0,7.0,0.0,27
saas_008668,0,37.64,10.0,20.0,0.0,14.0,17.57,26
saas_004222,0,67.92,2714.0,6.0,0.0,5.0,48.18,10
saas_004834,0,32.4,1.0,13.0,1.0,10.0,32.45,24
saas_002576,1,34.84,5.0,14.0,1.0,8.0,56.3,5
saas_001989,1,40.76,2.0,2.0,2.0,9.0,33.4,28
saas_006973,0,29.87,13.0,8.0,1.0,8.0,28.97,26
saas_005836,1,31.75,80.0,3.0,0.0,13.0,25.23,25
saas_004532,0,52.84,296.0,1.0,0.0,6.0,36.51,24
saas_003209,0,53.82,8.0,2.0,0.0,16.0,27.87,23
saas_003855,0,0.0,1.0,33.0,0.0,9.0,22.69,24
saas_002628,1,41.66,5.0,4.0,1.0,1.0,46.53,8
saas_007803,0,80.74,2.0,1.0,1.0,13.0,55.02,6
saas_001410,0,11.08,10.0,2.0,1.0,9.0,34.48,23
saas_008257,1,53.63,6.0,79.0,1.0,4.0,45.88,11
saas_007386,0,20.41,57.0,10.0,1.0,10.0,29.01,22
saas_004303,1,14.8,8.0,21.0,0.0,11.0,17.8,1
saas_006750,1,33.39,57.0,29.0,0.0,9.0,27.62,6
saas_006555,0,32.24,22.0,1.0,1.0,6.0,47.52,24
saas_000815,1,34.29,32.0,19.0,1.0,7.0,5.08,1
saas_002404,0,5.09,5.0,1.0,1.0,2.0,22.1,8
saas_005397,0,49.42,117.0,1.0,0.0,9.0,30.04,7
saas_009956,1,38.42,52.0,18.0,0.0,4.0,13.43,29
saas_002131,1,2.65,669.0,51.0,0.0,6.0,18.45,7
saas_001797,0,41.07,16.0,6.0,1.0,6.0,17.39,13
saas_003090,0,16.53,128.0,9.0,1.0,9.0,4.02,15
saas_004184,0,50.24,19.0,2.0,2.0,7.0,58.63,10
saas_004564,0,71.79,42.0,20.0,0.0,6.0,58.68,15
saas_005030,1,18.57,114.0,31.0,0.0,12.0,23.75,17
saas_008048,1,52.78,104.0,4.0,2.0,13.0,20.13,15
saas_000122,1,13.05,27.0,11.0,1.0,5.0,24.93,21
saas_000179,0,60.59,30.0,13.0,0.0,9.0,39.55,14
saas_009250,1,2.65,125.0,2.0,1.0,7.0,29.23,25
saas_008095,1,35.66,7.0,6.0,1.0,10.0,44.13,22
saas_006429,0,9.21,13.0,1.0,0.0,9.0,14.3,3
saas_009737,0,47.31,9.0,7.0,0.0,18.0,36.75,14
saas_004992,0,44.02,8.0,13.0,1.0,4.0,28.48,23
saas_001157,0,10.95,182.0,1.0,0.0,3.0,36.94,12
saas_009003,0,33.29,3.0,1.0,0.0,4.0,20.1,24
saas_001532,1,53.73,87.0,22.0,1.0,5.0,16.92,14
saas_008992,1,13.43,10.0,20.0,0.0,7.0,30.62,23
saas_007859,1,57.83,93.0,1.0,1.0,4.0,56.39,2
saas_009110,1,41.93,45.0,3.0,0.0,13.0,50.84,4
saas_001535,0,40.86,4.0,6.0,0.0,6.0,40.45,1
saas_009259,1,17.57,6.0,46.0,0.0,7.0,26.6,30
saas_005517,0,6.25,170.0,8.0,0.0,7.0,14.57,10
saas_002605,1,38.13,5.0,3.0,0.0,8.0,30.92,24
saas_006127,0,46.25,41.0,1.0,1.0,6.0,50.42,22
saas_009141,1,2.87,85.0,15.0,2.0,9.0,16.49,16
saas_007458,0,0.0,7.0,2.0,0.0,6.0,0.0,26
saas_002177,1,50.43,43.0,13.0,1.0,11.0,22.95,5
saas_007990,1,0.45,24.0,12.0,0.0,16.0,0.0,9
saas_002351,1,17.6,51.0,3.0,2.0,11.0,11.21,17
saas_009177,0,52.98,119.0,2.0,1.0,12.0,36.38,16
saas_003502,1,42.75,52.0,16.0,0.0,4.0,35.68,18
saas_002134,0,0.0,6.0,5.0,2.0,6.0,0.0,17
saas_001480,0,0.0,39.0,2.0,0.0,13.0,25.56,12
saas_002793,0,25.9,9.0,2.0,2.0,9.0,39.53,12
saas_004843,0,17.29,3.0,3.0,0.0,6.0,31.95,16
saas_009780,1,4.27,16.0,28.0,0.0,8.0,3.56,11
saas_009934,0,11.56,28.0,15.0,1.0,10.0,20.67,15
saas_004762,0,46.32,31.0,6.0,1.0,9.0,27.05,5
saas_007191,1,25.71,4.0,17.0,1.0,12.0,28.37,28
saas_006041,1,3.49,18.0,1.0,0.0,4.0,9.73,30
saas_009636,1,54.61,6.0,8.0,2.0,8.0,29.5,18
saas_003445,0,9.52,12.0,6.0,0.0,8.0,4.92,20
saas_008149,1,11.08,52.0,5.0,0.0,11.0,15.05,5
saas_007765,1,58.97,18.0,3.0,1.0,10.0,18.03,15
saas_003620,0,19.97,32.0,45.0,0.0,8.0,17.59,20
saas_001952,0,11.85,1.0,7.0,1.0,6.0,15.39,12
saas_000555,0,17.11,12.0,15.0,0.0,5.0,27.67,7
saas_004264,0,18.19,7.0,11.0,1.0,10.0,30.37,29
saas_001163,0,50.34,2.0,14.0,0.0,11.0,21.0,19
saas_001584,0,0.0,16.0,10.0,0.0,7.0,7.21,9
saas_006151,1,26.08,6.0,2.0,0.0,8.0,16.66,19
saas_009720,1,42.29,150.0,19.0,0.0,8.0,38.23,16
saas_005837,0,7.16,6.0,33.0,0.0,6.0,18.66,29
saas_005261,0,9.75,77.0,1.0,1.0,7.0,12.74,25
saas_005239,0,0.0,15.0,24.0,1.0,14.0,12.53,9
saas_007913,1,12.33,1.0,9.0,0.0,7.0,26.67,3
saas_009162,1,67.24,127.0,4.0,1.0,11.0,25.96,6
saas_001598,1,19.19,214.0,1.0,0.0,13.0,21.52,15
saas_007182,1,42.86,10.0,14.0,2.0,6.0,40.69,13
saas_000300,0,46.82,268.0,9.0,0.0,7.0,30.52,8
saas_009660,0,18.57,18.0,2.0,1.0,11.0,37.55,19
saas_006947,0,20.38,62.0,1.0,0.0,10.0,24.9,18
saas_003794,1,0.45,2.0,24.0,0.0,8.0,22.51,3
saas_004572,1,32.89,32.0,7.0,0.0,7.0,48.68,28
saas_004335,0,19.72,5.0,2.0,0.0,7.0,53.05,1
saas_002858,0,6.7,12.0,11.0,0.0,7.0,27.93,29
saas_005694,1,10.43,53.0,25.0,0.0,8.0,30.41,27
saas_003142,0,0.0,14.0,23.0,2.0,12.0,0.0,2
saas_001359,1,25.14,13.0,20.0,0.0,9.0,32.76,26
saas_004533,1,0.45,2.0,4.0,0.0,15.0,0.0,12
saas_009749,1,20.44,39.0,15.0,0.0,14.0,8.62,1
saas_005687,1,20.97,157.0,1.0,1.0,10.0,30.7,12
saas_000486,0,53.75,6.0,20.0,1.0,9.0,59.14,15
saas_007836,0,23.97,2.0,83.0,0.0,5.0,29.23,27
saas_009554,0,5.51,10.0,3.0,0.0,8.0,21.39,11
saas_005900,1,6.0,21.0,1.0,1.0,11.0,15.48,5
saas_008116,1,3.49,45.0,20.0,0.0,9.0,1.91,11
saas_007362,0,20.24,10.0,17.0,0.0,4.0,16.09,24
saas_001152,1,37.66,30.0,1.0,0.0,5.0,46.67,15
saas_005382,1,54.42,7.0,25.0,1.0,9.0,48.5,7
saas_009741,1,7.8,108.0,4.0,0.0,8.0,24.9,30
saas_005424,0,10.57,58.0,9.0,1.0,8.0,29.56,18
saas_008807,1,39.5,13.0,10.0,1.0,8.0,36.0,22
saas_005186,0,4.96,50.0,15.0,2.0,4.0,20.94,9
saas_008409,1,20.13,17.0,20.0,2.0,8.0,21.59,23
saas_006189,0,40.45,14.0,7.0,0.0,14.0,48.19,24
saas_009702,0,37.56,48.0,5.0,0.0,6.0,27.18,10
saas_008269,0,59.38,54.0,7.0,0.0,6.0,27.41,3
saas_005314,1,53.61,19.0,3.0,1.0,8.0,40.69,5
saas_009903,1,29.17,34.0,6.0,0.0,8.0,25.87,15
saas_000665,1,46.13,1.0,19.0,0.0,5.0,30.77,23
saas_003353,0,0.0,5.0,21.0,0.0,10.0,10.14,30
saas_008851,0,30.05,40.0,18.0,0.0,6.0,39.82,26
saas_008061,1,44.98,4.0,1.0,0.0,8.0,38.33,3
saas_000642,1,30.7,436.0,26.0,0.0,8.0,23.21,8
saas_009242,0,24.4,1.0,43.0,0.0,8.0,25.0,7
saas_000176,1,73.42,214.0,12.0,1.0,8.0,48.03,6
saas_006431,1,35.29,26.0,3.0,1.0,6.0,23.69,26
saas_009910,1,0.45,11.0,1.0,0.0,10.0,10.71,11
saas_003438,0,2.06,13.0,15.0,2.0,11.0,13.46,15
saas_000786,1,40.06,21.0,2.0,0.0,4.0,35.25,26
saas_006391,1,0.45,2.0,19.0,2.0,7.0,24.77,24
saas_009065,0,14.43,79.0,48.0,1.0,4.0,4.84,12
saas_009927,0,22.9,136.0,2.0,0.0,2.0,53.24,17
saas_003202,0,18.79,12.0,19.0,0.0,11.0,13.05,28
saas_004803,0,21.99,86.0,26.0,2.0,8.0,19.69,23
saas_007835,0,14.74,3.0,17.0,2.0,11.0,19.53,30
saas_007940,1,54.81,17.0,9.0,1.0,10.0,15.91,22
saas_000091,0,17.41,17.0,15.0,1.0,7.0,34.12,25
saas_005762,1,65.47,8.0,3.0,1.0,5.0,45.98,5
saas_009027,0,11.98,6.0,7.0,0.0,6.0,0.0,28
saas_009504,1,40.83,19.0,3.0,0.0,4.0,35.19,1
saas_008237,1,37.15,28.0,18.0,2.0,10.0,47.82,16
saas_001971,1,0.45,12.0,33.0,1.0,9.0,12.53,23
saas_002905,0,0.0,21.0,7.0,0.0,8.0,0.0,29
saas_000530,1,46.57,11.0,24.0,0.0,9.0,18.31,25
saas_003635,1,40.46,2.0,22.0,0.0,9.0,53.1,18
saas_000996,0,62.41,63.0,11.0,0.0,11.0,36.96,4
saas_005852,1,1.66,53.0,11.0,1.0,8.0,32.28,4
saas_004226,0,9.0,36.0,5.0,0.0,3.0,39.14,19
saas_005616,0,14.38,17.0,13.0,1.0,8.0,24.73,12
saas_002312,1,2.65,156.0,3.0,2.0,8.0,43.41,4
saas_002154,0,65.26,28.0,3.0,1.0,9.0,87.5,7
saas_005317,0,21.99,147.0,9.0,0.0,8.0,55.17,11
saas_001427,0,13.53,79.0,22.0,0.0,9.0,0.0,5
saas_008630,1,9.45,26.0,10.0,0.0,6.0,26.0,26
saas_006032,0,27.9,174.0,24.0,1.0,8.0,23.31,26
saas_004415,1,30.92,5.0,17.0,0.0,8.0,28.91,9
saas_008818,0,30.45,15.0,8.0,1.0,8.0,0.0,23
saas_003085,1,14.94,60.0,16.0,0.0,6.0,0.96,11
saas_007798,0,31.76,174.0,7.0,1.0,10.0,40.45,7
saas_009153,1,33.92,37.0,45.0,0.0,8.0,21.64,15
saas_008209,1,2.67,134.0,18.0,1.0,9.0,22.17,27
saas_009573,0,0.0,9.0,20.0,0.0,6.0,12.95,20
saas_009534,0,84.89,15.0,30.0,0.0,7.0,36.63,23
saas_000495,1,22.97,81.0,16.0,0.0,8.0,24.47,24
saas_003749,1,22.63,141.0,1.0,1.0,7.0,25.14,9
saas_002321,1,6.97,132.0,11.0,1.0,9.0,23.44,29
saas_004267,0,28.72,33.0,21.0,2.0,14.0,3.49,26
saas_003405,1,14.27,3.0,13.0,0.0,11.0,1.81,25
saas_000151,0,39.82,4.0,26.0,0.0,8.0,40.31,27
saas_007369,1,0.45,53.0,13.0,1.0,5.0,13.17,24
saas_000694,1,31.55,5.0,11.0,1.0,4.0,30.51,18
saas_004417,1,30.52,32.0,31.0,1.0,10.0,23.55,24
saas_005697,1,34.83,11.0,9.0,1.0,7.0,19.94,2
saas_001738,0,1.76,5.0,4.0,1.0,9.0,7.06,11
saas_003001,0,25.74,56.0,10.0,1.0,5.0,22.01,1
saas_000167,1,27.92,35.0,24.0,2.0,9.0,27.85,22
saas_006111,1,4.6,14.0,11.0,1.0,13.0,11.85,18
saas_004622,1,29.05,22.0,6.0,2.0,10.0,25.31,2
saas_002865,1,12.53,3.0,5.0,2.0,12.0,8.09,24
saas_008544,0,15.33,186.0,21.0,0.0,4.0,20.57,2
saas_004702,0,13.21,1.0,1.0,2.0,12.0,32.46,28
saas_002883,1,52.9,111.0,28.0,0.0,5.0,35.75,27
saas_003031,0,23.17,47.0,21.0,2.0,6.0,21.65,12
saas_008183,1,35.37,45.0,3.0,1.0,20.0,51.24,18
saas_008980,1,41.35,40.0,51.0,1.0,6.0,36.39,14
saas_008528,0,34.52,14.0,7.0,0.0,8.0,9.83,23
saas_005681,0,25.83,344.0,1.0,0.0,8.0,15.8,30
saas_007209,1,18.0,21.0,38.0,0.0,8.0,34.33,22
saas_005991,0,4.45,80.0,30.0,1.0,8.0,0.0,21
saas_002276,1,0.45,2.0,14.0,0.0,8.0,3.23,4
saas_007132,0,0.0,15.0,34.0,0.0,4.0,0.0,11
saas_005705,1,35.4,28.0,10.0,0.0,5.0,29.51,4
saas_007998,0,22.96,38.0,7.0,1.0,9.0,23.2,16
saas_005292,1,72.12,33.0,4.0,1.0,4.0,52.09,13
saas_004304,1,0.45,20.0,1.0,0.0,12.0,21.77,29
saas_007445,1,54.41,102.0,29.0,1.0,9.0,45.27,10
saas_000428,1,16.16,2.0,13.0,1.0,8.0,31.96,15
saas_007068,1,38.03,17.0,1.0,1.0,5.0,36.58,10
saas_006364,0,8.24,9.0,26.0,2.0,5.0,3.51,15
saas_004215,0,46.91,159.0,12.0,0.0,9.0,48.14,1
saas_000426,0,20.69,67.0,6.0,1.0,6.0,30.8,5
saas_002223,1,44.01,6.0,25.0,1.0,3.0,26.92,23
saas_000100,1,45.62,11.0,7.0,2.0,7.0,42.29,12
saas_009244,1,49.13,19.0,8.0,0.0,8.0,32.03,11
saas_003307,1,0.83,57.0,2.0,2.0,9.0,25.81,12
saas_002762,0,1.67,9.0,25.0,0.0,11.0,6.42,17
saas_005857,1,62.28,19.0,28.0,2.0,11.0,40.01,1
saas_004738,0,22.86,68.0,90.0,0.0,11.0,19.07,12
saas_007092,0,32.43,69.0,9.0,2.0,5.0,20.69,27
saas_009632,1,23.7,25.0,4.0,0.0,12.0,22.12,5
saas_003286,1,26.59,2.0,18.0,1.0,13.0,46.31,22
saas_007712,1,22.82,184.0,12.0,1.0,13.0,33.24,12
saas_007868,0,20.61,74.0,6.0,2.0,4.0,35.61,11
saas_006067,1,57.61,59.0,14.0,0.0,5.0,32.73,16
saas_009235,1,36.37,20.0,8.0,2.0,15.0,38.15,16
saas_003577,1,13.84,26.0,22.0,0.0,8.0,30.74,5
saas_001465,0,83.0,21.0,15.0,1.0,7.0,36.5,8
saas_007675,1,13.55,2.0,7.0,0.0,18.0,27.76,16
saas_002234,0,37.39,5.0,9.0,1.0,8.0,39.87,8
saas_001744,1,59.68,54.0,38.0,0.0,9.0,44.22,15
saas_009754,1,40.91,3.0,24.0,0.0,7.0,51.08,15
saas_006094,1,18.4,40.0,25.0,1.0,5.0,28.06,25
saas_008781,0,34.26,38.0,18.0,0.0,11.0,38.18,17
saas_009401,0,40.41,75.0,5.0,1.0,6.0,43.44,19
saas_008371,1,61.32,9.0,5.0,0.0,10.0,69.64,2
saas_005027,1,44.17,15.0,17.0,2.0,7.0,27.8,18
saas_009234,0,24.31,40.0,4.0,1.0,5.0,19.42,9
saas_003944,1,42.37,128.0,9.0,2.0,2.0,53.55,26
saas_006862,1,35.3,204.0,31.0,0.0,6.0,30.71,18
saas_005350,1,20.96,8.0,27.0,0.0,7.0,26.09,19
saas_009422,1,14.07,14.0,4.0,2.0,9.0,41.43,10
saas_002121,1,13.75,21.0,1.0,1.0,12.0,21.45,17
saas_004972,1,51.79,88.0,4.0,1.0,5.0,48.85,4
saas_008576,0,50.37,1.0,6.0,1.0,8.0,45.7,12
saas_003784,0,35.54,310.0,33.0,0.0,8.0,29.37,21
saas_006872,1,47.4,14.0,11.0,2.0,5.0,20.1,24
saas_000916,1,37.19,173.0,6.0,1.0,12.0,27.06,24
saas_009394,1,72.98,5.0,23.0,2.0,7.0,28.67,25
saas_007252,1,30.77,4.0,56.0,1.0,12.0,32.48,16
saas_008012,0,52.95,25.0,12.0,2.0,2.0,33.79,3
saas_005821,0,14.84,2.0,44.0,1.0,9.0,33.21,30
saas_004403,0,50.78,204.0,1.0,0.0,11.0,24.92,27
saas_004863,1,43.65,43.0,4.0,0.0,11.0,47.27,19
saas_008515,0,26.73,1.0,20.0,0.0,11.0,9.06,22
saas_005422,0,32.56,15.0,2.0,1.0,5.0,42.54,11
saas_007733,1,38.85,4.0,6.0,1.0,13.0,22.77,18
saas_001203,1,36.91,17.0,1.0,0.0,5.0,29.52,24
saas_003768,0,36.5,80.0,13.0,0.0,7.0,33.33,19
saas_005357,1,39.14,18.0,2.0,2.0,8.0,22.83,12
saas_003852,1,72.23,2.0,22.0,1.0,8.0,42.97,28
saas_001926,1,57.9,8.0,14.0,1.0,9.0,32.26,3
saas_003114,0,0.0,30.0,1.0,0.0,7.0,13.61,27
saas_002641,0,19.31,17.0,6.0,1.0,9.0,24.02,24
saas_007639,0,84.39,28.0,3.0,0.0,2.0,54.11,28
saas_007360,0,17.62,8.0,12.0,0.0,7.0,11.85,17
saas_008182,0,18.98,37.0,12.0,1.0,7.0,17.63,27
saas_007610,1,31.56,17.0,14.0,0.0,6.0,32.45,18
saas_002728,0,67.91,317.0,10.0,1.0,10.0,37.28,29
saas_009597,1,0.45,10.0,20.0,1.0,9.0,22.16,9
saas_004985,1,0.45,37.0,6.0,0.0,6.0,3.5,11
saas_006846,0,21.68,12.0,2.0,1.0,8.0,29.53,29
saas_007698,0,27.36,9.0,46.0,2.0,7.0,58.47,20
saas_004012,1,27.86,56.0,7.0,0.0,5.0,45.6,24
saas_002626,0,15.91,152.0,5.0,1.0,8.0,23.96,9
saas_007238,0,0.0,316.0,20.0,1.0,7.0,0.0,6
saas_008255,0,42.14,25.0,2.0,2.0,13.0,24.22,10
saas_009565,0,27.48,13.0,23.0,0.0,9.0,50.35,11
saas_000805,0,24.21,104.0,7.0,1.0,6.0,0.0,11
saas_004634,1,0.45,32.0,1.0,0.0,8.0,0.0,14
saas_005247,0,74.69,97.0,10.0,0.0,11.0,39.51,17
saas_005566,1,11.06,150.0,5.0,1.0,10.0,6.23,21
saas_005739,0,37.14,110.0,26.0,0.0,10.0,49.13,8
saas_005143,0,15.78,101.0,31.0,0.0,5.0,29.46,29
saas_008265,0,18.11,29.0,3.0,0.0,10.0,30.14,28
saas_004459,1,81.75,27.0,8.0,0.0,11.0,45.46,17
saas_001242,1,41.95,250.0,1.0,2.0,9.0,35.17,14
saas_006945,1,60.38,121.0,1.0,1.0,6.0,52.12,1
saas_005740,0,10.16,63.0,32.0,0.0,15.0,39.69,10
saas_005325,0,65.11,230.0,15.0,0.0,5.0,50.48,23
saas_000547,0,40.57,4.0,68.0,0.0,10.0,22.34,17
saas_003022,0,12.43,36.0,40.0,0.0,7.0,0.21,9
saas_005761,0,0.0,46.0,4.0,0.0,12.0,6.21,12
saas_004031,1,40.47,10.0,15.0,0.0,7.0,55.8,5
saas_000026,1,33.04,44.0,50.0,0.0,9.0,41.95,8
saas_004952,1,64.45,17.0,6.0,0.0,6.0,44.87,17
saas_005152,1,59.47,21.0,6.0,1.0,10.0,40.83,22
saas_002508,1,8.1,78.0,33.0,2.0,10.0,18.37,13
saas_001433,1,2.37,1.0,10.0,0.0,2.0,4.94,24
saas_002582,1,32.89,17.0,38.0,0.0,14.0,42.38,24
saas_001302,1,21.94,50.0,13.0,1.0,4.0,32.83,19
saas_005812,1,36.17,47.0,7.0,0.0,11.0,32.86,6
saas_007349,1,47.63,50.0,3.0,0.0,7.0,40.18,15
saas_005281,0,54.68,35.0,8.0,1.0,5.0,25.97,18
saas_006114,1,22.09,38.0,1.0,0.0,7.0,18.0,12
saas_001221,1,4.88,139.0,1.0,0.0,10.0,10.1,14
saas_007435,0,0.0,1.0,15.0,0.0,8.0,0.0,23
saas_002548,0,18.44,1.0,3.0,0.0,10.0,25.81,2
saas_000750,0,11.37,20.0,24.0,0.0,3.0,27.81,25
saas_000437,0,29.25,4.0,15.0,1.0,9.0,47.5,30
saas_004371,1,23.2,8.0,7.0,1.0,5.0,21.98,18
saas_004448,0,11.73,164.0,1.0,0.0,12.0,24.81,19
saas_002847,1,2.32,7.0,1.0,0.0,7.0,12.61,29
saas_001173,0,0.0,4.0,11.0,0.0,3.0,0.0,10
saas_007495,0,0.0,193.0,29.0,0.0,14.0,6.14,17
saas_002699,1,26.61,5.0,2.0,1.0,6.0,5.85,14
saas_009888,0,8.21,4.0,14.0,0.0,11.0,0.0,13
saas_009506,1,25.77,13.0,49.0,0.0,13.0,10.37,16
saas_006395,0,22.18,13.0,1.0,0.0,4.0,0.39,19
saas_002481,0,0.0,5.0,47.0,0.0,10.0,4.12,1
saas_005456,1,37.57,1.0,15.0,0.0,4.0,32.63,5
saas_008444,0,7.17,58.0,1.0,0.0,7.0,50.93,28
saas_002706,0,55.27,36.0,1.0,2.0,4.0,44.04,29
saas_004661,1,0.45,11.0,2.0,1.0,7.0,6.33,10
saas_000326,1,0.45,1.0,5.0,0.0,7.0,20.9,5
saas_001039,1,18.09,55.0,16.0,0.0,12.0,18.09,11
saas_002637,0,0.0,14.0,16.0,2.0,9.0,0.0,3
saas_005022,0,37.04,11.0,25.0,0.0,10.0,7.68,7
saas_002499,1,38.56,127.0,16.0,0.0,12.0,36.13,6
saas_001004,0,22.59,20.0,9.0,1.0,6.0,43.56,26
saas_002861,1,48.48,51.0,4.0,1.0,6.0,47.16,2
saas_003233,1,74.47,74.0,16.0,0.0,11.0,54.99,2
saas_001870,1,12.44,74.0,32.0,0.0,8.0,40.99,22
saas_004245,0,11.95,19.0,1.0,0.0,7.0,14.35,17
saas_006927,0,33.59,14.0,1.0,0.0,5.0,35.81,13
saas_008385,1,0.45,33.0,37.0,1.0,6.0,11.17,22
saas_000534,0,63.2,1.0,2.0,2.0,7.0,51.0,18
saas_009827,0,39.68,16.0,25.0,0.0,7.0,22.93,2
saas_007148,0,15.62,86.0,1.0,0.0,7.0,26.76,1
saas_007365,0,65.79,22.0,11.0,0.0,10.0,56.49,5
saas_000585,1,22.7,401.0,15.0,0.0,8.0,15.69,6
saas_009914,1,28.68,38.0,6.0,1.0,5.0,38.95,4
saas_003035,1,0.45,41.0,6.0,0.0,11.0,10.4,8
saas_004428,1,51.44,15.0,6.0,0.0,7.0,24.14,27
saas_004089,1,70.74,62.0,10.0,2.0,9.0,60.94,16
saas_001703,1,19.71,1.0,11.0,2.0,12.0,5.19,28
saas_004295,1,6.52,39.0,16.0,1.0,11.0,10.49,30
saas_005719,0,4.02,40.0,7.0,0.0,5.0,21.79,12
saas_000491,1,3.4,34.0,74.0,1.0,7.0,3.67,4
saas_006899,0,0.0,2.0,1.0,1.0,7.0,24.13,17
saas_004353,0,49.65,2.0,18.0,0.0,6.0,41.17,13
saas_002836,0,24.69,46.0,1.0,0.0,11.0,13.81,4
saas_002266,1,22.95,50.0,4.0,0.0,6.0,30.4,13
saas_007718,1,11.43,17.0,23.0,2.0,11.0,7.88,29
saas_009523,1,37.17,52.0,15.0,0.0,8.0,64.05,29
saas_008022,0,47.44,61.0,2.0,0.0,6.0,24.72,1
saas_004707,1,50.96,11.0,11.0,0.0,9.0,30.19,28
saas_009843,0,36.03,45.0,14.0,0.0,13.0,43.97,4
saas_002900,1,8.18,8.0,6.0,0.0,7.0,12.26,24
saas_009618,0,29.6,2.0,6.0,0.0,10.0,16.5,30
saas_002944,0,39.61,16.0,12.0,0.0,6.0,34.92,15
saas_001916,1,34.15,7.0,1.0,1.0,8.0,21.6,30
saas_003185,0,42.54,2.0,13.0,0.0,4.0,38.94,6
saas_008626,0,68.21,8.0,27.0,0.0,7.0,58.65,20
saas_009434,1,24.38,57.0,1.0,0.0,7.0,11.89,17
saas_007255,1,32.64,12.0,26.0,1.0,11.0,35.84,6
saas_004246,0,44.7,27.0,7.0,2.0,6.0,39.46,8
saas_008615,1,51.15,12.0,2.0,1.0,5.0,47.79,9
saas_005146,1,46.09,216.0,25.0,1.0,10.0,44.73,13
saas_008565,1,0.45,5.0,18.0,0.0,8.0,16.74,5
saas_002518,0,6.07,46.0,43.0,0.0,9.0,3.25,10
saas_000397,1,17.27,28.0,12.0,0.0,5.0,25.8,13
saas_001317,0,40.42,35.0,7.0,0.0,10.0,37.49,1
saas_004560,0,0.0,52.0,1.0,0.0,8.0,7.52,18
saas_000121,0,0.0,26.0,5.0,0.0,7.0,10.27,11
saas_002449,1,22.43,68.0,30.0,0.0,8.0,18.57,30
saas_008855,0,36.15,2.0,16.0,0.0,9.0,29.89,23
saas_008108,0,3.69,1.0,2.0,0.0,7.0,4.08,26
saas_001566,1,4.85,3.0,3.0,0.0,6.0,26.42,2
saas_001984,1,24.52,6.0,1.0,0.0,15.0,45.44,11
saas_004333,1,24.43,92.0,51.0,1.0,12.0,16.33,30
saas_007910,0,41.28,49.0,16.0,2.0,5.0,41.71,8
saas_009286,0,0.25,18.0,2.0,0.0,6.0,12.52,18
saas_003918,0,0.0,27.0,20.0,0.0,6.0,28.68,10
saas_002173,1,19.22,3.0,40.0,0.0,10.0,23.55,23
saas_003283,0,44.15,142.0,10.0,0.0,4.0,30.34,6
saas_008495,1,65.73,13.0,57.0,1.0,9.0,55.54,9
saas_008584,0,18.41,16.0,3.0,1.0,7.0,29.83,12
saas_002333,1,14.04,19.0,2.0,0.0,9.0,15.99,13
saas_000573,1,18.73,5.0,2.0,0.0,8.0,20.05,14
saas_003660,1,30.26,20.0,5.0,0.0,6.0,16.79,30
saas_009075,1,32.81,10.0,5.0,0.0,5.0,25.92,14
saas_000981,0,24.79,2.0,13.0,1.0,12.0,21.26,2
saas_009370,1,42.63,61.0,1.0,0.0,4.0,30.29,23
saas_001407,0,14.06,53.0,6.0,1.0,5.0,37.24,11
saas_000535,0,0.0,52.0,24.0,0.0,8.0,42.07,25
saas_004315,0,0.0,18.0,8.0,0.0,7.0,4.41,5
saas_004598,0,2.5,118.0,11.0,0.0,6.0,29.02,27
saas_008622,1,19.42,15.0,14.0,1.0,14.0,20.25,10
saas_008758,0,57.72,11.0,1.0,1.0,7.0,40.63,24
saas_001434,1,36.8,28.0,65.0,0.0,14.0,42.49,15
saas_006994,1,12.04,57.0,2.0,1.0,8.0,26.56,30
saas_002579,1,2.65,157.0,24.0,1.0,7.0,10.56,12
saas_009403,0,57.04,53.0,1.0,0.0,10.0,54.21,15
saas_003269,1,25.75,5.0,22.0,1.0,8.0,20.66,27
saas_009553,1,0.87,9.0,17.0,2.0,11.0,9.38,5
saas_003838,0,0.0,12.0,1.0,1.0,10.0,0.0,13
saas_001867,1,15.53,55.0,15.0,0.0,6.0,19.95,9
saas_001454,0,39.69,181.0,4.0,0.0,9.0,29.12,23
saas_001786,1,57.49,106.0,6.0,1.0,7.0,68.09,20
saas_009912,1,30.45,29.0,35.0,0.0,4.0,33.64,21
saas_007095,1,46.49,128.0,12.0,0.0,3.0,50.2,11
saas_002521,1,2.65,291.0,13.0,0.0,7.0,24.39,22
saas_004439,0,23.46,4.0,34.0,0.0,14.0,6.73,23
saas_001820,1,18.02,1.0,3.0,1.0,12.0,12.67,12
saas_005615,0,4.44,11.0,3.0,0.0,7.0,22.97,12
saas_002929,1,0.45,12.0,5.0,0.0,12.0,1.98,26
saas_000051,1,45.2,51.0,18.0,1.0,9.0,17.14,11
saas_004726,1,42.45,12.0,3.0,2.0,13.0,21.6,24
saas_005716,0,42.69,19.0,3.0,1.0,10.0,36.78,11
saas_005465,1,19.66,41.0,48.0,1.0,8.0,18.68,18
saas_000469,1,44.83,4.0,32.0,0.0,9.0,22.75,24
saas_002629,0,13.24,18.0,16.0,1.0,9.0,39.41,13
saas_006513,1,17.93,16.0,2.0,1.0,5.0,0.0,16
saas_007467,0,0.0,70.0,46.0,0.0,6.0,0.0,18
saas_003945,0,0.0,18.0,22.0,0.0,4.0,7.02,18
saas_006204,1,34.36,18.0,38.0,0.0,7.0,13.58,7
saas_004262,1,47.88,9.0,47.0,0.0,10.0,40.34,16
saas_001858,1,32.81,36.0,1.0,1.0,12.0,41.13,1
saas_009532,1,0.45,4.0,13.0,0.0,5.0,34.87,6
saas_000865,1,21.13,69.0,47.0,0.0,8.0,34.63,3
saas_006390,0,0.0,18.0,13.0,0.0,12.0,4.83,24
saas_007212,1,33.39,26.0,39.0,1.0,9.0,38.0,19
saas_004921,1,33.02,69.0,1.0,0.0,8.0,24.06,9
saas_008101,0,69.19,15.0,10.0,1.0,9.0,55.31,12
saas_004792,1,70.2,60.0,12.0,0.0,6.0,44.8,25
saas_008854,0,36.07,365.0,2.0,1.0,10.0,32.44,22
saas_006250,0,20.46,13.0,4.0,2.0,12.0,0.19,10
saas_005936,0,2.87,3.0,39.0,0.0,6.0,10.79,9
saas_000425,1,72.81,11.0,29.0,1.0,12.0,42.29,24
saas_000188,1,47.02,2.0,19.0,1.0,4.0,28.54,24
saas_005629,1,36.33,356.0,2.0,1.0,9.0,31.71,22
saas_004359,1,52.37,376.0,2.0,2.0,10.0,40.34,20
saas_000228,0,18.09,5.0,2.0,1.0,8.0,47.35,12
saas_007757,0,25.39,28.0,1.0,1.0,8.0,45.21,29
saas_007677,1,0.9,7.0,31.0,0.0,16.0,19.63,5
saas_002741,1,18.87,53.0,19.0,0.0,13.0,48.6,23
saas_001041,1,48.25,86.0,10.0,2.0,9.0,25.73,23
saas_004075,0,64.13,5.0,3.0,1.0,7.0,42.5,18
saas_009140,0,12.91,43.0,25.0,2.0,8.0,20.01,1
saas_006118,0,30.59,9.0,10.0,1.0,6.0,32.46,16
saas_006902,1,17.05,6.0,39.0,2.0,6.0,13.02,29
saas_000471,1,16.83,10.0,1.0,1.0,15.0,34.22,8
saas_002921,1,42.14,28.0,22.0,0.0,9.0,34.3,16
saas_001905,1,47.48,3.0,58.0,1.0,5.0,22.93,22
saas_008876,1,56.75,29.0,16.0,2.0,14.0,40.31,9
saas_000801,0,0.0,3.0,12.0,0.0,11.0,0.0,13
saas_001487,1,12.14,2.0,4.0,1.0,6.0,16.15,19
saas_008441,1,2.65,149.0,1.0,1.0,11.0,18.9,3
saas_000227,0,0.51,335.0,1.0,1.0,8.0,14.98,1
saas_007890,1,26.19,19.0,35.0,0.0,8.0,48.81,2
saas_001128,0,10.52,13.0,28.0,0.0,6.0,8.45,8
saas_005070,1,8.97,9.0,2.0,1.0,10.0,2.97,24
saas_009166,1,34.54,5.0,10.0,0.0,3.0,52.48,4
saas_002208,1,16.68,50.0,12.0,0.0,7.0,0.0,2
saas_007993,0,0.0,2.0,7.0,1.0,7.0,17.17,12
saas_009842,1,15.28,1.0,6.0,0.0,8.0,46.03,16
saas_006559,1,34.48,15.0,9.0,2.0,9.0,11.72,13
saas_009921,0,1.18,397.0,12.0,0.0,8.0,3.3,23
saas_003153,0,21.66,16.0,4.0,0.0,9.0,29.4,4
saas_004441,1,0.45,1.0,3.0,1.0,3.0,9.11,12
saas_007505,1,46.74,6.0,2.0,1.0,13.0,25.31,9
saas_008957,0,24.0,95.0,28.0,2.0,9.0,9.56,25
saas_006215,1,18.01,13.0,13.0,1.0,7.0,37.85,26
saas_009598,1,56.2,9.0,6.0,1.0,10.0,46.59,22
saas_002144,1,13.18,6.0,8.0,0.0,5.0,20.58,8
saas_007411,1,3.37,5.0,16.0,1.0,10.0,11.39,25
saas_008929,1,37.87,7.0,22.0,0.0,11.0,37.08,3
saas_002374,1,31.53,11.0,8.0,1.0,9.0,49.62,18
saas_002577,0,11.04,4.0,17.0,0.0,13.0,31.13,1
saas_001632,1,24.63,25.0,11.0,0.0,11.0,38.38,1
saas_004832,0,40.1,3.0,31.0,0.0,14.0,46.12,18
saas_002298,0,13.67,9.0,10.0,1.0,9.0,29.23,16
saas_005033,1,47.28,18.0,16.0,1.0,8.0,57.61,12
saas_000156,1,31.38,24.0,1.0,0.0,8.0,32.05,21
saas_008046,0,5.77,1.0,18.0,1.0,7.0,34.64,19
saas_006706,0,0.0,9.0,14.0,2.0,11.0,0.0,24
saas_003349,0,7.05,5.0,1.0,1.0,9.0,14.25,9
saas_002879,0,6.82,36.0,12.0,1.0,7.0,0.0,1
saas_003413,1,11.78,11.0,31.0,0.0,4.0,19.84,26
saas_007768,0,66.05,29.0,10.0,1.0,9.0,48.0,4
saas_004189,1,34.78,484.0,17.0,1.0,7.0,12.74,7
saas_009610,0,31.27,2.0,13.0,0.0,13.0,37.55,9
saas_009734,0,0.0,16.0,2.0,0.0,6.0,9.57,2
saas_007251,0,12.95,9.0,12.0,0.0,8.0,37.23,19
saas_007613,1,31.37,9.0,3.0,0.0,10.0,43.6,7
saas_006919,0,12.56,2.0,19.0,2.0,12.0,22.43,5
saas_009681,1,47.09,17.0,4.0,0.0,9.0,37.25,25
saas_009671,1,51.73,1.0,1.0,0.0,4.0,23.67,25
saas_004794,0,45.72,111.0,2.0,0.0,12.0,13.42,25
saas_005654,1,37.04,8.0,5.0,0.0,3.0,47.35,3
saas_002495,1,39.49,553.0,24.0,1.0,12.0,53.76,2
saas_007304,0,55.48,18.0,11.0,1.0,6.0,56.36,2
saas_002372,0,18.56,16.0,8.0,2.0,11.0,3.75,13
saas_004091,1,59.38,22.0,7.0,1.0,6.0,40.14,2
saas_009471,0,30.62,4.0,4.0,0.0,10.0,9.39,7
saas_003461,1,38.4,2.0,5.0,1.0,13.0,19.52,14
saas_007006,0,28.54,1.0,1.0,1.0,11.0,25.26,13
saas_005391,1,51.97,2.0,3.0,0.0,6.0,53.16,9
saas_007172,1,55.64,12.0,22.0,0.0,8.0,15.66,18
saas_005696,1,0.45,29.0,15.0,0.0,12.0,30.95,4
saas_005664,0,29.5,90.0,14.0,0.0,10.0,28.38,8
saas_004503,0,44.48,66.0,1.0,0.0,11.0,54.79,27
saas_002550,0,24.3,1.0,1.0,0.0,9.0,32.78,19
saas_004715,0,19.06,233.0,15.0,0.0,6.0,11.75,15
saas_000847,0,0.0,72.0,6.0,1.0,9.0,36.41,28
saas_003344,1,0.45,2.0,5.0,0.0,13.0,0.74,25
saas_000938,1,34.84,82.0,11.0,2.0,7.0,5.24,16
saas_004825,1,53.64,7.0,41.0,1.0,7.0,52.31,9
saas_009693,0,41.54,746.0,13.0,1.0,5.0,27.64,25
saas_008863,0,26.72,3.0,7.0,0.0,3.0,12.56,25
saas_008610,0,2.02,534.0,60.0,1.0,6.0,11.85,16
saas_005354,0,30.38,19.0,2.0,2.0,10.0,31.38,25
saas_005477,0,3.72,52.0,18.0,0.0,4.0,3.57,23
saas_009723,1,14.39,67.0,1.0,0.0,9.0,32.35,25
saas_000756,0,5.48,5.0,16.0,1.0,8.0,8.33,28
saas_004750,0,29.25,73.0,4.0,1.0,6.0,26.08,24
saas_002644,1,2.65,176.0,3.0,0.0,10.0,7.61,14
saas_004162,1,38.24,44.0,34.0,2.0,13.0,49.4,13
saas_008648,1,31.68,10.0,7.0,0.0,10.0,15.08,27
saas_003165,1,0.45,33.0,16.0,0.0,6.0,10.09,11
saas_006497,0,32.37,73.0,6.0,0.0,13.0,30.31,22
saas_005987,1,16.9,9.0,19.0,0.0,7.0,13.89,6
saas_003873,1,21.13,3.0,1.0,0.0,6.0,33.79,20
saas_007751,0,36.36,26.0,28.0,2.0,9.0,27.55,30
saas_006523,1,57.36,50.0,14.0,0.0,12.0,45.21,21
saas_003418,1,29.2,24.0,10.0,0.0,5.0,0.0,2
saas_009904,0,43.68,17.0,36.0,2.0,11.0,45.78,2
saas_002061,0,37.23,266.0,1.0,1.0,9.0,37.65,4
saas_000549,0,0.0,54.0,5.0,2.0,9.0,7.49,2
saas_004453,0,0.0,36.0,10.0,2.0,7.0,16.31,11
saas_002812,1,41.47,10.0,11.0,0.0,11.0,35.6,2
saas_008777,1,32.13,3.0,1.0,2.0,4.0,18.61,14
saas_008995,0,73.24,77.0,1.0,1.0,7.0,31.22,27
saas_002549,0,23.86,42.0,2.0,0.0,12.0,17.65,24
saas_006069,1,44.55,4.0,8.0,1.0,7.0,45.52,1
saas_003169,1,37.0,3.0,3.0,1.0,12.0,7.31,15
saas_007054,1,27.81,77.0,2.0,2.0,7.0,40.31,27
saas_004828,0,24.6,137.0,6.0,0.0,14.0,21.07,19
saas_009570,0,65.4,80.0,11.0,0.0,8.0,37.84,5
saas_001259,1,0.45,9.0,5.0,1.0,5.0,22.43,26
saas_008712,1,2.65,117.0,5.0,2.0,8.0,29.67,26
saas_003661,0,31.94,36.0,24.0,1.0,10.0,47.19,2
saas_007922,0,21.16,5.0,5.0,2.0,4.0,24.68,9
saas_001024,1,51.94,1.0,45.0,1.0,8.0,28.46,8
saas_004965,0,55.17,24.0,5.0,2.0,5.0,43.77,18
saas_000752,0,41.45,4.0,12.0,0.0,11.0,27.5,4
saas_003942,1,0.45,5.0,14.0,0.0,7.0,18.78,29
saas_003710,1,56.96,40.0,2.0,1.0,14.0,26.74,4
saas_009960,1,55.06,20.0,3.0,1.0,10.0,35.54,24
saas_001951,0,54.88,29.0,44.0,2.0,9.0,59.95,30
saas_006314,0,51.2,281.0,6.0,0.0,2.0,31.33,4
saas_000351,1,22.26,71.0,8.0,2.0,9.0,44.23,21
saas_001511,0,36.71,45.0,1.0,1.0,10.0,27.41,17
saas_004829,0,45.42,1.0,9.0,0.0,9.0,40.47,13
saas_009616,1,61.91,50.0,39.0,1.0,11.0,36.36,25
saas_003746,1,35.86,1.0,11.0,2.0,11.0,4.13,15
saas_005799,1,37.17,37.0,29.0,1.0,4.0,19.09,5
saas_000701,0,44.47,13.0,3.0,0.0,9.0,21.09,6
saas_003693,1,8.55,2.0,5.0,0.0,8.0,33.72,29
saas_004614,0,32.49,8.0,17.0,0.0,16.0,25.0,27
saas_007213,1,37.69,10.0,61.0,2.0,8.0,30.5,17
saas_000561,0,25.83,33.0,18.0,1.0,10.0,27.48,2
saas_002318,1,46.67,573.0,11.0,0.0,6.0,26.03,1
saas_003098,1,40.04,411.0,15.0,0.0,8.0,43.41,3
saas_004838,0,46.88,121.0,6.0,1.0,12.0,38.88,27
saas_003150,1,24.67,30.0,16.0,0.0,17.0,5.89,1
saas_005608,0,41.07,28.0,30.0,0.0,9.0,34.33,13
saas_004299,0,13.45,15.0,8.0,1.0,6.0,30.72,10
saas_004618,1,2.65,1208.0,33.0,0.0,14.0,8.65,9
saas_004074,0,58.76,3.0,88.0,0.0,7.0,52.62,22
saas_003994,0,50.29,49.0,11.0,1.0,12.0,48.81,7
saas_006373,1,13.16,24.0,13.0,0.0,5.0,27.86,7
saas_006167,0,14.53,1.0,15.0,0.0,11.0,24.91,29
saas_001047,0,11.44,45.0,3.0,0.0,9.0,6.51,1
saas_002939,0,30.23,6.0,14.0,1.0,10.0,24.3,13
saas_001808,1,0.45,21.0,18.0,2.0,8.0,15.36,25
saas_003166,1,32.01,5.0,3.0,0.0,8.0,21.04,17
saas_000414,0,14.87,13.0,10.0,0.0,9.0,15.35,9
saas_001340,1,48.37,6.0,6.0,0.0,9.0,43.25,25
saas_009371,0,65.17,15.0,2.0,0.0,9.0,51.42,16
saas_007740,0,15.73,8.0,13.0,0.0,4.0,7.51,17
saas_005060,1,22.67,4.0,1.0,1.0,7.0,0.0,21
saas_004633,0,18.03,3.0,5.0,1.0,8.0,38.35,1
saas_004609,0,28.58,10.0,2.0,1.0,8.0,20.9,26
saas_007366,1,32.0,10.0,6.0,1.0,4.0,18.41,5
saas_001469,0,56.08,1.0,24.0,1.0,8.0,36.69,12
saas_001710,0,24.56,8.0,34.0,0.0,6.0,0.92,13
saas_006270,1,22.15,35.0,11.0,0.0,7.0,12.43,15
saas_008732,1,8.7,30.0,29.0,0.0,8.0,4.78,6
saas_002271,1,34.88,3.0,1.0,0.0,5.0,35.87,14
saas_001583,1,31.26,6.0,20.0,0.0,8.0,16.45,17
saas_001412,1,23.49,1.0,26.0,0.0,11.0,16.88,21
saas_004111,0,8.02,46.0,18.0,0.0,4.0,19.52,16
saas_007652,0,0.0,19.0,1.0,0.0,10.0,25.87,9
saas_006693,1,38.31,51.0,7.0,1.0,11.0,38.8,12
saas_001722,1,43.44,7.0,1.0,1.0,9.0,27.58,2
saas_002024,1,0.45,2.0,17.0,0.0,9.0,7.99,3
saas_002212,0,48.01,139.0,1.0,0.0,0.0,54.97,13
saas_001507,1,50.12,18.0,46.0,0.0,7.0,36.18,3
saas_002622,0,29.14,201.0,9.0,0.0,6.0,32.31,9
saas_005290,1,42.55,41.0,4.0,0.0,11.0,44.75,2
saas_009128,1,3.76,49.0,10.0,2.0,10.0,12.01,4
saas_001321,1,21.34,8.0,17.0,1.0,15.0,12.51,11
saas_000842,1,16.44,278.0,5.0,0.0,7.0,19.08,23
saas_001146,0,21.79,40.0,22.0,1.0,12.0,43.28,25
saas_003624,0,32.2,18.0,1.0,1.0,9.0,28.69,1
saas_004280,0,23.79,166.0,5.0,0.0,9.0,28.31,9
saas_009010,1,37.09,206.0,29.0,1.0,11.0,24.18,1
saas_008986,0,16.06,7.0,11.0,0.0,4.0,8.7,30
saas_004681,1,24.9,23.0,1.0,1.0,8.0,23.17,9
saas_000463,0,39.07,1.0,4.0,0.0,8.0,25.15,26
saas_001754,0,40.94,104.0,11.0,0.0,4.0,34.02,25
saas_003936,0,49.67,121.0,1.0,1.0,5.0,35.08,9
saas_007933,0,0.0,6.0,2.0,0.0,10.0,2.18,6
saas_009460,0,47.59,36.0,15.0,0.0,6.0,53.0,21
saas_004401,1,36.46,9.0,12.0,1.0,8.0,21.77,11
saas_004700,0,43.85,65.0,26.0,1.0,10.0,34.86,6
saas_008991,1,0.45,1.0,11.0,1.0,7.0,40.42,1
saas_000378,1,80.73,222.0,19.0,1.0,5.0,69.82,1
saas_003106,1,49.94,62.0,45.0,0.0,9.0,46.53,29
saas_008215,1,23.53,37.0,7.0,2.0,10.0,44.49,3
saas_001335,1,47.67,326.0,47.0,1.0,6.0,54.49,19
saas_001223,0,47.48,64.0,16.0,2.0,12.0,24.82,9
saas_003848,1,25.73,73.0,11.0,1.0,11.0,52.07,26
saas_002716,1,34.79,23.0,14.0,0.0,4.0,44.39,17
saas_006837,0,64.83,9.0,24.0,2.0,11.0,47.52,2
saas_002952,0,23.18,12.0,1.0,0.0,12.0,28.52,22
saas_001350,1,7.44,13.0,3.0,0.0,8.0,17.26,8
saas_001082,1,27.96,38.0,7.0,0.0,6.0,33.63,5
saas_006453,0,3.76,33.0,1.0,1.0,4.0,30.66,23
saas_001811,0,54.99,1.0,7.0,0.0,5.0,48.22,13
saas_004121,0,29.86,60.0,1.0,0.0,9.0,29.18,28
saas_001351,0,42.53,46.0,61.0,1.0,6.0,55.15,24
saas_007817,0,43.7,4.0,2.0,0.0,12.0,56.22,4
saas_008796,0,21.09,123.0,13.0,2.0,5.0,12.03,4
saas_001894,0,22.61,13.0,18.0,0.0,6.0,11.24,30
saas_006639,1,20.37,57.0,1.0,0.0,14.0,14.67,23
saas_000565,1,22.52,60.0,9.0,2.0,9.0,33.02,10
saas_003903,0,42.98,14.0,4.0,1.0,7.0,38.35,16
saas_007100,1,30.66,128.0,4.0,0.0,13.0,31.51,3
saas_003673,1,18.48,1.0,6.0,0.0,14.0,8.27,21
saas_004366,1,62.45,39.0,29.0,0.0,7.0,47.85,5
saas_007545,0,2.78,218.0,11.0,0.0,12.0,18.22,7
saas_001212,0,75.91,15.0,43.0,0.0,9.0,37.68,13
saas_001189,0,25.33,16.0,14.0,1.0,3.0,30.09,16
saas_003955,0,15.26,1.0,4.0,1.0,7.0,11.97,29
saas_000898,1,0.66,41.0,11.0,0.0,6.0,10.61,25
saas_004786,0,47.91,2.0,3.0,0.0,7.0,35.31,16
saas_008092,1,13.76,56.0,1.0,0.0,6.0,23.32,25
saas_004602,0,0.0,18.0,18.0,0.0,9.0,2.2,4
saas_008896,1,21.19,76.0,51.0,0.0,6.0,4.52,20
saas_003454,1,31.64,179.0,4.0,0.0,5.0,12.16,9
saas_003609,1,26.48,18.0,6.0,1.0,9.0,39.42,25
saas_008157,0,55.69,1.0,2.0,0.0,8.0,26.45,24
saas_008765,0,40.66,30.0,20.0,1.0,13.0,36.73,25
saas_009677,1,15.98,59.0,56.0,0.0,7.0,38.7,10
saas_007572,1,66.2,8.0,37.0,1.0,8.0,44.56,1
saas_003909,0,20.8,2.0,35.0,1.0,10.0,6.85,3
saas_004028,0,76.49,15.0,5.0,0.0,9.0,42.8,1
saas_003931,0,27.33,62.0,14.0,1.0,8.0,27.48,20
saas_002332,1,8.09,29.0,8.0,0.0,7.0,19.87,25
saas_007302,0,22.53,8.0,16.0,0.0,9.0,19.1,23
saas_002262,1,41.51,24.0,12.0,2.0,11.0,22.16,29
saas_009260,1,6.65,47.0,3.0,2.0,7.0,1.23,17
saas_005781,1,15.45,2.0,8.0,2.0,3.0,7.5,26
saas_002595,0,0.0,5.0,3.0,1.0,5.0,24.63,24
saas_007200,0,40.89,71.0,2.0,1.0,5.0,42.06,11
saas_003593,0,45.86,39.0,12.0,1.0,5.0,42.21,5
saas_005216,1,50.75,6.0,18.0,0.0,13.0,29.68,16
saas_001030,1,55.45,119.0,19.0,2.0,12.0,50.45,20
saas_007433,0,61.33,62.0,7.0,2.0,5.0,35.1,21
saas_007877,0,51.65,43.0,5.0,0.0,9.0,40.41,11
saas_008823,0,21.27,17.0,24.0,0.0,8.0,37.49,26
saas_008236,0,4.9,10.0,15.0,0.0,8.0,38.62,11
saas_005733,0,3.23,21.0,32.0,2.0,6.0,18.98,13
saas_005378,1,41.19,13.0,14.0,1.0,13.0,15.79,4
saas_007762,0,19.62,8.0,5.0,1.0,9.0,7.49,5
saas_001755,1,0.45,51.0,7.0,1.0,15.0,25.35,18
saas_007355,1,30.61,4.0,3.0,0.0,9.0,31.64,30
saas_004161,1,55.55,2.0,2.0,0.0,13.0,32.98,3
saas_000231,1,5.65,8.0,38.0,2.0,8.0,7.78,24
saas_008104,0,66.42,18.0,25.0,1.0,12.0,36.52,9
saas_000110,0,69.84,38.0,5.0,2.0,8.0,44.12,15
saas_005457,0,55.11,135.0,33.0,0.0,11.0,11.99,20
saas_006708,1,72.92,66.0,1.0,0.0,9.0,49.37,26
saas_002514,1,6.06,24.0,2.0,0.0,4.0,9.92,17
saas_005961,0,0.0,2.0,1.0,0.0,11.0,10.84,29
saas_004279,1,7.44,4.0,1.0,1.0,8.0,16.13,26
saas_004720,0,42.99,1.0,23.0,0.0,13.0,40.82,28
saas_002917,0,64.19,313.0,12.0,0.0,6.0,49.31,3
saas_009390,1,35.2,12.0,10.0,2.0,10.0,31.1,16
saas_002992,1,56.81,18.0,29.0,2.0,12.0,62.37,23
saas_002317,0,32.63,36.0,3.0,0.0,4.0,27.68,18
saas_004847,1,31.08,51.0,1.0,1.0,9.0,28.78,28
saas_004292,1,32.56,5.0,36.0,0.0,4.0,33.5,17
saas_006991,0,0.47,33.0,18.0,2.0,10.0,18.59,2
saas_001515,1,37.8,27.0,18.0,0.0,6.0,24.65,30
saas_000216,0,27.07,45.0,2.0,0.0,3.0,35.46,8
saas_009213,1,2.65,121.0,1.0,0.0,9.0,22.77,26
saas_009061,0,3.58,136.0,2.0,2.0,7.0,14.52,29
saas_008417,0,32.41,15.0,35.0,0.0,9.0,35.47,1
saas_002263,1,0.45,14.0,3.0,1.0,4.0,1.12,15
saas_005326,0,47.16,417.0,4.0,2.0,9.0,32.35,14
saas_006840,0,4.99,287.0,3.0,0.0,11.0,2.43,6
saas_008498,0,3.29,187.0,22.0,0.0,10.0,24.92,1
saas_006010,0,44.74,1.0,1.0,1.0,6.0,24.04,20
saas_000893,1,36.6,21.0,1.0,0.0,7.0,14.38,1
saas_001490,0,0.0,7.0,1.0,2.0,8.0,38.12,10
saas_003003,0,58.14,1.0,34.0,0.0,4.0,46.49,4
saas_001850,0,20.31,7.0,5.0,0.0,9.0,16.77,22
saas_005199,0,2.18,14.0,1.0,1.0,5.0,39.27,24
saas_006380,0,17.13,11.0,3.0,2.0,10.0,0.0,17
saas_000324,1,17.43,308.0,4.0,1.0,8.0,26.77,11
saas_001215,0,42.56,2.0,43.0,0.0,7.0,28.23,25
saas_002899,0,13.29,67.0,43.0,0.0,8.0,15.58,25
saas_002933,1,15.14,97.0,10.0,0.0,8.0,14.81,19
saas_003658,0,0.0,5.0,16.0,0.0,5.0,3.28,22
saas_008678,0,57.33,2.0,24.0,1.0,9.0,51.73,1
saas_006673,1,11.26,1.0,1.0,1.0,6.0,6.85,26
saas_007972,1,33.19,13.0,49.0,2.0,6.0,19.02,26
saas_008586,1,21.61,49.0,1.0,2.0,8.0,19.25,28
saas_006169,0,36.1,457.0,21.0,0.0,11.0,18.33,9
saas_009724,1,22.68,8.0,15.0,0.0,6.0,38.28,2
saas_001129,1,3.77,1.0,20.0,0.0,3.0,22.59,1
saas_008856,0,47.97,3.0,34.0,1.0,11.0,19.24,22
saas_002918,0,42.87,4.0,40.0,2.0,11.0,27.29,5
saas_003902,0,10.02,2.0,4.0,1.0,5.0,28.51,4
saas_007947,1,0.45,21.0,17.0,0.0,15.0,14.11,30
saas_009097,0,0.0,100.0,1.0,1.0,4.0,8.7,20
saas_003827,1,48.28,28.0,10.0,2.0,5.0,13.84,2
saas_004923,1,11.79,2.0,15.0,0.0,5.0,9.04,12
saas_000208,0,11.0,5.0,2.0,1.0,3.0,12.27,11
saas_003254,1,51.42,11.0,13.0,2.0,9.0,12.45,17
saas_002795,0,5.66,55.0,6.0,2.0,4.0,2.98,22
saas_005106,0,66.92,76.0,5.0,1.0,9.0,55.58,22
saas_009011,0,81.4,4.0,41.0,0.0,8.0,72.77,19
saas_000798,1,4.41,93.0,5.0,1.0,7.0,0.08,26
saas_009105,1,5.58,37.0,3.0,1.0,8.0,19.82,10
saas_000734,1,29.12,30.0,9.0,2.0,7.0,16.03,23
saas_002244,0,20.47,42.0,1.0,0.0,7.0,11.01,9
saas_000178,0,0.95,16.0,1.0,0.0,8.0,26.96,10
saas_005830,0,28.83,3.0,33.0,2.0,4.0,26.05,9
saas_007008,1,27.37,12.0,7.0,1.0,10.0,9.1,3
saas_001174,0,37.51,17.0,1.0,1.0,7.0,29.76,29
saas_006642,0,20.95,8.0,36.0,1.0,11.0,37.17,11
saas_005848,0,39.13,47.0,3.0,1.0,6.0,43.16,2
saas_001831,1,29.55,21.0,13.0,0.0,6.0,9.0,2
saas_007995,0,4.04,9.0,17.0,0.0,10.0,8.7,19
saas_009279,0,6.71,15.0,24.0,0.0,10.0,18.81,30
saas_007897,0,36.68,66.0,8.0,1.0,13.0,29.53,18
saas_008597,1,24.12,45.0,1.0,0.0,5.0,29.32,17
saas_008522,0,21.76,19.0,12.0,1.0,3.0,46.37,29
saas_000198,1,20.81,19.0,3.0,1.0,5.0,43.23,25
saas_007928,0,0.0,1.0,1.0,0.0,3.0,29.02,1
saas_007076,1,26.87,48.0,13.0,0.0,15.0,34.61,13
saas_009284,1,2.65,167.0,20.0,1.0,4.0,19.46,9
saas_001097,0,27.82,42.0,7.0,0.0,9.0,26.98,5
saas_000548,0,39.54,57.0,28.0,0.0,8.0,15.28,2
saas_006908,1,19.31,21.0,33.0,0.0,5.0,8.46,20
saas_008229,0,40.91,23.0,13.0,0.0,9.0,16.94,13
saas_004706,0,37.71,37.0,6.0,1.0,7.0,31.63,4
saas_006912,0,23.76,56.0,28.0,1.0,5.0,23.8,4
saas_003369,1,56.75,24.0,58.0,0.0,6.0,37.58,29
saas_007583,1,41.66,1.0,22.0,1.0,9.0,17.35,18
saas_002532,1,0.45,28.0,16.0,1.0,6.0,0.0,8
saas_004055,0,23.11,35.0,27.0,0.0,8.0,22.53,28
saas_002314,0,71.59,42.0,24.0,1.0,10.0,32.31,10
saas_006653,1,40.72,3.0,3.0,0.0,10.0,32.96,29
saas_006885,0,11.02,25.0,10.0,0.0,9.0,23.57,14
saas_005937,0,40.28,63.0,1.0,0.0,7.0,35.03,21
saas_002815,1,36.78,8.0,10.0,1.0,10.0,34.76,8
saas_003437,1,44.72,23.0,1.0,0.0,7.0,24.66,10
saas_003880,0,14.93,9.0,6.0,2.0,6.0,9.61,10
saas_004157,1,12.16,149.0,14.0,0.0,8.0,27.85,4
saas_000066,1,71.67,11.0,45.0,1.0,9.0,8.53,11
saas_007866,0,10.72,15.0,1.0,0.0,12.0,5.37,20
saas_000616,1,8.7,58.0,1.0,1.0,8.0,16.15,21
saas_001118,0,16.62,34.0,1.0,1.0,11.0,22.49,12
saas_003260,1,20.94,23.0,1.0,0.0,4.0,18.29,24
saas_003401,0,23.99,69.0,2.0,1.0,6.0,21.53,3
saas_003692,0,11.23,1.0,5.0,1.0,11.0,12.77,10
saas_000937,1,0.45,17.0,11.0,0.0,11.0,26.14,29
saas_006604,0,0.2,59.0,10.0,0.0,6.0,26.54,3
saas_002572,0,59.01,183.0,20.0,1.0,7.0,45.74,26
saas_007536,0,55.27,2153.0,6.0,0.0,8.0,53.14,23
saas_006324,0,23.82,30.0,9.0,1.0,10.0,15.77,13
saas_000622,1,4.11,30.0,8.0,0.0,11.0,22.31,5
saas_001681,0,25.69,4.0,42.0,2.0,6.0,29.26,2
saas_002126,0,33.27,549.0,34.0,2.0,10.0,26.19,17
saas_000787,0,17.13,14.0,27.0,0.0,2.0,12.98,7
saas_003332,0,18.27,1.0,3.0,1.0,7.0,46.16,27
saas_007236,0,10.08,244.0,23.0,0.0,9.0,19.67,27
saas_001092,1,34.07,66.0,9.0,0.0,8.0,35.64,15
saas_009103,0,46.32,25.0,1.0,2.0,9.0,62.32,23
saas_005020,1,9.29,6.0,1.0,0.0,7.0,27.91,19
saas_009353,1,9.36,24.0,2.0,0.0,6.0,0.1,25
saas_005944,0,4.61,126.0,20.0,2.0,9.0,17.01,3
saas_003280,1,19.23,274.0,17.0,1.0,2.0,27.09,18
saas_008186,1,20.75,280.0,1.0,0.0,7.0,26.7,21
saas_002201,0,40.94,15.0,16.0,0.0,10.0,35.47,26
saas_001160,0,50.08,3.0,1.0,2.0,8.0,51.21,9
saas_005581,0,34.48,41.0,10.0,2.0,9.0,30.41,6
saas_003592,0,14.52,299.0,38.0,2.0,5.0,13.78,4
saas_003952,1,46.6,18.0,11.0,1.0,8.0,31.33,19
saas_009691,1,45.81,95.0,5.0,0.0,3.0,53.18,23
saas_006247,1,53.03,9.0,1.0,0.0,18.0,52.35,24
saas_004153,1,0.91,5.0,70.0,2.0,6.0,23.71,17
saas_000478,0,0.0,20.0,24.0,1.0,6.0,5.89,24
saas_001352,1,57.61,2.0,7.0,0.0,11.0,36.13,25
saas_004309,1,81.27,1.0,1.0,0.0,14.0,27.32,15
saas_005698,1,0.45,8.0,8.0,1.0,4.0,0.0,13
saas_002647,0,0.0,9.0,4.0,1.0,6.0,25.98,21
saas_008460,1,37.12,9.0,24.0,2.0,5.0,35.84,1
saas_008198,1,3.98,4.0,26.0,0.0,7.0,28.98,15
saas_007689,0,0.0,6.0,5.0,1.0,10.0,26.72,13
saas_009257,0,0.0,67.0,6.0,1.0,10.0,26.43,16
saas_002589,0,18.32,51.0,3.0,0.0,8.0,37.5,9
saas_001033,0,28.4,41.0,2.0,0.0,6.0,28.8,10
saas_004686,0,43.03,2.0,49.0,1.0,9.0,27.18,20
saas_005011,1,40.0,2.0,1.0,0.0,7.0,25.36,5
saas_002598,0,11.77,1.0,24.0,0.0,9.0,17.18,5
saas_005819,0,38.15,33.0,7.0,0.0,7.0,21.68,3
saas_004608,1,55.69,3.0,2.0,1.0,10.0,55.13,26
saas_008470,1,0.45,36.0,21.0,0.0,8.0,0.0,23
saas_009040,1,39.96,46.0,1.0,0.0,8.0,45.94,19
saas_007450,0,12.02,1.0,20.0,1.0,7.0,26.75,16
saas_004671,0,62.66,10.0,5.0,1.0,10.0,43.02,16
saas_005583,0,38.95,4.0,18.0,2.0,9.0,28.58,12
saas_003717,0,14.92,39.0,40.0,1.0,4.0,19.13,3
saas_009327,1,13.61,34.0,13.0,1.0,10.0,38.76,12
saas_003928,0,70.02,2.0,8.0,1.0,10.0,31.18,2
saas_003617,0,44.47,7.0,37.0,1.0,12.0,36.41,9
saas_001425,1,18.16,5.0,1.0,0.0,8.0,13.1,22
saas_009378,1,32.99,392.0,10.0,0.0,8.0,11.66,8
saas_002919,1,37.89,78.0,24.0,0.0,7.0,36.82,12
saas_003819,1,52.9,12.0,6.0,0.0,6.0,48.08,11
saas_001871,1,16.21,8.0,17.0,0.0,6.0,35.62,27
saas_005487,1,33.65,6.0,20.0,1.0,5.0,2.24,21
saas_000480,1,5.46,28.0,40.0,2.0,7.0,0.0,3
saas_005972,0,36.69,14.0,16.0,2.0,8.0,13.48,18
saas_009600,1,66.42,18.0,23.0,1.0,6.0,28.99,23
saas_002888,0,12.75,11.0,1.0,0.0,4.0,17.42,3
saas_006686,1,41.76,68.0,4.0,1.0,10.0,37.39,18
saas_006315,0,49.99,373.0,7.0,1.0,10.0,29.26,23
saas_000527,1,8.9,24.0,12.0,1.0,7.0,29.17,10
saas_004129,1,54.39,4.0,15.0,0.0,7.0,41.08,15
saas_000722,1,15.68,1.0,14.0,1.0,10.0,30.08,19
saas_005120,0,0.0,25.0,5.0,1.0,15.0,18.0,7
saas_004722,1,8.63,18.0,10.0,2.0,13.0,38.88,23
saas_000220,0,25.39,14.0,1.0,0.0,6.0,5.39,15
saas_009188,1,21.4,13.0,2.0,1.0,10.0,17.87,6
saas_001935,1,23.0,222.0,15.0,0.0,10.0,22.4,2
saas_000344,0,0.0,226.0,1.0,2.0,4.0,26.52,14
saas_008332,1,54.32,576.0,1.0,0.0,6.0,33.93,21
saas_009674,0,4.66,134.0,2.0,2.0,9.0,18.95,17
saas_004483,0,0.0,28.0,5.0,0.0,3.0,0.0,11
saas_009706,0,1.38,34.0,6.0,0.0,6.0,8.82,30
saas_008486,1,50.33,16.0,16.0,1.0,9.0,27.49,23
saas_009216,1,20.6,2.0,14.0,1.0,11.0,43.24,8
saas_006903,1,0.45,40.0,42.0,1.0,11.0,23.64,30
saas_009154,1,11.95,40.0,3.0,1.0,7.0,25.35,8
saas_005960,0,10.21,10.0,10.0,0.0,4.0,5.29,24
saas_007034,1,0.45,10.0,20.0,0.0,9.0,15.62,12
saas_006051,0,94.51,11.0,21.0,2.0,8.0,66.27,27
saas_002391,1,94.55,57.0,2.0,1.0,9.0,34.77,5
saas_007181,1,57.38,33.0,7.0,1.0,2.0,41.07,22
saas_004328,0,0.0,47.0,15.0,1.0,9.0,4.61,6
saas_006452,1,0.45,12.0,1.0,1.0,9.0,16.47,11
saas_001983,1,34.86,13.0,6.0,0.0,7.0,34.41,3
saas_008246,0,47.82,28.0,56.0,0.0,8.0,37.66,25
saas_001554,1,52.82,2.0,4.0,0.0,7.0,46.19,15
saas_004850,0,11.73,12.0,1.0,1.0,8.0,31.37,15
saas_009095,1,0.45,2.0,12.0,1.0,10.0,0.0,12
saas_009922,0,34.77,4.0,1.0,2.0,8.0,30.13,5
saas_007532,0,0.0,2.0,4.0,0.0,6.0,27.71,1
saas_006853,0,47.82,2.0,5.0,0.0,7.0,46.75,13
saas_004641,0,89.56,8.0,1.0,2.0,6.0,33.95,3
saas_002881,1,0.45,76.0,5.0,0.0,2.0,12.03,8
saas_001677,1,0.45,34.0,7.0,0.0,4.0,24.25,27
saas_004885,0,16.69,11.0,8.0,0.0,9.0,25.32,1
saas_001964,0,52.25,6.0,16.0,0.0,13.0,28.87,28
saas_000901,1,66.09,23.0,1.0,2.0,4.0,32.76,23
saas_007130,0,25.49,20.0,27.0,2.0,9.0,26.03,2
saas_003068,0,0.0,452.0,7.0,1.0,12.0,3.94,17
saas_002296,0,24.71,952.0,5.0,0.0,6.0,33.87,11
saas_006237,1,14.43,2.0,13.0,0.0,10.0,32.49,9
saas_005862,0,16.85,4.0,7.0,0.0,9.0,11.71,26
saas_000296,0,22.69,31.0,49.0,0.0,8.0,29.24,3
saas_008778,0,66.05,31.0,14.0,0.0,9.0,26.3,24
saas_000057,1,54.4,189.0,9.0,1.0,7.0,55.72,1
saas_007242,0,67.81,37.0,2.0,0.0,9.0,37.39,22
saas_004385,0,57.78,11.0,7.0,0.0,9.0,55.26,17
saas_002984,0,53.73,2.0,5.0,0.0,3.0,47.73,26
saas_000027,0,74.28,34.0,1.0,1.0,7.0,82.14,26
saas_004407,0,4.91,28.0,1.0,1.0,4.0,25.97,19
saas_009877,1,61.1,1.0,60.0,0.0,9.0,53.91,20
saas_002676,1,66.54,210.0,2.0,0.0,9.0,42.38,13
saas_008545,0,29.32,6.0,1.0,0.0,8.0,7.4,19
saas_005262,0,0.0,42.0,9.0,2.0,7.0,16.24,16
saas_005841,0,21.61,13.0,19.0,2.0,9.0,7.73,2
saas_007021,0,88.6,124.0,6.0,0.0,7.0,20.99,25
saas_003248,1,0.45,74.0,7.0,0.0,7.0,10.26,21
saas_005667,1,31.55,15.0,5.0,2.0,4.0,0.0,20
saas_003884,0,23.99,6.0,5.0,0.0,12.0,22.38,6
saas_007663,1,0.45,5.0,1.0,1.0,4.0,0.0,10
saas_000295,0,31.7,26.0,13.0,1.0,9.0,22.64,5
saas_003161,1,34.03,45.0,1.0,2.0,9.0,29.55,25
saas_002580,1,32.69,4.0,21.0,1.0,7.0,42.41,16
saas_003870,0,0.11,20.0,3.0,1.0,10.0,32.52,18
saas_009210,0,27.9,18.0,23.0,0.0,6.0,44.51,21
saas_004404,1,77.07,17.0,1.0,2.0,12.0,50.47,9
saas_006952,1,54.35,83.0,2.0,0.0,15.0,32.49,19
saas_000648,1,52.96,25.0,6.0,0.0,4.0,38.19,5
saas_001370,0,0.0,2.0,32.0,0.0,15.0,9.99,19
saas_009855,1,19.24,11.0,26.0,0.0,9.0,37.68,12
saas_006992,0,53.76,13.0,17.0,0.0,7.0,55.91,10
saas_005532,0,62.9,18.0,9.0,0.0,5.0,40.98,20
saas_009620,1,22.93,8.0,26.0,0.0,12.0,19.59,17
saas_005708,1,26.24,25.0,7.0,1.0,7.0,45.25,3
saas_004209,0,32.15,11.0,2.0,0.0,5.0,40.52,25
saas_000681,0,0.0,51.0,4.0,1.0,8.0,2.44,25
saas_000434,1,0.45,80.0,10.0,2.0,4.0,27.08,16
saas_009309,1,31.59,2.0,3.0,0.0,12.0,44.72,16
saas_004824,1,50.91,62.0,3.0,0.0,6.0,45.09,11
saas_009761,1,17.22,1.0,19.0,1.0,9.0,41.72,19
saas_003159,0,70.26,7.0,17.0,0.0,14.0,48.78,22
saas_001489,1,33.98,26.0,12.0,2.0,8.0,26.38,24
saas_002987,1,33.89,216.0,1.0,0.0,8.0,16.25,4
saas_000812,1,0.45,29.0,22.0,2.0,6.0,10.13,23
saas_001882,1,0.45,10.0,4.0,1.0,11.0,13.89,24
saas_009267,0,0.0,18.0,15.0,1.0,9.0,8.15,12
saas_004936,0,16.76,29.0,17.0,0.0,5.0,12.0,26
saas_009935,0,51.38,26.0,7.0,1.0,9.0,48.82,26
saas_001940,0,28.41,2.0,2.0,2.0,13.0,52.38,23
saas_003296,1,32.49,38.0,1.0,2.0,5.0,24.08,2
saas_003534,0,23.51,40.0,36.0,1.0,7.0,40.46,10
saas_004525,0,100.0,3.0,1.0,1.0,8.0,65.49,19
saas_003729,0,78.53,29.0,4.0,1.0,8.0,35.57,24
saas_007015,0,17.35,7.0,3.0,0.0,4.0,20.86,24
saas_001612,1,16.91,18.0,45.0,0.0,10.0,9.69,2
saas_001181,1,18.02,72.0,13.0,2.0,11.0,36.35,23
saas_001375,0,0.0,34.0,5.0,1.0,9.0,4.9,4
saas_009224,1,3.6,14.0,2.0,0.0,10.0,10.1,27
saas_003946,0,42.52,142.0,17.0,2.0,10.0,39.91,13
saas_007210,0,53.69,12.0,1.0,0.0,6.0,51.24,26
saas_005211,1,0.45,60.0,4.0,1.0,3.0,11.51,17
saas_000063,1,15.46,48.0,20.0,0.0,6.0,0.0,29
saas_000626,0,0.0,10.0,23.0,0.0,6.0,0.0,15
saas_004421,0,37.37,63.0,1.0,0.0,1.0,19.14,12
saas_001669,1,0.45,7.0,13.0,1.0,3.0,0.69,13
saas_002112,0,0.0,78.0,1.0,0.0,7.0,3.92,16
saas_005804,0,27.4,12.0,17.0,2.0,2.0,25.88,25
saas_009763,0,36.87,104.0,17.0,0.0,8.0,21.96,26
saas_004032,1,33.77,48.0,16.0,0.0,6.0,40.98,4
saas_006545,0,0.0,18.0,21.0,0.0,8.0,28.31,1
saas_007948,0,16.26,10.0,22.0,1.0,9.0,22.56,30
saas_000084,0,48.05,3.0,5.0,0.0,8.0,14.01,17
saas_009180,0,18.05,1.0,9.0,0.0,8.0,24.51,17
saas_001462,1,29.72,5.0,1.0,0.0,4.0,14.85,24
saas_002283,1,6.12,30.0,14.0,0.0,8.0,12.01,25
saas_002887,1,0.45,24.0,2.0,0.0,7.0,0.0,8
saas_005834,1,18.0,15.0,9.0,1.0,15.0,19.06,10
saas_000684,0,8.57,10.0,46.0,0.0,7.0,0.0,9
saas_004469,1,3.9,5.0,3.0,0.0,12.0,16.09,26
saas_000418,0,49.34,18.0,8.0,1.0,5.0,50.68,14
saas_005228,0,57.13,34.0,12.0,1.0,7.0,44.71,2
saas_004253,1,17.09,1.0,8.0,0.0,6.0,18.67,24
saas_002709,1,40.46,16.0,4.0,1.0,6.0,16.05,19
saas_002357,0,48.61,32.0,2.0,1.0,7.0,44.81,11
saas_008059,1,59.02,159.0,14.0,1.0,9.0,49.5,19
saas_001366,1,34.73,3.0,8.0,1.0,10.0,33.74,13
saas_006277,1,31.23,236.0,14.0,2.0,7.0,45.53,2
saas_003916,0,28.75,12.0,18.0,1.0,8.0,23.56,26
saas_000293,0,34.76,1.0,24.0,1.0,6.0,26.23,4
saas_002639,0,49.94,8.0,9.0,2.0,2.0,18.35,11
saas_009458,0,11.87,11.0,1.0,0.0,4.0,9.35,22
saas_001506,0,94.15,1.0,14.0,1.0,11.0,53.85,12
saas_009037,1,18.82,156.0,14.0,2.0,8.0,23.29,7
saas_007393,1,41.94,35.0,40.0,2.0,8.0,16.12,16
saas_001634,0,44.2,30.0,43.0,0.0,9.0,53.21,16
saas_002457,0,18.54,8.0,1.0,1.0,10.0,18.56,29
saas_009891,0,10.49,30.0,25.0,0.0,12.0,22.5,28
saas_005558,0,0.0,8.0,15.0,2.0,10.0,18.91,18
saas_009751,1,36.08,196.0,8.0,1.0,9.0,28.13,20
saas_002300,1,46.02,9.0,28.0,0.0,9.0,32.16,24
saas_004537,0,4.4,31.0,2.0,0.0,6.0,21.57,30
saas_002938,0,40.28,11.0,18.0,0.0,8.0,23.0,13
saas_001563,0,41.7,3.0,26.0,1.0,5.0,19.33,20
saas_005689,1,45.28,5.0,11.0,0.0,10.0,55.92,30
saas_008658,1,44.25,52.0,27.0,0.0,7.0,46.31,23
saas_007517,1,31.41,15.0,41.0,1.0,8.0,22.09,21
saas_001979,1,24.05,41.0,30.0,1.0,6.0,10.58,23
saas_001883,1,43.19,23.0,20.0,0.0,5.0,25.45,13
saas_003803,1,0.45,31.0,4.0,0.0,18.0,4.96,13
saas_000438,1,21.37,7.0,14.0,0.0,7.0,18.98,16
saas_004635,0,22.35,3.0,9.0,0.0,15.0,19.84,28
saas_004528,1,50.27,6.0,14.0,1.0,9.0,40.18,2
saas_004332,1,39.22,198.0,2.0,1.0,3.0,19.62,13
saas_003573,1,51.65,18.0,7.0,1.0,11.0,24.08,23
saas_008741,1,25.01,20.0,1.0,0.0,10.0,35.15,10
saas_008911,0,19.65,1.0,35.0,2.0,6.0,42.39,27
saas_004817,0,22.19,16.0,2.0,0.0,7.0,26.59,26
saas_006435,1,0.45,27.0,2.0,0.0,7.0,2.55,30
saas_002986,1,38.08,27.0,4.0,1.0,9.0,4.46,25
saas_007838,0,15.22,30.0,26.0,0.0,10.0,20.74,1
saas_000704,1,50.68,96.0,13.0,2.0,10.0,34.64,23
saas_002280,0,26.83,128.0,33.0,1.0,7.0,17.86,7
saas_008734,0,0.0,13.0,8.0,0.0,11.0,11.23,18
saas_004147,1,2.65,400.0,50.0,0.0,4.0,2.61,12
saas_005412,0,0.0,9.0,20.0,1.0,11.0,0.0,26
saas_000373,1,0.45,71.0,28.0,1.0,11.0,3.01,9
saas_006405,0,16.06,70.0,1.0,1.0,8.0,10.76,4
saas_009223,1,4.67,5.0,18.0,2.0,5.0,4.13,10
saas_002585,0,38.49,89.0,11.0,0.0,7.0,36.46,3
saas_001332,0,23.65,74.0,1.0,1.0,11.0,21.1,3
saas_009572,1,25.53,13.0,6.0,0.0,9.0,37.93,2
saas_005282,1,21.15,4.0,90.0,2.0,8.0,9.09,8
saas_009131,1,19.42,5.0,1.0,0.0,10.0,21.42,7
saas_008315,0,13.09,39.0,7.0,0.0,5.0,33.77,20
saas_009809,0,49.47,1.0,14.0,0.0,12.0,36.12,25
saas_001784,0,0.0,56.0,23.0,1.0,5.0,20.78,20
saas_003182,0,29.28,6.0,5.0,1.0,5.0,38.19,1
saas_000494,1,4.07,12.0,43.0,0.0,12.0,4.84,11
saas_007363,0,67.15,128.0,4.0,1.0,3.0,81.03,24
saas_002860,0,0.0,2.0,2.0,1.0,8.0,15.81,25
saas_007929,1,23.55,271.0,27.0,2.0,12.0,17.42,1
saas_004041,0,0.0,16.0,20.0,2.0,7.0,16.39,12
saas_007178,0,52.13,50.0,4.0,1.0,8.0,25.59,25
saas_002897,0,0.0,22.0,17.0,1.0,9.0,0.0,24
saas_000366,0,69.25,6.0,3.0,2.0,6.0,31.55,17
saas_000849,1,3.49,85.0,1.0,2.0,6.0,0.0,16
saas_007440,1,41.33,5.0,6.0,0.0,11.0,31.85,22
saas_009454,1,13.14,143.0,1.0,1.0,10.0,27.54,26
saas_004301,0,11.82,103.0,36.0,0.0,5.0,41.48,30
saas_002653,0,30.52,5.0,13.0,1.0,7.0,16.14,19
saas_003503,1,11.48,3.0,25.0,0.0,2.0,5.51,26
saas_001541,1,65.34,70.0,1.0,1.0,7.0,42.98,14
saas_004165,1,5.68,31.0,8.0,0.0,8.0,10.02,28
saas_008866,0,15.32,163.0,9.0,0.0,6.0,16.03,5
saas_000322,0,0.0,116.0,5.0,1.0,8.0,10.78,15
saas_002031,1,23.5,9.0,1.0,1.0,9.0,26.6,26
saas_000813,1,56.78,9.0,6.0,1.0,8.0,14.61,11
saas_008939,0,25.4,3.0,21.0,1.0,8.0,9.48,23
saas_009375,0,55.68,36.0,7.0,1.0,8.0,52.23,2
saas_001079,0,12.91,172.0,1.0,1.0,5.0,27.67,8
saas_002226,0,25.8,25.0,19.0,2.0,7.0,3.89,18
saas_009136,0,0.0,11.0,3.0,0.0,10.0,7.59,14
saas_009531,1,14.93,1.0,5.0,1.0,6.0,49.09,19
saas_002705,1,11.35,15.0,13.0,1.0,7.0,21.75,11
saas_006824,0,27.16,30.0,44.0,0.0,9.0,12.11,27
saas_007556,1,23.74,14.0,12.0,1.0,9.0,29.31,11
saas_001164,1,30.47,4.0,4.0,0.0,9.0,25.66,1
saas_003261,0,38.79,3.0,13.0,1.0,5.0,47.13,2
saas_004687,0,54.3,2.0,3.0,1.0,9.0,22.83,29
saas_001450,0,40.3,12.0,11.0,1.0,10.0,30.63,29
saas_003862,1,45.98,3.0,7.0,0.0,7.0,15.76,26
saas_006103,1,2.65,274.0,1.0,1.0,3.0,20.02,6
saas_009215,0,31.8,464.0,10.0,1.0,5.0,34.09,8
saas_007120,0,0.0,49.0,1.0,1.0,8.0,25.1,8
saas_006398,0,70.93,4.0,3.0,0.0,12.0,43.69,19
saas_009588,0,40.38,21.0,21.0,1.0,7.0,19.18,23
saas_006214,1,38.48,62.0,13.0,0.0,7.0,22.63,16
saas_009645,0,16.78,3.0,21.0,1.0,5.0,38.03,7
saas_005336,0,19.87,66.0,6.0,1.0,7.0,23.82,10
saas_004056,0,26.76,73.0,22.0,1.0,10.0,49.7,5
saas_009511,0,0.3,4.0,39.0,2.0,7.0,15.19,20
saas_002999,1,20.87,12.0,14.0,0.0,10.0,27.19,2
saas_009024,1,11.25,112.0,2.0,1.0,7.0,33.78,20
saas_001231,0,23.24,3.0,23.0,2.0,11.0,15.12,15
saas_001514,1,12.07,1.0,9.0,2.0,12.0,19.69,4
saas_002313,1,59.18,21.0,18.0,0.0,9.0,29.56,23
saas_001451,0,51.53,43.0,3.0,1.0,8.0,19.53,17
saas_005267,1,10.7,1.0,11.0,0.0,9.0,18.91,17
saas_006131,1,45.29,25.0,3.0,0.0,8.0,39.8,11
saas_008531,0,35.95,60.0,57.0,0.0,7.0,49.68,24
saas_006464,0,52.83,22.0,1.0,1.0,8.0,37.03,5
saas_000838,0,44.64,316.0,2.0,0.0,4.0,31.65,25
saas_009915,0,21.65,4.0,1.0,2.0,7.0,9.86,29
saas_008261,1,46.0,29.0,11.0,0.0,2.0,45.66,25
saas_006414,1,11.74,1.0,1.0,2.0,6.0,25.06,18
saas_008504,0,16.03,3.0,5.0,2.0,8.0,0.25,14
saas_003567,1,50.96,3.0,10.0,0.0,5.0,21.06,17
saas_009264,0,0.1,684.0,24.0,1.0,10.0,13.65,12
saas_003087,0,0.0,5.0,4.0,1.0,12.0,18.63,18
saas_008643,0,45.96,1.0,31.0,0.0,10.0,25.6,7
saas_001714,1,31.84,4.0,1.0,1.0,11.0,26.66,22
saas_000339,0,5.98,50.0,21.0,1.0,7.0,15.92,9
saas_009563,0,27.52,20.0,24.0,2.0,9.0,28.87,15
saas_005942,0,6.11,54.0,6.0,0.0,13.0,34.14,18
saas_009869,0,27.86,3.0,1.0,0.0,4.0,8.56,21
saas_008102,1,2.9,3.0,7.0,0.0,14.0,20.99,23
saas_008488,1,47.06,7.0,4.0,0.0,10.0,29.63,9
saas_000588,1,40.18,28.0,7.0,0.0,13.0,23.35,9
saas_003365,1,31.26,2.0,53.0,1.0,5.0,4.32,18
saas_002670,1,74.96,56.0,56.0,1.0,12.0,51.7,4
saas_003589,1,39.29,8.0,33.0,2.0,10.0,18.73,10
saas_000034,1,0.45,50.0,3.0,1.0,7.0,9.79,23
saas_000028,0,40.55,37.0,2.0,0.0,8.0,38.03,26
saas_008553,1,3.47,82.0,7.0,1.0,16.0,28.5,2
saas_008117,0,58.61,3.0,1.0,1.0,4.0,43.37,15
saas_002170,1,40.84,5.0,20.0,0.0,5.0,27.96,25
saas_008377,0,40.57,9.0,6.0,1.0,9.0,25.2,6
saas_005620,1,31.03,900.0,37.0,0.0,11.0,20.6,25
saas_000889,0,44.3,1.0,11.0,0.0,12.0,30.98,24
saas_006489,0,42.1,6.0,38.0,1.0,5.0,18.77,27
saas_003322,0,0.0,25.0,12.0,1.0,8.0,0.0,24
saas_009396,0,23.27,946.0,25.0,0.0,10.0,29.17,1
saas_003514,0,45.41,34.0,24.0,0.0,5.0,31.47,24
saas_004420,1,21.15,113.0,1.0,0.0,7.0,30.57,1
saas_008351,0,34.58,12.0,4.0,1.0,7.0,28.64,9
saas_005361,1,12.13,24.0,1.0,2.0,5.0,17.66,16
saas_003733,1,37.5,11.0,1.0,0.0,8.0,15.22,18
saas_009463,1,2.65,273.0,7.0,0.0,8.0,14.2,11
saas_007081,1,58.88,95.0,4.0,0.0,4.0,37.73,7
saas_001654,0,6.8,14.0,22.0,1.0,3.0,14.32,16
saas_005032,1,68.98,131.0,13.0,1.0,9.0,43.21,19
saas_000223,0,0.1,3.0,26.0,0.0,9.0,17.05,27
saas_008625,1,4.62,63.0,17.0,0.0,13.0,18.56,8
saas_006194,0,1.27,10.0,6.0,0.0,9.0,12.53,7
saas_001590,1,0.45,2.0,14.0,0.0,7.0,8.68,9
saas_005982,0,49.31,14.0,12.0,1.0,12.0,31.37,2
saas_003256,0,43.0,7.0,42.0,2.0,7.0,30.45,19
saas_006680,1,0.74,47.0,15.0,1.0,6.0,9.76,22
saas_004770,1,0.45,27.0,1.0,0.0,14.0,18.39,20
saas_002181,0,25.0,28.0,23.0,1.0,5.0,22.25,22
saas_006803,0,22.02,50.0,44.0,0.0,10.0,62.75,17
saas_004913,1,33.0,3.0,6.0,1.0,5.0,17.21,19
saas_006786,1,26.57,1.0,6.0,0.0,4.0,39.82,1
saas_004789,1,31.81,47.0,6.0,1.0,3.0,30.5,18
saas_001209,1,40.41,31.0,20.0,1.0,9.0,48.0,26
saas_000421,1,15.52,5.0,1.0,1.0,11.0,17.61,18
saas_008740,0,51.61,38.0,3.0,0.0,3.0,42.59,19
saas_001706,0,45.07,10.0,1.0,0.0,7.0,27.94,13
saas_001158,1,22.96,1.0,43.0,0.0,9.0,24.2,19
saas_002306,0,40.99,366.0,22.0,1.0,8.0,23.52,19
saas_000273,0,0.0,463.0,12.0,0.0,4.0,0.0,11
saas_000171,0,17.01,39.0,1.0,1.0,11.0,16.53,22
saas_003956,0,0.0,6.0,4.0,1.0,4.0,0.0,3
saas_006696,0,16.89,13.0,14.0,0.0,4.0,14.32,7
saas_003188,1,7.12,11.0,4.0,1.0,7.0,24.49,30
saas_008132,1,11.37,2.0,7.0,1.0,8.0,23.47,27
saas_004808,1,30.32,8.0,29.0,1.0,9.0,34.05,4
saas_008083,1,29.71,3.0,3.0,0.0,10.0,28.89,29
saas_001564,0,19.5,4.0,8.0,2.0,12.0,18.18,10
saas_001782,1,23.01,1.0,90.0,0.0,5.0,25.36,18
saas_000843,1,20.59,17.0,1.0,0.0,3.0,8.31,4
saas_009345,0,32.46,15.0,1.0,1.0,6.0,25.84,1
saas_004461,0,28.18,18.0,17.0,0.0,9.0,14.54,9
saas_000904,0,75.13,7.0,15.0,2.0,12.0,42.7,4
saas_005911,0,48.32,27.0,10.0,0.0,6.0,36.59,8
saas_009950,1,23.47,15.0,18.0,0.0,6.0,28.73,11
saas_009297,0,9.0,96.0,2.0,0.0,7.0,4.73,23
saas_001547,0,50.82,6.0,17.0,0.0,11.0,23.02,4
saas_002080,0,7.8,36.0,28.0,0.0,9.0,18.28,8
saas_009881,1,0.45,28.0,1.0,0.0,8.0,34.34,17
saas_003985,0,14.09,7.0,4.0,2.0,11.0,22.51,1
saas_006389,0,35.36,37.0,2.0,1.0,8.0,37.32,11
saas_007579,1,38.01,19.0,7.0,0.0,9.0,16.7,8
saas_009245,0,30.88,9.0,15.0,2.0,8.0,29.64,13
saas_006567,1,0.45,4.0,5.0,0.0,8.0,11.14,9
saas_008206,1,32.12,3.0,10.0,1.0,7.0,5.95,5
saas_003820,1,9.35,84.0,17.0,2.0,8.0,13.24,25
saas_002646,1,29.99,235.0,1.0,0.0,12.0,35.89,17
saas_004454,0,0.0,48.0,2.0,0.0,5.0,11.47,12
saas_007159,1,20.92,3.0,9.0,1.0,10.0,34.44,17
saas_008221,0,18.4,7.0,7.0,0.0,7.0,19.13,23
saas_008596,1,0.45,20.0,23.0,1.0,7.0,0.0,3
saas_009589,0,5.28,43.0,2.0,1.0,8.0,26.15,11
saas_006071,0,64.37,2.0,2.0,1.0,12.0,56.42,12
saas_002155,0,13.45,49.0,9.0,0.0,11.0,17.96,8
saas_006712,1,30.68,26.0,12.0,1.0,8.0,15.76,8
saas_003715,1,23.01,5.0,1.0,0.0,7.0,0.0,6
saas_004057,0,85.65,58.0,12.0,0.0,7.0,33.3,22
saas_005952,0,48.79,1.0,1.0,2.0,4.0,25.81,25
saas_003102,1,12.28,64.0,23.0,1.0,6.0,23.09,9
saas_000558,0,48.78,3.0,52.0,0.0,14.0,44.52,1
saas_004610,0,10.73,23.0,7.0,0.0,4.0,12.38,11
saas_006978,1,44.48,385.0,33.0,0.0,7.0,33.66,20
saas_001436,1,29.19,10.0,7.0,1.0,13.0,30.87,18
saas_000507,1,30.93,38.0,13.0,0.0,7.0,37.4,26
saas_001869,0,21.2,28.0,4.0,0.0,7.0,36.91,8
saas_000755,0,64.88,110.0,1.0,1.0,10.0,28.88,5
saas_005419,0,31.35,3.0,8.0,0.0,7.0,37.19,24
saas_004050,0,45.86,76.0,2.0,0.0,8.0,17.13,12
saas_008089,1,2.81,10.0,46.0,1.0,7.0,14.1,27
saas_003836,1,22.81,47.0,2.0,1.0,6.0,6.4,4
saas_002118,0,44.75,27.0,20.0,0.0,10.0,35.81,24
saas_006152,0,21.39,3.0,24.0,1.0,3.0,11.65,24
saas_007808,1,49.19,23.0,11.0,1.0,4.0,37.03,3
saas_000501,1,16.34,76.0,10.0,0.0,5.0,23.26,10
saas_006259,0,23.43,4.0,1.0,1.0,12.0,21.89,19
saas_009743,0,45.34,27.0,1.0,0.0,8.0,30.13,19
saas_001539,0,40.04,195.0,3.0,0.0,11.0,31.63,25
saas_006141,0,58.66,34.0,13.0,0.0,9.0,40.42,2
saas_001211,1,0.45,9.0,1.0,2.0,12.0,5.41,24
saas_009122,0,29.29,7.0,3.0,1.0,13.0,32.7,12
saas_000672,0,77.03,6.0,15.0,1.0,15.0,31.99,29
saas_003377,1,20.98,13.0,10.0,0.0,2.0,30.34,23
saas_008783,1,0.68,1.0,21.0,2.0,8.0,0.74,28
saas_001464,1,4.95,88.0,12.0,1.0,13.0,0.91,4
saas_001192,0,0.0,13.0,9.0,1.0,14.0,8.96,27
saas_006984,0,78.65,3.0,22.0,0.0,10.0,61.5,21
saas_001872,1,21.37,7.0,5.0,2.0,7.0,7.47,30
saas_003590,0,16.13,18.0,35.0,0.0,7.0,24.65,16
saas_006726,0,18.82,106.0,26.0,1.0,9.0,38.14,2
saas_000505,0,46.14,8.0,26.0,1.0,9.0,40.89,22
saas_008118,0,42.8,2.0,5.0,0.0,3.0,49.59,26
saas_000506,0,23.82,757.0,12.0,1.0,7.0,33.83,4
saas_009449,0,24.4,5.0,2.0,1.0,8.0,24.75,2
saas_007131,1,0.45,25.0,46.0,1.0,4.0,8.59,1
saas_004807,1,32.02,8.0,2.0,1.0,7.0,22.45,23
saas_007303,0,0.0,16.0,6.0,1.0,7.0,0.0,4
saas_001773,1,75.61,259.0,17.0,0.0,11.0,41.9,13
saas_006854,1,21.37,10.0,11.0,0.0,7.0,22.17,18
saas_004906,1,24.99,65.0,8.0,0.0,5.0,31.23,8
saas_000797,0,0.0,98.0,4.0,0.0,6.0,0.0,2
saas_008785,1,16.34,38.0,18.0,1.0,6.0,19.95,7
saas_007070,0,30.22,28.0,7.0,0.0,12.0,28.75,29
saas_002829,1,26.06,846.0,22.0,0.0,5.0,38.66,4
saas_009319,1,40.02,1.0,19.0,1.0,5.0,37.68,2
saas_008737,0,0.0,187.0,15.0,1.0,8.0,17.51,11
saas_000312,1,28.68,274.0,13.0,1.0,10.0,34.64,8
saas_000746,0,32.16,297.0,46.0,0.0,11.0,30.08,18
saas_003569,0,41.25,71.0,27.0,1.0,12.0,35.81,5
saas_000790,0,0.0,6.0,41.0,2.0,8.0,0.0,5
saas_002476,1,0.45,1.0,12.0,0.0,3.0,4.16,8
saas_009325,0,36.52,248.0,3.0,1.0,5.0,30.03,1
saas_002570,0,66.92,607.0,5.0,2.0,5.0,76.69,30
saas_005286,0,24.95,4.0,37.0,1.0,7.0,18.9,30
saas_005215,1,21.34,6.0,18.0,2.0,4.0,16.45,5
saas_002163,1,47.69,51.0,36.0,0.0,8.0,18.91,25
saas_006577,1,20.9,1.0,34.0,2.0,3.0,30.93,16
saas_008449,0,11.4,409.0,17.0,0.0,11.0,28.53,24
saas_000380,1,24.19,23.0,8.0,1.0,9.0,29.25,7
saas_008508,1,37.39,18.0,6.0,1.0,15.0,31.36,24
saas_001292,1,0.45,11.0,2.0,0.0,7.0,19.79,25
saas_001912,1,57.28,45.0,2.0,0.0,7.0,49.82,9
saas_000599,0,8.91,1.0,10.0,1.0,12.0,7.56,24
saas_003892,1,22.0,1.0,1.0,1.0,10.0,50.06,29
saas_004141,0,40.02,3572.0,9.0,0.0,5.0,44.78,16
saas_001652,1,41.57,44.0,3.0,1.0,5.0,39.98,25
saas_005224,1,58.77,91.0,9.0,0.0,12.0,46.03,2
saas_001893,1,4.93,1.0,45.0,0.0,5.0,27.48,16
saas_001944,1,37.14,11.0,20.0,1.0,11.0,34.58,29
saas_003395,0,22.0,49.0,5.0,0.0,11.0,7.13,3
saas_005479,1,53.44,4.0,1.0,0.0,10.0,40.93,6
saas_009769,0,44.27,1.0,29.0,2.0,5.0,32.48,23
saas_000375,1,2.65,659.0,17.0,1.0,6.0,0.0,14
saas_001966,0,12.8,28.0,23.0,1.0,13.0,28.36,6
saas_003957,1,0.45,87.0,4.0,0.0,7.0,7.96,10
saas_007135,0,38.53,864.0,31.0,1.0,9.0,7.48,2
saas_007478,1,72.22,1.0,20.0,0.0,8.0,40.77,22
saas_004505,0,41.16,221.0,3.0,1.0,8.0,10.99,21
saas_009580,1,69.94,4.0,23.0,1.0,9.0,44.07,24
saas_005288,0,23.02,80.0,13.0,0.0,13.0,9.81,25
saas_001471,1,2.65,108.0,33.0,1.0,8.0,9.13,18
saas_003346,0,40.79,29.0,6.0,1.0,4.0,27.19,1
saas_006253,1,14.72,8.0,20.0,2.0,5.0,17.08,28
saas_002853,0,48.03,28.0,9.0,2.0,9.0,40.19,21
saas_008988,1,33.37,4.0,2.0,1.0,5.0,29.93,4
saas_009775,0,0.0,28.0,4.0,1.0,2.0,9.85,12
saas_006459,1,36.36,77.0,12.0,1.0,3.0,20.53,8
saas_004062,1,12.2,7.0,33.0,1.0,8.0,30.41,14
saas_005863,0,34.21,41.0,3.0,2.0,15.0,27.09,10
saas_004306,0,25.19,29.0,6.0,0.0,9.0,17.4,23
saas_004877,0,40.23,47.0,1.0,0.0,6.0,30.11,10
saas_007249,1,31.25,9.0,6.0,0.0,7.0,19.23,21
saas_005273,0,24.98,48.0,6.0,0.0,13.0,16.9,25
saas_003990,0,40.42,30.0,34.0,0.0,7.0,13.77,3
saas_001049,0,59.4,38.0,8.0,0.0,5.0,41.7,5
saas_006175,0,15.12,28.0,1.0,1.0,6.0,25.18,14
saas_006926,0,79.39,2.0,1.0,1.0,6.0,53.81,23
saas_007864,0,34.72,3.0,14.0,2.0,14.0,14.16,2
saas_002035,0,52.34,60.0,3.0,2.0,11.0,20.84,16
saas_004039,1,24.08,15.0,7.0,1.0,5.0,11.3,6
saas_006875,1,28.74,62.0,3.0,0.0,9.0,25.85,5
saas_009354,0,2.56,4.0,11.0,0.0,10.0,0.0,7
saas_001972,1,31.51,23.0,1.0,0.0,9.0,29.52,15
saas_005072,1,75.25,354.0,48.0,0.0,11.0,54.78,15
saas_002099,0,39.08,203.0,14.0,0.0,7.0,48.64,1
saas_001499,1,0.45,3.0,3.0,0.0,8.0,21.89,2
saas_009612,1,29.73,64.0,29.0,1.0,8.0,36.19,20
saas_000652,0,39.55,245.0,1.0,1.0,8.0,42.26,4
saas_000170,1,19.6,7.0,1.0,0.0,9.0,13.21,29
saas_004085,0,48.2,19.0,14.0,0.0,6.0,23.19,28
saas_000242,0,0.0,1.0,5.0,0.0,8.0,1.34,24
saas_005710,1,62.97,73.0,6.0,0.0,10.0,57.32,4
saas_006972,1,45.92,3.0,19.0,2.0,13.0,32.3,19
saas_002756,1,43.05,52.0,6.0,1.0,9.0,43.6,30
saas_006884,1,29.7,14.0,21.0,0.0,3.0,66.37,3
saas_005446,1,0.45,1.0,6.0,1.0,3.0,16.19,26
saas_002076,0,59.81,19.0,27.0,1.0,8.0,38.79,14
saas_004103,1,2.65,322.0,40.0,2.0,7.0,5.88,25
saas_009559,0,0.0,1.0,7.0,0.0,15.0,0.0,11
saas_007571,0,22.67,52.0,17.0,2.0,9.0,13.56,19
saas_009466,0,20.57,15.0,1.0,0.0,6.0,8.63,24
saas_004894,1,0.45,5.0,8.0,0.0,7.0,0.0,23
saas_006692,1,54.24,3.0,8.0,0.0,7.0,42.34,27
saas_008054,1,23.81,12.0,15.0,1.0,4.0,13.95,22
saas_005389,0,38.35,13.0,1.0,0.0,11.0,39.81,16
saas_009373,0,37.86,26.0,2.0,0.0,12.0,13.68,29
saas_008021,0,67.39,2.0,44.0,1.0,11.0,45.98,24
saas_008604,1,51.61,114.0,1.0,0.0,10.0,41.52,27
saas_004480,0,53.43,27.0,15.0,0.0,13.0,47.59,16
saas_008326,1,28.39,14.0,15.0,2.0,5.0,21.13,19
saas_004078,0,61.16,11.0,9.0,1.0,7.0,42.26,24
saas_000640,0,22.91,2.0,12.0,0.0,11.0,35.18,5
saas_001270,0,72.72,201.0,71.0,1.0,9.0,58.34,22
saas_002778,0,31.41,40.0,24.0,1.0,7.0,14.83,4
saas_009497,0,39.06,322.0,3.0,0.0,13.0,43.3,17
saas_003861,1,58.3,58.0,8.0,1.0,8.0,37.05,22
saas_003480,0,0.0,9.0,27.0,0.0,2.0,16.17,18
saas_001534,1,36.9,408.0,14.0,2.0,7.0,11.52,5
saas_000325,1,38.17,60.0,55.0,2.0,5.0,4.01,10
saas_002338,1,7.89,96.0,6.0,0.0,6.0,12.61,4
saas_003980,1,10.1,32.0,40.0,0.0,9.0,19.67,26
saas_006877,1,13.71,9.0,3.0,2.0,8.0,15.31,7
saas_004054,0,36.67,47.0,11.0,0.0,4.0,26.13,19
saas_002237,1,34.1,17.0,8.0,1.0,10.0,34.9,9
saas_007106,0,20.48,37.0,1.0,0.0,11.0,8.42,5
saas_009668,1,48.91,53.0,1.0,1.0,7.0,60.26,9
saas_004745,0,71.68,29.0,41.0,0.0,10.0,42.43,12
saas_000864,0,0.0,7.0,21.0,2.0,6.0,21.07,2
saas_006203,1,44.72,15.0,1.0,1.0,13.0,22.15,23
saas_005508,1,31.2,25.0,6.0,1.0,14.0,32.88,11
saas_007429,1,31.08,96.0,44.0,0.0,5.0,7.47,14
saas_000371,0,16.98,147.0,45.0,1.0,5.0,18.6,26
saas_006296,1,37.52,3.0,2.0,0.0,8.0,48.53,24
saas_005551,0,6.95,15.0,38.0,0.0,12.0,11.1,6
saas_005723,1,44.65,2367.0,1.0,2.0,8.0,11.48,11
saas_005899,0,14.28,39.0,5.0,0.0,3.0,27.19,29
saas_009287,1,6.94,4.0,28.0,0.0,3.0,24.64,1
saas_007871,1,18.44,14.0,55.0,1.0,6.0,22.02,24
saas_002364,0,4.08,895.0,8.0,1.0,12.0,30.57,11
saas_003213,0,31.45,4.0,3.0,0.0,3.0,34.93,28
saas_000911,1,31.0,36.0,27.0,2.0,12.0,17.04,24
saas_009047,1,52.53,3476.0,7.0,1.0,11.0,22.66,2
saas_009790,1,0.45,38.0,4.0,0.0,2.0,0.0,3
saas_007289,1,28.77,97.0,33.0,0.0,5.0,41.5,9
saas_009958,1,27.33,6.0,16.0,2.0,8.0,22.61,22
saas_006536,0,0.0,3.0,6.0,2.0,8.0,15.53,8
saas_009192,1,12.0,2.0,37.0,0.0,10.0,20.42,29
saas_001423,1,2.65,164.0,15.0,0.0,5.0,24.89,15
saas_009807,1,27.53,76.0,19.0,0.0,9.0,37.5,25
saas_000479,0,20.8,988.0,19.0,0.0,10.0,17.81,5
saas_000662,1,24.17,5.0,22.0,0.0,10.0,38.42,24
saas_004476,0,40.9,29.0,57.0,1.0,5.0,29.48,12
saas_008982,0,37.97,1.0,1.0,1.0,13.0,22.8,14
saas_008077,0,50.62,167.0,5.0,0.0,3.0,44.13,23
saas_002988,0,16.79,28.0,4.0,1.0,10.0,19.06,2
saas_001119,0,47.73,4.0,3.0,2.0,11.0,14.02,9
saas_002776,0,13.5,46.0,8.0,2.0,6.0,32.74,19
saas_009835,1,32.7,2.0,15.0,1.0,9.0,34.07,30
saas_005003,0,0.0,38.0,24.0,0.0,7.0,10.27,10
saas_006649,0,27.09,1.0,17.0,0.0,7.0,17.12,29
saas_007254,0,24.01,23.0,15.0,1.0,6.0,26.13,25
saas_004427,1,40.22,2.0,2.0,1.0,13.0,28.1,21
saas_007431,0,61.71,152.0,9.0,1.0,6.0,55.54,16
saas_003981,1,9.4,13.0,21.0,0.0,12.0,12.11,29
saas_006351,0,22.1,5.0,30.0,1.0,11.0,36.39,3
saas_002893,1,40.31,7.0,14.0,1.0,10.0,17.92,10
saas_002669,1,9.95,7.0,8.0,1.0,5.0,19.01,7
saas_003977,0,0.93,13.0,14.0,2.0,10.0,7.05,17
saas_005259,1,19.12,28.0,20.0,2.0,9.0,18.71,6
saas_000279,0,38.16,29.0,19.0,0.0,4.0,53.08,14
saas_006730,1,43.89,79.0,14.0,1.0,9.0,41.89,17
saas_006104,0,38.96,31.0,1.0,1.0,3.0,51.33,8
saas_007020,0,6.09,24.0,8.0,1.0,13.0,28.34,29
saas_001694,1,1.1,3.0,56.0,0.0,10.0,9.97,15
saas_008912,0,32.37,2.0,1.0,1.0,6.0,27.8,3
saas_003479,0,45.52,20.0,1.0,1.0,11.0,18.41,13
saas_004416,0,10.04,128.0,1.0,1.0,3.0,17.17,13
saas_007592,1,66.22,23.0,3.0,0.0,11.0,35.07,3
saas_006282,0,34.04,51.0,20.0,0.0,8.0,24.45,23
saas_005603,1,8.44,35.0,41.0,0.0,2.0,24.78,1
saas_008619,0,2.71,20.0,50.0,0.0,4.0,14.63,30
saas_007780,1,14.52,30.0,5.0,1.0,8.0,23.65,24
saas_004296,0,3.02,13.0,28.0,0.0,9.0,4.5,11
saas_004593,0,67.15,12.0,34.0,2.0,7.0,49.21,21
saas_004844,1,25.56,18.0,8.0,0.0,5.0,47.22,7
saas_002209,1,5.33,10.0,22.0,0.0,10.0,10.24,12
saas_007605,1,32.89,61.0,1.0,0.0,7.0,37.41,10
saas_005501,1,31.26,1.0,1.0,0.0,16.0,44.99,9
saas_000184,1,32.81,38.0,8.0,2.0,12.0,13.67,7
saas_004800,0,36.54,20.0,5.0,1.0,9.0,17.53,14
saas_004845,1,68.22,73.0,2.0,0.0,9.0,28.75,27
saas_002350,0,8.75,53.0,28.0,0.0,8.0,24.87,20
saas_000553,0,6.11,425.0,1.0,0.0,8.0,28.11,20
saas_001397,0,23.79,15.0,17.0,1.0,10.0,26.07,17
saas_001384,1,22.04,1.0,14.0,1.0,3.0,33.11,3
saas_009182,0,0.0,96.0,3.0,0.0,8.0,19.56,19
saas_009817,1,24.6,19.0,15.0,0.0,13.0,14.43,30
saas_000297,1,0.45,11.0,5.0,0.0,8.0,0.0,13
saas_000443,0,25.17,145.0,59.0,0.0,11.0,34.61,29
saas_007338,1,11.29,9.0,24.0,1.0,9.0,25.88,28
saas_002077,1,30.04,21.0,24.0,2.0,10.0,34.35,24
saas_007815,1,25.01,1.0,1.0,1.0,13.0,16.63,16
saas_002229,0,21.69,30.0,9.0,0.0,12.0,27.67,15
saas_002842,1,7.7,47.0,15.0,1.0,7.0,12.35,10
saas_002537,1,59.6,1.0,24.0,0.0,5.0,67.48,10
saas_008145,0,44.56,16.0,8.0,1.0,8.0,32.09,18
saas_009536,0,57.36,16.0,1.0,1.0,9.0,12.45,5
saas_006443,1,0.45,17.0,3.0,1.0,6.0,24.05,22
saas_003367,0,52.81,13.0,32.0,0.0,5.0,38.7,1
saas_004486,0,45.15,254.0,23.0,1.0,6.0,35.23,29
saas_002578,0,36.73,134.0,3.0,0.0,8.0,17.03,21
saas_001131,0,63.18,13.0,8.0,2.0,8.0,64.58,18
saas_004818,0,16.4,47.0,29.0,1.0,14.0,15.79,19
saas_000320,0,27.79,64.0,2.0,0.0,4.0,22.9,24
saas_001371,1,29.09,69.0,3.0,0.0,6.0,21.11,30
saas_004042,1,0.45,19.0,16.0,2.0,9.0,15.29,23
saas_009125,0,47.54,37.0,12.0,2.0,9.0,37.1,11
saas_005145,1,29.37,23.0,1.0,0.0,13.0,44.9,25
saas_000907,1,49.77,2.0,21.0,1.0,5.0,39.45,8
saas_009426,0,14.61,6.0,4.0,0.0,9.0,11.16,6
saas_003950,0,59.85,6.0,7.0,2.0,4.0,40.26,10
saas_006145,1,23.41,10.0,4.0,0.0,9.0,28.45,4
saas_008886,1,28.57,15.0,1.0,1.0,8.0,27.93,10
saas_006695,0,35.21,3.0,19.0,0.0,7.0,39.17,12
saas_004977,0,33.31,46.0,19.0,2.0,4.0,23.55,11
saas_006092,0,15.77,12.0,17.0,0.0,6.0,15.03,13
saas_008408,1,7.52,91.0,3.0,1.0,6.0,17.03,26
saas_000926,1,52.44,15.0,7.0,0.0,6.0,28.23,13
saas_006143,1,22.73,18.0,8.0,1.0,4.0,21.65,25
saas_000015,1,40.94,5.0,29.0,1.0,6.0,21.55,19
saas_000143,0,25.27,30.0,24.0,2.0,12.0,17.99,14
saas_002363,0,47.13,41.0,21.0,0.0,9.0,49.74,25
saas_000129,1,23.91,5.0,42.0,0.0,8.0,30.93,29
saas_001161,0,19.27,11.0,3.0,1.0,7.0,22.68,26
saas_007551,1,44.08,56.0,4.0,0.0,6.0,36.45,26
saas_006129,0,0.0,14.0,13.0,1.0,10.0,28.41,19
saas_004665,0,34.6,75.0,71.0,0.0,8.0,28.5,3
saas_005660,1,44.07,35.0,9.0,1.0,6.0,38.25,25
saas_006460,1,91.31,138.0,3.0,0.0,9.0,56.56,2
saas_001876,1,10.53,60.0,17.0,1.0,7.0,33.71,24
saas_002488,0,32.88,158.0,81.0,1.0,7.0,31.82,11
saas_005327,0,25.89,5.0,2.0,0.0,9.0,30.83,2
saas_009361,1,27.46,8.0,11.0,0.0,6.0,26.27,27
saas_001182,1,74.12,6.0,4.0,1.0,9.0,46.35,24
saas_006135,1,40.46,19.0,13.0,1.0,10.0,25.18,8
saas_006377,1,3.49,56.0,3.0,0.0,7.0,29.59,26
saas_001170,0,53.0,3.0,8.0,1.0,8.0,48.74,1
saas_002182,0,48.33,1.0,7.0,1.0,6.0,55.52,11
saas_003371,0,16.22,2.0,11.0,2.0,7.0,19.19,9
saas_008040,0,1.76,9.0,15.0,0.0,9.0,0.0,30
saas_001859,1,14.51,2.0,15.0,0.0,8.0,15.07,25
saas_004860,0,37.29,1.0,5.0,0.0,11.0,44.08,13
saas_009255,1,25.88,3.0,3.0,0.0,6.0,13.38,26
saas_008345,1,17.09,82.0,29.0,0.0,4.0,25.43,15
saas_007347,0,26.24,11.0,10.0,1.0,6.0,22.67,10
saas_004864,1,26.65,5.0,1.0,0.0,14.0,8.01,27
saas_009886,1,35.79,8.0,1.0,0.0,13.0,24.3,1
saas_006388,0,0.0,8.0,3.0,1.0,11.0,4.84,15
saas_003121,0,0.0,26.0,2.0,0.0,6.0,13.33,18
saas_000387,0,20.73,44.0,25.0,1.0,6.0,55.49,16
saas_007785,0,46.12,505.0,20.0,0.0,9.0,48.7,20
saas_001032,0,30.07,9.0,12.0,1.0,16.0,36.34,15
saas_007852,0,52.4,481.0,9.0,0.0,8.0,19.33,12
saas_005418,1,38.93,13.0,18.0,1.0,7.0,1.11,14
saas_000931,0,35.23,39.0,26.0,0.0,8.0,32.35,23
saas_004019,0,36.87,20.0,5.0,0.0,6.0,19.11,28
saas_000691,1,40.05,13.0,25.0,0.0,9.0,56.56,10
saas_005298,1,22.58,50.0,10.0,0.0,7.0,6.68,25
saas_006658,1,25.48,100.0,1.0,0.0,5.0,23.07,13
saas_000829,0,36.17,1.0,2.0,0.0,10.0,58.49,24
saas_003498,0,38.89,14.0,9.0,0.0,7.0,21.46,18
saas_002081,0,14.58,35.0,1.0,1.0,4.0,16.55,9
saas_009440,1,24.92,17.0,5.0,0.0,2.0,1.54,30
saas_000044,0,57.01,23.0,7.0,2.0,11.0,23.53,2
saas_003939,1,49.7,185.0,9.0,0.0,10.0,40.03,26
saas_005257,0,57.39,3.0,1.0,2.0,9.0,42.98,27
saas_008437,0,2.5,3.0,4.0,2.0,6.0,0.7,18
saas_004319,1,44.95,1873.0,23.0,1.0,11.0,46.57,20
saas_002965,0,23.92,1.0,6.0,1.0,9.0,30.78,25
saas_003969,1,0.45,4.0,6.0,0.0,10.0,0.0,17
saas_001187,0,4.9,34.0,11.0,0.0,8.0,0.0,10
saas_000284,1,0.45,3.0,1.0,0.0,8.0,26.57,22
saas_008873,1,48.26,45.0,1.0,2.0,9.0,41.25,16
saas_004159,0,0.0,39.0,42.0,2.0,6.0,3.62,25
saas_003092,0,30.9,81.0,23.0,0.0,4.0,25.91,2
saas_004556,1,47.59,34.0,4.0,2.0,7.0,36.54,10
saas_004584,0,27.16,12.0,44.0,0.0,8.0,26.37,3
saas_004323,0,20.81,23.0,16.0,0.0,5.0,20.87,13
saas_005504,1,16.03,22.0,6.0,2.0,14.0,8.51,12
saas_007074,1,52.76,118.0,25.0,1.0,5.0,47.7,23
saas_003364,1,29.28,41.0,2.0,1.0,7.0,15.6,28
saas_008025,1,0.45,50.0,28.0,1.0,13.0,10.59,17
saas_003195,0,46.2,98.0,13.0,1.0,5.0,24.26,9
saas_008810,0,32.94,9.0,42.0,0.0,7.0,40.21,30
saas_000969,0,0.0,21.0,16.0,1.0,8.0,11.98,24
saas_003734,0,9.84,22.0,6.0,2.0,13.0,21.1,10
saas_000925,0,0.0,338.0,15.0,0.0,9.0,19.93,1
saas_009496,1,0.45,13.0,38.0,2.0,8.0,7.8,3
saas_006451,0,48.79,32.0,7.0,1.0,13.0,41.33,9
saas_008797,0,0.0,114.0,2.0,2.0,9.0,20.28,22
saas_002851,0,45.34,171.0,10.0,2.0,4.0,31.92,20
saas_005180,0,0.0,7.0,13.0,1.0,7.0,12.68,17
saas_006723,0,7.65,2.0,17.0,1.0,9.0,30.9,21
saas_009322,1,8.22,2.0,1.0,1.0,6.0,20.6,24
saas_007810,0,22.32,40.0,13.0,1.0,10.0,34.57,27
saas_004471,0,18.64,6.0,3.0,1.0,6.0,11.8,7
saas_005168,0,63.63,92.0,10.0,1.0,9.0,16.18,12
saas_004348,0,0.0,36.0,5.0,0.0,2.0,0.0,26
saas_007903,1,36.25,9.0,6.0,0.0,10.0,50.88,4
saas_003626,1,71.75,21.0,7.0,0.0,4.0,61.28,20
saas_001789,1,10.14,92.0,11.0,1.0,17.0,11.65,15
saas_008293,1,51.45,26.0,13.0,1.0,0.0,41.72,28
saas_002059,1,61.12,3.0,4.0,1.0,5.0,51.08,8
saas_004013,0,61.47,266.0,1.0,0.0,12.0,37.92,17
saas_001902,1,20.59,49.0,1.0,0.0,11.0,33.92,9
saas_005573,1,59.53,50.0,25.0,0.0,9.0,24.53,9
saas_006925,1,36.24,4.0,40.0,0.0,13.0,26.11,3
saas_000075,0,0.0,56.0,38.0,1.0,9.0,23.27,1
saas_002345,1,0.45,4.0,13.0,2.0,9.0,0.0,9
saas_005484,0,30.94,67.0,46.0,2.0,11.0,42.97,17
saas_000430,1,42.02,4.0,7.0,0.0,14.0,48.19,30
saas_004586,0,40.96,42.0,7.0,1.0,11.0,45.63,4
saas_008099,0,7.85,289.0,7.0,0.0,13.0,0.0,24
saas_008457,1,27.47,8.0,12.0,0.0,11.0,17.74,14
saas_008156,1,56.71,15.0,48.0,0.0,7.0,40.55,14
saas_007893,0,56.71,8.0,1.0,1.0,8.0,43.36,25
saas_001553,0,37.53,11.0,8.0,1.0,10.0,24.72,15
saas_000240,0,86.63,5.0,36.0,0.0,11.0,45.23,22
saas_000783,1,0.45,76.0,7.0,1.0,12.0,14.84,9
saas_003066,0,44.67,29.0,8.0,1.0,4.0,43.64,22
saas_000977,1,49.66,10.0,13.0,0.0,5.0,28.92,1
saas_002941,0,0.0,133.0,27.0,0.0,14.0,13.79,13
saas_005377,0,47.17,12.0,1.0,2.0,9.0,20.85,27
saas_004730,0,0.0,15.0,19.0,2.0,3.0,19.09,24
saas_001620,1,16.7,47.0,2.0,0.0,3.0,23.59,30
saas_002146,1,26.56,4.0,12.0,0.0,6.0,32.98,28
saas_001801,0,0.0,39.0,40.0,0.0,6.0,10.66,23
saas_002095,0,31.24,65.0,10.0,1.0,10.0,10.31,13
saas_006074,1,0.45,22.0,1.0,1.0,7.0,10.03,17
saas_005245,1,65.59,24.0,15.0,1.0,4.0,29.84,1
saas_001357,0,49.75,9.0,28.0,0.0,10.0,27.89,23
saas_008063,1,29.06,45.0,1.0,0.0,9.0,25.38,6
saas_006050,1,22.18,6.0,4.0,2.0,5.0,42.11,8
saas_008368,0,5.35,31.0,10.0,2.0,8.0,23.87,3
saas_006017,1,22.16,2.0,25.0,0.0,6.0,20.85,3
saas_009931,0,21.25,52.0,5.0,2.0,4.0,33.63,15
saas_008769,0,37.36,20.0,1.0,1.0,6.0,47.93,29
saas_007503,1,86.21,18.0,13.0,0.0,5.0,47.18,16
saas_001609,1,0.45,11.0,15.0,0.0,7.0,18.98,23
saas_003096,1,3.65,147.0,21.0,0.0,8.0,32.38,23
saas_009771,0,21.73,118.0,1.0,2.0,5.0,30.64,22
saas_002415,1,2.65,153.0,17.0,1.0,11.0,6.26,15
saas_002017,0,16.49,7.0,27.0,0.0,8.0,4.96,4
saas_006018,0,86.06,99.0,9.0,0.0,4.0,59.47,2
saas_004125,1,51.29,17.0,17.0,1.0,3.0,47.21,26
saas_009802,0,39.47,35.0,1.0,1.0,7.0,57.63,19
saas_003246,1,0.45,5.0,21.0,0.0,4.0,36.2,4
saas_000124,0,65.69,70.0,1.0,1.0,1.0,52.17,29
saas_006425,1,36.32,186.0,1.0,2.0,4.0,42.91,13
saas_005308,0,1.81,152.0,9.0,1.0,12.0,15.59,17
saas_007463,1,24.36,6.0,1.0,1.0,11.0,22.23,3
saas_009157,0,40.81,249.0,13.0,1.0,6.0,53.3,1
saas_003341,1,37.85,63.0,9.0,1.0,7.0,37.49,5
saas_000598,0,54.27,28.0,11.0,0.0,7.0,24.61,30
saas_002123,1,45.62,22.0,30.0,2.0,6.0,58.68,2
saas_009498,0,34.89,100.0,2.0,0.0,6.0,21.73,4
saas_007685,1,67.34,2.0,13.0,1.0,10.0,37.85,1
saas_007049,0,22.43,89.0,5.0,0.0,11.0,30.19,23
saas_009661,0,46.35,24.0,1.0,1.0,4.0,60.91,20
saas_002197,0,17.35,20.0,7.0,0.0,4.0,19.28,17
saas_004051,1,45.17,17.0,1.0,0.0,14.0,49.08,26
saas_006054,0,61.2,17.0,11.0,0.0,8.0,31.04,26
saas_003362,1,31.5,27.0,3.0,2.0,5.0,14.2,4
saas_006851,0,0.0,340.0,6.0,1.0,4.0,8.4,15
saas_000725,1,32.23,179.0,27.0,2.0,11.0,39.46,13
saas_004934,0,33.61,11.0,4.0,0.0,2.0,37.49,27
saas_000978,1,0.45,2.0,5.0,0.0,11.0,0.0,21
saas_000808,0,60.92,12.0,10.0,1.0,9.0,59.16,19
saas_009603,0,36.15,23.0,21.0,0.0,6.0,28.25,10
saas_001475,1,100.0,15.0,1.0,0.0,9.0,61.31,24
saas_005935,1,0.45,3.0,11.0,0.0,7.0,19.7,6
saas_009036,0,22.65,2.0,22.0,1.0,11.0,9.57,25
saas_007335,0,82.61,149.0,9.0,0.0,6.0,73.41,1
saas_003962,0,50.95,43.0,8.0,1.0,4.0,38.25,17
saas_006422,1,54.61,1.0,7.0,1.0,7.0,14.69,24
saas_004905,1,2.65,129.0,26.0,0.0,10.0,9.46,10
saas_001235,1,4.7,6.0,25.0,1.0,8.0,0.0,3
saas_001225,0,6.32,44.0,1.0,0.0,5.0,13.74,20
saas_008049,0,37.67,90.0,18.0,1.0,5.0,17.5,24
saas_009278,0,36.01,1.0,21.0,0.0,9.0,16.93,25
saas_008671,0,9.95,22.0,11.0,1.0,10.0,35.83,5
saas_005229,1,42.11,12.0,1.0,1.0,6.0,12.21,26
saas_006950,1,2.65,261.0,18.0,1.0,6.0,18.86,17
saas_003217,1,2.65,123.0,1.0,1.0,6.0,22.97,10
saas_000287,1,38.12,21.0,1.0,1.0,6.0,42.22,30
saas_005023,0,71.39,4.0,31.0,2.0,12.0,44.03,15
saas_002966,1,22.98,166.0,8.0,0.0,10.0,6.41,15
saas_003164,1,39.17,7.0,23.0,0.0,11.0,42.13,19
saas_006003,0,44.32,49.0,8.0,1.0,12.0,35.52,17
saas_008887,0,0.0,8.0,1.0,0.0,2.0,0.0,16
saas_001657,1,0.45,1.0,3.0,2.0,12.0,12.44,29
saas_001975,0,44.57,63.0,9.0,1.0,4.0,34.71,26
saas_002397,1,19.22,15.0,7.0,2.0,11.0,7.19,11
saas_000452,0,11.3,374.0,46.0,2.0,5.0,24.54,6
saas_008030,0,22.45,44.0,2.0,0.0,10.0,35.14,11
saas_004696,1,19.2,58.0,10.0,0.0,6.0,13.95,9
saas_003681,0,42.3,46.0,8.0,0.0,3.0,13.0,8
saas_000422,1,8.49,8.0,16.0,2.0,11.0,1.88,26
saas_009725,1,44.99,1.0,18.0,1.0,13.0,42.53,3
saas_000657,0,22.59,26.0,1.0,0.0,6.0,15.02,15
saas_003301,0,0.0,442.0,11.0,2.0,6.0,9.09,22
saas_006394,1,7.24,354.0,16.0,0.0,9.0,13.49,25
saas_002845,1,0.45,4.0,24.0,1.0,8.0,7.96,9
saas_008291,0,30.38,210.0,4.0,1.0,7.0,23.79,21
saas_007497,0,18.92,27.0,68.0,0.0,4.0,5.66,28
saas_001001,1,71.28,6.0,12.0,0.0,13.0,49.18,9
saas_004198,0,0.0,1.0,13.0,1.0,4.0,3.83,11
saas_002418,1,40.74,50.0,77.0,0.0,10.0,34.67,9
saas_007482,0,22.17,23.0,8.0,1.0,7.0,13.22,2
saas_005706,1,0.45,91.0,5.0,0.0,9.0,19.2,29
saas_003847,0,51.39,1223.0,14.0,1.0,10.0,44.9,17
saas_000961,0,52.37,24.0,1.0,2.0,11.0,56.0,12
saas_001580,1,8.89,119.0,11.0,0.0,7.0,9.34,17
saas_005007,0,0.37,37.0,5.0,2.0,6.0,7.64,2
saas_002206,1,31.21,10.0,4.0,2.0,4.0,37.32,29
saas_006312,1,42.84,22.0,26.0,0.0,10.0,39.7,14
saas_009562,0,25.4,135.0,6.0,0.0,6.0,23.11,20
saas_004231,0,56.54,57.0,11.0,0.0,7.0,45.67,16
saas_000757,0,0.81,72.0,37.0,2.0,6.0,25.25,5
saas_002284,0,33.33,39.0,5.0,1.0,4.0,40.51,15
saas_006663,0,0.5,17.0,1.0,0.0,6.0,23.24,15
saas_004755,1,0.45,8.0,7.0,0.0,9.0,3.06,4
saas_008211,0,28.82,15.0,11.0,2.0,10.0,31.86,14
saas_000807,1,50.85,3.0,16.0,1.0,13.0,43.27,22
saas_006575,0,0.0,17.0,52.0,2.0,7.0,0.0,16
saas_007719,1,49.41,2.0,33.0,2.0,9.0,21.09,4
saas_001956,1,45.45,78.0,19.0,1.0,13.0,42.4,1
saas_002445,0,15.49,997.0,2.0,2.0,9.0,25.62,19
saas_005875,0,59.89,106.0,16.0,0.0,7.0,30.31,30
saas_008163,0,17.94,57.0,18.0,2.0,6.0,18.84,20
saas_006138,1,1.11,16.0,18.0,0.0,6.0,2.33,17
saas_002402,0,40.09,30.0,8.0,0.0,8.0,24.94,14
saas_001073,1,22.39,1.0,8.0,1.0,5.0,27.76,23
saas_006557,1,57.94,14.0,4.0,0.0,5.0,22.95,19
saas_004240,1,20.45,21.0,19.0,2.0,10.0,36.1,29
saas_008509,1,31.86,12.0,19.0,0.0,8.0,18.32,5
saas_002091,0,34.58,51.0,31.0,2.0,10.0,49.7,23
saas_004527,0,43.44,26.0,3.0,1.0,12.0,36.77,4
saas_007202,1,49.74,44.0,14.0,1.0,12.0,29.3,3
saas_006795,1,43.24,358.0,4.0,1.0,9.0,36.17,27
saas_007237,1,13.13,21.0,8.0,2.0,9.0,4.74,2
saas_007422,0,7.51,45.0,3.0,0.0,9.0,16.22,11
saas_006849,1,46.5,135.0,10.0,1.0,10.0,33.96,28
saas_006836,1,61.46,33.0,1.0,0.0,7.0,36.07,1
saas_001003,1,6.81,51.0,3.0,0.0,15.0,0.0,4
saas_009099,0,12.02,18.0,24.0,0.0,4.0,8.4,22
saas_006562,0,22.7,40.0,35.0,1.0,6.0,4.97,11
saas_005614,0,29.48,63.0,13.0,0.0,5.0,18.81,13
saas_004651,0,20.16,88.0,31.0,0.0,6.0,23.27,8
saas_005313,0,0.0,15.0,4.0,0.0,8.0,16.71,29
saas_001485,1,41.76,5.0,21.0,0.0,8.0,42.07,18
saas_007607,1,13.9,3.0,1.0,0.0,7.0,16.04,1
saas_001411,0,38.39,569.0,7.0,0.0,7.0,39.14,4
saas_009303,0,32.63,18.0,42.0,1.0,2.0,29.57,1
saas_000709,0,0.0,53.0,39.0,0.0,10.0,15.51,7
saas_009806,1,53.97,11.0,11.0,1.0,8.0,31.36,17
saas_008042,0,49.55,62.0,21.0,2.0,6.0,12.22,12
saas_007211,1,27.71,3.0,20.0,0.0,12.0,16.82,20
saas_003076,1,0.45,19.0,11.0,1.0,8.0,8.93,25
saas_008314,0,52.5,8.0,5.0,0.0,7.0,57.55,23
saas_004101,0,45.96,25.0,1.0,0.0,4.0,42.91,18
saas_005114,0,32.81,237.0,19.0,1.0,7.0,34.43,4
saas_002722,1,48.55,1.0,39.0,0.0,6.0,42.09,20
saas_009359,1,4.15,9.0,6.0,1.0,12.0,19.04,16
saas_001268,0,0.0,53.0,2.0,1.0,5.0,0.0,2
saas_002462,0,19.56,15.0,19.0,1.0,3.0,24.56,11
saas_005464,0,55.7,4.0,1.0,0.0,10.0,29.6,1
saas_000268,1,28.05,21.0,4.0,2.0,10.0,35.01,29
saas_003580,1,53.71,52.0,8.0,2.0,13.0,50.7,9
saas_005349,1,0.8,19.0,2.0,1.0,11.0,38.4,4
saas_007290,0,42.92,288.0,1.0,1.0,15.0,42.23,16
saas_005157,1,15.46,42.0,1.0,0.0,5.0,16.33,14
saas_006601,1,24.77,12.0,1.0,0.0,10.0,8.38,30
saas_002821,1,12.81,31.0,14.0,0.0,9.0,37.69,4
saas_005807,0,17.65,16.0,1.0,2.0,7.0,5.46,13
saas_000589,0,63.35,225.0,49.0,1.0,6.0,60.36,24
saas_005955,0,38.06,24.0,3.0,0.0,9.0,25.74,4
saas_005254,0,26.09,65.0,2.0,1.0,3.0,13.85,2
saas_006661,0,0.0,785.0,6.0,0.0,9.0,14.62,1
saas_007656,1,38.05,3.0,9.0,0.0,5.0,35.04,8
saas_008725,0,12.42,57.0,20.0,1.0,10.0,49.37,18
saas_006896,1,0.45,23.0,9.0,1.0,7.0,0.0,18
saas_007594,1,17.74,18.0,5.0,1.0,9.0,15.19,12
saas_002028,0,49.96,27.0,10.0,0.0,12.0,38.95,4
saas_006818,1,28.86,24.0,10.0,0.0,13.0,19.09,1
saas_000677,0,37.39,37.0,29.0,0.0,13.0,29.83,12
saas_005763,1,13.0,361.0,7.0,0.0,7.0,27.02,21
saas_001232,1,0.45,3.0,2.0,1.0,11.0,0.61,26
saas_005296,0,20.91,6.0,15.0,0.0,4.0,10.2,17
saas_007103,0,43.53,94.0,8.0,0.0,4.0,9.02,16
saas_005034,0,86.24,91.0,4.0,0.0,8.0,50.58,19
saas_005452,1,31.34,280.0,5.0,0.0,9.0,41.69,18
saas_002432,0,16.43,4.0,3.0,0.0,13.0,28.6,28
saas_006319,1,37.66,86.0,4.0,0.0,10.0,33.16,14
saas_006119,0,12.2,10.0,6.0,0.0,10.0,48.74,26
saas_009158,0,8.57,7.0,1.0,0.0,9.0,15.18,19
saas_009953,1,37.37,93.0,3.0,1.0,8.0,51.32,3
saas_000896,0,0.0,7.0,25.0,0.0,5.0,4.77,21
saas_001611,0,15.93,13.0,8.0,0.0,8.0,18.03,9
saas_006474,1,67.09,1.0,18.0,0.0,9.0,49.4,12
saas_007661,0,27.83,77.0,10.0,2.0,9.0,27.54,3
saas_007460,0,3.59,34.0,3.0,1.0,5.0,27.34,1
saas_003806,1,3.97,5.0,10.0,1.0,10.0,0.0,25
saas_008273,1,0.45,50.0,18.0,1.0,7.0,9.07,11
saas_009451,1,18.65,13.0,19.0,0.0,12.0,26.74,19
saas_004701,1,57.13,9.0,59.0,2.0,1.0,60.24,11
saas_003961,1,66.45,149.0,1.0,1.0,10.0,51.89,30
saas_005417,0,21.9,84.0,16.0,1.0,12.0,0.08,26
saas_000890,1,38.85,5.0,8.0,1.0,5.0,24.57,15
saas_004999,1,32.76,5.0,2.0,2.0,11.0,29.57,17
saas_007506,1,41.6,1.0,1.0,0.0,5.0,62.04,3
saas_007881,1,0.45,72.0,21.0,1.0,8.0,7.94,29
saas_005095,0,21.95,13.0,28.0,0.0,6.0,50.45,11
saas_006932,1,31.42,23.0,1.0,1.0,9.0,37.12,3
saas_009617,0,32.17,28.0,12.0,1.0,7.0,28.48,25
saas_002799,1,32.44,7.0,20.0,0.0,2.0,16.58,21
saas_000584,0,31.5,58.0,3.0,0.0,14.0,31.41,8
saas_003268,0,6.04,12.0,8.0,1.0,12.0,15.82,9
saas_003932,0,20.17,34.0,2.0,0.0,9.0,24.54,2
saas_001260,0,40.65,89.0,19.0,0.0,12.0,27.21,19
saas_006205,0,23.73,1.0,5.0,0.0,1.0,14.85,23
saas_000310,1,17.03,117.0,7.0,0.0,8.0,8.16,9
saas_007789,0,2.2,11.0,4.0,2.0,9.0,5.01,23
saas_006458,0,14.74,11.0,11.0,1.0,9.0,14.49,15
saas_006206,0,9.56,166.0,1.0,2.0,7.0,19.33,22
saas_005882,0,36.4,18.0,7.0,0.0,7.0,54.56,25
saas_004668,1,15.68,323.0,9.0,1.0,8.0,48.23,12
saas_004298,1,27.4,248.0,40.0,0.0,11.0,24.32,20
saas_003783,1,20.31,152.0,12.0,0.0,9.0,24.37,4
saas_001008,1,29.02,62.0,2.0,0.0,16.0,14.91,1
saas_008354,0,7.27,6.0,1.0,1.0,10.0,44.25,21
saas_002185,1,15.86,20.0,26.0,0.0,11.0,20.95,24
saas_003623,1,25.4,97.0,7.0,0.0,12.0,37.34,21
saas_007039,0,71.65,2.0,28.0,1.0,8.0,60.95,6
saas_004922,1,0.45,26.0,14.0,0.0,16.0,20.33,5
saas_009673,0,46.31,1553.0,25.0,1.0,7.0,55.82,25
saas_007950,0,0.0,2.0,11.0,2.0,7.0,0.0,20
saas_006125,0,0.0,2.0,1.0,1.0,9.0,34.83,18
saas_004756,0,17.93,25.0,14.0,0.0,14.0,36.52,23
saas_005074,1,61.77,128.0,1.0,1.0,5.0,37.82,25
saas_000090,1,19.69,54.0,10.0,2.0,13.0,8.05,13
saas_005974,1,50.65,142.0,18.0,0.0,6.0,36.23,16
saas_006418,1,22.17,342.0,1.0,1.0,5.0,20.84,30
saas_008640,0,8.33,75.0,5.0,1.0,10.0,26.82,26
saas_008690,1,34.57,4.0,7.0,2.0,2.0,27.22,2
saas_002117,0,0.0,23.0,1.0,1.0,5.0,0.0,12
saas_002937,0,29.69,169.0,1.0,1.0,10.0,25.88,30
saas_006842,1,23.55,61.0,2.0,1.0,3.0,31.47,27
saas_000983,0,55.23,60.0,2.0,0.0,6.0,31.43,29
saas_007260,1,12.97,22.0,28.0,2.0,8.0,24.25,13
saas_009985,1,20.25,79.0,6.0,0.0,8.0,9.98,27
saas_002925,1,77.59,77.0,9.0,1.0,7.0,44.48,24
saas_006061,1,24.17,5.0,48.0,0.0,8.0,13.32,3
saas_003214,1,0.45,92.0,8.0,0.0,7.0,15.95,4
saas_006447,0,6.72,19.0,10.0,0.0,6.0,11.48,1
saas_006779,1,28.54,207.0,5.0,0.0,12.0,37.02,4
saas_007038,1,48.57,104.0,15.0,1.0,9.0,32.75,18
saas_005663,1,47.78,30.0,1.0,0.0,5.0,40.9,27
saas_000627,1,18.35,155.0,1.0,1.0,11.0,8.61,1
saas_008008,0,32.62,15.0,1.0,0.0,9.0,32.39,20
saas_005125,0,27.4,185.0,15.0,0.0,4.0,36.76,17
saas_004765,0,22.75,34.0,11.0,0.0,7.0,22.24,7
saas_008143,1,32.66,87.0,27.0,1.0,13.0,29.21,30
saas_009594,1,0.45,10.0,4.0,2.0,5.0,23.13,14
saas_001269,1,0.45,48.0,17.0,0.0,8.0,1.93,2
saas_000128,1,37.12,7.0,20.0,1.0,13.0,40.57,4
saas_006112,1,5.3,24.0,19.0,2.0,3.0,11.72,5
saas_001711,1,30.66,1.0,16.0,1.0,9.0,12.82,22
saas_007862,1,45.69,4.0,26.0,0.0,3.0,52.07,23
saas_004235,1,37.35,49.0,15.0,1.0,8.0,56.38,3
saas_005192,1,39.94,32.0,3.0,2.0,9.0,23.4,28
saas_002398,0,18.83,7.0,7.0,1.0,6.0,5.58,26
saas_005434,1,53.55,4.0,37.0,1.0,8.0,25.13,29
saas_006057,1,11.54,4.0,9.0,0.0,6.0,17.38,12
saas_009318,0,0.0,52.0,12.0,0.0,5.0,0.0,5
saas_001186,0,44.88,12.0,2.0,0.0,8.0,36.47,8
saas_006013,0,39.65,21.0,1.0,2.0,0.0,6.34,11
saas_009793,1,16.71,1.0,11.0,1.0,8.0,30.02,12
saas_006014,0,31.46,5.0,10.0,2.0,6.0,43.52,11
saas_001977,0,30.47,27.0,14.0,1.0,3.0,16.37,16
saas_009887,0,68.47,172.0,34.0,0.0,10.0,56.21,11
saas_004247,1,51.19,42.0,10.0,1.0,6.0,25.49,1
saas_007672,0,58.56,95.0,12.0,0.0,7.0,60.97,13
saas_000915,1,40.32,114.0,1.0,2.0,9.0,40.16,19
saas_001305,1,0.45,1.0,11.0,2.0,14.0,12.13,29
saas_005455,0,39.15,47.0,10.0,0.0,16.0,35.05,10
saas_003049,0,77.63,169.0,31.0,0.0,6.0,37.8,26
saas_009521,0,0.0,11.0,12.0,1.0,5.0,30.44,12
saas_001273,0,21.82,35.0,22.0,0.0,6.0,0.0,8
saas_008055,0,0.0,23.0,1.0,0.0,9.0,19.56,18
saas_002796,0,14.74,46.0,30.0,0.0,7.0,14.23,26
saas_001398,1,56.39,47.0,24.0,1.0,2.0,31.45,14
saas_003358,0,18.66,4.0,5.0,0.0,8.0,21.4,30
saas_000183,1,22.03,105.0,8.0,1.0,6.0,33.46,1
saas_006867,0,45.66,25.0,1.0,1.0,10.0,29.07,23
saas_005695,0,3.99,545.0,1.0,1.0,6.0,25.74,7
saas_008835,1,27.69,1.0,12.0,0.0,7.0,17.21,10
saas_009626,0,17.93,1.0,9.0,2.0,5.0,20.12,8
saas_006170,1,47.4,146.0,1.0,0.0,5.0,24.02,25
saas_006987,0,32.58,60.0,13.0,0.0,5.0,28.6,1
saas_004567,1,0.45,26.0,18.0,1.0,13.0,4.43,26
saas_008955,0,60.53,1.0,20.0,0.0,10.0,56.52,29
saas_002656,1,58.36,30.0,5.0,0.0,15.0,57.03,13
saas_008309,1,2.07,20.0,18.0,0.0,8.0,31.48,10
saas_006857,1,51.67,238.0,16.0,1.0,5.0,37.91,4
saas_001961,1,57.36,7.0,2.0,0.0,8.0,33.43,20
saas_006383,0,50.87,3.0,1.0,0.0,7.0,41.85,25
saas_008853,1,2.56,9.0,18.0,2.0,6.0,25.31,4
saas_009973,1,43.91,1.0,3.0,1.0,11.0,34.31,4
saas_001251,1,2.65,195.0,27.0,2.0,9.0,0.0,23
saas_003176,0,66.41,73.0,5.0,1.0,15.0,30.96,22
saas_007760,1,5.25,24.0,19.0,1.0,6.0,21.09,27
saas_005013,1,14.96,247.0,3.0,1.0,14.0,32.39,12
saas_009705,0,0.0,29.0,19.0,1.0,3.0,33.09,18
saas_006539,1,15.39,12.0,22.0,1.0,8.0,28.03,17
saas_003289,1,66.95,4.0,4.0,2.0,10.0,51.26,3
saas_006448,0,45.74,10.0,26.0,0.0,9.0,42.73,25
saas_008726,1,69.97,143.0,2.0,1.0,7.0,50.89,22
saas_007611,1,15.89,10.0,11.0,1.0,8.0,11.86,10
saas_006275,1,7.72,16.0,36.0,1.0,13.0,42.08,6
saas_006887,1,42.52,4.0,19.0,0.0,6.0,39.69,18
saas_001051,1,81.62,14.0,26.0,1.0,11.0,44.49,17
saas_004069,0,35.72,1.0,4.0,1.0,10.0,23.93,8
saas_006022,0,79.11,16.0,2.0,0.0,4.0,35.82,12
saas_005552,1,36.47,46.0,1.0,0.0,9.0,21.8,24
saas_000272,1,50.41,17.0,1.0,0.0,6.0,22.35,6
saas_002042,0,22.36,355.0,2.0,1.0,9.0,31.79,23
saas_004763,0,62.46,223.0,4.0,0.0,12.0,48.58,24
saas_008997,0,10.28,1.0,4.0,1.0,9.0,3.84,17
saas_005204,1,22.18,1.0,3.0,1.0,7.0,36.43,10
saas_009509,1,2.65,105.0,13.0,0.0,7.0,0.0,22
saas_001086,0,0.0,2.0,21.0,0.0,11.0,0.0,7
saas_008373,1,45.77,160.0,2.0,1.0,9.0,49.75,19
saas_007732,1,53.8,4.0,14.0,1.0,7.0,34.78,6
saas_007515,1,11.39,16.0,5.0,1.0,16.0,31.56,16
saas_006678,1,22.84,45.0,24.0,0.0,6.0,41.91,5
saas_004322,0,0.0,2.0,4.0,2.0,5.0,3.45,8
saas_006946,1,47.4,377.0,8.0,0.0,7.0,43.38,14
saas_007747,1,14.43,51.0,9.0,0.0,12.0,22.02,3
saas_006772,0,84.8,21.0,25.0,0.0,4.0,58.99,9
saas_005518,0,12.84,67.0,13.0,1.0,3.0,19.53,18
saas_005117,0,24.27,14.0,23.0,0.0,6.0,2.62,18
saas_006179,0,4.23,3.0,5.0,0.0,5.0,0.0,18
saas_004709,0,46.13,45.0,2.0,0.0,7.0,35.73,27
saas_008121,0,0.0,80.0,16.0,1.0,13.0,20.34,24
saas_005969,1,39.27,198.0,19.0,1.0,13.0,33.83,19
saas_006784,1,15.56,11.0,1.0,0.0,4.0,34.73,22
saas_003478,0,67.69,110.0,9.0,0.0,7.0,19.85,25
saas_008414,0,2.07,53.0,1.0,1.0,4.0,12.88,25
saas_003924,0,40.84,20.0,1.0,0.0,5.0,13.65,5
saas_001748,0,0.0,9.0,40.0,1.0,9.0,19.3,30
saas_000732,0,57.98,45.0,3.0,1.0,7.0,43.0,10
saas_002553,1,26.01,1.0,8.0,0.0,14.0,8.81,29
saas_005458,1,24.04,51.0,5.0,0.0,10.0,19.85,18
saas_005873,1,43.14,20.0,11.0,1.0,4.0,20.54,15
saas_002662,1,70.08,11.0,9.0,0.0,9.0,68.04,19
saas_009398,1,27.06,6.0,32.0,0.0,5.0,35.96,3
saas_006455,0,52.27,7.0,6.0,2.0,7.0,25.88,14
saas_003113,0,12.05,64.0,4.0,2.0,14.0,6.2,3
saas_003303,1,0.45,86.0,2.0,2.0,5.0,11.25,17
saas_001344,1,46.43,4.0,3.0,2.0,9.0,12.63,21
saas_001690,0,9.85,9.0,54.0,0.0,11.0,34.12,8
saas_007180,0,0.0,15.0,12.0,0.0,8.0,8.11,21
saas_006499,0,27.37,569.0,1.0,0.0,5.0,35.38,16
saas_003308,0,8.37,4.0,9.0,0.0,6.0,26.59,26
saas_001504,1,40.73,14.0,2.0,0.0,9.0,42.99,5
saas_001806,1,63.58,41.0,9.0,0.0,6.0,46.79,8
saas_008469,0,50.59,46.0,1.0,1.0,5.0,37.88,17
saas_005369,1,41.27,290.0,23.0,1.0,12.0,22.36,2
saas_003791,1,43.84,205.0,8.0,1.0,6.0,11.34,5
saas_009520,0,48.79,8.0,52.0,0.0,10.0,30.3,27
saas_007329,0,52.75,112.0,3.0,0.0,7.0,20.99,18
saas_005909,1,43.95,156.0,45.0,0.0,5.0,26.74,27
saas_006825,1,41.98,116.0,21.0,2.0,9.0,44.8,6
saas_007263,1,18.42,10.0,8.0,1.0,10.0,26.08,11
saas_001848,1,35.27,11.0,11.0,0.0,12.0,41.74,12
saas_004512,0,39.38,135.0,6.0,0.0,8.0,43.49,24
saas_002431,0,42.03,93.0,6.0,0.0,8.0,31.93,30
saas_004660,0,54.07,1.0,10.0,1.0,5.0,39.02,18
saas_008885,0,13.86,296.0,6.0,2.0,9.0,26.55,9
saas_005584,1,21.69,8.0,3.0,0.0,4.0,34.46,4
saas_000142,0,36.55,1.0,1.0,1.0,8.0,29.53,16
saas_008760,0,81.96,168.0,9.0,1.0,11.0,18.52,13
saas_009211,1,48.88,7.0,8.0,1.0,10.0,29.2,3
saas_005264,0,26.06,4.0,16.0,0.0,6.0,14.45,3
saas_003409,1,2.39,18.0,16.0,0.0,9.0,28.69,15
saas_001117,1,0.45,11.0,1.0,0.0,9.0,11.83,15
saas_001756,0,33.87,261.0,25.0,1.0,9.0,9.47,9
saas_000497,0,36.62,12.0,13.0,0.0,11.0,41.2,24
saas_008031,1,30.6,31.0,24.0,0.0,9.0,37.31,5
saas_000870,0,51.02,30.0,3.0,2.0,5.0,49.19,19
saas_003357,1,6.51,9.0,4.0,1.0,7.0,51.69,18
saas_000912,0,31.77,46.0,1.0,2.0,9.0,42.94,5
saas_000721,0,0.0,109.0,7.0,0.0,17.0,25.55,19
saas_002805,1,32.32,23.0,12.0,0.0,7.0,32.02,28
saas_009943,1,0.45,4.0,4.0,1.0,8.0,0.0,30
saas_000886,1,31.85,129.0,1.0,0.0,10.0,37.24,25
saas_009592,1,2.98,40.0,85.0,1.0,13.0,15.58,3
saas_006587,0,0.0,30.0,6.0,2.0,8.0,0.52,8
saas_008100,0,0.0,130.0,11.0,0.0,6.0,6.35,29
saas_001520,1,27.77,2.0,55.0,1.0,4.0,28.8,23
saas_008689,0,63.63,48.0,8.0,0.0,8.0,44.78,14
saas_002746,0,46.13,96.0,4.0,1.0,7.0,74.59,26
saas_006700,0,35.38,6.0,16.0,0.0,8.0,37.18,10
saas_005775,1,0.45,32.0,14.0,2.0,4.0,27.9,28
saas_000314,0,8.28,69.0,29.0,1.0,3.0,16.5,26
saas_001799,0,68.77,10.0,8.0,1.0,13.0,60.56,17
saas_000327,0,31.42,18.0,7.0,1.0,11.0,24.89,10
saas_005642,0,9.73,56.0,8.0,0.0,10.0,6.18,19
saas_004204,0,0.0,161.0,14.0,2.0,11.0,12.21,27
saas_003129,1,32.37,34.0,8.0,0.0,8.0,35.0,22
saas_006860,0,60.56,19.0,1.0,0.0,11.0,29.65,4
saas_009905,0,32.16,2.0,1.0,2.0,14.0,37.05,23
saas_003968,0,79.38,7.0,1.0,0.0,2.0,46.01,19
saas_005743,0,50.11,53.0,38.0,0.0,10.0,47.26,30
saas_006226,1,25.84,19.0,20.0,0.0,3.0,36.73,2
saas_001973,0,37.27,255.0,31.0,2.0,11.0,27.78,4
saas_000336,0,7.97,7.0,28.0,2.0,4.0,9.22,3
saas_002764,1,51.26,8.0,7.0,0.0,11.0,28.78,7
saas_007660,0,3.5,6.0,4.0,0.0,10.0,24.46,4
saas_000275,1,37.4,35.0,47.0,0.0,4.0,33.66,5
saas_002985,0,69.18,10.0,1.0,1.0,7.0,54.45,25
saas_005646,0,0.0,2.0,9.0,1.0,5.0,15.72,5
saas_005849,0,97.64,19.0,20.0,1.0,11.0,61.35,30
saas_003477,1,26.13,14.0,7.0,1.0,8.0,30.46,17
saas_007558,0,49.98,9.0,7.0,0.0,9.0,34.64,4
saas_003558,1,48.59,48.0,10.0,2.0,9.0,36.59,26
saas_002809,0,0.0,2.0,3.0,1.0,10.0,20.63,8
saas_009113,0,44.66,12.0,7.0,2.0,8.0,22.86,28
saas_004861,0,44.09,49.0,1.0,1.0,8.0,44.13,15
saas_006586,0,0.0,71.0,2.0,0.0,8.0,10.97,1
saas_003416,0,56.62,23.0,5.0,0.0,7.0,35.21,7
saas_000307,1,41.76,141.0,10.0,0.0,7.0,22.84,8
saas_003908,0,6.47,4.0,31.0,2.0,12.0,28.11,4
saas_000348,1,16.16,1.0,9.0,0.0,8.0,9.53,15
saas_000826,0,24.72,21.0,11.0,0.0,10.0,23.65,14
saas_009501,1,21.46,6.0,31.0,2.0,11.0,29.58,11
saas_004482,0,27.53,38.0,8.0,1.0,11.0,23.52,17
saas_006576,0,27.6,48.0,7.0,0.0,13.0,43.81,11
saas_003682,0,14.5,24.0,1.0,1.0,7.0,6.63,4
saas_005876,1,10.53,9.0,9.0,0.0,8.0,0.0,4
saas_008387,0,63.49,210.0,5.0,1.0,4.0,38.0,7
saas_002053,0,10.61,1459.0,35.0,1.0,8.0,31.18,29
saas_000071,1,32.32,3.0,2.0,0.0,12.0,38.51,26
saas_005507,0,0.49,3.0,21.0,0.0,7.0,18.99,24
saas_008514,0,0.0,80.0,1.0,2.0,6.0,0.0,18
saas_007510,0,60.73,86.0,14.0,0.0,8.0,38.97,2
saas_008151,0,59.01,15.0,1.0,1.0,9.0,46.52,9
saas_001666,1,34.17,28.0,2.0,0.0,14.0,20.41,14
saas_007861,0,0.0,4.0,14.0,0.0,13.0,0.0,28
saas_009159,1,48.6,137.0,1.0,1.0,12.0,53.77,5
saas_005688,0,0.0,49.0,5.0,2.0,6.0,29.88,4
saas_001445,0,14.67,31.0,4.0,0.0,6.0,9.19,2
saas_005227,1,28.9,13.0,8.0,1.0,9.0,21.63,22
saas_006982,0,0.0,10.0,8.0,1.0,11.0,7.13,28
saas_001695,1,51.63,37.0,6.0,0.0,9.0,35.05,29
saas_002892,0,8.01,17.0,6.0,0.0,16.0,22.81,4
saas_001574,1,0.45,2.0,1.0,1.0,7.0,9.7,6
saas_003203,0,64.76,105.0,4.0,1.0,9.0,40.49,6
saas_004405,1,44.22,134.0,37.0,0.0,10.0,44.74,4
saas_001630,0,7.7,3.0,35.0,1.0,9.0,0.0,2
saas_008380,0,45.57,1.0,19.0,0.0,8.0,40.52,18
saas_001881,1,48.79,169.0,1.0,1.0,11.0,48.8,30
saas_008821,0,10.38,37.0,17.0,0.0,8.0,42.77,29
saas_006463,0,56.02,62.0,32.0,2.0,11.0,54.86,14
saas_000848,1,0.45,6.0,7.0,1.0,12.0,0.0,15
saas_009923,0,15.27,47.0,30.0,2.0,6.0,17.41,1
saas_006188,1,2.65,262.0,24.0,0.0,16.0,14.58,12
saas_005869,1,76.12,414.0,12.0,1.0,6.0,55.88,16
saas_002877,1,3.83,8.0,1.0,1.0,9.0,11.51,11
saas_000186,0,61.56,26.0,3.0,0.0,14.0,35.69,13
saas_003779,1,25.53,1.0,18.0,1.0,9.0,43.43,12
saas_001830,0,50.55,61.0,7.0,0.0,8.0,20.9,12
saas_008325,1,56.28,45.0,1.0,1.0,8.0,43.95,28
saas_009241,1,29.96,50.0,1.0,0.0,14.0,21.09,30
saas_006378,1,71.79,32.0,15.0,0.0,5.0,56.59,11
saas_001234,0,17.48,32.0,1.0,1.0,10.0,18.36,17
saas_006964,0,0.0,178.0,13.0,0.0,11.0,7.9,22
saas_003915,0,32.88,13.0,3.0,2.0,10.0,37.55,25
saas_000446,0,26.57,99.0,8.0,0.0,3.0,30.68,14
saas_000844,1,67.23,24.0,2.0,1.0,10.0,44.65,9
saas_008062,1,26.04,136.0,5.0,0.0,6.0,29.3,6
saas_005402,1,0.45,2.0,1.0,1.0,12.0,1.51,22
saas_002440,1,3.14,22.0,9.0,1.0,11.0,3.0,20
saas_003103,0,42.84,97.0,4.0,0.0,5.0,43.31,29
saas_008585,1,37.56,126.0,9.0,1.0,11.0,35.73,17
saas_006791,1,31.13,11.0,5.0,2.0,6.0,24.67,11
saas_005650,1,0.45,36.0,39.0,2.0,6.0,3.46,26
saas_001294,0,21.28,29.0,11.0,1.0,6.0,9.05,28
saas_005079,0,36.74,7.0,41.0,1.0,7.0,33.64,12
saas_009016,1,0.45,10.0,17.0,0.0,6.0,1.95,25
saas_005067,0,29.69,76.0,6.0,0.0,7.0,17.01,30
saas_003442,0,5.72,22.0,26.0,0.0,10.0,19.45,8
saas_008451,1,28.46,9.0,5.0,0.0,11.0,14.31,27
saas_007273,0,32.59,40.0,34.0,0.0,5.0,33.47,13
saas_006105,0,22.84,26.0,23.0,1.0,9.0,34.42,2
saas_000776,0,8.32,3.0,5.0,0.0,7.0,27.1,4
saas_009716,0,5.62,1.0,10.0,0.0,9.0,24.18,12
saas_002153,0,47.18,4.0,10.0,2.0,10.0,39.21,15
saas_004920,0,38.33,12.0,18.0,0.0,11.0,33.5,24
saas_005360,1,27.75,9.0,7.0,0.0,5.0,9.28,17
saas_009735,0,3.02,2.0,2.0,0.0,8.0,15.77,9
saas_005957,0,0.0,64.0,9.0,0.0,5.0,3.59,10
saas_008411,0,0.0,56.0,35.0,0.0,6.0,21.35,5
saas_008432,1,0.45,7.0,5.0,2.0,7.0,14.07,20
saas_003183,1,60.61,46.0,11.0,0.0,9.0,40.13,30
saas_006792,1,45.19,34.0,32.0,0.0,7.0,51.34,30
saas_003199,1,13.13,10.0,16.0,0.0,8.0,19.76,14
saas_009369,0,6.93,136.0,14.0,1.0,14.0,7.11,17
saas_001289,1,37.58,69.0,4.0,2.0,4.0,46.56,25
saas_004581,1,21.12,66.0,5.0,0.0,6.0,32.76,27
saas_006192,0,49.56,2.0,15.0,2.0,9.0,45.31,30
saas_008935,1,0.45,97.0,59.0,1.0,10.0,3.24,12
saas_007149,0,42.23,38.0,7.0,2.0,7.0,44.56,15
saas_009846,1,60.79,144.0,8.0,2.0,5.0,50.01,23
saas_004106,0,54.65,1.0,7.0,1.0,9.0,22.61,15
saas_004126,1,0.45,91.0,5.0,0.0,9.0,21.91,9
saas_008300,0,0.0,106.0,2.0,0.0,11.0,0.0,21
saas_003966,0,69.06,4.0,34.0,0.0,7.0,60.24,20
saas_001879,1,0.45,1.0,1.0,1.0,8.0,3.08,3
saas_008496,1,0.45,87.0,1.0,2.0,13.0,17.96,14
saas_009299,1,12.92,47.0,20.0,0.0,9.0,7.0,4
saas_006348,0,22.03,52.0,12.0,1.0,10.0,33.08,15
saas_003587,1,60.26,27.0,12.0,1.0,14.0,59.4,14
saas_007372,1,4.49,2.0,2.0,0.0,6.0,19.54,3
saas_003865,0,3.02,3.0,25.0,1.0,11.0,26.46,9
saas_008487,0,12.21,11.0,2.0,0.0,10.0,10.18,20
saas_004131,1,53.64,6.0,14.0,0.0,4.0,53.83,7
saas_001036,0,0.0,88.0,8.0,0.0,8.0,0.0,11
saas_000636,0,16.71,15.0,1.0,1.0,7.0,11.64,23
saas_006153,1,17.06,14.0,9.0,2.0,7.0,30.91,28
saas_004134,0,60.08,4.0,13.0,1.0,8.0,29.03,2
saas_005338,1,46.88,32.0,6.0,0.0,7.0,17.91,8
saas_001083,1,0.45,22.0,36.0,0.0,7.0,18.12,12
saas_000861,0,14.28,2.0,14.0,0.0,15.0,10.29,23
saas_000903,1,21.17,217.0,33.0,1.0,9.0,5.3,10
saas_000191,0,38.67,15.0,5.0,0.0,9.0,33.31,4
saas_000109,1,11.73,1.0,54.0,1.0,7.0,20.25,16
saas_004455,0,38.63,815.0,54.0,0.0,8.0,11.1,11
saas_001942,1,0.45,3.0,1.0,1.0,10.0,17.94,3
saas_005856,1,29.74,64.0,2.0,1.0,7.0,35.75,29
saas_004331,0,12.6,3.0,85.0,0.0,8.0,24.74,1
saas_008541,0,0.0,5.0,6.0,1.0,8.0,14.47,10
saas_002040,1,13.53,80.0,38.0,0.0,11.0,32.74,21
saas_007331,1,2.65,846.0,17.0,0.0,6.0,21.79,17
saas_007317,1,56.08,15.0,17.0,0.0,5.0,28.1,7
saas_007779,0,50.35,33.0,17.0,0.0,11.0,37.64,9
saas_004659,1,0.45,4.0,8.0,1.0,13.0,0.0,19
saas_007313,1,40.75,26.0,3.0,1.0,10.0,19.07,24
saas_002775,1,31.36,1045.0,6.0,0.0,10.0,49.94,20
saas_004145,0,33.45,1.0,51.0,1.0,10.0,12.1,8
saas_002323,0,10.52,20.0,12.0,1.0,6.0,42.63,18
saas_000762,1,20.7,60.0,1.0,1.0,14.0,34.43,22
saas_002617,1,0.45,81.0,22.0,0.0,5.0,5.67,15
saas_002411,0,56.64,213.0,9.0,0.0,7.0,52.24,30
saas_001094,1,42.3,7.0,39.0,1.0,11.0,39.47,15
saas_006173,0,13.82,3.0,11.0,0.0,8.0,20.91,17
saas_007048,1,45.02,30.0,15.0,0.0,8.0,40.47,24
saas_009272,1,7.03,5.0,20.0,1.0,13.0,29.41,9
saas_003135,1,3.77,3.0,34.0,0.0,4.0,25.2,3
saas_007787,1,2.53,49.0,3.0,1.0,8.0,0.0,9
saas_005040,1,45.67,20.0,45.0,1.0,12.0,28.69,28
saas_003805,1,0.45,1.0,16.0,1.0,12.0,19.16,8
saas_000884,0,49.34,3.0,11.0,2.0,5.0,35.88,26
saas_002654,1,18.04,19.0,8.0,0.0,3.0,34.89,17
saas_005921,1,17.19,260.0,1.0,0.0,14.0,23.18,11
saas_006187,0,37.0,22.0,7.0,2.0,8.0,33.36,4
saas_008085,1,7.53,18.0,68.0,0.0,6.0,7.35,15
saas_006742,0,25.72,6.0,9.0,1.0,7.0,20.23,30
saas_007626,0,0.0,31.0,1.0,1.0,10.0,33.02,15
saas_005680,0,29.52,9.0,73.0,2.0,8.0,41.04,26
saas_007007,1,0.45,1.0,9.0,0.0,11.0,12.89,15
saas_009686,1,56.52,32.0,1.0,2.0,6.0,38.76,18
saas_002202,1,69.24,23.0,6.0,2.0,12.0,33.66,9
saas_006107,0,28.57,787.0,1.0,0.0,4.0,24.9,18
saas_006417,0,47.3,16.0,1.0,2.0,8.0,23.71,10
saas_001262,1,59.66,66.0,13.0,1.0,3.0,41.6,23
saas_008379,0,43.47,359.0,4.0,0.0,6.0,39.56,20
saas_000975,1,18.25,4.0,15.0,0.0,2.0,0.0,29
saas_005831,0,34.2,27.0,40.0,0.0,8.0,52.85,4
saas_004925,1,42.23,108.0,58.0,1.0,7.0,34.41,25
saas_000941,0,34.21,75.0,14.0,1.0,2.0,27.95,6
saas_004723,0,22.26,11.0,11.0,1.0,10.0,12.22,18
saas_002387,0,80.41,54.0,9.0,0.0,6.0,50.59,30
saas_009728,1,45.77,3.0,25.0,2.0,8.0,52.9,24
saas_005021,1,49.38,103.0,29.0,1.0,6.0,28.72,30
saas_004391,1,17.36,137.0,8.0,1.0,4.0,46.87,18
saas_005148,0,42.81,20.0,41.0,0.0,10.0,40.0,9
saas_003221,1,0.45,22.0,1.0,0.0,8.0,17.21,10
saas_003882,1,0.45,32.0,1.0,1.0,10.0,5.75,5
saas_009438,1,79.1,89.0,9.0,0.0,8.0,36.71,22
saas_006624,1,44.35,6.0,5.0,2.0,3.0,39.2,6
saas_005918,0,0.0,39.0,20.0,0.0,9.0,25.1,21
saas_002789,1,13.91,10.0,49.0,1.0,10.0,6.29,12
saas_000944,0,25.36,31.0,2.0,2.0,7.0,35.52,11
saas_008908,0,0.0,9.0,10.0,0.0,9.0,17.75,24
saas_001857,1,33.6,96.0,16.0,1.0,7.0,20.44,4
saas_009080,0,0.0,6.0,29.0,1.0,4.0,0.0,28
saas_004108,0,63.44,181.0,15.0,1.0,7.0,46.06,6
saas_008513,0,39.73,7.0,5.0,2.0,11.0,34.2,5
saas_003255,0,6.23,33.0,2.0,1.0,10.0,15.83,12
saas_002690,0,26.38,2.0,1.0,0.0,12.0,25.88,16
saas_009512,1,56.92,229.0,13.0,2.0,6.0,26.15,20
saas_006961,1,29.1,266.0,8.0,0.0,10.0,29.75,3
saas_001319,1,43.54,119.0,10.0,0.0,14.0,37.1,1
saas_008882,0,49.29,4.0,23.0,1.0,7.0,50.54,11
saas_009880,1,15.4,439.0,1.0,0.0,11.0,18.2,28
saas_005162,1,31.62,226.0,1.0,1.0,12.0,19.48,25
saas_005829,0,42.19,8.0,3.0,1.0,7.0,49.41,26
saas_007953,0,36.57,32.0,13.0,1.0,7.0,16.56,22
saas_005958,0,0.0,2.0,1.0,0.0,6.0,0.0,11
saas_009271,1,65.09,14.0,2.0,0.0,10.0,43.78,4
saas_003475,0,29.32,50.0,10.0,0.0,6.0,31.28,3
saas_003505,1,16.45,237.0,4.0,0.0,7.0,27.1,9
saas_004749,0,17.57,1.0,3.0,0.0,5.0,36.76,5
saas_002477,0,9.82,27.0,1.0,0.0,3.0,0.0,2
saas_009490,1,13.98,59.0,12.0,0.0,10.0,11.06,30
saas_006615,0,66.89,48.0,2.0,1.0,7.0,49.42,20
saas_007413,0,55.86,80.0,13.0,1.0,4.0,54.7,13
saas_007586,1,45.18,58.0,7.0,2.0,7.0,47.06,21
saas_005344,1,39.0,17.0,6.0,1.0,10.0,30.63,13
saas_009863,1,34.32,43.0,8.0,2.0,8.0,21.69,21
saas_007111,1,32.0,88.0,8.0,1.0,2.0,29.63,23
saas_001874,1,22.3,4.0,17.0,1.0,14.0,19.29,12
saas_008516,0,8.6,1.0,4.0,0.0,10.0,1.01,13
saas_005270,1,31.37,74.0,2.0,1.0,5.0,41.91,6
saas_005096,0,9.42,100.0,17.0,0.0,8.0,12.07,15
saas_002904,0,33.93,10.0,9.0,0.0,12.0,14.95,17
saas_000570,1,38.63,2.0,1.0,0.0,6.0,51.86,21
saas_001448,1,27.71,12.0,34.0,2.0,4.0,18.63,9
saas_005964,1,2.65,351.0,41.0,0.0,3.0,0.0,22
saas_006242,0,10.81,9.0,3.0,0.0,8.0,6.51,16
saas_006347,1,54.4,14.0,2.0,1.0,13.0,53.63,26
saas_007874,1,56.41,19.0,30.0,1.0,12.0,38.46,5
saas_009816,1,14.27,49.0,2.0,0.0,10.0,30.09,24
saas_003226,1,34.36,5.0,3.0,1.0,7.0,32.29,14
saas_009744,0,34.29,1.0,4.0,1.0,11.0,15.04,29
saas_003978,1,33.9,61.0,69.0,0.0,10.0,23.41,18
saas_004383,0,2.31,7.0,2.0,1.0,11.0,17.64,26
saas_007856,1,0.45,26.0,1.0,0.0,9.0,4.8,26
saas_003539,0,3.91,5.0,18.0,1.0,8.0,23.84,12
saas_005682,1,40.09,11.0,14.0,0.0,12.0,22.48,25
saas_002827,0,36.66,360.0,13.0,0.0,10.0,27.56,10
saas_007658,1,38.73,21.0,44.0,0.0,7.0,51.55,17
saas_004996,1,0.45,12.0,5.0,0.0,12.0,12.37,18
saas_001338,0,50.66,1171.0,1.0,2.0,11.0,44.32,29
saas_003262,1,17.44,32.0,2.0,1.0,4.0,22.61,5
saas_006386,1,51.64,186.0,8.0,0.0,5.0,21.15,27
saas_007951,0,56.28,236.0,3.0,1.0,8.0,50.65,8
saas_000650,0,25.35,321.0,35.0,0.0,9.0,31.26,12
saas_002902,1,78.99,92.0,9.0,2.0,10.0,34.99,27
saas_002258,0,23.5,102.0,11.0,1.0,7.0,5.47,8
saas_007402,0,43.05,2.0,1.0,0.0,6.0,27.56,12
saas_003521,1,31.79,21.0,16.0,0.0,7.0,13.47,19
saas_002730,0,34.96,3.0,2.0,1.0,6.0,12.58,24
saas_005496,0,75.09,8.0,1.0,0.0,7.0,50.01,16
saas_004478,0,0.0,62.0,8.0,0.0,6.0,14.12,3
saas_001596,0,15.15,32.0,1.0,0.0,7.0,8.21,29
saas_007066,1,0.45,81.0,20.0,0.0,10.0,10.54,7
saas_002584,1,58.81,40.0,55.0,0.0,5.0,33.8,19
saas_005441,0,77.15,2.0,8.0,0.0,8.0,37.64,30
saas_003196,1,8.33,2.0,2.0,0.0,10.0,20.1,5
saas_008523,0,31.06,10.0,14.0,1.0,9.0,30.77,23
saas_007682,1,26.45,16.0,23.0,0.0,9.0,0.0,3
saas_005376,0,39.72,19.0,7.0,0.0,7.0,37.41,15
saas_001258,1,69.3,273.0,3.0,1.0,9.0,65.04,3
saas_005277,1,24.9,9.0,6.0,0.0,10.0,25.15,18
saas_000991,0,58.43,184.0,25.0,2.0,10.0,31.78,12
saas_003504,0,32.1,25.0,4.0,1.0,1.0,20.22,22
saas_000113,1,0.45,2.0,22.0,0.0,7.0,1.13,24
saas_000919,0,31.5,1.0,2.0,1.0,7.0,31.01,5
saas_002509,1,11.84,12.0,1.0,0.0,3.0,31.36,13
saas_009404,0,42.21,2.0,14.0,1.0,11.0,20.12,20
saas_000165,1,0.45,5.0,2.0,2.0,11.0,0.0,18
saas_005263,1,0.45,44.0,1.0,0.0,8.0,6.97,13
saas_004603,0,24.13,46.0,3.0,2.0,6.0,29.8,14
saas_000949,1,24.71,1.0,19.0,0.0,7.0,15.58,23
saas_004594,0,38.5,62.0,43.0,1.0,7.0,55.34,2
saas_005727,1,13.94,8.0,1.0,0.0,11.0,13.89,25
saas_003770,1,44.58,10.0,2.0,0.0,13.0,32.59,1
saas_002506,1,32.72,196.0,13.0,0.0,4.0,35.01,28
saas_005107,1,31.01,11.0,2.0,0.0,8.0,39.65,14
saas_002850,0,24.39,15.0,10.0,0.0,8.0,4.67,10
saas_006485,1,13.44,8.0,8.0,0.0,7.0,23.84,22
saas_005362,1,39.08,359.0,17.0,0.0,7.0,37.43,10
saas_007442,1,16.77,44.0,15.0,0.0,9.0,15.1,26
saas_004446,0,17.76,37.0,3.0,0.0,8.0,0.0,1
saas_004460,1,0.45,35.0,40.0,2.0,10.0,7.15,29
saas_009513,0,17.53,12.0,15.0,2.0,6.0,23.71,17
saas_002505,1,16.58,79.0,13.0,0.0,5.0,9.46,7
saas_001114,0,7.84,23.0,5.0,0.0,8.0,24.99,1
saas_008397,0,2.36,42.0,11.0,2.0,10.0,7.85,3
saas_000298,1,44.49,1.0,5.0,1.0,9.0,47.99,23
saas_001675,1,32.22,1.0,3.0,1.0,13.0,27.04,17
saas_003347,1,15.38,26.0,1.0,0.0,6.0,28.73,24
saas_002735,0,24.26,10.0,10.0,1.0,7.0,11.25,17
saas_007819,1,64.67,162.0,5.0,2.0,7.0,49.66,12
saas_004988,0,24.17,9.0,5.0,1.0,14.0,42.18,20
saas_009894,1,0.45,49.0,25.0,1.0,7.0,14.44,14
saas_005817,1,55.39,13.0,3.0,1.0,5.0,29.75,4
saas_004325,1,63.4,10.0,3.0,2.0,9.0,44.33,7
saas_006719,1,4.65,18.0,1.0,1.0,14.0,0.0,21
saas_008786,0,28.96,235.0,30.0,2.0,9.0,24.02,8
saas_004550,0,10.98,89.0,33.0,0.0,7.0,26.45,28
saas_008572,1,32.93,1.0,1.0,0.0,10.0,36.07,21
saas_007847,0,0.0,36.0,2.0,0.0,11.0,4.91,5
saas_002103,1,38.13,63.0,12.0,2.0,13.0,12.63,18
saas_005813,1,27.4,75.0,8.0,2.0,6.0,30.64,11
saas_009104,1,27.22,5.0,4.0,1.0,7.0,13.59,10
saas_007453,0,36.22,1.0,10.0,1.0,8.0,0.0,4
saas_001837,1,22.16,13.0,9.0,0.0,2.0,24.47,24
saas_007902,0,15.91,101.0,46.0,1.0,5.0,12.45,25
saas_008318,0,55.29,412.0,22.0,0.0,7.0,45.5,6
saas_008723,0,62.33,12.0,1.0,1.0,10.0,27.74,19
saas_000607,1,0.45,39.0,32.0,1.0,7.0,1.48,13
saas_008374,0,13.16,15.0,3.0,1.0,7.0,45.15,5
saas_001093,1,14.2,26.0,1.0,1.0,4.0,4.34,22
saas_006387,0,6.17,2.0,5.0,2.0,10.0,34.92,16
saas_006505,0,28.27,86.0,17.0,1.0,3.0,27.42,18
saas_008964,1,7.86,339.0,2.0,0.0,7.0,20.34,10
saas_004487,0,8.71,4.0,2.0,1.0,2.0,20.12,6
saas_000160,1,7.1,4.0,71.0,0.0,5.0,20.75,30
saas_000203,1,28.94,52.0,15.0,2.0,11.0,25.82,2
saas_007040,1,8.69,24.0,7.0,2.0,8.0,24.5,8
saas_005893,0,45.21,119.0,5.0,1.0,4.0,41.05,7
saas_004933,1,45.29,44.0,45.0,1.0,9.0,64.64,4
saas_002934,1,19.04,6.0,1.0,1.0,13.0,24.59,19
saas_007322,0,51.74,180.0,6.0,1.0,6.0,43.97,18
saas_002435,1,22.66,4.0,64.0,1.0,7.0,23.03,11
saas_001230,0,33.89,8.0,7.0,1.0,9.0,44.59,29
saas_008675,0,0.0,14.0,5.0,1.0,2.0,2.92,9
saas_003046,0,7.25,41.0,40.0,1.0,6.0,36.89,2
saas_009654,1,8.11,588.0,20.0,2.0,12.0,34.86,16
saas_008419,0,0.0,37.0,46.0,0.0,9.0,24.02,7
saas_007666,0,27.42,16.0,26.0,1.0,5.0,38.12,18
saas_006407,0,31.26,13.0,10.0,0.0,3.0,21.29,9
saas_004251,1,0.45,10.0,10.0,0.0,6.0,3.65,3
saas_005577,0,19.6,9.0,1.0,0.0,11.0,28.49,19
saas_003293,1,78.98,46.0,1.0,0.0,7.0,37.94,26
saas_004034,1,3.69,6.0,6.0,0.0,9.0,27.05,11
saas_008112,1,52.72,9.0,7.0,0.0,10.0,27.11,9
saas_004290,1,56.99,10.0,13.0,1.0,7.0,45.77,29
saas_004334,1,15.75,47.0,17.0,0.0,10.0,20.68,8
saas_005931,1,29.55,7.0,11.0,0.0,7.0,33.63,10
saas_003877,0,31.44,32.0,1.0,0.0,8.0,14.06,2
saas_005428,0,1.25,90.0,10.0,0.0,9.0,23.07,4
saas_004753,1,41.11,2.0,9.0,0.0,7.0,33.01,8
saas_004886,0,29.18,28.0,1.0,0.0,10.0,28.27,25
saas_000857,0,31.28,37.0,38.0,0.0,9.0,28.14,5
saas_008233,1,7.38,22.0,9.0,1.0,8.0,0.0,24
saas_008375,0,23.77,79.0,35.0,1.0,7.0,28.24,17
saas_002561,1,45.64,21.0,42.0,1.0,5.0,21.69,14
saas_003801,0,20.88,6.0,14.0,2.0,7.0,29.48,10
saas_002640,1,37.69,48.0,21.0,0.0,8.0,21.99,11
saas_009663,0,34.5,9.0,21.0,2.0,11.0,25.53,23
saas_004490,0,30.31,281.0,29.0,0.0,9.0,52.54,2
saas_002347,0,43.58,7.0,4.0,1.0,6.0,28.55,3
saas_000649,0,0.0,11.0,49.0,2.0,5.0,13.89,12
saas_002781,1,6.5,7.0,15.0,1.0,9.0,38.51,27
saas_005652,0,52.29,64.0,13.0,0.0,4.0,41.03,29
saas_008543,0,49.7,83.0,1.0,1.0,11.0,19.95,6
saas_008677,1,13.53,12.0,14.0,1.0,7.0,0.0,14
saas_006433,0,26.02,201.0,9.0,0.0,6.0,20.53,18
saas_000615,0,35.62,2.0,1.0,2.0,11.0,44.46,13
saas_008448,0,32.29,2.0,20.0,2.0,9.0,24.82,5
saas_002575,1,37.3,35.0,11.0,2.0,12.0,19.78,20
saas_000053,0,34.32,12.0,1.0,0.0,13.0,33.96,30
saas_003340,1,18.05,11.0,11.0,0.0,8.0,10.5,26
saas_007037,1,51.57,5.0,12.0,1.0,12.0,25.68,10
saas_001705,0,78.43,348.0,8.0,1.0,9.0,64.03,16
saas_009060,1,18.81,76.0,1.0,1.0,9.0,11.35,9
saas_009352,1,63.74,11.0,1.0,0.0,8.0,44.33,5
saas_001493,0,45.49,4.0,5.0,0.0,7.0,39.06,13
saas_009963,0,8.81,100.0,25.0,1.0,10.0,9.4,1
saas_005632,1,0.45,1.0,20.0,0.0,11.0,36.6,3
saas_000803,0,13.85,35.0,26.0,1.0,8.0,7.84,19
saas_004953,0,25.45,1.0,20.0,0.0,8.0,32.03,8
saas_006933,0,52.16,26.0,22.0,0.0,8.0,40.45,29
saas_007104,0,53.46,15.0,51.0,1.0,9.0,41.17,8
saas_000990,1,18.99,74.0,23.0,1.0,2.0,41.45,17
saas_002774,0,11.05,10.0,1.0,0.0,11.0,17.61,17
saas_007470,0,38.54,26.0,24.0,1.0,9.0,27.93,26
saas_006419,0,3.52,17.0,18.0,0.0,8.0,15.44,10
saas_003513,0,53.56,100.0,3.0,0.0,13.0,36.95,1
saas_005478,1,0.45,75.0,26.0,0.0,6.0,8.06,3
saas_008400,0,66.96,9.0,71.0,1.0,12.0,53.46,10
saas_000219,0,18.25,7.0,80.0,1.0,9.0,36.25,9
saas_006969,0,33.1,102.0,83.0,0.0,2.0,40.01,19
saas_001288,0,42.5,405.0,4.0,0.0,10.0,49.09,28
saas_003163,0,21.07,55.0,1.0,0.0,5.0,32.93,25
saas_004678,1,41.76,4.0,5.0,1.0,7.0,28.67,5
saas_002618,0,8.1,6.0,19.0,0.0,3.0,17.38,27
saas_003612,1,45.87,8.0,3.0,0.0,3.0,61.61,17
saas_000043,1,32.22,28.0,1.0,0.0,10.0,57.15,9
saas_008094,1,20.65,2.0,1.0,0.0,10.0,32.58,18
saas_008372,1,44.32,24.0,16.0,0.0,11.0,38.81,26
saas_003792,0,16.75,11.0,7.0,2.0,8.0,34.34,17
saas_003571,1,6.77,65.0,19.0,1.0,8.0,0.0,10
saas_009980,1,42.78,2.0,1.0,0.0,10.0,41.59,7
saas_001503,1,25.49,32.0,38.0,1.0,7.0,27.03,15
saas_005556,0,36.06,29.0,9.0,1.0,9.0,19.56,9
saas_009830,0,0.0,11.0,4.0,1.0,7.0,3.64,29
saas_003439,1,54.94,360.0,10.0,0.0,8.0,38.44,6
saas_001892,0,12.55,3.0,15.0,1.0,7.0,35.91,5
saas_009323,0,0.0,9.0,23.0,0.0,9.0,25.21,27
saas_005255,1,37.93,3.0,14.0,0.0,11.0,31.81,9
saas_001955,1,0.45,4.0,1.0,0.0,14.0,10.64,3
saas_005167,1,32.7,3.0,1.0,1.0,8.0,12.62,23
saas_004814,1,48.81,26.0,1.0,1.0,6.0,47.76,29
saas_006264,1,63.55,21.0,19.0,1.0,8.0,44.82,17
saas_001505,0,59.16,42.0,32.0,0.0,5.0,50.68,1
saas_000670,0,35.86,65.0,9.0,1.0,12.0,53.45,24
saas_008907,0,56.35,1.0,18.0,2.0,8.0,49.02,15
saas_007055,1,32.84,1.0,10.0,0.0,9.0,50.38,5
saas_000897,1,31.41,5.0,1.0,0.0,11.0,36.0,4
saas_006178,0,37.29,1.0,1.0,0.0,16.0,26.81,1
saas_002666,1,37.16,11.0,16.0,1.0,8.0,44.22,12
saas_003193,0,29.84,3.0,21.0,0.0,6.0,41.42,1
saas_002890,1,57.03,5.0,18.0,0.0,3.0,57.47,9
saas_007773,0,34.01,98.0,5.0,2.0,5.0,29.67,6
saas_002621,1,6.72,7.0,8.0,0.0,13.0,29.97,12
saas_006008,0,20.05,15.0,4.0,1.0,5.0,15.93,15
saas_005956,0,0.0,5.0,32.0,1.0,5.0,7.63,15
saas_000002,1,16.62,61.0,1.0,1.0,9.0,10.75,9
saas_002370,0,40.93,3.0,9.0,0.0,16.0,36.57,12
saas_007914,0,0.35,3.0,4.0,0.0,9.0,8.73,11
saas_001769,0,1.35,1358.0,22.0,1.0,4.0,9.89,8
saas_008506,0,22.27,12.0,11.0,2.0,7.0,38.49,8
saas_006025,0,60.82,42.0,23.0,2.0,12.0,48.64,15
saas_000531,1,10.9,4.0,8.0,2.0,8.0,20.93,20
saas_008724,1,0.45,84.0,1.0,0.0,5.0,6.79,8
saas_008649,1,24.95,13.0,5.0,1.0,4.0,36.22,26
saas_007873,0,22.33,8.0,90.0,1.0,9.0,7.43,11
saas_008890,1,11.36,15.0,2.0,0.0,12.0,28.74,14
saas_003120,1,25.2,33.0,22.0,0.0,5.0,24.36,1
saas_009022,0,14.43,491.0,8.0,0.0,8.0,19.28,14
saas_000731,1,61.4,21.0,63.0,0.0,14.0,42.38,18
saas_003406,0,26.53,58.0,10.0,1.0,6.0,33.95,21
saas_002339,1,18.04,71.0,15.0,1.0,9.0,50.09,19
saas_005967,1,14.39,17.0,23.0,1.0,7.0,10.87,15
saas_006580,0,23.6,1.0,4.0,0.0,6.0,23.1,4
saas_002565,0,0.04,4.0,1.0,1.0,9.0,24.23,14
saas_007726,0,0.0,14.0,1.0,1.0,12.0,11.83,7
saas_007820,1,31.75,20.0,12.0,1.0,7.0,0.0,14
saas_006713,0,47.72,6.0,4.0,1.0,11.0,29.08,17
saas_006995,1,21.24,101.0,5.0,0.0,4.0,23.51,19
saas_006942,1,11.61,8.0,16.0,0.0,10.0,17.77,19
saas_007794,1,30.05,116.0,5.0,1.0,7.0,20.33,19
saas_008975,0,14.84,237.0,10.0,2.0,8.0,16.64,12
saas_001255,0,0.0,7.0,1.0,0.0,10.0,9.79,7
saas_002104,0,42.41,13.0,1.0,0.0,12.0,42.52,21
saas_006734,1,20.43,49.0,15.0,0.0,11.0,0.94,17
saas_009778,1,52.36,1.0,7.0,2.0,14.0,33.63,5
saas_006224,1,33.09,20.0,9.0,0.0,6.0,18.2,17
saas_009150,1,83.68,23.0,47.0,2.0,4.0,55.24,2
saas_004994,0,12.31,38.0,1.0,1.0,10.0,22.29,23
saas_008969,1,6.68,3.0,66.0,2.0,6.0,1.16,4
saas_006839,1,1.83,17.0,7.0,0.0,9.0,23.42,4
saas_005057,1,62.12,11.0,1.0,0.0,7.0,44.88,25
saas_005846,1,0.45,85.0,9.0,0.0,9.0,0.0,2
saas_004434,0,4.81,351.0,3.0,1.0,9.0,17.95,5
saas_003484,0,3.1,74.0,7.0,1.0,6.0,18.41,3
saas_009493,0,55.03,23.0,14.0,1.0,9.0,60.24,25
saas_005318,1,0.45,1.0,16.0,1.0,11.0,19.28,1
saas_003816,0,0.0,18.0,15.0,0.0,13.0,10.57,25
saas_005729,0,28.93,2.0,7.0,1.0,7.0,35.41,16
saas_008903,0,22.82,46.0,47.0,0.0,9.0,26.7,19
saas_007840,0,17.48,20.0,1.0,1.0,6.0,7.99,14
saas_009889,1,1.5,6.0,7.0,1.0,7.0,24.18,1
saas_001621,1,21.75,21.0,11.0,2.0,11.0,8.95,2
saas_009423,1,0.45,61.0,9.0,1.0,19.0,18.67,18
saas_006307,0,11.0,11.0,6.0,0.0,9.0,24.56,6
saas_009304,0,51.5,7.0,1.0,0.0,10.0,36.24,29
saas_008902,0,0.0,2.0,31.0,0.0,11.0,10.81,18
saas_001096,1,46.69,214.0,4.0,0.0,5.0,37.8,26
saas_008057,1,13.37,133.0,16.0,1.0,9.0,15.73,10
saas_009481,1,41.39,8.0,2.0,1.0,12.0,24.39,2
saas_002463,0,39.13,3.0,35.0,2.0,5.0,48.03,18
saas_008289,0,13.06,40.0,3.0,0.0,12.0,0.0,8
saas_001788,1,38.66,31.0,2.0,1.0,6.0,17.91,2
saas_000250,0,0.17,11.0,19.0,0.0,7.0,19.6,15
saas_009926,1,7.28,11.0,1.0,1.0,8.0,29.39,21
saas_006191,0,18.94,72.0,3.0,2.0,7.0,0.0,29
saas_009650,1,66.48,227.0,37.0,1.0,9.0,50.3,11
saas_000192,0,19.63,11.0,17.0,0.0,6.0,24.91,9
saas_000820,1,58.95,9.0,17.0,2.0,4.0,22.32,1
saas_009627,1,38.37,26.0,39.0,0.0,10.0,31.13,11
saas_005714,1,22.35,2.0,1.0,0.0,14.0,22.86,27
saas_007195,0,0.0,132.0,41.0,0.0,13.0,0.0,17
saas_005715,0,10.8,13.0,45.0,0.0,3.0,18.27,16
saas_004400,0,35.43,18.0,18.0,1.0,9.0,29.31,17
saas_009290,1,0.45,7.0,31.0,1.0,7.0,25.69,18
saas_005388,0,23.17,4.0,3.0,1.0,14.0,37.69,4
saas_004166,1,42.52,3.0,1.0,1.0,2.0,54.02,6
saas_004951,0,24.13,5.0,5.0,0.0,11.0,16.04,1
saas_002687,0,0.0,14.0,27.0,1.0,11.0,15.5,11
saas_004390,1,10.57,26.0,13.0,0.0,11.0,8.84,6
saas_005860,0,0.0,121.0,1.0,0.0,6.0,8.45,5
saas_005981,0,23.78,190.0,12.0,2.0,7.0,5.91,11
saas_004927,1,0.45,32.0,17.0,0.0,10.0,11.83,6
saas_006735,1,39.88,55.0,65.0,2.0,7.0,20.84,30
saas_002607,1,9.15,14.0,6.0,1.0,8.0,23.64,18
saas_007466,0,28.91,11.0,13.0,1.0,7.0,42.43,17
saas_000238,0,41.68,4.0,15.0,1.0,12.0,39.0,25
saas_004015,1,0.45,16.0,4.0,1.0,13.0,18.34,3
saas_009262,0,11.97,168.0,28.0,1.0,10.0,19.0,20
saas_002977,1,28.39,16.0,2.0,1.0,14.0,29.16,18
saas_005712,1,0.45,35.0,2.0,2.0,8.0,11.92,5
saas_009856,1,15.79,1.0,22.0,0.0,8.0,46.24,8
saas_005473,1,0.45,11.0,10.0,1.0,1.0,14.25,14
saas_000945,1,61.59,11.0,5.0,0.0,6.0,60.39,25
saas_008251,1,56.43,15.0,4.0,1.0,9.0,41.2,28
saas_007681,0,0.09,44.0,8.0,2.0,5.0,0.0,6
saas_005097,0,63.56,644.0,2.0,2.0,6.0,56.75,30
saas_006805,0,5.15,10.0,28.0,0.0,8.0,8.14,8
saas_005803,1,67.72,107.0,41.0,0.0,9.0,62.55,8
saas_003552,0,68.5,94.0,24.0,0.0,7.0,50.15,11
saas_009969,0,23.95,95.0,13.0,0.0,8.0,38.74,29
saas_003360,1,37.41,18.0,7.0,1.0,12.0,48.51,12
saas_008249,1,0.45,26.0,1.0,0.0,9.0,10.68,3
saas_002410,1,0.45,5.0,4.0,1.0,14.0,13.96,2
saas_004507,1,0.45,4.0,3.0,0.0,8.0,14.05,6
saas_008462,1,20.43,2.0,21.0,2.0,5.0,34.3,23
saas_003982,0,14.89,11.0,5.0,0.0,14.0,19.99,29
saas_000146,1,51.3,8.0,14.0,1.0,9.0,57.68,29
saas_006648,1,0.45,4.0,3.0,0.0,9.0,0.0,14
saas_002294,0,0.0,115.0,36.0,0.0,11.0,25.97,5
saas_002253,1,46.44,1.0,15.0,2.0,7.0,42.95,15
saas_003611,1,0.45,6.0,23.0,1.0,10.0,18.0,6
saas_005353,0,27.91,5.0,4.0,1.0,7.0,24.33,2
saas_001736,1,0.45,2.0,8.0,0.0,8.0,0.0,19
saas_007915,0,13.03,9.0,20.0,0.0,10.0,28.95,17
saas_007659,1,34.04,28.0,6.0,0.0,12.0,37.33,20
saas_000114,0,55.74,22.0,1.0,0.0,7.0,65.12,3
saas_008860,0,56.3,198.0,1.0,1.0,14.0,49.86,1
saas_005649,1,0.45,21.0,85.0,0.0,6.0,5.5,16
saas_009844,0,43.2,7.0,3.0,1.0,6.0,32.23,21
saas_000498,1,14.12,1.0,30.0,2.0,7.0,16.02,3
saas_007822,0,24.37,25.0,2.0,0.0,11.0,7.0,10
saas_000720,0,26.71,17.0,3.0,1.0,6.0,25.32,30
saas_007258,0,11.17,161.0,5.0,0.0,1.0,0.0,26
saas_008843,0,0.39,66.0,10.0,1.0,8.0,10.41,19
saas_005730,1,48.33,1.0,9.0,1.0,7.0,38.91,15
saas_003089,1,56.59,85.0,1.0,1.0,7.0,59.1,3
saas_007226,0,42.34,3.0,1.0,0.0,4.0,20.03,27
saas_007306,1,19.6,32.0,12.0,1.0,7.0,41.97,25
saas_006508,1,10.81,7.0,5.0,0.0,9.0,32.89,3
saas_000596,1,2.08,9.0,1.0,2.0,12.0,0.85,9
saas_009092,1,42.23,100.0,14.0,1.0,4.0,15.86,30
saas_006095,0,31.36,92.0,9.0,0.0,8.0,38.39,11
saas_006053,0,42.01,397.0,13.0,0.0,7.0,51.92,5
saas_005164,0,74.26,5.0,1.0,0.0,10.0,38.0,30
saas_001647,0,20.34,116.0,1.0,2.0,5.0,31.63,24
saas_008167,1,32.9,3.0,13.0,0.0,10.0,11.68,9
saas_006920,0,13.25,164.0,4.0,0.0,5.0,18.24,18
saas_002700,0,31.97,72.0,4.0,2.0,11.0,19.37,30
saas_008203,0,28.42,5.0,8.0,0.0,8.0,33.87,20
saas_001700,0,80.68,3.0,24.0,2.0,5.0,58.02,18
saas_008943,1,18.58,218.0,14.0,0.0,10.0,23.47,14
saas_005404,1,0.45,28.0,34.0,1.0,11.0,9.85,5
saas_007219,0,37.46,5.0,8.0,0.0,9.0,48.9,3
saas_007502,1,13.23,8.0,1.0,0.0,7.0,30.38,27
saas_002942,0,32.76,20.0,27.0,0.0,5.0,32.13,19
saas_006301,0,58.31,6.0,28.0,1.0,15.0,22.88,9
saas_000086,0,12.04,9.0,5.0,1.0,12.0,35.49,18
saas_002308,1,10.24,139.0,20.0,2.0,5.0,34.78,24
saas_002677,1,0.45,43.0,6.0,0.0,12.0,2.85,2
saas_008216,0,12.71,3.0,24.0,2.0,13.0,13.84,24
saas_007729,0,0.0,3.0,10.0,1.0,7.0,0.0,17
saas_002594,0,10.65,1.0,23.0,0.0,10.0,31.31,16
saas_005884,1,24.2,64.0,5.0,0.0,7.0,28.41,8
saas_001029,1,28.39,96.0,22.0,1.0,5.0,30.19,11
saas_000136,1,16.92,32.0,40.0,0.0,7.0,25.05,6
saas_006831,0,35.2,27.0,31.0,0.0,9.0,37.61,9
saas_007814,1,0.45,7.0,21.0,0.0,9.0,19.36,3
saas_002854,0,31.74,5.0,11.0,0.0,7.0,30.75,23
saas_004409,0,28.33,1.0,6.0,0.0,7.0,0.69,23
saas_001200,0,27.79,2.0,24.0,1.0,16.0,32.33,28
saas_004717,1,40.1,11.0,6.0,1.0,9.0,26.35,22
saas_009517,1,43.35,23.0,6.0,0.0,11.0,41.65,25
saas_006594,1,42.6,8.0,1.0,0.0,3.0,34.2,4
saas_000566,0,21.04,15.0,37.0,0.0,12.0,29.13,8
saas_007328,1,20.83,4.0,13.0,0.0,9.0,27.83,30
saas_005430,1,23.92,2.0,78.0,0.0,11.0,9.35,9
saas_003927,1,32.41,2.0,11.0,0.0,10.0,43.21,29
saas_006055,0,17.61,52.0,3.0,1.0,9.0,0.0,16
saas_007589,1,44.11,389.0,15.0,2.0,6.0,39.35,3
saas_007122,1,0.45,1.0,2.0,1.0,10.0,9.74,29
saas_006572,0,23.56,187.0,1.0,0.0,7.0,16.66,18
saas_006535,0,64.51,166.0,43.0,0.0,16.0,44.88,1
saas_008913,0,22.65,43.0,27.0,1.0,7.0,17.87,5
saas_008275,1,0.45,12.0,16.0,1.0,8.0,6.19,23
saas_002330,0,34.15,5.0,7.0,1.0,8.0,17.79,20
saas_003515,1,14.48,12.0,6.0,2.0,9.0,39.59,14
saas_002187,0,85.12,9.0,2.0,0.0,8.0,48.86,2
saas_000195,1,45.45,5.0,23.0,1.0,3.0,48.52,9
saas_007257,1,0.45,6.0,29.0,0.0,11.0,9.13,22
saas_005666,1,1.69,32.0,7.0,1.0,8.0,15.6,9
saas_005059,0,6.75,21.0,1.0,1.0,10.0,17.89,2
saas_000802,1,31.22,33.0,5.0,2.0,7.0,41.27,21
saas_008848,1,56.58,36.0,6.0,1.0,7.0,45.37,22
saas_009928,1,49.11,20.0,24.0,0.0,9.0,20.92,17
saas_002068,0,7.28,44.0,27.0,0.0,9.0,26.02,24
saas_009082,1,7.8,13.0,5.0,0.0,11.0,33.93,30
saas_008744,1,46.04,6.0,15.0,1.0,10.0,45.27,17
saas_000644,1,3.28,12.0,20.0,1.0,9.0,17.87,16
saas_009374,0,3.51,74.0,3.0,0.0,8.0,26.51,8
saas_005103,1,17.57,16.0,33.0,0.0,6.0,24.6,5
saas_005460,1,0.45,46.0,36.0,0.0,8.0,2.76,25
saas_001637,1,24.31,86.0,58.0,0.0,8.0,15.59,28
saas_000120,1,16.14,4.0,22.0,2.0,10.0,14.11,29
saas_002981,1,4.89,203.0,29.0,0.0,7.0,18.29,25
saas_005069,0,0.0,125.0,13.0,1.0,9.0,9.48,5
saas_003074,1,18.75,134.0,5.0,1.0,8.0,26.01,11
saas_008927,1,10.94,9.0,5.0,0.0,9.0,30.77,29
saas_003278,0,0.0,6.0,7.0,1.0,7.0,18.38,19
saas_002135,1,0.45,11.0,10.0,1.0,8.0,23.59,5
saas_008941,0,4.17,18.0,8.0,1.0,7.0,20.52,8
saas_004970,1,0.45,15.0,38.0,2.0,6.0,23.38,26
saas_006195,1,30.8,16.0,8.0,1.0,6.0,32.16,16
saas_000134,1,40.66,2.0,59.0,0.0,8.0,22.83,11
saas_007731,0,56.12,16.0,5.0,1.0,11.0,35.05,2
saas_005324,1,0.45,20.0,58.0,0.0,7.0,27.55,1
saas_009640,0,26.12,20.0,20.0,0.0,7.0,14.44,19
saas_006160,0,0.0,30.0,11.0,0.0,6.0,12.91,9
saas_002559,1,2.65,187.0,33.0,1.0,11.0,16.5,13
saas_000062,0,32.24,25.0,29.0,1.0,3.0,66.34,2
saas_001358,1,66.87,10.0,47.0,1.0,11.0,58.23,23
saas_006725,0,23.8,1.0,1.0,2.0,5.0,7.73,8
saas_002467,1,19.75,146.0,31.0,2.0,8.0,25.79,22
saas_000679,0,56.74,15.0,9.0,1.0,10.0,52.43,21
saas_006797,1,15.54,35.0,1.0,1.0,5.0,19.35,30
saas_000741,1,26.85,119.0,2.0,0.0,4.0,6.78,16
saas_005307,1,56.69,12.0,31.0,0.0,8.0,23.34,13
saas_007627,1,46.06,1.0,38.0,0.0,7.0,39.08,25
saas_003641,1,45.27,243.0,6.0,0.0,8.0,32.85,12
saas_000444,0,0.0,12.0,8.0,1.0,7.0,18.45,17
saas_008140,1,43.78,47.0,20.0,1.0,10.0,43.69,24
saas_003258,0,45.54,5.0,23.0,1.0,8.0,16.88,14
saas_004663,0,0.0,7.0,9.0,0.0,5.0,0.0,11
saas_001873,0,13.48,3.0,2.0,0.0,6.0,18.65,16
saas_006366,1,36.4,261.0,26.0,0.0,8.0,26.53,16
saas_002596,0,21.76,128.0,31.0,1.0,12.0,24.96,14
saas_001717,0,0.0,9.0,9.0,2.0,10.0,20.47,28
saas_002912,1,30.74,20.0,1.0,1.0,8.0,57.39,20
saas_002843,0,38.0,60.0,27.0,0.0,9.0,13.16,16
saas_004027,0,27.37,52.0,33.0,0.0,5.0,38.57,9
saas_005488,0,42.85,4.0,22.0,1.0,3.0,28.24,23
saas_008634,1,35.26,7.0,2.0,0.0,9.0,17.52,10
saas_008037,0,59.35,2.0,31.0,0.0,8.0,60.16,17
saas_009232,1,28.62,388.0,24.0,0.0,4.0,17.62,16
saas_000489,0,13.96,54.0,27.0,0.0,8.0,29.84,22
saas_000493,1,7.87,39.0,1.0,0.0,10.0,22.37,12
saas_000690,1,24.18,32.0,15.0,1.0,8.0,18.23,15
saas_003821,0,61.01,127.0,16.0,1.0,7.0,61.81,3
saas_000602,0,36.11,135.0,7.0,1.0,3.0,41.54,5
saas_001911,0,52.08,43.0,12.0,0.0,10.0,28.37,8
saas_001014,1,0.45,4.0,5.0,0.0,10.0,18.38,18
saas_006156,1,26.35,1.0,2.0,0.0,9.0,33.54,30
saas_001993,0,62.09,85.0,5.0,1.0,4.0,48.82,10
saas_005769,1,64.94,25.0,31.0,1.0,7.0,38.63,8
saas_003757,1,16.2,2.0,12.0,0.0,11.0,21.44,17
saas_002366,0,0.0,107.0,3.0,2.0,7.0,4.55,10
saas_005283,0,35.53,78.0,12.0,0.0,8.0,47.63,10
saas_004370,1,20.52,1.0,9.0,1.0,15.0,19.9,7
saas_006883,0,21.75,11.0,2.0,0.0,11.0,21.39,25
saas_007011,0,66.2,8.0,3.0,0.0,11.0,51.87,21
saas_001361,0,25.37,79.0,24.0,0.0,7.0,11.99,10
saas_008461,0,48.3,25.0,1.0,0.0,5.0,42.72,21
saas_001526,1,39.38,121.0,8.0,0.0,10.0,40.62,29
saas_001327,1,0.45,1.0,1.0,1.0,8.0,13.81,18
saas_008507,1,45.35,2.0,13.0,2.0,7.0,23.31,25
saas_009031,0,53.09,743.0,9.0,0.0,6.0,31.69,26
saas_001551,1,50.18,6.0,1.0,1.0,13.0,35.9,22
saas_007769,1,2.24,18.0,68.0,0.0,7.0,25.4,25
saas_009908,0,12.91,3.0,3.0,1.0,6.0,27.07,3
saas_001337,1,6.69,53.0,12.0,1.0,12.0,28.72,12
saas_003901,1,3.98,54.0,10.0,0.0,6.0,27.62,3
saas_003010,1,56.28,692.0,5.0,1.0,9.0,60.01,20
saas_005041,1,50.26,5.0,1.0,0.0,15.0,34.55,12
saas_008825,1,30.2,3.0,30.0,0.0,4.0,22.17,17
saas_002250,1,73.88,4.0,4.0,1.0,10.0,44.11,8
saas_006533,0,35.64,212.0,7.0,0.0,5.0,33.99,4
saas_005039,1,42.64,3.0,16.0,0.0,1.0,26.12,18
saas_002346,1,14.65,15.0,21.0,1.0,10.0,39.34,14
saas_009282,1,36.8,44.0,32.0,1.0,7.0,19.18,8
saas_005485,0,18.25,66.0,29.0,0.0,5.0,22.87,26
saas_002784,1,54.54,35.0,5.0,1.0,7.0,59.9,11
saas_005119,1,0.45,53.0,1.0,1.0,9.0,0.0,18
saas_007550,0,31.4,30.0,32.0,0.0,6.0,29.0,21
saas_005555,0,41.02,25.0,5.0,2.0,5.0,51.13,13
saas_005599,0,46.94,12.0,25.0,1.0,5.0,19.83,26
saas_007630,1,52.82,93.0,13.0,2.0,8.0,28.56,1
saas_000150,0,36.93,15.0,14.0,0.0,7.0,15.89,22
saas_002804,1,22.45,5.0,22.0,1.0,6.0,49.46,11
saas_005874,1,46.78,2.0,2.0,2.0,9.0,61.68,8
saas_002086,1,59.71,17.0,1.0,1.0,9.0,50.62,16
saas_003751,1,30.23,7.0,2.0,0.0,10.0,7.81,19
saas_005612,1,5.97,7.0,38.0,1.0,9.0,20.6,22
saas_002259,0,12.52,45.0,7.0,1.0,2.0,24.38,28
saas_004017,1,23.68,85.0,10.0,0.0,15.0,23.45,1
saas_006113,1,41.89,7.0,3.0,0.0,8.0,8.8,26
saas_006058,1,18.12,14.0,4.0,0.0,8.0,23.21,11
saas_002424,0,0.0,23.0,18.0,0.0,6.0,11.44,23
saas_008034,0,11.02,71.0,10.0,1.0,3.0,18.22,6
saas_003856,0,68.27,3.0,1.0,0.0,6.0,56.84,2
saas_000859,1,38.14,54.0,1.0,1.0,6.0,16.77,6
saas_008170,0,72.63,7.0,9.0,0.0,12.0,27.2,25
saas_007591,1,22.14,112.0,7.0,1.0,6.0,8.32,23
saas_008097,1,48.26,9.0,15.0,1.0,8.0,56.02,19
saas_007320,0,31.68,1.0,12.0,0.0,7.0,51.09,13
saas_008563,1,60.35,27.0,59.0,0.0,9.0,14.93,5
saas_004739,1,20.53,18.0,1.0,2.0,7.0,33.45,24
saas_008594,1,30.01,16.0,1.0,1.0,8.0,19.76,9
saas_004462,1,3.75,102.0,12.0,0.0,14.0,17.17,6
saas_005528,0,2.22,14.0,11.0,0.0,2.0,3.71,5
saas_001364,0,27.56,11.0,7.0,0.0,4.0,0.0,17
saas_001779,0,12.75,180.0,28.0,1.0,4.0,35.89,7
saas_009221,1,0.77,19.0,36.0,1.0,12.0,8.56,9
saas_004785,1,7.34,1.0,5.0,0.0,9.0,14.29,5
saas_006334,0,100.0,1.0,35.0,0.0,8.0,37.62,10
saas_001818,1,23.86,41.0,4.0,1.0,11.0,16.39,15
saas_007799,1,22.37,5.0,28.0,2.0,5.0,14.61,24
saas_004937,0,13.54,1.0,9.0,1.0,11.0,13.93,4
saas_002704,0,55.08,27.0,3.0,0.0,13.0,40.23,1
saas_005285,1,52.42,35.0,18.0,1.0,9.0,24.09,30
saas_000175,1,33.08,26.0,30.0,0.0,10.0,33.8,27
saas_007481,1,38.89,16.0,7.0,0.0,9.0,16.7,13
saas_002093,0,52.11,68.0,10.0,0.0,10.0,41.46,15
saas_008750,1,5.2,1.0,10.0,1.0,7.0,17.33,23
saas_003491,0,0.0,4.0,16.0,2.0,12.0,4.57,26
saas_001920,0,43.59,3.0,59.0,0.0,8.0,23.22,11
saas_000082,1,17.01,11.0,4.0,2.0,11.0,10.97,18
saas_000816,0,26.79,10.0,2.0,0.0,7.0,38.07,2
saas_008601,1,44.4,69.0,18.0,1.0,6.0,29.4,26
saas_007354,0,16.12,27.0,11.0,0.0,6.0,13.06,21
saas_004396,1,49.59,22.0,2.0,1.0,5.0,12.65,30
saas_009181,0,7.26,10.0,3.0,0.0,9.0,18.04,15
saas_005568,0,34.05,16.0,14.0,1.0,7.0,12.03,13
saas_000283,1,0.45,39.0,7.0,0.0,11.0,9.81,20
saas_004120,0,8.62,7.0,12.0,1.0,5.0,8.69,13
saas_007480,0,0.0,84.0,1.0,0.0,6.0,36.76,5
saas_000609,1,12.73,45.0,11.0,1.0,7.0,6.4,23
saas_002915,1,27.09,371.0,35.0,1.0,7.0,32.22,16
saas_001813,0,46.32,19.0,9.0,0.0,5.0,26.83,24
saas_001271,1,44.1,176.0,5.0,1.0,6.0,42.2,16
saas_005924,0,51.48,3.0,6.0,0.0,9.0,49.12,10
saas_009595,1,20.74,17.0,2.0,0.0,11.0,31.0,25
saas_002994,0,49.67,9.0,57.0,1.0,6.0,41.63,26
saas_007109,1,32.47,46.0,14.0,1.0,6.0,50.5,26
saas_008613,1,43.63,11.0,2.0,2.0,7.0,24.28,3
saas_007356,0,26.95,25.0,25.0,0.0,12.0,30.66,26
saas_002642,0,31.28,4.0,9.0,0.0,6.0,34.24,22
saas_006553,0,0.0,16.0,1.0,0.0,10.0,2.94,5
saas_004508,0,7.58,5.0,15.0,0.0,6.0,0.0,14
saas_002305,1,0.45,9.0,31.0,2.0,5.0,0.0,11
saas_006502,1,26.32,1339.0,8.0,2.0,5.0,33.46,9
saas_006260,1,14.94,8.0,5.0,0.0,6.0,18.24,18
saas_004195,1,20.25,5.0,26.0,0.0,10.0,36.1,25
saas_005562,1,55.85,39.0,2.0,0.0,6.0,33.45,21
saas_004840,0,31.71,26.0,15.0,0.0,8.0,19.13,19
saas_004655,0,28.79,17.0,17.0,2.0,6.0,24.43,5
saas_008147,1,40.93,13.0,7.0,1.0,6.0,43.16,16
saas_004168,0,64.37,17.0,1.0,0.0,3.0,30.1,13
saas_003849,0,63.72,5.0,1.0,1.0,7.0,39.96,1
saas_009847,1,9.99,15.0,5.0,0.0,7.0,11.05,24
saas_008401,1,45.02,114.0,31.0,1.0,9.0,31.1,2
saas_005253,0,48.12,184.0,10.0,1.0,6.0,26.98,9
saas_007884,0,44.67,3.0,4.0,0.0,11.0,41.51,23
saas_005533,1,28.65,25.0,1.0,0.0,8.0,39.31,9
saas_002414,0,53.36,106.0,3.0,1.0,8.0,58.93,9
saas_003554,0,22.66,80.0,61.0,0.0,10.0,31.35,15
saas_004691,1,0.45,31.0,1.0,0.0,9.0,42.44,19
saas_004498,0,20.05,28.0,14.0,1.0,4.0,9.23,4
saas_002195,1,0.45,1.0,1.0,2.0,11.0,12.23,12
saas_005045,0,40.01,157.0,1.0,0.0,8.0,19.77,9
saas_002600,0,2.6,8.0,1.0,2.0,9.0,34.46,3
saas_001518,0,22.6,12.0,19.0,0.0,15.0,15.58,2
saas_004764,1,2.65,122.0,2.0,0.0,7.0,7.63,1
saas_004314,1,6.58,19.0,1.0,1.0,11.0,14.0,25
saas_003366,1,7.93,21.0,4.0,2.0,11.0,46.04,29
saas_006065,1,49.29,34.0,2.0,1.0,4.0,19.42,26
saas_006582,0,0.0,25.0,21.0,0.0,12.0,5.01,1
saas_002633,1,0.45,20.0,7.0,0.0,9.0,0.0,23
saas_007337,1,25.2,4.0,2.0,2.0,10.0,18.35,8
saas_005633,1,52.25,82.0,24.0,2.0,5.0,44.0,27
saas_009168,1,38.77,109.0,8.0,1.0,9.0,58.98,16
saas_008789,0,33.7,11.0,35.0,2.0,9.0,28.18,20
saas_002434,1,63.5,13.0,3.0,0.0,8.0,30.44,2
saas_008277,1,33.4,12.0,3.0,1.0,7.0,39.25,1
saas_006758,0,0.0,271.0,4.0,1.0,8.0,0.0,25
saas_006611,1,69.19,3.0,13.0,1.0,5.0,57.79,1
saas_004520,1,0.45,4.0,16.0,1.0,14.0,16.49,15
saas_005587,1,29.28,65.0,7.0,0.0,9.0,36.01,12
saas_003545,0,27.62,7.0,67.0,1.0,6.0,19.07,11
saas_005965,1,41.2,125.0,25.0,0.0,7.0,27.68,27
saas_005992,1,47.73,28.0,12.0,1.0,11.0,36.84,5
saas_008805,0,60.91,243.0,2.0,0.0,8.0,51.06,25
saas_005531,0,20.69,50.0,49.0,1.0,6.0,14.44,11
saas_005444,1,28.61,114.0,1.0,1.0,6.0,27.87,11
saas_000517,1,15.03,7.0,14.0,1.0,10.0,31.11,3
saas_006110,1,8.15,13.0,2.0,2.0,9.0,40.75,23
saas_006864,0,45.18,13.0,3.0,1.0,8.0,47.47,2
saas_007960,1,46.71,1.0,3.0,0.0,5.0,27.09,2
saas_001415,1,40.87,5.0,3.0,2.0,10.0,30.2,26
saas_004664,0,51.48,881.0,13.0,1.0,6.0,54.16,9
saas_004456,1,5.05,7.0,11.0,1.0,10.0,8.62,26
saas_002761,0,0.0,1.0,5.0,0.0,7.0,0.0,21
saas_004855,0,25.66,123.0,4.0,2.0,6.0,22.76,10
saas_000127,1,59.32,3.0,11.0,1.0,4.0,41.8,20
saas_003474,1,0.45,2.0,1.0,1.0,8.0,15.25,6
saas_007969,1,36.86,218.0,4.0,1.0,17.0,32.79,15
saas_004310,1,35.14,32.0,39.0,0.0,11.0,37.7,14
saas_002438,1,62.77,89.0,7.0,0.0,12.0,34.12,25
saas_003765,1,36.81,116.0,9.0,0.0,4.0,44.26,23
saas_006876,0,36.2,5.0,1.0,0.0,7.0,36.12,18
saas_005896,1,62.04,47.0,26.0,1.0,6.0,50.46,18
saas_005840,0,24.71,8.0,11.0,0.0,8.0,15.73,9
saas_008842,0,3.62,8.0,23.0,2.0,12.0,14.26,16
saas_009770,1,50.49,109.0,3.0,0.0,6.0,13.84,17
saas_001473,1,0.45,1.0,7.0,0.0,9.0,10.38,29
saas_004821,1,57.38,7.0,5.0,0.0,6.0,42.8,5
saas_006915,0,35.07,5.0,16.0,0.0,6.0,25.7,1
saas_003560,0,29.94,58.0,18.0,0.0,10.0,20.54,12
saas_003951,0,27.56,717.0,37.0,0.0,7.0,31.72,16
saas_000049,0,6.11,22.0,7.0,0.0,10.0,4.69,29
saas_005437,0,28.12,17.0,58.0,1.0,5.0,40.14,5
saas_009897,1,27.47,18.0,8.0,0.0,9.0,49.75,4
saas_000887,1,45.19,10.0,8.0,0.0,7.0,33.68,15
saas_002616,0,20.78,19.0,20.0,0.0,8.0,1.34,10
saas_000516,1,0.45,54.0,11.0,2.0,8.0,0.0,29
saas_003168,0,26.53,5.0,6.0,0.0,15.0,17.87,17
saas_002949,0,46.54,116.0,9.0,0.0,5.0,38.32,21
saas_001424,1,44.96,26.0,3.0,2.0,8.0,19.2,2
saas_000139,1,48.59,1588.0,1.0,0.0,9.0,32.94,6
saas_001924,0,26.52,18.0,4.0,1.0,7.0,54.29,5
saas_002378,1,38.62,21.0,10.0,0.0,11.0,26.0,5
saas_003197,1,0.45,14.0,3.0,0.0,7.0,10.12,26
saas_005131,0,14.47,20.0,10.0,0.0,8.0,30.09,4
saas_000112,1,36.91,8.0,37.0,0.0,7.0,35.56,4
saas_004559,1,22.11,3.0,4.0,1.0,3.0,40.69,17
saas_004595,1,40.63,73.0,8.0,1.0,4.0,16.86,29
saas_007997,1,31.25,2.0,12.0,1.0,9.0,37.88,8
saas_003250,1,30.07,112.0,54.0,1.0,15.0,20.36,8
saas_004690,0,23.98,105.0,35.0,0.0,6.0,5.84,5
saas_008115,0,42.01,9.0,4.0,2.0,4.0,46.19,14
saas_007767,1,0.45,2.0,1.0,0.0,4.0,23.29,11
saas_004546,1,20.77,1.0,1.0,1.0,11.0,10.1,15
saas_007084,1,45.49,73.0,24.0,0.0,8.0,31.02,25
saas_003277,1,58.34,1.0,6.0,0.0,9.0,38.59,12
saas_007542,1,12.68,10.0,6.0,1.0,5.0,19.69,4
saas_006593,1,37.71,124.0,15.0,1.0,8.0,43.1,22
saas_004068,1,51.43,17.0,28.0,0.0,9.0,40.99,30
saas_004408,1,27.56,18.0,16.0,1.0,12.0,1.15,29
saas_008644,1,46.11,42.0,19.0,1.0,6.0,36.69,17
saas_008588,0,4.33,57.0,11.0,0.0,10.0,13.39,17
saas_007384,1,90.1,103.0,2.0,0.0,11.0,62.4,21
saas_003222,1,35.59,1.0,1.0,0.0,10.0,49.29,21
saas_008210,1,0.45,20.0,4.0,1.0,4.0,24.81,9
saas_000451,0,44.33,33.0,26.0,0.0,5.0,51.03,2
saas_003731,1,6.59,57.0,16.0,1.0,7.0,13.64,10
saas_008953,0,45.72,73.0,16.0,1.0,7.0,24.46,14
saas_004986,1,4.25,36.0,21.0,0.0,11.0,27.34,1
saas_003663,0,10.59,32.0,20.0,0.0,8.0,22.29,14
saas_002763,0,0.0,76.0,7.0,0.0,7.0,9.35,25
saas_000658,1,48.54,123.0,10.0,1.0,5.0,43.62,9
saas_007678,0,11.33,10.0,2.0,1.0,6.0,10.86,19
saas_007676,1,1.7,14.0,2.0,0.0,7.0,8.02,29
saas_004620,1,0.45,3.0,25.0,2.0,5.0,9.77,4
saas_000999,0,32.37,69.0,6.0,2.0,6.0,11.93,3
saas_000389,1,30.72,2.0,1.0,1.0,5.0,16.97,4
saas_003407,0,75.76,246.0,1.0,2.0,11.0,60.9,20
saas_001476,0,17.85,465.0,11.0,0.0,8.0,27.4,30
saas_002240,1,42.14,126.0,6.0,1.0,4.0,40.64,22
saas_002386,1,21.88,1.0,20.0,1.0,3.0,3.83,29
saas_009139,0,37.49,1.0,12.0,0.0,12.0,23.94,4
saas_000992,1,24.69,296.0,36.0,0.0,10.0,34.32,29
saas_004997,1,60.61,64.0,36.0,0.0,7.0,19.51,3
saas_003922,1,34.35,3.0,1.0,1.0,2.0,33.19,24
saas_002972,1,45.86,19.0,15.0,0.0,4.0,55.22,23
saas_003386,0,64.06,19.0,37.0,2.0,11.0,27.72,9
saas_007885,1,43.45,2.0,8.0,1.0,11.0,43.65,25
saas_008812,0,32.23,37.0,16.0,0.0,3.0,27.91,1
saas_004769,0,25.42,221.0,53.0,2.0,9.0,37.68,5
saas_001293,1,24.19,1.0,26.0,0.0,8.0,11.11,7
saas_001824,1,36.71,5.0,2.0,2.0,8.0,4.21,16
saas_002873,1,40.15,1.0,15.0,2.0,8.0,32.37,30
saas_004173,1,62.22,6.0,6.0,0.0,12.0,61.54,3
saas_002535,1,20.67,96.0,4.0,0.0,7.0,12.68,13
saas_009132,1,52.5,10.0,16.0,1.0,9.0,36.77,29
saas_001907,0,15.65,25.0,3.0,0.0,6.0,13.04,5
saas_000042,1,22.66,7.0,21.0,0.0,8.0,0.0,1
saas_009491,1,39.94,19.0,9.0,1.0,12.0,37.78,16
saas_000368,0,38.25,27.0,16.0,0.0,6.0,33.42,1
saas_001151,0,0.0,85.0,19.0,1.0,4.0,0.0,26
saas_007752,1,0.45,1.0,18.0,0.0,14.0,39.69,6
saas_006358,1,2.65,112.0,69.0,0.0,6.0,7.52,24
saas_005912,0,10.42,47.0,30.0,1.0,8.0,6.8,3
saas_006507,1,25.81,23.0,1.0,0.0,12.0,12.29,9
saas_007525,0,0.0,187.0,4.0,0.0,7.0,7.72,30
saas_004160,0,22.11,2.0,25.0,1.0,9.0,46.54,25
saas_004287,1,21.12,7.0,24.0,1.0,5.0,32.14,11
saas_007775,0,2.48,3.0,1.0,1.0,10.0,0.0,4
saas_006714,1,52.28,4.0,11.0,1.0,6.0,21.92,6
saas_000174,0,16.79,2.0,5.0,2.0,5.0,7.51,24
saas_001903,0,45.28,16.0,7.0,2.0,6.0,41.74,5
saas_001099,0,90.38,129.0,8.0,2.0,13.0,55.67,24
saas_008114,0,37.38,59.0,2.0,0.0,3.0,23.89,5
saas_003408,0,69.8,42.0,6.0,1.0,10.0,38.71,4
saas_001538,0,49.7,4.0,31.0,1.0,6.0,19.72,30
saas_002292,0,28.86,122.0,47.0,0.0,10.0,19.63,26
saas_009300,1,66.84,16.0,8.0,0.0,7.0,35.1,29
saas_001363,1,23.22,73.0,24.0,0.0,7.0,36.91,7
saas_007188,1,19.6,5.0,11.0,1.0,8.0,17.5,11
saas_006627,1,0.45,13.0,47.0,1.0,4.0,4.95,1
saas_005260,1,29.04,44.0,1.0,0.0,11.0,34.45,15
saas_006815,0,48.25,21.0,1.0,1.0,7.0,52.42,17
saas_009461,0,21.97,29.0,9.0,0.0,7.0,36.55,2
saas_000680,0,9.93,68.0,1.0,0.0,12.0,25.18,11
saas_009315,0,45.51,26.0,33.0,2.0,5.0,37.55,9
saas_009298,1,8.33,5.0,2.0,2.0,10.0,27.29,7
saas_003664,0,46.23,15.0,53.0,0.0,4.0,15.52,15
saas_001661,1,17.28,3.0,3.0,0.0,6.0,15.37,25
saas_000508,1,0.45,8.0,6.0,0.0,7.0,0.0,10
saas_000166,0,31.66,81.0,9.0,1.0,5.0,30.57,13
saas_005497,1,54.03,48.0,14.0,2.0,5.0,36.55,12
saas_008299,0,84.15,10.0,8.0,1.0,4.0,51.97,21
saas_001006,0,13.83,54.0,1.0,0.0,10.0,29.44,20
saas_009739,1,59.2,85.0,15.0,2.0,8.0,22.99,16
saas_001914,1,30.49,119.0,33.0,1.0,8.0,46.41,3
saas_003494,0,0.0,174.0,3.0,1.0,12.0,29.47,6
saas_009633,1,30.5,20.0,20.0,0.0,2.0,7.73,19
saas_009750,1,23.19,13.0,9.0,0.0,10.0,24.88,30
saas_006444,0,4.91,21.0,7.0,0.0,12.0,37.42,18
saas_004990,1,15.39,1.0,18.0,1.0,7.0,16.79,2
saas_002536,0,53.14,5.0,8.0,1.0,1.0,36.97,17
saas_001104,0,4.26,3.0,2.0,1.0,13.0,8.9,25
saas_003875,0,60.63,36.0,13.0,0.0,9.0,67.73,20
saas_007523,0,47.76,40.0,11.0,0.0,7.0,38.57,4
saas_001752,1,27.5,7.0,8.0,1.0,5.0,39.73,7
saas_005310,0,17.84,4.0,16.0,2.0,10.0,24.49,3
saas_007296,1,0.45,14.0,3.0,0.0,12.0,21.24,18
saas_002916,1,52.49,213.0,1.0,2.0,11.0,43.24,26
saas_008974,1,12.28,3.0,4.0,2.0,5.0,13.14,13
saas_005754,1,14.17,5.0,1.0,0.0,13.0,25.64,18
saas_000152,1,63.42,1.0,23.0,0.0,10.0,34.66,19
saas_007690,0,45.66,29.0,2.0,2.0,6.0,63.62,7
saas_005679,1,0.45,71.0,34.0,0.0,9.0,6.37,18
saas_003907,0,40.0,4.0,3.0,0.0,11.0,21.5,3
saas_009135,1,52.49,15.0,1.0,2.0,11.0,57.65,7
saas_002552,1,24.32,10.0,16.0,0.0,5.0,44.63,12
saas_002773,1,37.22,15.0,4.0,1.0,16.0,35.45,30
saas_006098,0,25.64,89.0,6.0,0.0,8.0,33.55,19
saas_003551,1,22.49,3.0,9.0,1.0,4.0,9.07,25
saas_003722,1,38.41,81.0,4.0,0.0,10.0,24.82,1
saas_009870,0,37.02,6.0,21.0,1.0,10.0,28.4,29
saas_000520,0,29.89,4.0,6.0,0.0,4.0,18.79,10
saas_008033,0,6.48,27.0,3.0,0.0,11.0,0.12,9
saas_004538,0,0.76,3.0,9.0,0.0,7.0,20.47,17
saas_006778,0,53.59,3.0,4.0,2.0,6.0,38.57,16
saas_001822,0,17.34,125.0,2.0,0.0,7.0,1.26,25
saas_004086,0,71.27,5.0,4.0,1.0,8.0,37.49,30
saas_006148,0,35.94,1.0,1.0,0.0,7.0,33.02,11
saas_008742,0,32.49,2.0,1.0,0.0,8.0,42.42,4
saas_009472,1,37.96,25.0,1.0,0.0,11.0,35.18,19
saas_007741,1,0.45,47.0,25.0,0.0,3.0,25.58,29
saas_000309,0,24.17,270.0,1.0,0.0,3.0,13.55,8
saas_007720,1,0.73,2.0,20.0,2.0,9.0,23.03,27
saas_008222,1,59.78,5.0,11.0,2.0,11.0,38.83,1
saas_008656,1,74.82,3.0,5.0,0.0,9.0,41.89,9
saas_003599,0,33.94,163.0,9.0,1.0,7.0,38.06,29
saas_003622,1,30.0,5.0,19.0,0.0,8.0,48.49,29
saas_003811,1,24.97,12.0,3.0,1.0,8.0,16.63,2
saas_003450,0,70.06,1.0,38.0,0.0,8.0,39.67,8
saas_004591,1,21.29,204.0,1.0,0.0,12.0,3.15,11
saas_000205,0,36.69,18.0,11.0,0.0,6.0,35.57,16
saas_009840,1,47.17,14.0,10.0,0.0,4.0,47.22,22
saas_001135,1,42.63,138.0,23.0,1.0,8.0,31.49,14
saas_009384,0,33.3,77.0,29.0,0.0,7.0,16.9,4
saas_002749,1,0.45,61.0,1.0,1.0,9.0,17.66,24
saas_003613,0,67.34,10.0,8.0,1.0,8.0,36.93,6
saas_000305,1,34.58,4.0,15.0,1.0,10.0,53.02,2
saas_001849,0,17.9,54.0,37.0,0.0,9.0,26.97,4
saas_007669,1,51.61,499.0,30.0,2.0,14.0,33.78,15
saas_001988,0,13.11,5.0,13.0,0.0,8.0,10.43,1
saas_003240,1,26.54,106.0,6.0,0.0,7.0,32.45,30
saas_002798,0,25.49,47.0,4.0,1.0,8.0,30.64,24
saas_004515,0,47.18,84.0,9.0,2.0,8.0,14.96,19
saas_005630,1,41.68,1.0,6.0,0.0,11.0,31.83,29
saas_009372,0,64.87,13.0,1.0,0.0,15.0,48.25,14
saas_003109,1,7.73,5.0,90.0,2.0,1.0,24.5,26
saas_004939,0,17.24,4.0,21.0,1.0,6.0,40.98,26
saas_004059,0,0.0,17.0,1.0,0.0,5.0,12.67,9
saas_001987,0,11.52,6.0,8.0,0.0,9.0,16.18,14
saas_007157,0,1.06,29.0,5.0,1.0,6.0,17.43,29
saas_008874,0,21.23,16.0,27.0,1.0,5.0,39.86,9
saas_006613,1,51.41,22.0,9.0,1.0,5.0,47.75,21
saas_000383,1,51.11,3.0,28.0,2.0,6.0,48.55,6
saas_005634,1,38.58,19.0,6.0,1.0,12.0,30.18,9
saas_004307,0,8.68,462.0,23.0,1.0,4.0,25.27,10
saas_003388,0,1.29,1.0,12.0,0.0,8.0,0.0,17
saas_003156,1,47.97,1105.0,11.0,0.0,7.0,34.07,4
saas_009995,0,22.61,228.0,5.0,0.0,11.0,39.92,14
saas_002727,1,23.44,15.0,1.0,0.0,6.0,33.55,19
saas_006333,1,38.49,1.0,2.0,0.0,6.0,12.16,5
saas_009899,0,7.24,8.0,32.0,0.0,5.0,11.62,13
saas_008751,1,57.24,20.0,1.0,2.0,10.0,44.98,10
saas_008302,0,0.0,46.0,4.0,0.0,8.0,12.09,15
saas_006037,1,20.4,45.0,15.0,1.0,4.0,28.53,14
saas_003832,1,35.94,15.0,21.0,0.0,11.0,23.33,22
saas_008917,0,40.2,45.0,20.0,1.0,7.0,39.8,18
saas_004776,1,34.48,5.0,19.0,1.0,6.0,42.31,16
saas_004276,1,0.45,63.0,11.0,2.0,3.0,26.18,12
saas_000253,0,47.17,4.0,9.0,1.0,11.0,31.47,26
saas_007895,1,8.76,6.0,19.0,1.0,8.0,25.48,14
saas_009590,0,40.54,7.0,5.0,0.0,6.0,39.88,16
saas_007288,0,0.0,8.0,1.0,1.0,8.0,17.48,9
saas_000278,1,65.05,119.0,1.0,0.0,7.0,50.2,15
saas_003252,1,7.45,2.0,1.0,0.0,4.0,27.08,14
saas_002480,1,38.53,306.0,30.0,1.0,4.0,11.61,12
saas_000289,1,35.22,17.0,6.0,1.0,4.0,23.13,8
saas_006086,1,40.08,64.0,8.0,1.0,5.0,29.77,8
saas_003075,1,31.3,5.0,8.0,0.0,12.0,10.11,9
saas_008123,0,56.87,6.0,7.0,0.0,5.0,54.29,2
saas_007598,1,10.82,11.0,27.0,2.0,7.0,12.06,13
saas_006403,0,42.15,2.0,4.0,0.0,7.0,30.19,27
saas_005089,0,28.95,422.0,7.0,1.0,7.0,43.48,7
saas_007283,0,43.88,21.0,17.0,0.0,7.0,39.8,30
saas_009717,0,0.0,17.0,9.0,0.0,9.0,12.17,7
saas_008402,0,34.0,11.0,36.0,1.0,12.0,51.13,16
saas_006121,1,35.36,90.0,2.0,0.0,7.0,32.85,17
saas_007754,1,3.23,32.0,25.0,0.0,7.0,25.68,18
saas_000270,0,61.27,6.0,29.0,1.0,9.0,41.66,17
saas_006009,1,16.88,37.0,18.0,2.0,4.0,0.0,19
saas_004570,0,15.41,17.0,14.0,0.0,6.0,26.94,17
saas_009116,1,0.45,2.0,2.0,0.0,6.0,8.73,26
saas_009803,1,35.34,1.0,18.0,0.0,5.0,26.91,19
saas_002971,0,5.97,18.0,3.0,1.0,9.0,0.0,14
saas_006193,1,25.61,14.0,8.0,0.0,11.0,21.94,3
saas_008768,1,0.45,9.0,5.0,0.0,5.0,4.72,6
saas_004207,1,0.45,76.0,7.0,0.0,10.0,12.7,17
saas_003218,1,39.5,573.0,2.0,1.0,13.0,46.21,30
saas_001391,0,35.57,184.0,1.0,0.0,6.0,39.62,25
saas_003975,0,14.29,31.0,24.0,1.0,4.0,8.96,11
saas_004316,0,2.46,50.0,1.0,2.0,12.0,14.96,29
saas_007959,1,21.25,14.0,11.0,2.0,4.0,32.62,26
saas_007344,1,61.33,46.0,1.0,1.0,4.0,30.29,26
saas_007448,0,14.62,109.0,39.0,0.0,10.0,19.03,2
saas_000083,1,75.93,11.0,56.0,0.0,4.0,49.56,10
saas_000873,0,58.01,22.0,7.0,1.0,6.0,49.24,3
saas_009605,0,12.63,60.0,26.0,1.0,11.0,16.77,11
saas_007635,0,17.47,18.0,16.0,1.0,4.0,26.36,25
saas_004557,1,36.97,40.0,20.0,0.0,6.0,27.98,28
saas_004500,1,0.45,2.0,6.0,0.0,8.0,18.95,3
saas_004647,0,42.28,6.0,19.0,0.0,9.0,37.71,29
saas_002038,1,0.45,4.0,2.0,1.0,5.0,39.51,1
saas_009694,1,36.06,8.0,11.0,1.0,6.0,21.94,4
saas_006909,0,0.0,659.0,2.0,1.0,8.0,8.85,6
saas_002450,1,25.98,9.0,1.0,0.0,8.0,46.46,9
saas_003954,1,24.52,20.0,42.0,1.0,8.0,28.44,8
saas_002329,1,31.52,89.0,6.0,0.0,5.0,20.24,17
saas_009124,1,29.92,4.0,18.0,0.0,6.0,26.15,3
saas_007044,0,17.46,10.0,57.0,1.0,8.0,9.34,10
saas_005042,1,40.63,35.0,2.0,1.0,8.0,28.29,25
saas_009364,0,27.88,1.0,14.0,0.0,10.0,35.83,20
saas_004746,1,30.21,62.0,1.0,0.0,6.0,21.85,26
saas_009367,0,81.77,149.0,2.0,0.0,8.0,39.35,18
saas_009402,1,4.29,9.0,14.0,1.0,9.0,49.85,19
saas_006491,0,14.38,10.0,18.0,0.0,11.0,37.11,9
saas_006637,0,20.3,27.0,7.0,1.0,7.0,0.0,30
saas_007225,1,40.29,23.0,26.0,1.0,3.0,25.64,28
saas_002401,0,41.67,87.0,1.0,2.0,9.0,38.17,15
saas_005520,0,23.58,55.0,1.0,0.0,5.0,26.21,25
saas_001216,1,2.95,1.0,28.0,0.0,8.0,18.36,11
saas_008695,0,12.71,52.0,37.0,0.0,9.0,31.21,7
saas_006020,0,38.54,17.0,15.0,0.0,11.0,27.63,20
saas_006865,0,0.0,41.0,1.0,0.0,8.0,12.81,3
saas_001064,1,6.37,7.0,1.0,0.0,9.0,35.53,22
saas_003786,0,51.86,12.0,1.0,0.0,10.0,42.02,17
saas_004410,0,18.9,171.0,2.0,0.0,2.0,7.59,12
saas_006859,0,47.36,41.0,7.0,0.0,9.0,47.03,14
saas_006760,1,29.21,75.0,1.0,1.0,9.0,35.08,6
saas_005523,0,54.39,71.0,18.0,2.0,13.0,31.33,8
saas_005996,1,36.83,28.0,17.0,0.0,8.0,39.87,24
saas_008833,1,5.07,171.0,5.0,0.0,10.0,11.94,9
saas_005888,1,53.12,77.0,8.0,2.0,13.0,40.92,27
saas_002161,0,44.18,4.0,2.0,1.0,9.0,23.75,12
saas_003008,0,74.61,13.0,1.0,0.0,8.0,58.32,6
saas_001105,0,20.31,57.0,37.0,0.0,13.0,9.18,3
saas_006654,0,8.67,37.0,21.0,1.0,14.0,11.26,16
saas_000692,1,67.16,83.0,18.0,0.0,11.0,51.83,22
saas_009957,0,16.82,806.0,13.0,0.0,6.0,17.83,10
saas_004956,0,0.0,22.0,14.0,0.0,6.0,17.91,22
saas_006597,1,6.14,16.0,1.0,0.0,7.0,4.98,16
saas_008480,0,52.86,14.0,3.0,1.0,10.0,27.79,24
saas_004369,0,0.0,60.0,2.0,0.0,6.0,22.66,11
saas_002765,1,0.48,7.0,15.0,0.0,10.0,16.62,3
saas_003929,0,0.0,6.0,8.0,0.0,11.0,14.81,28
saas_007134,1,23.6,11.0,60.0,0.0,12.0,16.59,27
saas_008735,1,0.45,5.0,30.0,0.0,7.0,0.0,14
saas_007530,1,52.52,12.0,27.0,0.0,7.0,43.04,22
saas_007528,1,8.91,49.0,1.0,0.0,10.0,15.86,19
saas_000628,0,47.56,4.0,15.0,0.0,9.0,41.79,3
saas_002451,1,54.98,10.0,12.0,1.0,5.0,25.55,19
saas_006239,1,59.03,9.0,1.0,2.0,6.0,38.94,22
saas_007012,0,24.44,11.0,1.0,0.0,11.0,38.26,13
saas_003824,1,18.04,12.0,9.0,0.0,7.0,14.98,2
saas_008977,0,0.0,27.0,19.0,0.0,5.0,31.79,10
saas_002652,1,25.48,138.0,38.0,1.0,9.0,14.19,17
saas_009107,1,18.87,2.0,25.0,0.0,9.0,43.7,11
saas_003743,1,0.45,51.0,4.0,0.0,9.0,36.56,14
saas_002176,0,0.0,41.0,1.0,0.0,8.0,0.0,23
saas_009906,1,8.24,18.0,18.0,1.0,7.0,28.2,6
saas_009263,0,0.0,2.0,15.0,1.0,10.0,24.72,17
saas_003318,0,20.06,110.0,4.0,1.0,4.0,24.29,10
saas_006343,1,0.45,6.0,13.0,0.0,5.0,21.72,7
saas_002787,0,32.68,18.0,1.0,1.0,4.0,25.64,15
saas_004105,1,21.51,64.0,38.0,2.0,10.0,8.59,2
saas_006355,0,10.7,15.0,6.0,1.0,9.0,41.02,26
saas_001676,0,15.06,88.0,4.0,0.0,7.0,17.64,9
saas_003947,1,75.13,1.0,9.0,1.0,15.0,45.63,6
saas_004444,0,48.63,23.0,1.0,1.0,5.0,55.22,13
saas_002936,0,50.51,1.0,21.0,2.0,5.0,39.24,7
saas_009005,0,56.25,1202.0,9.0,0.0,8.0,33.11,4
saas_007766,1,0.45,46.0,6.0,0.0,9.0,15.3,9
saas_005722,0,8.6,20.0,21.0,2.0,11.0,18.42,2
saas_007441,0,32.97,10.0,40.0,2.0,13.0,36.29,1
saas_002503,1,55.97,41.0,10.0,0.0,7.0,28.9,24
saas_008482,1,17.06,26.0,5.0,2.0,7.0,35.15,23
saas_002369,0,60.62,65.0,46.0,0.0,9.0,56.11,24
saas_004967,0,0.0,3.0,17.0,0.0,11.0,0.0,5
saas_005883,0,15.21,18.0,27.0,0.0,8.0,16.03,12
saas_002217,1,0.45,17.0,3.0,1.0,7.0,26.97,15
saas_005847,1,55.76,175.0,11.0,0.0,3.0,40.96,19
saas_002218,0,22.09,7.0,4.0,1.0,8.0,40.54,27
saas_003326,0,47.87,48.0,11.0,0.0,7.0,51.9,26
saas_006733,0,31.12,2.0,21.0,1.0,5.0,11.64,24
saas_003583,0,53.51,18.0,38.0,0.0,6.0,25.65,20
saas_009824,1,80.05,16.0,16.0,1.0,10.0,53.13,15
saas_003619,1,0.45,13.0,2.0,0.0,4.0,0.23,22
saas_007707,1,15.77,3.0,60.0,0.0,6.0,4.09,8
saas_006432,0,38.32,14.0,10.0,2.0,8.0,33.64,27
saas_003115,1,60.9,61.0,3.0,1.0,5.0,37.2,5
saas_000085,1,11.97,41.0,1.0,2.0,10.0,7.14,11
saas_005973,1,43.0,18.0,14.0,0.0,7.0,23.7,27
saas_002801,0,65.61,86.0,14.0,2.0,8.0,29.61,8
saas_003671,0,23.1,44.0,20.0,0.0,5.0,34.41,3
saas_003667,1,1.76,3.0,16.0,1.0,9.0,0.0,16
saas_009794,0,25.05,17.0,31.0,0.0,7.0,27.67,2
saas_005158,1,0.45,7.0,16.0,1.0,10.0,0.52,6
saas_005725,0,0.59,26.0,22.0,2.0,5.0,29.18,2
saas_004590,0,1.88,71.0,6.0,0.0,12.0,12.81,23
saas_002019,0,64.38,41.0,7.0,0.0,6.0,46.08,14
saas_007831,1,29.68,484.0,3.0,0.0,6.0,16.15,8
saas_002525,1,32.99,55.0,9.0,1.0,1.0,46.78,15
saas_008286,0,0.0,4.0,6.0,1.0,3.0,0.0,15
saas_009206,1,41.25,4.0,12.0,0.0,5.0,27.5,11
saas_003212,1,63.22,57.0,8.0,1.0,8.0,47.14,4
saas_000519,1,67.82,231.0,30.0,1.0,6.0,29.91,26
saas_005366,0,0.0,8.0,1.0,0.0,6.0,22.89,12
saas_006762,1,50.83,12.0,13.0,1.0,12.0,51.94,24
saas_002895,0,66.91,3.0,11.0,0.0,6.0,33.62,9
saas_000244,0,34.76,489.0,4.0,1.0,9.0,37.25,2
saas_005930,1,0.45,44.0,16.0,1.0,7.0,14.27,4
saas_004714,1,13.44,8.0,11.0,1.0,12.0,10.71,21
saas_009567,1,46.92,3.0,24.0,0.0,8.0,30.97,5
saas_003425,1,18.48,35.0,1.0,1.0,10.0,16.15,22
saas_006931,1,30.67,68.0,42.0,0.0,7.0,16.16,11
saas_006720,1,43.77,195.0,26.0,1.0,7.0,51.12,28
saas_007410,1,21.93,67.0,21.0,0.0,9.0,0.0,26
saas_006177,0,52.12,21.0,9.0,1.0,9.0,35.58,11
saas_007250,1,47.24,4.0,7.0,0.0,12.0,32.51,29
saas_005509,0,17.61,38.0,1.0,0.0,7.0,14.45,28
saas_002001,1,23.35,7.0,2.0,0.0,10.0,22.03,20
saas_000885,0,6.76,30.0,3.0,2.0,15.0,3.56,9
saas_000869,0,9.63,18.0,15.0,0.0,11.0,25.26,3
saas_009688,0,23.62,12.0,14.0,1.0,4.0,43.53,25
saas_005720,1,24.07,25.0,55.0,1.0,3.0,25.81,22
saas_000356,0,0.0,28.0,34.0,1.0,7.0,14.83,13
saas_009907,1,9.68,127.0,17.0,1.0,5.0,30.29,22
saas_005451,1,29.83,5.0,13.0,0.0,10.0,29.97,4
saas_008193,1,57.94,8.0,1.0,0.0,6.0,57.09,6
saas_006438,1,60.1,65.0,17.0,0.0,9.0,44.36,23
saas_007704,0,38.22,23.0,4.0,0.0,9.0,25.15,26
saas_001275,0,39.78,20.0,26.0,1.0,8.0,34.44,4
saas_001890,1,28.31,93.0,7.0,1.0,9.0,27.58,18
saas_008686,0,65.82,2.0,14.0,2.0,9.0,48.45,25
saas_006568,0,56.56,11.0,2.0,0.0,12.0,21.45,12
saas_009623,0,12.56,40.0,9.0,1.0,7.0,23.22,17
saas_003563,1,0.45,15.0,20.0,0.0,5.0,4.18,5
saas_005787,0,35.62,5.0,8.0,1.0,4.0,59.09,20
saas_004958,0,39.04,50.0,32.0,0.0,8.0,30.67,16
saas_001546,0,0.0,1.0,9.0,0.0,8.0,2.03,15
saas_002380,1,37.85,13.0,2.0,0.0,10.0,53.78,24
saas_003823,1,29.13,14.0,20.0,0.0,7.0,35.52,9
saas_003232,0,55.72,4.0,8.0,1.0,6.0,35.93,19
saas_008399,1,38.81,63.0,2.0,2.0,6.0,52.33,8
saas_003306,0,28.51,41.0,9.0,0.0,12.0,22.47,7
saas_000492,1,0.45,13.0,6.0,0.0,10.0,10.73,5
saas_003499,0,54.18,49.0,2.0,0.0,12.0,50.95,21
saas_006664,1,12.13,6.0,8.0,0.0,8.0,7.43,9
saas_001116,0,19.39,110.0,22.0,0.0,9.0,27.18,21
saas_005637,0,48.18,112.0,1.0,0.0,5.0,48.14,25
saas_008774,0,51.72,1.0,35.0,1.0,10.0,46.59,9
saas_006146,0,16.61,9.0,10.0,0.0,5.0,39.32,9
saas_009867,1,37.9,136.0,1.0,1.0,7.0,22.46,25
saas_008775,0,0.0,1.0,15.0,0.0,6.0,16.65,12
saas_006707,1,0.45,11.0,22.0,0.0,11.0,31.55,15
saas_009948,0,4.33,116.0,43.0,0.0,10.0,8.98,16
saas_007965,1,27.34,4.0,28.0,2.0,12.0,32.21,25
saas_003645,0,31.55,2.0,16.0,0.0,6.0,49.07,16
saas_002500,1,58.86,46.0,3.0,0.0,9.0,45.48,23
saas_005677,0,16.41,35.0,3.0,0.0,9.0,21.72,9
saas_005241,1,12.34,7.0,25.0,2.0,9.0,34.89,10
saas_006518,1,14.96,37.0,11.0,1.0,10.0,18.33,24
saas_002783,1,45.78,99.0,4.0,0.0,6.0,36.31,30
saas_006158,1,37.15,4.0,1.0,1.0,10.0,33.62,16
saas_003809,0,60.28,36.0,25.0,0.0,9.0,46.93,26
saas_009428,1,24.05,3.0,7.0,0.0,5.0,21.32,1
saas_009524,0,47.08,14.0,4.0,0.0,11.0,30.79,20
saas_008599,1,15.81,13.0,29.0,0.0,8.0,12.14,13
saas_001696,1,60.52,9.0,1.0,1.0,10.0,40.26,23
saas_005685,1,44.91,1.0,6.0,0.0,7.0,19.7,29
saas_008367,1,31.89,9.0,7.0,1.0,12.0,39.5,16
saas_005939,1,1.63,50.0,10.0,1.0,6.0,10.56,15
saas_002052,0,0.0,114.0,42.0,1.0,5.0,18.16,9
saas_001776,1,41.49,2.0,4.0,2.0,5.0,33.11,19
saas_006560,1,8.78,19.0,39.0,1.0,3.0,13.16,17
saas_003313,1,49.56,24.0,22.0,1.0,9.0,26.24,28
saas_004781,1,38.68,126.0,7.0,2.0,9.0,18.92,9
saas_008538,1,42.65,123.0,5.0,0.0,8.0,31.73,30
saas_006781,1,18.78,19.0,32.0,0.0,10.0,22.1,10
saas_001592,0,38.42,15.0,13.0,1.0,7.0,29.77,19
saas_001723,0,37.09,359.0,16.0,0.0,6.0,19.5,22
saas_000215,0,10.84,90.0,3.0,1.0,10.0,30.77,12
saas_006326,0,21.39,16.0,26.0,0.0,8.0,16.33,8
saas_008256,0,15.93,47.0,3.0,2.0,9.0,5.89,14
saas_000490,0,0.0,102.0,16.0,2.0,9.0,6.96,10
saas_009133,1,19.96,52.0,4.0,1.0,7.0,25.73,11
saas_003483,1,30.49,143.0,19.0,2.0,6.0,31.04,23
saas_005102,0,64.26,95.0,8.0,2.0,9.0,62.29,13
saas_005187,1,0.45,20.0,4.0,1.0,6.0,16.31,15
saas_003431,1,57.03,164.0,27.0,0.0,13.0,43.14,20
saas_009198,1,6.56,516.0,1.0,0.0,10.0,15.34,28
saas_007710,1,57.98,8.0,4.0,0.0,2.0,42.44,5
saas_005513,1,21.21,7.0,1.0,0.0,10.0,19.49,27
saas_000025,0,53.61,11.0,13.0,2.0,6.0,40.14,16
saas_003512,1,60.29,7.0,3.0,0.0,10.0,60.53,26
saas_002409,0,9.18,8.0,29.0,1.0,15.0,19.93,6
saas_003270,0,77.19,101.0,19.0,1.0,7.0,53.72,13
saas_005209,0,14.81,2.0,16.0,1.0,7.0,0.0,11
saas_008711,1,4.06,8.0,40.0,0.0,6.0,0.0,15
saas_001552,0,31.84,8.0,11.0,0.0,10.0,24.71,12
saas_009197,0,2.14,235.0,36.0,0.0,8.0,37.35,22
saas_008621,0,39.79,143.0,11.0,1.0,6.0,27.83,29
saas_003871,1,0.45,4.0,1.0,0.0,15.0,0.0,12
saas_003402,0,48.3,6.0,6.0,2.0,3.0,9.5,9
saas_004529,1,53.53,171.0,36.0,1.0,11.0,37.58,25
saas_000979,1,19.07,39.0,2.0,0.0,5.0,0.0,11
saas_002655,0,32.34,8.0,8.0,0.0,7.0,33.1,22
saas_001847,1,24.84,3.0,59.0,2.0,5.0,32.76,19
saas_007964,0,60.92,170.0,16.0,0.0,8.0,57.75,30
saas_008240,0,67.2,3.0,11.0,2.0,11.0,43.51,15
saas_007145,1,11.02,10.0,5.0,0.0,8.0,18.59,4
saas_007299,0,45.29,22.0,14.0,0.0,5.0,22.39,4
saas_005721,0,67.66,66.0,48.0,0.0,6.0,47.19,24
saas_000515,1,26.69,33.0,8.0,0.0,9.0,22.53,18
saas_008745,0,16.11,1.0,7.0,2.0,6.0,21.19,16
saas_008297,0,18.26,13.0,3.0,1.0,6.0,38.33,9
saas_001102,0,37.33,49.0,30.0,1.0,6.0,38.04,10
saas_003276,0,22.12,84.0,16.0,1.0,9.0,46.06,4
saas_007217,1,66.89,11.0,2.0,0.0,8.0,41.17,26
saas_007389,1,12.86,17.0,49.0,0.0,10.0,7.23,18
saas_009077,1,8.41,9.0,4.0,0.0,13.0,5.6,9
saas_008337,1,13.02,17.0,15.0,0.0,9.0,14.77,24
saas_003996,1,33.06,91.0,60.0,0.0,9.0,23.35,2
saas_000194,0,0.74,3.0,2.0,2.0,9.0,20.3,17
saas_004711,1,52.99,8.0,1.0,0.0,5.0,31.56,23
saas_000643,1,4.5,25.0,22.0,1.0,9.0,16.14,30
saas_009089,0,35.15,1.0,24.0,1.0,14.0,36.61,28
saas_003285,1,29.2,91.0,5.0,0.0,6.0,23.84,22
saas_003116,1,16.89,7.0,10.0,2.0,4.0,12.28,29
saas_006476,0,21.07,18.0,20.0,0.0,5.0,22.73,12
saas_003575,1,59.82,1.0,8.0,2.0,9.0,42.81,20
saas_009023,1,0.45,38.0,5.0,0.0,4.0,0.0,21
saas_004320,0,12.14,6.0,11.0,0.0,14.0,5.22,6
saas_009992,1,31.16,9.0,5.0,0.0,6.0,25.65,3
saas_002207,0,69.85,38.0,44.0,1.0,5.0,50.55,15
saas_004552,0,40.18,7.0,17.0,2.0,5.0,24.71,27
saas_007316,0,9.77,3.0,12.0,0.0,5.0,42.82,16
saas_003718,1,34.24,39.0,1.0,0.0,5.0,48.19,16
saas_000972,0,30.23,28.0,18.0,0.0,7.0,31.17,18
saas_004579,0,38.44,62.0,1.0,1.0,7.0,33.98,5
saas_000719,0,53.55,4.0,9.0,1.0,3.0,35.48,27
saas_009017,1,0.45,22.0,2.0,0.0,3.0,0.0,25
saas_006155,1,24.53,464.0,56.0,1.0,7.0,25.59,27
saas_009430,0,9.71,5.0,1.0,0.0,3.0,19.52,29
saas_003896,0,36.51,2.0,38.0,0.0,6.0,36.16,2
saas_002803,1,44.09,4.0,26.0,1.0,4.0,13.05,5
saas_002566,0,7.69,27.0,70.0,1.0,3.0,23.19,20
saas_004025,1,15.72,4.0,7.0,1.0,11.0,21.87,21
saas_006198,1,18.16,6.0,13.0,0.0,3.0,14.13,29
saas_000032,0,32.94,9.0,1.0,1.0,7.0,23.33,19
saas_008307,0,44.15,51.0,1.0,0.0,7.0,27.45,4
saas_008831,1,57.91,16.0,2.0,0.0,9.0,20.4,3
saas_009818,0,37.35,13.0,8.0,2.0,8.0,35.05,18
saas_004063,1,71.29,7.0,23.0,1.0,11.0,41.94,8
saas_008948,1,22.85,10.0,90.0,2.0,9.0,36.12,11
saas_005540,1,23.15,24.0,4.0,1.0,7.0,27.26,26
saas_001697,0,35.07,707.0,2.0,0.0,15.0,27.71,4
saas_002792,1,18.58,6.0,4.0,0.0,4.0,18.45,19
saas_002222,0,27.7,22.0,9.0,1.0,7.0,40.6,30
saas_005818,0,26.51,38.0,27.0,1.0,17.0,20.64,20
saas_009662,1,24.11,13.0,1.0,0.0,7.0,22.03,12
saas_003764,1,2.5,18.0,14.0,0.0,11.0,2.89,4
saas_003866,0,16.19,37.0,6.0,1.0,6.0,30.27,9
saas_006421,1,41.43,52.0,16.0,1.0,11.0,16.62,7
saas_009399,0,30.29,19.0,9.0,1.0,5.0,15.64,20
saas_008938,1,53.0,152.0,9.0,1.0,8.0,34.36,30
saas_006671,1,0.45,43.0,5.0,1.0,5.0,3.27,1
saas_007978,1,19.46,63.0,5.0,1.0,7.0,22.64,7
saas_003758,1,26.76,36.0,3.0,0.0,10.0,8.47,26
saas_009774,0,7.59,14.0,11.0,2.0,8.0,0.0,20
saas_003227,0,0.0,18.0,1.0,0.0,8.0,5.51,28
saas_007802,0,0.0,16.0,4.0,1.0,7.0,29.74,8
saas_003923,1,29.02,54.0,15.0,0.0,9.0,28.96,22
saas_003904,0,68.73,1.0,20.0,2.0,9.0,23.64,6
saas_002277,1,66.84,340.0,16.0,1.0,9.0,45.04,25
saas_006810,0,10.04,33.0,1.0,0.0,6.0,19.64,26
saas_001401,1,35.42,12.0,3.0,2.0,11.0,29.79,5
saas_000739,1,27.76,1.0,58.0,2.0,6.0,19.3,24
saas_004266,1,25.4,6.0,18.0,2.0,12.0,44.83,23
saas_009861,0,22.74,1.0,7.0,0.0,12.0,41.68,3
saas_007352,1,51.3,1.0,6.0,0.0,11.0,20.64,5
saas_007518,0,73.64,38.0,22.0,1.0,8.0,46.64,22
saas_003851,0,30.92,6.0,15.0,1.0,14.0,26.37,23
saas_008631,0,60.87,189.0,5.0,0.0,6.0,42.49,19
saas_002661,1,30.88,7.0,33.0,2.0,7.0,37.81,25
saas_006504,0,20.35,25.0,1.0,0.0,11.0,20.61,24
saas_009799,1,68.95,3.0,21.0,1.0,13.0,59.61,30
saas_000674,0,30.76,70.0,4.0,2.0,8.0,28.72,8
saas_007105,0,35.38,16.0,1.0,2.0,5.0,23.48,10
saas_006360,0,44.66,100.0,3.0,0.0,7.0,35.7,29
saas_003841,1,0.45,17.0,11.0,2.0,8.0,17.69,2
saas_001815,1,14.54,10.0,15.0,1.0,9.0,23.93,5
saas_009489,0,0.9,3.0,1.0,0.0,10.0,23.65,24
saas_009838,1,31.32,22.0,8.0,0.0,12.0,34.77,19
saas_009201,0,27.02,4.0,46.0,1.0,15.0,43.48,26
saas_004653,0,9.02,10.0,40.0,0.0,4.0,36.99,3
saas_008692,1,14.81,15.0,27.0,0.0,9.0,20.82,11
saas_002100,0,2.97,29.0,28.0,0.0,10.0,14.22,19
saas_007711,1,29.11,94.0,44.0,0.0,12.0,31.98,10
saas_001673,0,4.34,39.0,38.0,2.0,6.0,30.99,2
saas_002101,0,0.0,1.0,28.0,0.0,7.0,0.0,26
saas_004213,1,33.49,16.0,2.0,0.0,5.0,20.08,23
saas_006958,1,10.88,6.0,9.0,1.0,7.0,4.28,2
saas_001548,1,23.57,45.0,17.0,0.0,6.0,14.79,18
saas_009550,0,36.46,49.0,15.0,1.0,6.0,26.76,7
saas_003323,1,18.6,64.0,4.0,1.0,6.0,27.97,24
saas_009583,1,38.52,2.0,14.0,0.0,6.0,45.06,7
saas_000355,1,29.17,28.0,14.0,0.0,9.0,17.02,29
saas_005184,1,45.45,3.0,9.0,0.0,5.0,31.99,26
saas_001461,1,23.69,6.0,15.0,0.0,13.0,4.43,23
saas_007624,1,39.26,5.0,26.0,0.0,3.0,20.89,13
saas_009385,0,6.37,59.0,2.0,0.0,5.0,13.03,3
saas_003220,1,33.57,170.0,8.0,0.0,10.0,29.07,11
saas_000939,0,45.35,73.0,6.0,1.0,7.0,38.78,26
saas_005147,1,29.23,6.0,1.0,1.0,10.0,17.23,14
saas_005923,0,10.25,3.0,4.0,0.0,7.0,20.26,8
saas_007883,0,0.0,196.0,7.0,0.0,5.0,9.63,10
saas_001751,0,19.08,7.0,1.0,1.0,8.0,41.5,3
saas_009468,1,46.45,6.0,22.0,0.0,4.0,43.44,17
saas_007597,1,31.63,3.0,12.0,0.0,10.0,13.0,25
saas_001772,1,14.56,2.0,1.0,0.0,8.0,13.6,23
saas_001196,0,43.02,3.0,11.0,0.0,4.0,20.32,13
saas_001878,1,55.53,170.0,11.0,0.0,13.0,50.31,11
saas_002668,0,21.76,19.0,4.0,2.0,15.0,36.2,8
saas_003171,0,33.7,56.0,3.0,0.0,13.0,31.01,25
saas_002016,1,0.45,19.0,1.0,0.0,9.0,4.16,8
saas_002005,0,33.27,108.0,33.0,2.0,9.0,51.07,15
saas_008272,1,56.66,1249.0,16.0,0.0,12.0,38.03,16
saas_003893,1,17.74,4.0,23.0,1.0,13.0,4.7,17
saas_009991,0,40.51,1.0,5.0,2.0,8.0,35.83,30
saas_003237,1,42.45,61.0,9.0,1.0,5.0,34.14,21
saas_004424,0,46.2,4.0,9.0,1.0,8.0,39.11,10
saas_004744,0,54.09,15.0,6.0,1.0,5.0,44.55,21
saas_002078,1,15.13,1.0,3.0,0.0,6.0,11.47,18
saas_005219,0,22.19,49.0,24.0,1.0,10.0,50.45,27
saas_000396,1,47.82,62.0,20.0,1.0,3.0,39.25,20
saas_002788,1,13.9,8.0,1.0,0.0,6.0,37.28,12
saas_008877,1,51.35,2.0,59.0,1.0,7.0,21.89,23
saas_008638,0,58.09,29.0,6.0,1.0,3.0,22.79,10
saas_004072,1,12.82,15.0,42.0,1.0,10.0,25.45,24
saas_005574,0,17.58,108.0,21.0,1.0,9.0,13.12,22
saas_008369,1,40.42,4.0,3.0,0.0,10.0,22.01,6
saas_009507,1,0.45,15.0,5.0,0.0,2.0,2.88,5
saas_005355,1,52.89,73.0,2.0,0.0,9.0,64.09,8
saas_007233,0,49.03,7.0,4.0,1.0,9.0,25.54,27
saas_009483,1,24.26,24.0,3.0,1.0,9.0,29.96,6
saas_006820,1,29.54,16.0,15.0,1.0,9.0,12.21,14
saas_001519,0,26.78,1.0,3.0,0.0,10.0,21.31,16
saas_008196,0,20.1,25.0,8.0,0.0,7.0,18.87,29
saas_001378,0,0.0,31.0,22.0,0.0,6.0,0.0,9
saas_005672,1,0.83,20.0,6.0,2.0,7.0,19.63,6
saas_001023,0,13.58,50.0,14.0,0.0,10.0,21.74,24
saas_002587,0,20.63,166.0,22.0,0.0,10.0,47.7,8
saas_007042,0,35.59,1.0,1.0,0.0,9.0,31.24,18
saas_005621,0,70.4,26.0,5.0,1.0,4.0,54.31,17
saas_007637,0,49.33,54.0,16.0,1.0,8.0,41.45,12
saas_005008,0,44.81,5.0,7.0,0.0,12.0,45.11,20
saas_002857,1,41.03,24.0,27.0,1.0,6.0,46.67,7
saas_008254,1,56.62,14.0,9.0,0.0,9.0,59.75,7
saas_005771,0,0.96,48.0,15.0,2.0,13.0,23.72,18
saas_005842,0,37.0,19.0,9.0,1.0,8.0,31.98,3
saas_008027,0,21.25,79.0,13.0,2.0,11.0,3.3,5
saas_005832,0,62.46,27.0,1.0,0.0,12.0,48.9,9
saas_001629,1,38.8,101.0,27.0,0.0,6.0,32.64,18
saas_004888,0,22.58,15.0,6.0,0.0,1.0,2.09,22
saas_004526,1,77.9,14.0,2.0,2.0,11.0,45.33,12
saas_003523,0,72.72,1.0,9.0,0.0,10.0,46.63,17
saas_005904,0,53.6,264.0,4.0,0.0,5.0,40.27,16
saas_007781,1,50.53,15.0,16.0,0.0,5.0,34.68,13
saas_003607,1,69.73,181.0,8.0,0.0,7.0,47.6,20
saas_009418,0,0.0,58.0,7.0,1.0,6.0,28.63,3
saas_005220,1,0.45,80.0,10.0,2.0,7.0,0.0,30
saas_000234,1,26.43,6.0,12.0,0.0,6.0,46.55,1
saas_007755,0,23.52,13.0,2.0,0.0,13.0,13.91,30
saas_003796,1,36.58,1.0,5.0,0.0,5.0,17.84,9
saas_004118,1,71.46,6.0,26.0,0.0,3.0,53.18,1
saas_006318,1,23.81,5.0,11.0,1.0,4.0,35.9,27
saas_005001,0,0.0,12.0,15.0,0.0,7.0,30.25,11
saas_003800,0,0.0,12.0,44.0,1.0,7.0,26.23,24
saas_007809,0,45.4,35.0,6.0,0.0,6.0,23.96,3
saas_003899,1,55.7,32.0,20.0,0.0,6.0,37.18,28
saas_005024,0,17.04,10.0,6.0,0.0,7.0,35.73,28
saas_001948,0,49.57,5.0,18.0,1.0,4.0,44.77,27
saas_006361,0,26.67,320.0,10.0,0.0,8.0,29.78,12
saas_000470,1,42.71,33.0,9.0,1.0,5.0,30.47,26
saas_009944,0,7.83,30.0,12.0,2.0,11.0,36.7,26
saas_003492,0,50.89,13.0,5.0,0.0,8.0,41.13,14
saas_006091,0,18.9,2.0,25.0,1.0,7.0,36.67,15
saas_002671,1,65.65,173.0,14.0,0.0,8.0,52.05,4
saas_009800,0,11.18,19.0,4.0,1.0,10.0,0.0,18
saas_002224,1,33.57,3.0,57.0,0.0,5.0,36.13,2
saas_001106,1,27.68,2.0,7.0,1.0,6.0,25.57,18
saas_002188,1,19.21,410.0,36.0,2.0,9.0,12.21,16
saas_000818,0,70.07,30.0,18.0,0.0,8.0,42.15,18
saas_005571,0,28.05,11.0,5.0,1.0,7.0,18.6,26
saas_004523,0,12.39,22.0,17.0,2.0,13.0,0.0,5
saas_005793,0,39.3,108.0,10.0,2.0,11.0,26.01,26
saas_009381,1,21.48,45.0,26.0,1.0,5.0,14.71,22
saas_008780,0,58.81,18.0,4.0,1.0,5.0,39.65,17
saas_007459,1,0.45,18.0,56.0,2.0,11.0,37.48,5
saas_002624,1,36.39,8.0,3.0,2.0,6.0,27.65,2
saas_007094,1,2.12,32.0,2.0,1.0,10.0,31.32,25
saas_009392,1,14.39,1.0,2.0,0.0,9.0,15.03,2
saas_009916,0,11.11,1.0,9.0,0.0,9.0,12.11,21
saas_009119,1,32.91,5.0,12.0,0.0,8.0,8.41,18
saas_000888,1,19.03,1.0,35.0,1.0,10.0,18.56,4
saas_002437,1,8.33,30.0,6.0,2.0,4.0,23.62,16
saas_006056,1,24.56,8.0,3.0,0.0,11.0,25.58,22
saas_007064,1,40.3,214.0,3.0,0.0,4.0,42.97,14
saas_000817,1,6.09,28.0,1.0,1.0,8.0,17.6,20
saas_008934,0,40.75,226.0,6.0,1.0,7.0,46.11,6
saas_003414,0,3.27,3.0,26.0,1.0,10.0,12.6,16
saas_006352,1,27.79,448.0,24.0,1.0,3.0,35.92,15
saas_002341,1,20.83,15.0,11.0,1.0,6.0,19.91,18
saas_009029,1,29.22,56.0,14.0,0.0,13.0,42.16,22
saas_003167,0,49.23,7.0,11.0,0.0,10.0,36.52,16
saas_001809,1,4.17,84.0,1.0,0.0,5.0,19.97,8
saas_008035,1,8.14,1.0,22.0,2.0,6.0,27.77,30
saas_001264,1,18.38,18.0,15.0,0.0,15.0,14.45,14
saas_005086,1,20.73,4.0,15.0,0.0,3.0,12.83,13
saas_009675,0,58.83,8.0,2.0,0.0,11.0,39.54,29
saas_005835,0,22.14,1.0,2.0,0.0,8.0,15.81,9
saas_005194,1,50.36,167.0,2.0,2.0,11.0,30.84,7
saas_004449,1,10.32,20.0,1.0,1.0,8.0,35.43,11
saas_004945,1,63.83,341.0,33.0,0.0,11.0,36.26,4
saas_004045,1,0.45,16.0,12.0,0.0,9.0,26.06,5
saas_006503,0,66.33,62.0,23.0,1.0,6.0,50.57,10
saas_003702,1,52.94,6.0,43.0,1.0,8.0,21.45,3
saas_001035,0,0.0,20.0,9.0,0.0,11.0,30.15,5
saas_009256,0,8.9,18.0,2.0,2.0,6.0,34.26,1
saas_005590,1,12.71,22.0,1.0,1.0,9.0,17.05,23
saas_001228,1,35.39,46.0,6.0,1.0,5.0,31.03,24
saas_009999,0,20.49,15.0,4.0,1.0,9.0,19.41,26
saas_006811,0,72.53,10.0,6.0,0.0,5.0,38.65,12
saas_005141,1,4.03,1.0,39.0,1.0,8.0,18.06,18
saas_000052,1,28.32,2.0,28.0,0.0,9.0,33.37,3
saas_009067,1,2.65,194.0,3.0,1.0,5.0,0.0,1
saas_008395,1,14.73,11.0,33.0,0.0,15.0,29.95,3
saas_000159,0,30.34,3.0,37.0,0.0,11.0,31.29,23
saas_007552,0,59.48,24.0,48.0,0.0,5.0,26.83,12
saas_001587,1,52.9,82.0,6.0,2.0,10.0,22.69,26
saas_001589,1,8.16,10.0,54.0,0.0,8.0,22.09,7
saas_009841,1,19.85,13.0,7.0,1.0,7.0,34.28,18
saas_009328,1,41.99,1.0,65.0,1.0,6.0,28.18,9
saas_006930,0,12.41,2.0,3.0,0.0,14.0,14.38,2
saas_006596,1,21.93,14.0,58.0,2.0,6.0,40.79,15
saas_006174,1,37.09,261.0,3.0,0.0,6.0,27.79,26
saas_008098,1,63.5,19.0,3.0,1.0,8.0,55.62,10
saas_003858,0,16.68,10.0,12.0,0.0,9.0,34.79,26
saas_009814,0,3.18,46.0,9.0,1.0,13.0,23.9,27
saas_006691,0,76.9,38.0,12.0,1.0,6.0,34.18,11
saas_002828,1,2.61,1.0,23.0,0.0,9.0,34.52,15
saas_000436,0,54.74,9.0,51.0,1.0,13.0,41.16,26
saas_008274,1,37.77,109.0,26.0,0.0,6.0,39.31,17
saas_008168,0,54.5,2.0,13.0,0.0,3.0,39.69,5
saas_003878,0,55.71,2.0,23.0,1.0,5.0,23.39,1
saas_001588,1,0.45,4.0,10.0,1.0,8.0,3.82,24
saas_002780,0,40.26,191.0,38.0,0.0,9.0,38.54,19
saas_008981,0,22.84,26.0,1.0,0.0,9.0,29.32,5
saas_008561,0,59.65,105.0,3.0,2.0,5.0,30.78,9
saas_005686,0,1.71,200.0,37.0,2.0,9.0,19.24,23
saas_003965,1,0.45,6.0,3.0,0.0,9.0,2.87,9
saas_004727,0,42.98,4.0,9.0,1.0,13.0,49.37,29
saas_000973,1,42.22,50.0,6.0,1.0,12.0,27.33,10
saas_001238,0,21.13,50.0,1.0,0.0,8.0,21.97,20
saas_002951,0,45.92,62.0,3.0,0.0,6.0,32.91,18
saas_002342,1,65.34,1.0,1.0,1.0,5.0,43.61,4
saas_006520,0,46.43,99.0,3.0,2.0,4.0,38.05,17
saas_007310,0,44.49,5.0,2.0,1.0,6.0,48.97,6
saas_006046,1,2.69,74.0,18.0,1.0,4.0,6.75,20
saas_002158,1,29.92,55.0,1.0,1.0,1.0,21.31,22
saas_009288,0,71.75,63.0,18.0,0.0,8.0,24.56,9
saas_006589,0,11.01,21.0,45.0,1.0,10.0,1.64,7
saas_001497,0,36.22,3.0,9.0,1.0,7.0,28.26,4
saas_004545,0,47.72,20.0,24.0,0.0,4.0,46.91,8
saas_006465,1,28.8,3.0,4.0,1.0,6.0,31.71,20
saas_004257,0,39.32,107.0,3.0,1.0,6.0,46.47,11
saas_002422,1,26.6,205.0,4.0,2.0,6.0,7.26,6
saas_008564,0,0.0,3.0,23.0,0.0,13.0,0.0,11
saas_005185,1,14.39,28.0,26.0,0.0,6.0,17.48,17
saas_005647,0,15.17,5.0,3.0,0.0,8.0,0.0,2
saas_000357,1,26.01,30.0,45.0,1.0,2.0,22.74,28
saas_005242,0,22.38,65.0,8.0,0.0,12.0,28.05,27
saas_008011,1,25.94,1.0,2.0,0.0,7.0,21.59,2
saas_009240,0,24.38,6.0,90.0,0.0,12.0,23.18,11
saas_002092,0,95.7,24.0,25.0,0.0,11.0,43.66,30
saas_005409,1,27.38,42.0,77.0,0.0,7.0,25.14,13
saas_002015,1,47.92,25.0,14.0,0.0,10.0,31.34,1
saas_009059,0,28.0,52.0,2.0,1.0,13.0,0.0,25
saas_004044,0,15.16,4.0,12.0,0.0,9.0,19.71,30
saas_000187,0,23.34,3.0,52.0,0.0,6.0,24.58,5
saas_006858,0,0.0,577.0,3.0,0.0,11.0,7.48,11
saas_003655,1,66.53,33.0,4.0,0.0,6.0,28.67,6
saas_003426,0,0.0,35.0,7.0,1.0,6.0,12.88,3
saas_007194,1,29.71,7.0,1.0,0.0,3.0,4.99,11
saas_001381,1,38.84,1.0,7.0,0.0,10.0,12.07,18
saas_007468,1,0.45,25.0,30.0,1.0,7.0,4.94,17
saas_000413,1,20.17,61.0,12.0,2.0,3.0,24.03,24
saas_005037,1,8.15,6.0,16.0,1.0,11.0,11.94,14
saas_004897,1,84.33,131.0,1.0,0.0,10.0,45.69,13
saas_003336,0,0.0,13.0,5.0,1.0,9.0,9.61,5
saas_003606,1,0.45,1.0,13.0,1.0,9.0,20.06,11
saas_003175,0,69.26,1.0,3.0,2.0,13.0,15.23,11
saas_002241,1,63.74,5.0,4.0,1.0,6.0,43.83,14
saas_009708,1,25.04,7.0,8.0,0.0,9.0,9.98,17
saas_007796,1,0.45,8.0,2.0,1.0,11.0,34.84,26
saas_000256,0,25.04,38.0,10.0,0.0,8.0,12.75,16
saas_008620,1,13.8,95.0,12.0,1.0,9.0,12.43,8
saas_000200,0,47.42,33.0,3.0,0.0,5.0,55.14,30
saas_002235,1,16.79,4.0,8.0,1.0,8.0,3.91,8
saas_004743,0,23.22,17.0,52.0,0.0,6.0,20.5,8
saas_001767,1,17.67,71.0,1.0,1.0,6.0,9.98,4
saas_004236,1,53.52,27.0,10.0,1.0,4.0,44.64,22
saas_006729,1,19.74,1.0,29.0,1.0,8.0,24.85,24
saas_008450,0,43.17,99.0,3.0,0.0,6.0,50.12,26
saas_007277,1,34.52,13.0,1.0,1.0,11.0,41.96,30
saas_001572,1,3.56,33.0,1.0,2.0,11.0,39.48,18
saas_000024,1,25.73,10.0,10.0,0.0,16.0,30.85,29
saas_003363,1,12.15,4.0,1.0,0.0,6.0,6.1,10
saas_001088,0,11.62,53.0,3.0,0.0,14.0,22.71,20
saas_004674,1,48.0,30.0,8.0,0.0,7.0,30.66,23
saas_002694,1,25.5,163.0,8.0,0.0,8.0,32.49,22
saas_007582,0,30.84,54.0,11.0,1.0,7.0,39.97,7
saas_003398,0,9.0,1.0,3.0,0.0,9.0,27.44,3
saas_003559,0,30.95,5.0,30.0,1.0,2.0,38.17,22
saas_009156,1,34.02,23.0,5.0,1.0,7.0,18.09,3
saas_002841,1,36.67,103.0,10.0,1.0,4.0,29.86,1
saas_002311,0,15.04,30.0,5.0,0.0,12.0,32.07,17
saas_008333,0,41.22,232.0,2.0,0.0,11.0,42.39,8
saas_003234,1,13.91,9.0,7.0,1.0,7.0,38.3,10
saas_004152,0,32.44,35.0,1.0,0.0,7.0,16.47,13
saas_001309,1,0.45,11.0,15.0,1.0,4.0,4.14,2
saas_000695,0,10.66,6.0,43.0,2.0,4.0,27.33,30
saas_009859,0,0.0,27.0,29.0,1.0,8.0,30.95,3
saas_003752,0,57.7,15.0,25.0,1.0,8.0,50.23,16
saas_006337,0,0.0,2.0,3.0,1.0,9.0,0.0,5
saas_001227,0,50.07,8.0,11.0,0.0,12.0,38.88,6
saas_001999,0,72.33,556.0,28.0,2.0,12.0,45.17,2
saas_000276,0,64.43,6.0,11.0,1.0,13.0,42.29,20
saas_008176,1,9.72,7.0,1.0,0.0,8.0,17.42,18
saas_007664,1,0.45,8.0,10.0,0.0,8.0,0.0,12
saas_005929,1,23.26,25.0,10.0,1.0,6.0,44.51,4
saas_002953,0,30.46,1.0,22.0,1.0,6.0,49.22,7
saas_003637,0,34.54,149.0,4.0,1.0,10.0,17.32,10
saas_003906,0,0.0,1.0,6.0,1.0,12.0,0.0,22
saas_004778,0,20.37,18.0,26.0,1.0,7.0,1.62,16
saas_005845,0,65.56,60.0,55.0,0.0,10.0,41.23,12
saas_009698,1,0.45,18.0,7.0,2.0,11.0,4.15,10
saas_004117,1,0.45,86.0,5.0,0.0,5.0,1.21,19
saas_007030,0,18.84,15.0,1.0,1.0,6.0,21.55,9
saas_001137,0,0.0,21.0,20.0,2.0,3.0,0.0,3
saas_002767,0,36.06,278.0,14.0,1.0,13.0,33.78,22
saas_002334,1,44.33,9.0,6.0,0.0,7.0,45.01,28
saas_007706,1,24.64,279.0,10.0,2.0,8.0,17.72,22
saas_000942,1,0.45,41.0,7.0,0.0,6.0,20.03,4
saas_007662,1,16.83,7.0,1.0,1.0,6.0,30.55,26
saas_002490,0,30.3,68.0,17.0,1.0,3.0,6.85,12
saas_009679,1,23.24,156.0,12.0,1.0,7.0,17.8,9
saas_006290,1,5.57,8.0,1.0,1.0,5.0,25.76,13
saas_004935,0,18.32,7.0,8.0,0.0,10.0,28.49,22
saas_003935,1,16.07,27.0,10.0,0.0,8.0,13.19,13
saas_006956,0,26.26,12.0,3.0,0.0,13.0,19.09,25
saas_002384,1,25.95,56.0,6.0,1.0,6.0,19.78,4
saas_000115,1,14.88,9.0,21.0,0.0,9.0,14.18,12
saas_001863,0,0.0,93.0,24.0,0.0,3.0,0.0,1
saas_009976,0,17.96,16.0,24.0,2.0,10.0,31.42,23
saas_003119,1,20.76,3.0,4.0,0.0,8.0,32.17,10
saas_004258,0,30.53,193.0,1.0,0.0,6.0,41.13,25
saas_006705,1,13.18,20.0,5.0,2.0,9.0,36.29,3
saas_000902,1,7.42,16.0,12.0,2.0,4.0,0.0,4
saas_002819,1,68.76,71.0,20.0,0.0,8.0,78.95,24
saas_003822,0,19.1,18.0,2.0,0.0,12.0,7.22,17
saas_008161,1,23.5,216.0,21.0,0.0,9.0,27.5,8
saas_006890,1,24.66,4.0,4.0,1.0,7.0,27.48,11
saas_009090,0,25.0,3.0,7.0,1.0,12.0,39.98,3
saas_004699,1,55.19,20.0,12.0,1.0,6.0,42.13,4
saas_008918,1,27.51,14.0,26.0,1.0,5.0,29.11,21
saas_003802,1,22.93,14.0,40.0,1.0,11.0,20.11,5
saas_006068,0,41.07,3.0,2.0,0.0,6.0,39.69,20
saas_005810,1,96.81,343.0,21.0,1.0,3.0,44.13,6
saas_003536,0,69.04,81.0,28.0,0.0,6.0,39.44,18
saas_003825,0,46.04,13.0,59.0,0.0,6.0,26.91,21
saas_008642,0,4.06,8.0,23.0,0.0,9.0,17.06,23
saas_008608,0,34.34,11.0,21.0,2.0,8.0,56.92,23
saas_004810,1,27.92,22.0,3.0,0.0,11.0,35.66,19
saas_001946,0,0.0,6.0,1.0,0.0,8.0,32.74,2
saas_008600,1,10.95,36.0,3.0,1.0,6.0,27.13,7
saas_007136,0,8.01,6.0,25.0,1.0,3.0,12.5,17
saas_005335,1,46.21,4.0,20.0,0.0,6.0,29.84,14
saas_003488,0,7.76,22.0,50.0,2.0,9.0,16.55,30
saas_001610,1,33.6,30.0,5.0,0.0,13.0,36.05,25
saas_007461,0,11.21,15.0,2.0,2.0,7.0,26.83,5
saas_008473,0,38.39,191.0,28.0,0.0,3.0,42.84,26
saas_004677,0,54.94,66.0,3.0,1.0,8.0,33.93,23
saas_004959,0,7.96,5.0,16.0,0.0,11.0,19.65,19
saas_005867,0,37.08,146.0,17.0,1.0,7.0,36.5,12
saas_008763,0,72.2,7.0,34.0,0.0,8.0,42.14,16
saas_004761,0,55.74,1460.0,1.0,2.0,4.0,59.06,27
saas_002194,1,17.53,26.0,24.0,0.0,10.0,7.25,23
saas_008003,0,0.0,10.0,12.0,1.0,9.0,25.33,8
saas_005701,0,55.02,111.0,12.0,1.0,11.0,41.98,13
saas_005113,0,41.4,66.0,6.0,1.0,5.0,26.76,9
saas_000557,0,10.76,4.0,5.0,0.0,7.0,0.0,14
saas_008065,0,44.0,7.0,6.0,2.0,7.0,31.16,20
saas_005139,1,11.77,40.0,14.0,2.0,6.0,24.02,1
saas_001207,0,15.16,5.0,24.0,2.0,7.0,39.22,11
saas_007033,1,0.45,10.0,8.0,1.0,14.0,14.48,2
saas_007309,1,2.16,13.0,7.0,0.0,6.0,16.66,4
saas_001510,1,20.42,22.0,18.0,1.0,8.0,13.88,21
saas_006769,0,17.81,2.0,39.0,1.0,5.0,14.09,25
saas_003829,1,9.81,3.0,11.0,0.0,9.0,37.63,29
saas_003732,0,57.84,1433.0,2.0,2.0,10.0,36.56,2
saas_007957,1,69.86,33.0,1.0,0.0,10.0,19.75,26
saas_003211,0,0.0,18.0,35.0,1.0,12.0,25.78,17
saas_003630,1,10.52,59.0,10.0,1.0,13.0,25.89,11
saas_001708,1,4.36,93.0,28.0,1.0,17.0,13.66,1
saas_001845,1,26.24,1.0,16.0,0.0,7.0,16.33,4
saas_000266,1,9.31,25.0,22.0,1.0,4.0,30.74,5
saas_005985,0,41.22,47.0,9.0,1.0,10.0,51.48,22
saas_001140,1,46.61,264.0,1.0,1.0,9.0,24.19,12
saas_003162,1,82.56,46.0,5.0,0.0,10.0,46.25,15
saas_006207,0,23.54,6.0,40.0,0.0,13.0,37.39,9
saas_002046,0,18.47,54.0,6.0,1.0,8.0,38.64,6
saas_003730,0,4.31,6.0,40.0,2.0,12.0,26.71,27
saas_001909,0,31.95,38.0,20.0,0.0,10.0,15.73,4
saas_007307,1,28.14,1.0,17.0,1.0,9.0,17.96,16
saas_002660,0,0.0,4.0,13.0,0.0,8.0,29.48,17
saas_000656,0,24.01,5.0,7.0,0.0,7.0,26.4,20
saas_006660,0,23.38,383.0,15.0,2.0,8.0,32.95,23
saas_001307,0,26.94,127.0,32.0,0.0,7.0,38.85,5
saas_009429,0,52.74,2.0,11.0,0.0,6.0,25.28,15
saas_000998,1,0.45,24.0,2.0,1.0,9.0,22.91,2
saas_007432,0,6.75,175.0,1.0,0.0,6.0,19.29,12
saas_002834,0,0.0,42.0,1.0,2.0,5.0,20.6,12
saas_009178,0,94.92,11.0,10.0,1.0,12.0,72.08,30
saas_005880,0,16.01,109.0,16.0,0.0,4.0,9.2,13
saas_001237,0,29.74,47.0,3.0,1.0,5.0,40.83,18
saas_002151,1,55.65,60.0,19.0,0.0,8.0,27.82,3
saas_007919,1,33.71,604.0,20.0,1.0,15.0,13.35,19
saas_009695,1,1.48,36.0,48.0,1.0,8.0,8.56,7
saas_007189,1,51.94,8.0,4.0,0.0,4.0,36.63,1
saas_008303,1,8.1,32.0,10.0,0.0,11.0,5.64,24
saas_006578,1,18.9,1.0,1.0,1.0,8.0,43.61,27
saas_005091,0,0.0,41.0,67.0,1.0,7.0,13.89,16
saas_002186,1,9.4,16.0,4.0,0.0,6.0,19.34,10
saas_001134,0,0.0,15.0,4.0,0.0,12.0,4.11,25
saas_005004,1,38.2,28.0,13.0,2.0,6.0,39.74,1
saas_007974,1,2.65,214.0,27.0,0.0,7.0,16.92,9
saas_001303,0,0.0,62.0,25.0,1.0,6.0,21.74,9
saas_008468,0,28.32,20.0,6.0,0.0,12.0,20.06,23
saas_001627,1,75.47,218.0,17.0,0.0,8.0,47.23,24
saas_009281,0,31.06,2.0,1.0,2.0,7.0,32.97,2
saas_001522,1,18.12,14.0,12.0,2.0,16.0,23.58,2
saas_009810,0,23.71,7.0,1.0,0.0,6.0,28.01,19
saas_000358,1,21.5,5.0,20.0,1.0,10.0,7.32,22
saas_000138,0,30.09,401.0,19.0,0.0,6.0,34.31,17
saas_000299,1,28.03,32.0,15.0,2.0,8.0,45.58,5
saas_001556,0,15.56,6.0,8.0,0.0,9.0,31.03,13
saas_005099,1,74.07,4.0,1.0,0.0,15.0,41.8,3
saas_000382,1,67.87,1.0,6.0,0.0,11.0,21.21,8
saas_008312,1,54.96,80.0,15.0,0.0,16.0,15.22,4
saas_006948,1,40.72,159.0,2.0,0.0,8.0,25.53,22
saas_004857,1,23.71,7.0,12.0,0.0,6.0,47.86,19
saas_003180,0,14.31,4.0,52.0,0.0,8.0,23.21,8
saas_001439,1,40.74,107.0,5.0,0.0,5.0,17.97,23
saas_007269,1,47.79,40.0,23.0,2.0,14.0,40.39,16
saas_005673,0,14.61,12.0,2.0,0.0,9.0,4.34,17
saas_000946,1,0.45,33.0,2.0,0.0,8.0,4.76,11
saas_002390,0,12.51,1.0,15.0,0.0,4.0,18.25,21
saas_005498,0,50.1,59.0,32.0,0.0,4.0,43.38,29
saas_007073,1,27.56,21.0,1.0,0.0,10.0,23.42,4
saas_009230,1,8.11,38.0,7.0,2.0,9.0,10.89,16
saas_002721,0,27.21,139.0,16.0,2.0,9.0,20.26,7
saas_001932,0,55.16,5.0,13.0,0.0,10.0,42.9,12
saas_007423,1,0.45,27.0,39.0,0.0,10.0,23.38,20
saas_003236,1,7.18,104.0,11.0,0.0,6.0,24.33,2
saas_003140,0,0.0,15.0,8.0,0.0,11.0,0.0,12
saas_004163,1,17.43,2.0,1.0,0.0,4.0,38.96,10
saas_008888,0,42.09,280.0,10.0,0.0,11.0,35.1,6
saas_003807,1,60.65,25.0,5.0,1.0,9.0,61.09,12
saas_009479,0,18.29,64.0,10.0,1.0,6.0,34.17,15
saas_006983,1,10.44,3.0,49.0,1.0,8.0,22.63,5
saas_008904,0,2.45,229.0,14.0,0.0,11.0,35.03,6
saas_009722,1,27.01,1.0,5.0,0.0,7.0,23.27,4
saas_004154,1,19.68,7.0,7.0,0.0,8.0,12.84,24
saas_004172,0,63.18,22.0,26.0,1.0,8.0,52.91,3
saas_000796,1,47.3,89.0,5.0,0.0,19.0,52.79,12
saas_002416,0,0.0,6.0,35.0,0.0,6.0,31.2,22
saas_007170,1,9.89,16.0,4.0,0.0,6.0,15.22,13
saas_006139,0,53.47,176.0,8.0,1.0,8.0,32.47,8
saas_000785,1,79.06,29.0,5.0,0.0,6.0,40.28,18
saas_007067,1,37.82,1.0,2.0,0.0,9.0,15.61,17
saas_003158,0,22.63,2.0,3.0,0.0,5.0,29.36,1
saas_000123,1,2.65,154.0,30.0,0.0,6.0,0.0,2
saas_009457,1,37.2,49.0,10.0,0.0,9.0,31.49,9
saas_009246,1,16.7,14.0,20.0,0.0,11.0,18.01,23
saas_002172,1,0.45,12.0,3.0,0.0,8.0,5.54,10
saas_002169,1,65.85,7.0,29.0,1.0,6.0,32.15,8
saas_006880,0,55.77,1.0,6.0,0.0,9.0,37.65,11
saas_004009,0,19.67,115.0,13.0,1.0,2.0,3.39,14
saas_009296,0,42.74,19.0,14.0,1.0,7.0,35.05,25
saas_004340,1,34.54,1.0,5.0,2.0,3.0,44.53,18
saas_000910,0,18.97,6.0,14.0,0.0,8.0,15.02,11
saas_006268,0,74.63,17.0,9.0,1.0,6.0,68.97,2
saas_007771,0,51.99,8.0,64.0,0.0,5.0,34.62,18
saas_002309,1,0.45,29.0,13.0,0.0,5.0,13.7,5
saas_009658,1,0.45,12.0,46.0,0.0,7.0,0.0,1
saas_003634,0,45.8,15.0,8.0,0.0,4.0,16.41,15
saas_001257,1,8.4,18.0,16.0,0.0,10.0,39.31,17
saas_006591,1,2.65,264.0,15.0,0.0,8.0,0.36,14
saas_004458,1,27.67,8.0,9.0,0.0,7.0,42.13,6
saas_006133,1,44.42,2.0,1.0,1.0,15.0,33.15,20
saas_001178,1,41.08,34.0,34.0,0.0,7.0,53.87,17
saas_004652,0,0.0,38.0,24.0,0.0,17.0,0.22,8
saas_006218,1,38.41,77.0,2.0,1.0,8.0,22.01,6
saas_003650,0,33.23,171.0,20.0,0.0,5.0,50.1,23
saas_000442,0,41.04,34.0,35.0,1.0,6.0,45.99,24
saas_003415,0,48.34,22.0,3.0,0.0,3.0,4.0,12
saas_001399,1,45.19,2.0,7.0,2.0,13.0,16.31,30
saas_001457,1,22.21,23.0,13.0,0.0,8.0,0.0,18
saas_007524,0,48.82,9.0,40.0,1.0,7.0,45.07,4
saas_005744,0,72.95,43.0,24.0,0.0,9.0,53.14,21
saas_001054,0,20.19,2.0,10.0,1.0,10.0,4.46,16
saas_008998,0,46.99,173.0,3.0,0.0,6.0,17.27,28
saas_003275,0,11.64,3.0,3.0,0.0,12.0,14.72,5
saas_001463,1,0.45,40.0,7.0,0.0,3.0,31.49,12
saas_003699,1,35.51,3.0,15.0,2.0,4.0,22.71,17
saas_003759,0,8.07,1.0,21.0,1.0,16.0,25.36,21
saas_000929,0,33.45,22.0,1.0,0.0,8.0,5.29,9
saas_005511,0,20.89,20.0,14.0,0.0,6.0,22.98,3
saas_006468,0,67.22,982.0,11.0,2.0,7.0,56.41,18
saas_008412,1,9.41,6.0,3.0,1.0,11.0,12.46,17
saas_001829,0,0.0,14.0,16.0,0.0,11.0,9.47,16
saas_002928,0,32.37,2.0,1.0,0.0,13.0,16.63,18
saas_008295,0,23.64,5.0,9.0,0.0,12.0,30.81,30
saas_006538,1,14.93,14.0,15.0,2.0,10.0,12.21,15
saas_004221,0,39.19,45.0,6.0,2.0,7.0,49.11,18
saas_003546,1,43.36,223.0,58.0,0.0,9.0,31.61,23
saas_005598,0,9.09,30.0,56.0,0.0,10.0,10.97,11
saas_008937,1,36.68,152.0,1.0,1.0,7.0,26.39,12
saas_007318,0,74.37,4.0,1.0,0.0,13.0,30.87,2
saas_008350,1,11.79,28.0,21.0,0.0,10.0,24.58,16
saas_002011,0,23.07,288.0,1.0,1.0,6.0,21.02,6
saas_000913,0,32.68,7.0,34.0,2.0,10.0,16.99,19
saas_008248,1,37.14,143.0,7.0,0.0,6.0,18.0,10
saas_007265,0,13.62,37.0,14.0,0.0,12.0,15.84,23
saas_003219,0,18.64,90.0,2.0,0.0,6.0,5.82,26
saas_002606,0,8.48,4.0,24.0,0.0,6.0,7.07,24
saas_003264,0,51.48,9.0,29.0,2.0,4.0,67.28,11
saas_004928,1,57.43,189.0,14.0,1.0,7.0,40.77,24
saas_008661,1,9.9,31.0,4.0,2.0,9.0,37.34,12
saas_006564,0,11.59,133.0,4.0,2.0,6.0,13.5,13
saas_008129,1,77.33,7.0,30.0,1.0,7.0,38.11,14
saas_000006,1,6.25,24.0,1.0,0.0,7.0,27.07,1
saas_002980,1,58.9,17.0,1.0,0.0,8.0,42.98,5
saas_006583,0,32.97,37.0,5.0,1.0,7.0,29.34,18
saas_003361,1,0.45,1.0,13.0,0.0,3.0,24.29,15
saas_004774,0,43.0,14.0,18.0,0.0,3.0,24.63,23
saas_001943,0,28.73,1.0,1.0,1.0,9.0,20.21,21
saas_007452,1,10.23,63.0,21.0,0.0,9.0,25.72,26
saas_005499,0,15.06,6.0,18.0,0.0,9.0,0.02,18
saas_001635,1,59.66,102.0,9.0,0.0,9.0,40.72,18
saas_001141,1,19.16,1.0,37.0,1.0,11.0,36.21,23
saas_002041,0,17.72,54.0,4.0,0.0,4.0,14.19,16
saas_006703,1,63.69,226.0,2.0,0.0,5.0,43.7,8
saas_007818,0,56.08,40.0,26.0,1.0,7.0,29.12,19
saas_002070,0,9.8,12.0,35.0,1.0,6.0,32.14,23
saas_003134,0,29.81,9.0,4.0,0.0,8.0,12.39,29
saas_005160,1,11.14,18.0,18.0,2.0,6.0,34.06,2
saas_008331,1,47.62,583.0,27.0,1.0,9.0,17.72,1
saas_005275,1,53.39,1.0,18.0,1.0,10.0,44.19,6
saas_002242,0,6.03,2.0,23.0,0.0,12.0,7.52,5
saas_001474,0,17.36,15.0,25.0,1.0,9.0,12.67,12
saas_008590,1,54.93,6.0,3.0,1.0,5.0,33.23,27
saas_001889,0,44.92,45.0,1.0,1.0,8.0,36.17,20
saas_003435,0,0.0,44.0,6.0,0.0,6.0,16.06,15
saas_007593,0,20.65,10.0,9.0,0.0,13.0,33.77,3
saas_007745,1,28.68,14.0,14.0,1.0,9.0,46.97,13
saas_003705,0,0.0,14.0,3.0,1.0,10.0,0.38,8
saas_002021,0,35.72,6.0,16.0,0.0,12.0,34.74,5
saas_004020,1,32.36,26.0,3.0,1.0,11.0,37.23,24
saas_008830,1,14.92,1.0,15.0,2.0,8.0,7.32,30
saas_008443,1,24.99,29.0,1.0,0.0,3.0,27.33,21
saas_003500,1,21.39,13.0,5.0,1.0,9.0,11.14,6
saas_002658,0,12.5,15.0,23.0,1.0,12.0,34.29,29
saas_008456,0,5.79,61.0,27.0,0.0,11.0,0.0,6
saas_006888,1,40.31,19.0,15.0,0.0,10.0,26.84,12
saas_001130,1,19.5,5.0,4.0,0.0,9.0,21.01,8
saas_005557,0,32.86,42.0,1.0,2.0,10.0,18.75,23
saas_007358,0,5.54,2.0,10.0,0.0,11.0,23.67,4
saas_001819,0,22.17,13.0,87.0,2.0,5.0,31.54,30
saas_007538,1,11.1,2.0,2.0,1.0,8.0,19.51,24
saas_009386,0,32.3,29.0,5.0,2.0,10.0,37.93,12
saas_004318,0,15.6,4.0,5.0,0.0,10.0,25.29,4
saas_009604,0,44.58,84.0,9.0,1.0,9.0,26.76,9
saas_004144,1,42.59,169.0,3.0,1.0,3.0,50.29,4
saas_004669,1,34.66,6.0,1.0,2.0,12.0,21.24,13
saas_001236,0,31.95,20.0,4.0,1.0,9.0,14.89,9
saas_005476,0,0.0,5.0,55.0,2.0,7.0,8.56,8
saas_009836,0,37.51,7.0,18.0,2.0,8.0,43.76,26
saas_001856,1,41.63,15.0,1.0,0.0,6.0,38.07,21
saas_002282,0,25.47,105.0,9.0,1.0,11.0,32.21,4
saas_008693,0,30.96,10.0,12.0,0.0,7.0,21.56,22
saas_009320,0,33.46,66.0,17.0,1.0,6.0,51.9,29
saas_004093,0,23.87,3.0,7.0,0.0,7.0,28.77,21
saas_007061,0,0.0,7.0,19.0,0.0,10.0,27.01,4
saas_005200,1,6.26,29.0,10.0,1.0,10.0,18.66,26
saas_006401,0,12.46,4.0,13.0,1.0,6.0,27.4,12
saas_009929,0,13.17,24.0,10.0,0.0,7.0,0.0,3
saas_003421,1,1.61,16.0,14.0,0.0,11.0,12.33,2
saas_009269,0,7.96,18.0,40.0,1.0,5.0,19.58,20
saas_000386,0,12.14,38.0,33.0,0.0,5.0,24.59,15
saas_008548,0,22.69,23.0,26.0,0.0,6.0,20.61,24
saas_001628,1,41.65,35.0,8.0,1.0,9.0,31.8,29
saas_003585,0,32.79,423.0,1.0,2.0,9.0,33.38,2
saas_007412,1,71.12,9.0,8.0,1.0,11.0,37.55,22
saas_002714,0,35.14,16.0,2.0,0.0,11.0,38.91,25
saas_007171,1,29.86,17.0,44.0,1.0,12.0,11.97,10
saas_008435,0,15.38,71.0,18.0,0.0,8.0,31.7,15
saas_009321,0,0.0,1.0,23.0,1.0,7.0,11.62,8
saas_005659,1,35.84,25.0,33.0,1.0,11.0,32.86,1
saas_003189,0,15.62,2.0,5.0,1.0,2.0,28.53,18
saas_009968,0,11.16,12.0,4.0,1.0,13.0,6.86,1
saas_004305,0,46.34,20.0,28.0,1.0,9.0,32.89,15
saas_000909,1,24.65,3.0,45.0,1.0,10.0,20.04,16
saas_005385,1,50.94,112.0,16.0,2.0,12.0,33.43,2
saas_001996,0,18.19,31.0,13.0,0.0,12.0,17.84,22
saas_001866,0,29.33,14.0,10.0,1.0,5.0,27.68,10
saas_001842,1,0.87,75.0,7.0,0.0,11.0,0.0,29
saas_002497,1,15.64,1.0,8.0,1.0,11.0,26.5,30
saas_000201,0,45.8,165.0,30.0,0.0,6.0,44.35,18
saas_007905,0,16.66,61.0,1.0,1.0,13.0,30.51,26
saas_007724,1,0.45,12.0,13.0,2.0,8.0,30.36,3
saas_005054,1,33.95,21.0,21.0,1.0,5.0,33.62,26
saas_005889,0,54.28,14.0,4.0,2.0,8.0,42.95,2
saas_004006,0,64.78,12.0,64.0,2.0,7.0,49.29,20
saas_009901,0,43.0,29.0,2.0,1.0,14.0,29.34,12
saas_002702,1,21.92,70.0,4.0,0.0,11.0,22.03,19
saas_003449,1,54.81,18.0,3.0,0.0,8.0,50.47,29
saas_000331,1,11.44,52.0,11.0,0.0,11.0,19.38,5
saas_007139,0,59.08,37.0,13.0,0.0,10.0,14.76,10
saas_008960,0,25.31,14.0,1.0,2.0,9.0,31.76,28
saas_009819,1,39.43,4.0,18.0,1.0,12.0,24.12,3
saas_007176,1,11.82,39.0,5.0,0.0,6.0,17.87,1
saas_002459,1,35.73,1.0,25.0,0.0,12.0,36.84,10
saas_001774,1,30.64,107.0,32.0,0.0,6.0,7.81,16
saas_006628,1,54.05,9.0,2.0,0.0,2.0,32.96,11
saas_007596,1,30.42,19.0,1.0,0.0,9.0,23.85,29
saas_007986,0,0.0,18.0,4.0,0.0,3.0,19.58,10
saas_002686,0,10.62,1.0,9.0,0.0,7.0,37.8,2
saas_009147,0,0.0,4.0,7.0,1.0,10.0,10.17,20
saas_000989,1,73.55,9.0,5.0,0.0,9.0,48.14,11
saas_009046,1,56.14,72.0,4.0,2.0,11.0,48.52,2
saas_008348,0,52.25,5.0,8.0,2.0,7.0,39.59,28
saas_008875,1,72.67,4.0,15.0,1.0,5.0,38.59,22
saas_008550,1,24.62,27.0,23.0,2.0,6.0,32.03,7
saas_005806,1,27.69,4.0,11.0,0.0,7.0,15.43,15
saas_008733,1,14.07,16.0,4.0,2.0,6.0,17.79,26
saas_008697,1,49.59,12.0,9.0,2.0,9.0,23.53,4
saas_006574,0,34.1,10.0,20.0,1.0,7.0,28.28,12
saas_003052,0,30.63,5.0,9.0,2.0,13.0,43.76,3
saas_008637,0,48.12,54.0,1.0,0.0,9.0,47.3,21
saas_005462,0,36.93,4.0,40.0,2.0,3.0,45.31,2
saas_000173,0,51.93,3.0,15.0,1.0,10.0,38.5,11
saas_004954,1,33.25,108.0,5.0,0.0,7.0,14.99,14
saas_004615,1,89.15,241.0,8.0,0.0,7.0,40.48,9
saas_003321,1,7.6,12.0,20.0,0.0,4.0,1.9,7
saas_007065,0,7.67,38.0,6.0,1.0,9.0,37.28,22
saas_006246,1,30.62,5.0,12.0,0.0,9.0,24.02,16
saas_006745,1,15.47,32.0,15.0,0.0,12.0,36.44,11
saas_003372,0,92.82,2.0,1.0,0.0,8.0,36.56,4
saas_006048,1,11.18,69.0,39.0,2.0,7.0,29.3,10
saas_003311,1,31.07,53.0,46.0,0.0,8.0,39.39,7
saas_007416,0,17.72,14.0,3.0,0.0,5.0,20.32,6
saas_007293,0,45.09,35.0,39.0,0.0,6.0,22.87,12
saas_007584,1,63.62,107.0,2.0,1.0,9.0,67.54,5
saas_009377,1,8.98,15.0,3.0,0.0,9.0,23.99,26
saas_008811,1,25.98,338.0,27.0,1.0,10.0,16.67,15
saas_008160,1,0.45,8.0,7.0,1.0,7.0,16.28,20
saas_004679,0,1.71,3.0,13.0,1.0,7.0,12.27,5
saas_003403,0,0.0,97.0,32.0,0.0,7.0,0.97,23
saas_000018,0,55.68,75.0,8.0,0.0,7.0,46.62,15
saas_003691,0,44.43,17.0,6.0,1.0,12.0,5.89,17
saas_008654,1,33.32,3.0,14.0,2.0,5.0,35.24,16
saas_004096,1,99.42,45.0,1.0,2.0,8.0,67.77,20
saas_003628,1,41.06,126.0,9.0,1.0,9.0,32.66,8
saas_008862,0,0.0,11.0,4.0,2.0,9.0,16.58,12
saas_002174,0,31.41,33.0,4.0,2.0,9.0,15.92,4
saas_001356,0,64.3,11.0,4.0,1.0,7.0,53.81,19
saas_005002,0,61.24,7.0,26.0,1.0,8.0,32.18,21
saas_007391,0,15.8,17.0,1.0,0.0,10.0,20.5,27
saas_006922,1,15.9,14.0,12.0,1.0,20.0,8.32,7
saas_005823,1,23.47,14.0,12.0,2.0,3.0,16.26,2
saas_009502,1,25.19,3.0,14.0,0.0,6.0,18.03,4
saas_005670,1,70.66,8.0,6.0,1.0,2.0,17.93,1
saas_003112,1,5.69,226.0,32.0,1.0,8.0,31.8,8
saas_000182,1,47.2,10.0,4.0,1.0,3.0,39.89,6
saas_003642,1,16.91,17.0,37.0,1.0,5.0,40.81,26
saas_008857,0,37.68,82.0,27.0,0.0,3.0,27.65,12
saas_001812,0,29.38,30.0,44.0,1.0,6.0,36.12,25
saas_007875,0,5.89,58.0,1.0,0.0,11.0,0.0,12
saas_008497,0,26.98,408.0,4.0,1.0,8.0,13.32,19
saas_004912,0,34.76,34.0,5.0,0.0,5.0,17.35,23
saas_005668,1,34.66,7.0,8.0,1.0,9.0,24.55,30
saas_008542,1,22.77,13.0,5.0,2.0,5.0,7.32,14
saas_001800,0,4.44,18.0,12.0,0.0,7.0,1.47,17
saas_009251,1,0.45,8.0,12.0,0.0,4.0,28.05,22
saas_002429,0,78.16,308.0,12.0,1.0,10.0,41.95,5
saas_005482,0,14.28,20.0,11.0,0.0,6.0,34.48,8
saas_006761,0,36.46,11.0,9.0,2.0,10.0,43.36,13
saas_009839,1,0.45,46.0,1.0,2.0,7.0,1.57,25
saas_009635,1,21.91,19.0,7.0,1.0,9.0,31.67,15
saas_001968,1,18.69,10.0,17.0,0.0,8.0,29.99,7
saas_008339,0,28.99,191.0,24.0,0.0,8.0,21.52,14
saas_008141,0,20.07,98.0,11.0,0.0,6.0,17.63,4
saas_007696,1,0.45,8.0,1.0,1.0,6.0,10.69,5
saas_007541,1,55.52,11.0,21.0,1.0,5.0,29.51,2
saas_004987,1,33.0,30.0,13.0,0.0,7.0,0.4,23
saas_009756,1,39.45,6.0,4.0,1.0,8.0,49.89,16
saas_004650,0,8.46,4.0,9.0,1.0,8.0,24.59,5
saas_001159,0,36.21,2.0,1.0,0.0,5.0,32.9,16
saas_001213,1,6.61,6.0,10.0,1.0,10.0,24.18,26
saas_007336,0,67.21,255.0,12.0,0.0,11.0,45.92,18
saas_001325,1,45.88,85.0,20.0,0.0,5.0,38.64,15
saas_007512,0,31.73,31.0,21.0,1.0,4.0,33.94,8
saas_007580,1,26.28,102.0,33.0,1.0,9.0,39.64,22
saas_004796,0,40.03,33.0,6.0,1.0,8.0,34.0,17
saas_006796,1,52.11,11.0,1.0,0.0,3.0,46.13,10
saas_005808,1,46.01,8.0,1.0,0.0,10.0,9.29,7
saas_005943,1,6.43,1.0,7.0,1.0,8.0,24.26,29
saas_009283,1,27.25,1.0,19.0,2.0,7.0,37.58,12
saas_008144,1,0.45,2.0,1.0,0.0,9.0,20.25,6
saas_001455,1,34.05,16.0,44.0,0.0,8.0,28.22,28
saas_005410,0,13.58,64.0,15.0,0.0,7.0,41.26,20
saas_007129,1,34.88,8.0,13.0,0.0,6.0,49.26,10
saas_008892,0,37.6,3.0,11.0,1.0,5.0,21.32,12
saas_004962,1,12.47,29.0,9.0,1.0,7.0,13.0,1
saas_002800,0,42.78,13.0,12.0,1.0,7.0,36.84,20
saas_001644,0,0.0,2.0,41.0,1.0,7.0,25.82,19
saas_002140,0,30.83,17.0,35.0,0.0,7.0,14.54,26
saas_004536,0,0.0,5.0,23.0,1.0,12.0,11.23,28
saas_004457,0,41.7,13.0,31.0,1.0,10.0,20.65,18
saas_008951,1,45.08,84.0,10.0,2.0,9.0,30.68,29
saas_005586,0,42.5,8.0,14.0,1.0,13.0,15.03,26
saas_004378,0,37.45,9.0,3.0,1.0,10.0,48.05,20
saas_000729,1,73.98,3.0,4.0,0.0,4.0,31.7,4
saas_004357,1,0.45,11.0,4.0,1.0,15.0,2.75,10
saas_007748,1,45.08,2.0,3.0,0.0,10.0,20.33,27
saas_006716,0,47.34,10.0,5.0,2.0,11.0,36.72,2
saas_001936,0,67.63,19.0,9.0,0.0,11.0,42.74,5
saas_003793,0,31.66,59.0,53.0,0.0,10.0,42.61,17
saas_003736,0,9.13,9.0,12.0,0.0,3.0,9.8,24
saas_002261,0,47.92,6.0,9.0,1.0,8.0,24.9,16
saas_004005,1,54.45,12.0,2.0,0.0,15.0,38.83,6
saas_001110,0,53.78,186.0,6.0,0.0,9.0,36.01,15
saas_009028,0,0.0,36.0,1.0,0.0,5.0,11.97,17
saas_005480,0,59.62,54.0,31.0,0.0,7.0,17.85,23
saas_002998,1,47.89,68.0,6.0,0.0,15.0,38.94,13
saas_002394,1,71.95,5.0,29.0,0.0,9.0,53.35,9
saas_001185,1,62.52,2.0,5.0,2.0,9.0,47.97,22
saas_002007,0,12.84,3.0,18.0,1.0,8.0,17.12,30
saas_000193,0,46.14,179.0,3.0,2.0,5.0,10.16,10
saas_005611,0,7.1,7.0,3.0,2.0,5.0,30.81,24
saas_002901,1,0.45,2.0,1.0,1.0,9.0,1.98,10
saas_000578,0,54.67,13.0,1.0,1.0,9.0,23.46,14
saas_006219,1,8.76,7.0,8.0,2.0,3.0,22.39,3
saas_005525,0,20.09,2.0,4.0,1.0,10.0,26.5,24
saas_000771,0,3.59,154.0,10.0,2.0,6.0,5.08,4
saas_007839,0,9.6,14.0,5.0,0.0,8.0,13.81,22
saas_002395,0,42.0,3.0,12.0,0.0,7.0,36.93,30
saas_001478,1,0.45,11.0,5.0,0.0,3.0,18.81,19
saas_001846,0,0.0,21.0,1.0,0.0,8.0,10.54,8
saas_009108,0,26.13,26.0,1.0,0.0,9.0,7.45,8
saas_004274,0,30.11,36.0,5.0,1.0,12.0,25.83,4
saas_003740,0,0.0,1.0,10.0,0.0,7.0,1.96,1
saas_004600,1,0.45,61.0,2.0,2.0,8.0,19.94,10
saas_008087,1,22.47,50.0,10.0,1.0,11.0,15.07,23
saas_008710,1,72.84,2.0,30.0,1.0,8.0,36.35,10
saas_006676,0,14.38,16.0,27.0,0.0,10.0,34.23,8
saas_006375,0,38.9,24.0,18.0,0.0,4.0,19.48,11
saas_008124,0,22.57,154.0,20.0,0.0,9.0,54.1,26
saas_009538,1,7.15,684.0,1.0,1.0,5.0,18.39,19
saas_004915,1,39.3,23.0,19.0,1.0,6.0,27.89,18
saas_002073,0,8.34,13.0,10.0,0.0,7.0,18.02,5
saas_004754,0,0.0,292.0,13.0,0.0,8.0,17.47,29
saas_001896,0,33.81,1.0,21.0,0.0,7.0,37.32,11
saas_008552,1,25.09,12.0,25.0,0.0,8.0,40.32,24
saas_006702,0,0.0,2.0,10.0,1.0,7.0,32.77,29
saas_006317,1,14.18,9.0,20.0,1.0,12.0,29.83,28
saas_003659,0,11.62,20.0,24.0,1.0,8.0,30.02,3
saas_006581,1,0.45,10.0,28.0,0.0,10.0,14.44,11
saas_002379,1,35.86,17.0,53.0,0.0,10.0,0.66,10
saas_001447,0,48.96,195.0,14.0,0.0,7.0,21.26,20
saas_000342,1,65.54,22.0,1.0,2.0,9.0,37.08,18
saas_005127,0,4.99,157.0,9.0,2.0,8.0,4.85,30
saas_003136,0,49.74,134.0,4.0,1.0,5.0,35.39,14
saas_002527,1,18.86,11.0,10.0,0.0,5.0,6.77,29
saas_000727,0,44.78,63.0,12.0,2.0,10.0,34.03,1
saas_004577,0,0.0,1.0,53.0,1.0,10.0,18.23,4
saas_000976,1,49.58,105.0,6.0,0.0,9.0,13.33,30
saas_008391,0,0.0,6.0,16.0,1.0,5.0,16.89,16
saas_005443,1,3.47,18.0,3.0,0.0,12.0,13.84,12
saas_009034,1,74.25,63.0,12.0,0.0,10.0,39.6,27
saas_003516,0,35.59,39.0,40.0,1.0,4.0,23.81,3
saas_007975,1,38.09,16.0,1.0,0.0,7.0,16.84,22
saas_009787,1,67.68,27.0,15.0,0.0,9.0,41.15,11
saas_003940,1,73.3,23.0,29.0,1.0,11.0,21.53,17
saas_001299,0,30.63,4.0,11.0,0.0,6.0,4.6,11
saas_009764,0,12.53,80.0,1.0,0.0,9.0,24.94,18
saas_001348,1,46.45,79.0,12.0,1.0,5.0,33.87,15
saas_000660,0,73.7,1.0,9.0,2.0,10.0,48.16,10
saas_005886,1,41.94,34.0,7.0,2.0,8.0,6.0,8
saas_001492,0,29.35,7.0,16.0,1.0,9.0,48.76,1
saas_009946,1,37.3,1.0,30.0,1.0,11.0,46.27,7
saas_004589,0,2.49,10.0,5.0,1.0,7.0,44.15,19
saas_008530,0,11.58,52.0,18.0,0.0,3.0,7.06,11
saas_005154,0,19.27,54.0,5.0,0.0,12.0,10.39,4
saas_002315,0,23.57,34.0,14.0,1.0,4.0,29.93,29
saas_009614,1,18.22,137.0,12.0,2.0,10.0,25.81,12
saas_009577,1,2.65,202.0,1.0,0.0,8.0,0.0,20
saas_007024,1,0.45,21.0,6.0,1.0,6.0,7.07,1
saas_001085,1,2.44,10.0,8.0,2.0,5.0,16.91,6
saas_002524,0,20.2,343.0,4.0,1.0,10.0,21.52,1
saas_008968,0,29.7,34.0,39.0,2.0,11.0,26.77,1
saas_005374,0,0.0,22.0,3.0,2.0,5.0,4.45,19
saas_003198,1,4.99,93.0,35.0,1.0,8.0,9.6,4
saas_005751,0,21.3,32.0,32.0,1.0,3.0,15.06,24
saas_004008,1,16.19,5.0,2.0,1.0,6.0,14.97,9
saas_005717,1,30.35,10.0,11.0,0.0,6.0,12.42,9
saas_006657,1,0.45,14.0,33.0,0.0,5.0,0.0,18
saas_009357,0,43.82,3.0,1.0,1.0,7.0,24.5,22
saas_008790,0,8.57,1.0,16.0,2.0,9.0,13.85,12
saas_000067,0,64.63,10.0,34.0,1.0,10.0,74.26,9
saas_007923,0,0.0,1.0,3.0,1.0,9.0,13.05,19
saas_000040,0,9.3,61.0,5.0,1.0,8.0,44.38,21
saas_002269,1,0.45,10.0,2.0,0.0,9.0,21.19,9
saas_002381,0,22.81,65.0,6.0,0.0,7.0,24.01,4
saas_007341,0,76.5,54.0,26.0,0.0,9.0,67.95,26
saas_009961,1,10.22,13.0,38.0,0.0,9.0,30.21,8
saas_004916,1,0.45,1.0,10.0,0.0,7.0,30.58,15
saas_005322,1,0.45,7.0,15.0,0.0,4.0,0.0,15
saas_005773,0,39.94,106.0,16.0,0.0,9.0,40.87,15
saas_006232,1,27.19,17.0,14.0,0.0,11.0,44.02,20
saas_006963,0,16.39,39.0,5.0,0.0,5.0,28.83,4
saas_003447,0,58.65,87.0,6.0,0.0,6.0,71.53,18
saas_006816,1,11.89,8.0,9.0,0.0,9.0,36.58,29
saas_002367,1,0.45,11.0,4.0,1.0,9.0,2.91,4
saas_007981,1,43.68,27.0,9.0,2.0,7.0,38.79,27
saas_008166,0,27.9,19.0,5.0,0.0,11.0,41.2,7
saas_002512,0,12.53,27.0,1.0,2.0,6.0,2.73,5
saas_009619,1,86.69,31.0,22.0,1.0,11.0,34.94,27
saas_002723,0,0.82,26.0,15.0,2.0,4.0,35.68,12
saas_005948,0,28.78,96.0,3.0,0.0,12.0,38.98,8
saas_009185,0,33.75,5.0,4.0,1.0,9.0,73.92,1
saas_009004,1,64.46,119.0,3.0,0.0,10.0,31.24,25
saas_001143,1,32.49,8.0,12.0,0.0,10.0,28.97,24
saas_009736,1,30.09,1392.0,11.0,1.0,4.0,35.43,28
saas_007222,0,0.0,47.0,2.0,2.0,9.0,5.84,29
saas_008292,0,0.0,10.0,58.0,2.0,11.0,0.0,6
saas_009220,1,95.47,10.0,31.0,1.0,7.0,38.87,16
saas_004728,1,62.4,32.0,1.0,0.0,13.0,27.43,6
saas_005494,0,28.65,65.0,1.0,0.0,6.0,47.9,22
saas_005755,1,38.53,28.0,21.0,0.0,6.0,19.24,4
saas_007562,0,27.69,5.0,30.0,0.0,4.0,34.96,21
saas_003789,0,23.51,9.0,22.0,0.0,10.0,4.35,29
saas_002220,1,6.62,23.0,6.0,0.0,5.0,19.7,12
saas_005075,0,17.38,21.0,33.0,0.0,7.0,7.11,18
saas_002331,1,37.97,1.0,4.0,0.0,10.0,52.27,10
saas_005394,1,100.0,30.0,12.0,0.0,12.0,67.95,16
saas_007439,1,38.0,116.0,10.0,0.0,5.0,36.82,9
saas_008067,1,0.45,3.0,5.0,2.0,7.0,0.0,25
saas_007090,0,45.87,4.0,29.0,2.0,6.0,27.16,18
saas_009336,1,31.64,22.0,10.0,1.0,5.0,15.13,13
saas_004088,0,27.64,10.0,44.0,2.0,5.0,30.43,9
saas_001967,1,46.75,17.0,6.0,1.0,6.0,23.24,6
saas_009363,0,10.71,7.0,2.0,1.0,9.0,13.01,11
saas_009796,0,18.21,47.0,30.0,1.0,10.0,40.23,5
saas_006757,1,32.4,3.0,1.0,1.0,5.0,51.06,28
saas_009586,0,0.0,100.0,5.0,0.0,9.0,27.83,2
saas_004365,0,29.34,85.0,14.0,0.0,11.0,21.47,29
saas_006999,0,12.27,40.0,12.0,0.0,12.0,35.19,7
saas_000423,1,18.92,2.0,4.0,1.0,8.0,13.47,8
saas_000280,1,79.46,41.0,66.0,0.0,6.0,53.98,10
saas_001904,0,61.38,50.0,1.0,0.0,6.0,58.13,25
saas_000595,1,23.93,10.0,13.0,1.0,8.0,33.62,1
saas_008579,0,0.0,247.0,25.0,0.0,5.0,0.0,27
saas_003917,1,30.43,7.0,7.0,0.0,7.0,21.13,3
saas_006142,1,57.17,381.0,6.0,1.0,9.0,28.44,7
saas_005661,1,22.68,28.0,1.0,0.0,6.0,38.5,9
saas_005778,0,10.96,143.0,17.0,1.0,11.0,30.6,9
saas_003618,1,63.42,33.0,16.0,0.0,6.0,42.39,13
saas_006845,1,0.45,51.0,1.0,0.0,6.0,0.0,19
saas_000839,0,38.91,12.0,3.0,1.0,12.0,29.99,12
saas_004596,1,22.04,11.0,3.0,1.0,6.0,23.91,2
saas_007496,0,0.0,13.0,7.0,0.0,6.0,0.18,16
saas_000141,1,35.39,4.0,8.0,1.0,7.0,30.43,17
saas_002597,1,0.45,30.0,10.0,1.0,8.0,1.21,14
saas_006701,0,30.04,271.0,4.0,0.0,16.0,36.46,12
saas_007756,1,66.66,44.0,36.0,2.0,6.0,36.77,14
saas_001377,0,50.61,26.0,1.0,0.0,10.0,41.19,8
saas_003674,1,44.65,2.0,19.0,1.0,7.0,42.25,3
saas_008770,1,38.84,10.0,16.0,2.0,7.0,60.28,19
saas_009895,1,36.25,380.0,54.0,0.0,6.0,31.91,23
saas_006362,1,18.33,13.0,1.0,1.0,8.0,2.7,11
saas_004741,1,13.88,16.0,3.0,1.0,7.0,17.55,4
saas_003808,0,18.12,17.0,28.0,2.0,5.0,18.41,3
saas_001138,1,62.17,17.0,18.0,1.0,11.0,28.59,30
saas_002257,0,24.54,29.0,3.0,0.0,8.0,26.22,3
saas_007865,0,0.0,18.0,4.0,0.0,9.0,8.13,15
saas_001787,0,51.31,1.0,8.0,0.0,4.0,31.93,29
saas_003938,0,0.0,22.0,41.0,0.0,7.0,10.9,2
saas_009316,0,35.98,9.0,19.0,1.0,11.0,29.56,27
saas_004646,0,61.82,18.0,10.0,0.0,4.0,43.2,21
saas_000459,1,26.98,19.0,40.0,0.0,9.0,29.34,24
saas_006115,0,0.0,177.0,3.0,0.0,10.0,2.29,28
saas_009542,1,0.45,20.0,23.0,0.0,2.0,6.69,28
saas_000948,0,19.64,35.0,11.0,0.0,9.0,35.58,22
saas_003700,0,51.74,18.0,19.0,2.0,7.0,20.66,19
saas_001336,0,33.87,40.0,11.0,0.0,7.0,47.8,12
saas_006370,1,0.45,51.0,1.0,0.0,3.0,16.11,10
saas_004628,0,8.98,7.0,3.0,1.0,5.0,21.29,20
saas_006286,1,30.13,127.0,3.0,2.0,1.0,30.25,13
saas_005925,1,27.46,4.0,6.0,0.0,9.0,37.41,13
saas_005934,1,4.41,1.0,2.0,1.0,7.0,14.35,17
saas_006040,0,20.42,492.0,6.0,1.0,13.0,22.29,13
saas_000441,0,2.27,32.0,5.0,0.0,9.0,11.31,3
saas_006659,1,0.45,1.0,5.0,0.0,7.0,1.73,13
saas_001602,0,31.09,133.0,3.0,0.0,8.0,37.83,2
saas_002238,1,47.7,5.0,11.0,1.0,9.0,26.67,1
saas_000639,1,54.26,44.0,33.0,0.0,7.0,55.98,6
saas_009820,1,54.05,10.0,10.0,1.0,10.0,40.69,11
saas_003830,1,0.45,4.0,3.0,1.0,11.0,0.0,5
saas_009395,1,7.57,24.0,10.0,0.0,9.0,23.99,18
saas_006144,0,27.3,83.0,11.0,1.0,12.0,19.65,22
saas_007985,0,2.58,25.0,57.0,1.0,11.0,33.04,13
saas_009052,1,30.77,4.0,26.0,0.0,5.0,33.67,18
saas_006344,1,62.36,4.0,1.0,1.0,3.0,55.4,16
saas_002501,0,35.3,29.0,10.0,0.0,10.0,32.68,11
saas_001958,1,32.77,13.0,13.0,0.0,11.0,30.8,2
saas_001070,0,10.03,14.0,4.0,0.0,9.0,10.94,30
saas_000155,1,29.11,284.0,12.0,2.0,10.0,22.84,3
saas_002295,0,0.0,80.0,12.0,1.0,10.0,8.28,3
saas_009801,1,36.25,2.0,5.0,0.0,9.0,39.44,27
saas_004578,0,21.0,9.0,18.0,0.0,4.0,12.5,1
saas_001089,0,15.31,13.0,14.0,0.0,6.0,24.09,9
saas_006049,1,0.45,15.0,2.0,2.0,8.0,5.3,26
saas_006415,0,51.98,4.0,5.0,1.0,9.0,48.45,17
saas_002940,1,27.39,236.0,2.0,1.0,5.0,17.51,24
saas_000723,0,70.88,2.0,4.0,0.0,4.0,36.34,30
saas_004384,1,59.8,59.0,3.0,0.0,8.0,31.49,14
saas_000930,1,22.36,20.0,4.0,0.0,11.0,12.93,25
saas_002909,1,39.41,45.0,1.0,0.0,6.0,45.5,2
saas_007845,1,21.99,89.0,4.0,0.0,11.0,11.68,18
saas_006763,1,14.68,159.0,5.0,0.0,13.0,0.0,5
saas_008388,1,43.97,39.0,4.0,0.0,6.0,9.69,27
saas_006416,0,100.0,154.0,4.0,2.0,15.0,64.89,5
saas_000895,0,18.83,96.0,48.0,1.0,7.0,32.7,8
saas_003247,1,26.02,2.0,16.0,0.0,8.0,30.78,29
saas_002326,1,38.48,1.0,7.0,0.0,5.0,32.15,3
saas_007096,0,40.58,2.0,11.0,0.0,5.0,26.89,29
saas_009505,1,49.57,81.0,1.0,1.0,10.0,48.04,25
saas_007581,0,15.61,82.0,12.0,1.0,8.0,3.99,3
saas_009742,1,0.45,3.0,11.0,0.0,8.0,4.96,24
saas_005038,1,10.15,1.0,10.0,1.0,9.0,30.34,10
saas_006450,1,13.29,66.0,14.0,1.0,4.0,22.14,12
saas_004136,1,16.71,159.0,14.0,0.0,9.0,11.13,28
saas_009248,1,74.04,140.0,40.0,2.0,13.0,71.59,16
saas_001715,0,25.02,24.0,7.0,0.0,3.0,23.78,13
saas_001698,1,8.95,1.0,1.0,0.0,9.0,19.14,14
saas_009690,1,39.04,47.0,18.0,1.0,9.0,17.71,15
saas_009549,1,8.84,10.0,13.0,0.0,10.0,35.54,28
saas_009971,1,40.61,102.0,6.0,0.0,13.0,24.83,20
saas_008224,1,12.22,78.0,15.0,0.0,8.0,9.62,3
saas_003831,1,38.91,500.0,15.0,0.0,8.0,23.14,22
saas_006299,0,0.0,8.0,23.0,0.0,6.0,24.47,4
saas_003348,1,3.5,45.0,1.0,0.0,7.0,22.47,25
saas_009518,0,17.22,23.0,34.0,0.0,9.0,30.77,25
saas_000985,1,0.45,51.0,1.0,1.0,6.0,0.0,12
saas_001821,0,45.46,63.0,42.0,1.0,5.0,30.76,25
saas_004571,0,28.45,235.0,10.0,0.0,8.0,28.6,13
saas_000587,1,57.84,5.0,1.0,0.0,13.0,37.15,23
saas_009757,0,5.66,272.0,1.0,0.0,6.0,27.71,23
saas_005077,1,12.13,22.0,7.0,0.0,4.0,13.2,10
saas_007782,0,11.99,15.0,28.0,2.0,10.0,2.26,6
saas_008323,0,35.25,55.0,22.0,2.0,10.0,39.52,23
saas_009522,1,36.49,40.0,3.0,1.0,9.0,40.25,12
saas_009967,1,4.68,13.0,5.0,1.0,8.0,28.31,4
saas_005483,1,77.45,168.0,3.0,2.0,10.0,42.59,10
saas_007746,1,24.53,72.0,28.0,0.0,12.0,37.17,10
saas_009280,1,59.16,2.0,1.0,1.0,7.0,41.56,21
saas_005514,1,0.45,10.0,19.0,2.0,12.0,8.22,22
saas_009527,0,28.21,9.0,3.0,0.0,2.0,28.25,11
saas_008871,0,45.72,180.0,1.0,1.0,3.0,38.84,28
saas_005553,0,8.84,7.0,31.0,0.0,7.0,14.24,14
saas_003557,0,0.75,37.0,15.0,0.0,4.0,28.27,25
saas_001395,0,22.68,328.0,7.0,0.0,6.0,22.48,9
saas_000264,1,27.72,40.0,1.0,0.0,5.0,11.91,16
saas_003547,1,74.92,96.0,31.0,0.0,13.0,43.99,7
saas_006844,1,84.62,12.0,1.0,0.0,6.0,36.43,10
saas_007628,0,61.72,15.0,24.0,1.0,9.0,19.89,8
saas_006788,0,46.64,2.0,3.0,2.0,14.0,36.13,8
saas_003069,1,5.2,5.0,7.0,0.0,6.0,3.78,20
saas_005025,1,26.48,1.0,21.0,1.0,11.0,24.76,18
saas_008396,1,0.45,7.0,64.0,2.0,9.0,24.47,30
saas_003864,1,65.85,1.0,7.0,0.0,6.0,16.09,24
saas_009072,1,30.14,42.0,13.0,0.0,6.0,25.9,3
saas_002400,0,28.6,10.0,10.0,1.0,7.0,8.85,4
saas_006274,0,67.2,16.0,14.0,1.0,5.0,66.8,14
saas_008484,1,38.84,22.0,4.0,0.0,11.0,30.75,15
saas_003711,1,16.69,54.0,8.0,0.0,4.0,23.6,25
saas_000246,1,13.36,3.0,22.0,1.0,11.0,20.93,29
saas_001594,0,10.63,35.0,3.0,0.0,9.0,30.93,16
saas_009682,1,12.4,20.0,3.0,0.0,7.0,48.16,5
saas_001529,1,47.66,50.0,3.0,0.0,9.0,23.64,28
saas_008223,0,23.43,288.0,4.0,1.0,10.0,0.0,4
saas_000923,1,22.65,8.0,24.0,0.0,5.0,13.64,17
saas_007553,0,17.13,54.0,1.0,0.0,6.0,24.75,26
saas_004364,0,5.59,1.0,31.0,2.0,7.0,7.8,24
saas_000669,0,7.95,1.0,3.0,0.0,6.0,30.91,3
saas_003604,1,2.8,22.0,11.0,0.0,9.0,0.0,3
saas_005108,0,4.5,13.0,15.0,0.0,9.0,3.08,29
saas_001910,0,18.25,6.0,21.0,0.0,3.0,49.18,10
saas_008344,1,0.45,1.0,1.0,0.0,6.0,13.97,10
saas_005248,1,87.6,32.0,9.0,1.0,4.0,36.41,15
saas_007183,1,23.24,29.0,42.0,0.0,8.0,31.43,21
saas_003958,0,0.86,7.0,1.0,1.0,8.0,4.27,13
saas_006957,0,28.31,51.0,3.0,1.0,8.0,37.28,30
saas_006026,1,3.02,22.0,6.0,0.0,7.0,5.43,28
saas_005643,0,27.32,277.0,9.0,0.0,14.0,53.71,7
saas_002696,1,0.45,42.0,68.0,0.0,9.0,25.58,30
saas_002591,0,12.01,511.0,1.0,0.0,4.0,25.81,5
saas_005906,0,34.43,21.0,1.0,2.0,11.0,7.5,29
saas_001781,1,22.27,23.0,22.0,1.0,8.0,23.15,25
saas_006509,1,37.68,36.0,9.0,1.0,9.0,49.23,2
saas_003013,0,49.79,23.0,11.0,0.0,12.0,31.3,7
saas_007133,0,57.12,10.0,16.0,0.0,9.0,47.37,16
saas_002307,0,3.13,20.0,4.0,0.0,12.0,21.28,11
saas_007276,1,54.49,514.0,3.0,1.0,13.0,32.58,13
saas_003690,0,34.11,58.0,8.0,0.0,11.0,24.52,12
saas_000687,1,63.89,190.0,3.0,1.0,8.0,33.38,20
saas_006011,0,24.59,57.0,16.0,1.0,11.0,37.28,4
saas_007071,0,50.94,84.0,1.0,0.0,4.0,39.18,14
saas_000612,0,27.03,2.0,18.0,0.0,11.0,17.51,7
saas_007167,1,12.71,25.0,7.0,2.0,7.0,20.16,15
saas_009205,1,46.94,13.0,6.0,1.0,11.0,22.92,12
saas_003200,0,31.33,8.0,2.0,0.0,6.0,10.46,10
saas_002267,1,10.56,14.0,3.0,1.0,9.0,38.61,17
saas_009781,1,17.93,14.0,37.0,0.0,9.0,17.06,28
saas_006629,1,34.6,7.0,24.0,0.0,9.0,14.89,15
saas_004135,1,0.45,8.0,29.0,1.0,6.0,30.74,18
saas_001898,1,58.7,10.0,14.0,0.0,8.0,38.51,21
saas_009530,0,14.88,28.0,4.0,0.0,9.0,22.27,24
saas_008153,1,79.35,104.0,23.0,1.0,1.0,55.32,15
saas_000258,1,2.79,16.0,2.0,0.0,13.0,30.22,9
saas_002924,0,53.58,7.0,1.0,0.0,9.0,51.85,5
saas_009424,0,37.74,3.0,11.0,1.0,9.0,45.7,6
saas_004943,0,2.96,6.0,5.0,0.0,8.0,16.34,16
saas_002822,1,7.68,55.0,5.0,1.0,7.0,37.45,29
saas_006529,1,51.46,1.0,4.0,0.0,13.0,25.77,6
saas_003339,1,69.66,1.0,3.0,1.0,8.0,46.93,15
saas_003525,1,13.4,211.0,2.0,0.0,5.0,37.22,25
saas_004563,0,51.27,14.0,29.0,0.0,6.0,52.88,15
saas_009656,0,0.0,10.0,9.0,1.0,16.0,18.38,9
saas_007908,1,30.89,3.0,6.0,2.0,6.0,20.32,23
saas_005329,0,31.96,46.0,17.0,1.0,8.0,52.33,5
saas_005223,1,39.51,36.0,3.0,1.0,8.0,55.03,10
saas_002285,0,26.69,34.0,18.0,1.0,7.0,36.58,17
saas_006063,0,40.95,42.0,7.0,1.0,10.0,23.25,16
saas_004654,1,23.22,24.0,14.0,1.0,6.0,27.57,3
saas_005000,1,37.23,13.0,8.0,2.0,8.0,32.46,17
saas_006710,0,36.2,119.0,25.0,1.0,9.0,37.61,7
saas_009324,1,2.65,520.0,8.0,1.0,12.0,11.53,20
saas_000484,1,38.43,18.0,45.0,1.0,7.0,4.97,19
saas_002211,1,19.01,87.0,2.0,0.0,11.0,7.6,26
saas_005416,1,20.15,50.0,10.0,0.0,7.0,9.42,14
saas_007563,1,3.6,11.0,5.0,0.0,8.0,14.46,29
saas_002555,0,89.04,11.0,8.0,1.0,12.0,60.67,8
saas_000007,0,39.44,12.0,6.0,0.0,6.0,50.5,28
saas_003657,1,44.34,355.0,4.0,0.0,4.0,35.75,19
saas_006411,1,0.45,22.0,31.0,1.0,8.0,21.11,13
saas_009164,1,2.65,242.0,18.0,0.0,10.0,18.81,22
saas_004874,1,8.04,4.0,39.0,0.0,15.0,11.23,23
saas_004402,0,0.0,7.0,9.0,0.0,14.0,7.88,22
saas_008916,1,53.07,47.0,8.0,1.0,6.0,51.59,26
saas_005546,0,0.0,262.0,7.0,1.0,9.0,26.51,19
saas_005297,1,34.4,18.0,4.0,1.0,10.0,16.49,23
saas_002426,1,2.65,473.0,3.0,1.0,12.0,16.43,17
saas_006744,1,40.07,44.0,11.0,0.0,12.0,24.71,11
saas_001814,0,61.53,25.0,4.0,0.0,11.0,26.5,4
saas_006822,1,47.29,677.0,28.0,0.0,10.0,35.15,12
saas_009625,1,6.05,81.0,20.0,1.0,3.0,9.81,22
saas_002274,1,63.34,24.0,36.0,0.0,13.0,50.87,24
saas_001011,1,28.95,174.0,3.0,0.0,9.0,15.17,26
saas_001577,1,37.56,93.0,2.0,0.0,8.0,36.59,22
saas_007264,0,37.32,46.0,3.0,0.0,7.0,36.76,15
saas_001067,1,61.65,39.0,9.0,2.0,10.0,45.61,15
saas_001991,1,11.36,45.0,44.0,1.0,11.0,17.6,18
saas_003970,0,54.76,1.0,41.0,0.0,14.0,28.17,16
saas_009073,0,0.0,98.0,14.0,0.0,5.0,13.31,20
saas_005879,0,30.39,114.0,44.0,1.0,5.0,27.54,16
saas_008430,1,29.25,22.0,4.0,0.0,12.0,20.36,20
saas_004542,0,31.22,1.0,29.0,0.0,10.0,43.56,10
saas_009326,0,6.19,57.0,20.0,0.0,8.0,12.08,1
saas_007193,0,31.62,4.0,1.0,1.0,11.0,8.07,16
saas_003867,1,28.46,243.0,12.0,1.0,10.0,37.17,10
saas_009415,0,4.1,4.0,10.0,2.0,5.0,8.82,2
saas_006823,0,54.61,98.0,24.0,1.0,9.0,34.32,16
saas_003048,0,18.49,76.0,2.0,1.0,5.0,6.32,15
saas_000781,0,35.69,17.0,2.0,0.0,3.0,39.96,18
saas_006747,0,57.4,54.0,7.0,1.0,7.0,45.9,13
saas_002675,1,9.22,34.0,11.0,1.0,11.0,1.38,27
saas_001749,1,59.42,76.0,18.0,0.0,7.0,57.39,1
saas_006222,0,52.75,20.0,18.0,1.0,5.0,43.08,13
saas_007946,1,0.45,49.0,4.0,0.0,15.0,25.5,25
saas_002791,1,0.45,17.0,4.0,0.0,11.0,11.97,8
saas_006519,1,2.15,27.0,6.0,0.0,10.0,38.74,29
saas_005774,1,27.48,904.0,12.0,0.0,5.0,6.06,8
saas_006357,0,52.22,60.0,7.0,0.0,9.0,27.48,6
saas_004979,1,24.24,6.0,33.0,2.0,9.0,15.75,8
saas_007588,1,0.45,3.0,16.0,0.0,8.0,7.15,10
saas_001091,1,19.29,20.0,11.0,0.0,6.0,14.28,12
saas_006526,1,20.16,79.0,1.0,1.0,6.0,27.19,5
saas_009607,0,10.58,87.0,1.0,1.0,6.0,30.05,13
saas_004627,0,60.69,65.0,16.0,1.0,3.0,30.64,3
saas_002324,0,7.99,1.0,18.0,1.0,8.0,43.09,6
saas_006534,0,30.44,2.0,7.0,1.0,8.0,32.39,23
saas_008971,1,35.53,2.0,9.0,1.0,10.0,29.53,12
saas_005055,0,31.93,19.0,1.0,1.0,6.0,6.48,30
saas_002608,1,28.15,69.0,22.0,0.0,6.0,49.4,29
saas_009020,1,8.75,37.0,13.0,0.0,7.0,1.83,4
saas_002290,1,21.76,39.0,90.0,0.0,8.0,0.0,19
saas_001727,0,37.63,9.0,7.0,0.0,8.0,2.24,15
saas_000610,0,51.75,4.0,7.0,1.0,5.0,31.19,2
saas_004666,1,52.18,142.0,20.0,0.0,9.0,38.78,22
saas_008051,0,2.42,75.0,6.0,1.0,5.0,24.67,9
saas_005413,0,0.0,80.0,1.0,0.0,4.0,12.68,25
saas_000343,0,34.24,37.0,11.0,2.0,7.0,38.75,10
saas_004683,0,59.47,7.0,5.0,2.0,5.0,26.97,2
saas_008784,1,0.45,12.0,71.0,2.0,8.0,0.0,5
saas_003750,1,59.23,13.0,7.0,2.0,7.0,45.08,10
saas_008453,0,44.93,42.0,58.0,0.0,10.0,40.31,1
saas_009307,0,7.45,15.0,2.0,0.0,5.0,29.08,30
saas_005999,1,1.29,2.0,5.0,1.0,9.0,20.76,4
saas_003215,1,2.24,40.0,3.0,0.0,7.0,31.92,3
saas_000097,0,72.67,4.0,9.0,1.0,10.0,51.27,18
saas_007387,0,14.67,27.0,1.0,1.0,7.0,28.05,12
saas_007665,1,0.45,100.0,13.0,1.0,15.0,31.88,27
saas_005176,1,21.63,479.0,6.0,1.0,8.0,35.6,3
saas_007279,1,5.01,113.0,8.0,0.0,4.0,27.4,14
saas_006165,0,22.84,45.0,27.0,0.0,8.0,22.08,29
saas_001537,1,0.45,1.0,22.0,0.0,9.0,0.0,10
saas_003588,1,54.28,6.0,11.0,2.0,10.0,41.25,10
saas_009442,0,29.28,3.0,28.0,1.0,6.0,6.39,28
saas_006985,1,21.51,36.0,40.0,2.0,12.0,26.08,3
saas_003648,0,13.41,156.0,13.0,0.0,14.0,8.87,24
saas_002657,1,26.99,4.0,2.0,0.0,12.0,19.82,26
saas_009826,0,55.43,2.0,9.0,0.0,4.0,30.74,10
saas_001517,0,42.01,143.0,21.0,0.0,6.0,31.57,14
saas_005061,1,46.42,66.0,6.0,1.0,7.0,39.63,22
saas_009349,0,42.59,8.0,3.0,1.0,9.0,41.04,27
saas_004624,0,47.46,317.0,12.0,1.0,10.0,45.23,5
saas_004272,0,0.0,36.0,9.0,0.0,7.0,10.33,13
saas_003669,1,0.45,24.0,31.0,1.0,6.0,8.2,6
saas_006566,1,58.36,116.0,31.0,0.0,13.0,38.17,21
saas_005800,1,0.45,9.0,11.0,1.0,6.0,0.9,16
saas_002090,1,43.84,26.0,2.0,0.0,8.0,52.07,24
saas_007097,1,66.54,18.0,1.0,1.0,10.0,71.24,27
saas_006171,0,0.0,1.0,20.0,0.0,7.0,0.0,4
saas_000572,1,32.94,29.0,27.0,1.0,6.0,60.56,17
saas_009558,0,40.61,10.0,1.0,0.0,12.0,37.66,17
saas_004688,0,31.43,14.0,14.0,0.0,14.0,21.95,23
saas_009074,0,27.9,8.0,2.0,0.0,5.0,34.73,23
saas_003062,0,14.11,818.0,12.0,0.0,11.0,15.52,23
saas_009293,0,36.56,1.0,4.0,1.0,10.0,19.4,29
saas_006470,1,0.45,58.0,14.0,1.0,12.0,16.27,4
saas_007160,0,46.05,17.0,4.0,0.0,14.0,9.89,22
saas_006633,1,0.45,2.0,15.0,0.0,8.0,2.94,9
saas_008491,1,47.91,437.0,27.0,0.0,6.0,27.45,11
saas_007925,1,24.09,1.0,5.0,1.0,10.0,20.79,16
saas_007345,1,30.09,1.0,6.0,1.0,6.0,4.4,2
saas_006304,1,28.56,88.0,6.0,2.0,9.0,28.52,6
saas_007900,0,12.52,9.0,1.0,2.0,7.0,29.73,12
saas_009439,1,20.3,27.0,41.0,2.0,10.0,42.08,1
saas_008185,0,43.83,3.0,4.0,1.0,14.0,41.08,25
saas_004479,0,0.0,36.0,5.0,2.0,17.0,0.0,12
saas_004948,1,1.72,19.0,1.0,1.0,9.0,4.22,4
saas_005976,1,9.38,11.0,7.0,0.0,12.0,30.99,14
saas_000370,1,29.78,20.0,11.0,0.0,6.0,15.64,8
saas_001938,1,0.45,7.0,18.0,0.0,4.0,25.46,24
saas_002352,1,0.45,18.0,59.0,1.0,14.0,6.95,21
saas_007127,1,14.08,6.0,1.0,1.0,9.0,32.14,19
saas_001753,0,35.38,8.0,18.0,2.0,14.0,36.25,15
saas_003670,1,39.51,41.0,12.0,2.0,11.0,25.39,15
saas_007298,1,17.28,21.0,17.0,2.0,3.0,23.41,7
saas_003652,1,21.33,72.0,16.0,1.0,11.0,0.0,22
saas_005201,0,19.89,9.0,15.0,1.0,6.0,39.68,11
saas_007909,1,25.6,1.0,1.0,1.0,10.0,20.42,13
saas_002361,0,16.24,4.0,1.0,0.0,4.0,28.6,27
saas_004260,1,0.45,31.0,19.0,0.0,7.0,7.88,4
saas_005432,1,0.45,3.0,7.0,0.0,6.0,0.0,23
saas_006285,1,56.94,2.0,48.0,1.0,8.0,22.52,6
saas_004991,0,57.78,18.0,2.0,1.0,14.0,53.92,21
saas_007600,0,27.94,29.0,20.0,2.0,8.0,20.15,10
saas_009462,0,60.5,24.0,14.0,0.0,16.0,52.9,29
saas_003737,0,12.56,203.0,1.0,0.0,5.0,21.46,26
saas_007520,1,40.51,1.0,4.0,0.0,6.0,21.22,11
saas_008559,0,19.58,9.0,13.0,2.0,8.0,13.15,27
saas_008926,0,74.03,20.0,12.0,2.0,12.0,60.64,13
saas_009990,0,41.07,37.0,23.0,1.0,8.0,26.84,23
saas_005591,1,57.52,25.0,17.0,0.0,11.0,60.65,16
saas_001171,0,24.49,1.0,9.0,0.0,3.0,25.49,25
saas_007370,1,26.53,56.0,5.0,1.0,9.0,21.46,30
saas_007937,1,52.75,33.0,43.0,1.0,13.0,36.19,20
saas_008086,0,37.68,95.0,9.0,2.0,11.0,32.01,14
saas_001422,1,11.81,36.0,6.0,1.0,8.0,25.78,13
saas_006782,1,30.96,3.0,14.0,1.0,5.0,38.56,18
saas_009443,1,46.39,2.0,9.0,1.0,7.0,25.3,21
saas_008139,0,88.67,193.0,24.0,0.0,5.0,51.29,24
saas_009350,1,33.49,218.0,12.0,0.0,11.0,35.81,12
saas_008018,0,2.62,208.0,20.0,0.0,10.0,46.88,12
saas_006339,0,3.64,21.0,7.0,1.0,7.0,0.0,16
saas_009647,1,24.58,84.0,39.0,2.0,6.0,17.42,23
saas_000874,0,0.0,1.0,1.0,0.0,8.0,2.23,1
saas_002297,1,18.19,6.0,1.0,1.0,8.0,30.28,15
saas_002643,1,18.17,4.0,1.0,2.0,7.0,10.56,8
saas_007531,1,0.45,7.0,10.0,1.0,8.0,32.55,26
saas_001719,0,0.0,2.0,4.0,2.0,9.0,0.0,9
saas_005347,1,19.7,172.0,1.0,2.0,8.0,23.33,23
saas_005932,1,21.15,13.0,1.0,1.0,7.0,31.59,7
saas_000840,1,48.18,349.0,10.0,1.0,11.0,52.25,5
saas_009937,1,66.27,65.0,1.0,1.0,11.0,53.35,9
saas_000581,1,33.48,3.0,7.0,1.0,12.0,12.92,1
saas_000204,0,0.0,1.0,1.0,0.0,12.0,0.0,1
saas_001641,0,23.94,42.0,41.0,1.0,7.0,39.07,7
saas_002014,1,53.09,218.0,5.0,0.0,2.0,39.1,15
saas_003253,0,2.66,85.0,14.0,0.0,10.0,1.48,19
saas_007540,1,8.53,4.0,2.0,0.0,9.0,19.69,21
saas_000905,0,76.21,441.0,40.0,0.0,6.0,47.34,5
saas_000631,1,38.65,919.0,7.0,2.0,8.0,29.18,24
saas_008420,1,11.29,30.0,13.0,0.0,7.0,24.62,23
saas_007823,0,72.95,217.0,2.0,1.0,5.0,57.4,9
saas_001974,1,15.37,2.0,11.0,2.0,13.0,32.41,9
saas_000162,1,17.3,489.0,4.0,0.0,7.0,32.18,4
saas_004998,1,6.27,21.0,18.0,1.0,4.0,6.0,5
saas_001243,1,33.62,9.0,26.0,1.0,11.0,54.48,11
saas_009450,0,54.24,40.0,5.0,0.0,9.0,38.95,30
saas_007764,0,15.79,168.0,32.0,0.0,6.0,26.03,20
saas_004713,0,18.27,5.0,2.0,2.0,3.0,29.58,9
saas_000875,1,42.31,1.0,9.0,0.0,6.0,34.78,25
saas_001431,1,26.75,4.0,34.0,2.0,6.0,37.06,24
saas_008738,0,0.0,8.0,40.0,0.0,5.0,21.33,12
saas_006868,1,55.05,2.0,22.0,0.0,6.0,34.61,23
saas_004643,0,42.82,19.0,1.0,1.0,12.0,47.32,11
saas_005080,1,32.99,4.0,25.0,0.0,7.0,40.28,15
saas_005783,1,33.5,9.0,9.0,1.0,13.0,22.4,12
saas_009138,1,53.4,4.0,2.0,2.0,3.0,52.96,13
saas_007616,1,19.55,146.0,12.0,0.0,9.0,26.89,28
saas_008039,1,35.3,235.0,1.0,0.0,8.0,27.8,17
saas_007955,1,0.45,1.0,22.0,0.0,7.0,0.0,8
saas_009437,0,20.87,11.0,4.0,2.0,8.0,0.0,26
saas_002856,0,29.49,18.0,9.0,0.0,5.0,25.1,22
saas_001861,1,19.65,3.0,1.0,1.0,12.0,13.66,11
saas_002659,1,26.59,39.0,37.0,1.0,12.0,42.97,14
saas_003384,0,55.23,17.0,39.0,1.0,13.0,30.23,17
saas_009564,0,15.6,3.0,9.0,1.0,8.0,24.83,4
saas_009776,1,0.45,3.0,12.0,2.0,11.0,0.0,4
saas_008090,0,0.35,124.0,8.0,0.0,9.0,23.79,13
saas_008347,0,60.72,30.0,38.0,0.0,6.0,52.85,8
saas_007462,1,59.67,96.0,11.0,2.0,7.0,56.65,18
saas_006886,0,43.99,16.0,14.0,1.0,7.0,36.11,8
saas_004733,1,32.73,1.0,1.0,0.0,6.0,39.24,27
saas_003331,0,0.0,19.0,57.0,0.0,12.0,0.0,30
saas_009006,0,22.87,41.0,1.0,1.0,6.0,36.71,11
saas_008635,1,40.11,28.0,16.0,0.0,4.0,27.88,3
saas_006404,1,0.45,15.0,12.0,0.0,10.0,0.0,4
saas_008346,1,3.38,1.0,7.0,0.0,10.0,31.91,30
saas_009464,1,68.76,2.0,1.0,0.0,11.0,33.02,28
saas_007060,1,43.3,98.0,17.0,1.0,9.0,8.36,3
saas_002096,1,33.92,74.0,7.0,1.0,4.0,9.24,1
saas_002003,0,20.79,29.0,21.0,0.0,6.0,37.35,20
saas_008804,0,32.4,109.0,11.0,1.0,7.0,50.6,19
saas_009732,0,64.18,3.0,31.0,2.0,9.0,27.59,2
saas_004676,0,58.63,35.0,11.0,0.0,2.0,41.3,13
saas_005017,1,1.77,9.0,3.0,0.0,8.0,24.17,17
saas_007469,1,6.47,65.0,25.0,0.0,10.0,35.19,27
saas_000546,0,43.1,27.0,1.0,1.0,8.0,38.25,3
saas_001449,1,22.53,8.0,1.0,1.0,6.0,9.98,29
saas_003986,0,13.81,3.0,1.0,1.0,7.0,16.0,29
saas_006900,0,14.35,4.0,15.0,0.0,4.0,37.02,30
saas_002610,1,15.93,1.0,22.0,2.0,4.0,0.0,15
saas_001900,1,17.59,8.0,39.0,1.0,8.0,33.31,5
saas_003920,1,0.93,32.0,8.0,0.0,7.0,13.16,4
saas_002757,1,19.08,33.0,10.0,1.0,9.0,40.25,1
saas_006124,0,45.54,13.0,1.0,0.0,9.0,43.38,26
saas_006397,0,47.7,3.0,25.0,0.0,5.0,32.13,18
saas_001885,1,10.96,29.0,1.0,1.0,6.0,26.82,3
saas_009823,1,43.01,22.0,10.0,1.0,6.0,38.74,28
saas_005738,0,25.04,1.0,23.0,0.0,8.0,18.36,10
saas_008667,1,12.55,43.0,14.0,0.0,11.0,0.0,3
saas_005890,1,29.3,69.0,8.0,1.0,10.0,15.53,10
saas_002097,0,35.28,6.0,15.0,2.0,7.0,44.1,9
saas_009289,1,0.79,19.0,27.0,1.0,4.0,21.26,11
saas_005692,0,18.76,13.0,2.0,0.0,5.0,24.71,24
saas_000499,1,25.6,2.0,10.0,0.0,12.0,18.93,8
saas_005624,0,0.0,9.0,44.0,1.0,9.0,14.58,7
saas_000836,0,39.01,12.0,12.0,1.0,12.0,31.99,5
saas_003471,1,19.9,12.0,5.0,1.0,5.0,24.36,11
saas_004697,0,40.86,17.0,16.0,1.0,10.0,35.17,4
saas_006280,1,56.12,46.0,2.0,0.0,6.0,39.47,11
saas_008883,1,20.64,212.0,18.0,0.0,7.0,24.93,17
saas_002171,0,44.81,3.0,7.0,1.0,4.0,16.26,30
saas_009231,1,0.45,24.0,8.0,0.0,14.0,0.0,26
saas_005678,1,31.83,28.0,8.0,0.0,14.0,29.68,30
saas_009184,0,68.86,6.0,3.0,0.0,9.0,30.96,25
saas_000398,1,38.96,44.0,15.0,0.0,4.0,22.84,30
saas_002010,1,41.45,3.0,7.0,0.0,9.0,52.44,8
saas_005166,0,33.28,1.0,21.0,1.0,9.0,36.71,1
saas_005871,1,66.92,789.0,15.0,2.0,14.0,47.51,6
saas_009792,1,53.37,1.0,7.0,0.0,7.0,32.56,26
saas_001283,0,30.72,66.0,21.0,1.0,9.0,59.7,11
saas_008390,1,0.45,11.0,44.0,1.0,4.0,5.87,8
saas_002448,0,53.5,63.0,4.0,0.0,6.0,20.52,1
saas_004256,1,6.49,1.0,10.0,0.0,6.0,33.37,22
saas_001836,1,54.97,27.0,16.0,0.0,10.0,33.53,25
saas_009596,1,31.68,219.0,3.0,0.0,12.0,46.3,10
saas_001019,0,6.81,50.0,23.0,2.0,7.0,15.47,29
saas_005066,0,0.0,1.0,5.0,0.0,6.0,22.29,18
saas_001326,1,48.06,31.0,21.0,0.0,6.0,53.85,8
saas_008752,0,34.24,385.0,44.0,1.0,12.0,15.9,2
saas_000475,1,30.43,12.0,1.0,2.0,7.0,25.02,11
saas_002810,1,69.77,7.0,1.0,0.0,5.0,49.53,9
saas_008632,0,17.94,6.0,5.0,0.0,5.0,43.22,3
saas_001651,1,17.06,135.0,5.0,0.0,14.0,4.25,3
saas_009611,1,31.25,54.0,10.0,0.0,11.0,22.29,5
saas_001169,0,13.36,11.0,15.0,0.0,3.0,12.8,17
saas_002528,1,69.98,101.0,17.0,1.0,6.0,34.34,12
saas_001206,0,8.51,6.0,6.0,1.0,8.0,28.94,18
saas_006256,1,55.47,3.0,9.0,1.0,13.0,21.5,1
saas_007926,0,2.14,20.0,6.0,2.0,10.0,17.61,21
saas_005469,0,2.29,80.0,31.0,0.0,9.0,18.34,16
saas_009383,1,77.14,23.0,11.0,2.0,7.0,39.46,21
saas_000431,0,67.74,40.0,28.0,0.0,7.0,59.38,1
saas_007700,1,0.45,9.0,17.0,0.0,7.0,0.0,24
saas_000867,0,0.0,10.0,38.0,0.0,7.0,1.12,1
saas_002974,1,70.25,24.0,15.0,0.0,4.0,47.72,24
saas_005236,1,5.06,5.0,35.0,2.0,8.0,2.41,16
saas_005093,1,10.92,20.0,9.0,0.0,4.0,28.95,6
saas_005433,0,29.0,92.0,24.0,0.0,9.0,20.92,26
saas_000541,0,0.0,5.0,4.0,0.0,4.0,0.0,22
saas_005195,0,26.33,81.0,36.0,2.0,10.0,34.27,5
saas_001132,1,52.18,7.0,4.0,0.0,11.0,37.79,17
saas_009837,0,38.4,11.0,13.0,2.0,11.0,29.74,2
saas_004501,1,12.9,102.0,1.0,0.0,8.0,5.39,9
saas_006354,1,70.92,207.0,26.0,0.0,9.0,35.36,28
saas_009333,0,28.4,9.0,30.0,0.0,8.0,17.26,21
saas_003390,0,83.53,4.0,20.0,0.0,7.0,55.15,19
saas_003888,0,47.17,13.0,25.0,0.0,7.0,29.34,3
saas_002962,1,0.45,31.0,1.0,2.0,5.0,23.27,29
saas_004155,1,48.08,8.0,20.0,1.0,7.0,41.93,15
saas_003259,0,41.92,12.0,2.0,0.0,11.0,48.03,8
saas_006302,0,0.0,14.0,11.0,1.0,9.0,14.66,12
saas_006034,1,1.86,12.0,8.0,0.0,17.0,5.96,12
saas_007918,1,19.86,48.0,21.0,0.0,9.0,7.32,26
saas_009936,1,8.58,18.0,4.0,0.0,5.0,25.59,22
saas_002583,0,8.71,33.0,36.0,0.0,9.0,26.57,15
saas_002813,0,0.0,9.0,21.0,0.0,4.0,5.85,23
saas_003959,0,39.7,5.0,1.0,1.0,11.0,34.97,15
saas_002947,1,20.33,37.0,1.0,2.0,7.0,18.8,2
saas_006643,0,4.32,4.0,13.0,1.0,11.0,12.1,15
saas_005174,1,14.91,441.0,1.0,0.0,11.0,47.84,25
saas_006841,0,26.13,6.0,4.0,1.0,9.0,30.91,16
saas_008298,0,28.99,9.0,4.0,0.0,8.0,20.74,29
saas_003586,0,15.32,4.0,8.0,0.0,11.0,23.06,17
saas_009228,1,0.45,3.0,3.0,1.0,12.0,18.59,30
saas_007988,1,56.38,17.0,26.0,0.0,9.0,45.34,7
saas_002563,0,10.88,250.0,41.0,1.0,6.0,31.98,5
saas_002630,0,13.73,22.0,14.0,2.0,9.0,9.8,17
saas_003190,0,44.73,2.0,1.0,0.0,5.0,28.36,6
saas_007778,0,27.2,18.0,7.0,0.0,3.0,19.53,19
saas_007645,1,4.84,126.0,20.0,0.0,5.0,20.72,21
saas_005036,1,37.33,58.0,30.0,0.0,3.0,39.72,13
saas_001080,1,17.83,28.0,8.0,2.0,7.0,28.41,20
saas_004283,0,0.0,10.0,23.0,1.0,9.0,23.31,8
saas_009711,0,37.19,71.0,9.0,1.0,3.0,23.18,13
saas_007085,1,6.57,17.0,15.0,2.0,10.0,38.36,19
saas_002085,0,26.82,64.0,6.0,0.0,17.0,35.37,15
saas_006345,0,36.76,119.0,26.0,0.0,3.0,45.45,22
saas_002452,0,61.08,45.0,2.0,0.0,10.0,45.44,11
saas_004966,0,18.93,10.0,10.0,0.0,8.0,26.52,2
saas_002023,1,22.95,18.0,1.0,1.0,9.0,20.52,9
saas_008071,1,30.77,58.0,3.0,0.0,10.0,36.62,7
saas_008987,1,73.95,1.0,5.0,1.0,4.0,17.23,2
saas_008718,0,45.65,164.0,10.0,1.0,5.0,30.96,27
saas_007321,1,20.73,3.0,19.0,1.0,6.0,18.82,21
saas_000226,1,56.96,876.0,6.0,0.0,6.0,43.9,10
saas_001013,1,66.11,1.0,6.0,0.0,9.0,49.39,15
saas_006679,1,22.25,286.0,13.0,1.0,5.0,30.58,7
saas_001929,0,6.55,60.0,5.0,0.0,6.0,26.01,4
saas_001043,0,29.53,23.0,4.0,0.0,7.0,14.03,15
saas_005251,1,3.34,170.0,7.0,1.0,10.0,26.84,25
saas_001404,0,21.75,8.0,10.0,1.0,4.0,25.87,29
saas_002179,1,0.45,11.0,22.0,0.0,9.0,2.69,10
saas_000697,1,50.82,4.0,17.0,0.0,8.0,48.49,6
saas_001124,0,66.4,15.0,20.0,2.0,6.0,42.58,5
saas_007378,1,52.38,2.0,16.0,1.0,16.0,58.08,4
saas_003895,0,18.36,1.0,19.0,2.0,15.0,23.45,23
saas_008217,0,0.0,3.0,37.0,1.0,9.0,4.76,8
saas_005110,0,54.23,15.0,2.0,0.0,11.0,18.24,25
saas_001778,1,38.88,3.0,41.0,1.0,14.0,23.12,5
saas_007786,0,34.26,14.0,1.0,1.0,11.0,44.1,26
saas_002634,0,7.18,111.0,31.0,1.0,5.0,33.02,3
saas_007187,1,0.45,58.0,6.0,2.0,11.0,0.0,9
saas_007544,0,4.99,2.0,1.0,2.0,7.0,39.7,17
saas_007604,0,44.51,8.0,1.0,0.0,7.0,43.32,13
saas_003489,1,20.44,14.0,1.0,0.0,6.0,23.88,19
saas_008259,1,33.16,30.0,24.0,0.0,8.0,21.73,26
saas_001037,0,0.0,8.0,1.0,0.0,9.0,7.34,22
saas_006093,0,16.26,9.0,10.0,0.0,12.0,25.23,18
saas_002256,1,0.45,33.0,36.0,0.0,6.0,18.78,10
saas_008188,0,0.0,54.0,2.0,1.0,5.0,8.28,13
saas_002613,1,18.65,11.0,10.0,2.0,9.0,20.51,4
saas_000313,1,35.87,38.0,1.0,0.0,6.0,16.78,20
saas_002649,1,50.43,727.0,24.0,2.0,4.0,55.61,14
saas_002281,1,24.32,20.0,11.0,0.0,14.0,15.95,4
saas_006741,0,65.0,183.0,5.0,2.0,8.0,40.47,16
saas_002979,1,30.42,632.0,18.0,1.0,7.0,17.87,15
saas_002547,1,45.92,416.0,4.0,2.0,8.0,35.75,12
saas_005512,0,26.59,1.0,10.0,2.0,13.0,19.52,6
saas_005132,0,10.54,20.0,18.0,0.0,12.0,15.27,22
saas_002159,0,15.02,6.0,3.0,2.0,8.0,31.94,23
saas_007080,1,44.51,126.0,6.0,2.0,10.0,26.93,9
saas_003137,0,39.53,99.0,1.0,1.0,12.0,27.66,23
saas_009079,0,46.1,7.0,8.0,1.0,13.0,35.0,17
saas_005850,1,22.12,91.0,12.0,0.0,5.0,20.44,18
saas_009865,1,49.56,23.0,35.0,0.0,4.0,26.86,4
saas_006445,1,42.09,265.0,27.0,1.0,12.0,29.05,9
saas_003967,1,26.27,4.0,7.0,0.0,6.0,4.31,6
saas_001428,1,38.87,53.0,1.0,1.0,9.0,45.46,30
saas_008422,1,27.19,28.0,3.0,0.0,10.0,23.26,27
saas_002520,1,52.8,14.0,32.0,0.0,10.0,41.89,14
saas_007837,0,88.07,132.0,8.0,1.0,13.0,63.24,12
saas_004969,1,56.93,33.0,14.0,1.0,9.0,46.84,30
saas_001855,1,38.31,7.0,20.0,2.0,8.0,28.04,11
saas_008884,0,8.38,42.0,3.0,1.0,7.0,24.81,8
saas_005602,0,9.42,51.0,14.0,1.0,6.0,16.17,27
saas_009344,0,72.92,9.0,39.0,0.0,8.0,31.74,8
saas_009868,1,23.33,37.0,38.0,0.0,5.0,13.69,28
saas_000448,0,65.09,106.0,1.0,2.0,4.0,64.93,3
saas_007703,1,17.72,12.0,32.0,1.0,7.0,28.05,30
saas_001284,0,6.61,21.0,9.0,0.0,9.0,26.61,2
saas_005995,0,33.85,2.0,22.0,0.0,13.0,26.47,12
saas_007899,0,34.43,427.0,2.0,0.0,10.0,13.38,30
saas_003727,0,0.0,51.0,7.0,1.0,10.0,13.29,29
saas_007353,0,0.0,21.0,4.0,2.0,12.0,0.0,17
saas_000361,1,47.36,35.0,60.0,0.0,15.0,30.2,1
saas_006279,0,38.62,1.0,24.0,1.0,8.0,43.35,16
saas_005230,0,30.63,73.0,11.0,0.0,7.0,39.1,24
saas_008942,0,44.82,108.0,1.0,2.0,8.0,56.5,7
saas_007295,1,37.24,30.0,10.0,2.0,15.0,42.85,10
saas_008891,1,46.83,59.0,6.0,1.0,12.0,23.48,14
saas_007534,0,32.8,37.0,19.0,1.0,12.0,12.07,30
saas_006251,1,64.54,58.0,23.0,1.0,10.0,49.09,11
saas_005926,0,62.5,17.0,8.0,1.0,8.0,59.2,28
saas_005149,1,24.74,2.0,7.0,2.0,8.0,24.63,20
saas_002460,1,32.26,3.0,1.0,0.0,9.0,23.99,23
saas_000022,0,28.13,125.0,10.0,0.0,8.0,34.96,18
saas_002066,1,1.26,85.0,1.0,0.0,6.0,0.0,19
saas_001653,0,60.08,11.0,10.0,2.0,9.0,16.81,10
saas_000702,0,77.84,4.0,24.0,2.0,8.0,49.31,2
saas_008490,1,74.4,30.0,13.0,2.0,10.0,56.83,3
saas_002743,1,0.45,1.0,1.0,0.0,9.0,5.51,26
saas_001376,1,27.31,46.0,18.0,0.0,7.0,15.25,10
saas_001724,0,47.8,108.0,7.0,1.0,6.0,27.71,23
saas_002468,0,66.09,54.0,17.0,1.0,8.0,50.15,27
saas_003754,1,24.95,14.0,4.0,1.0,4.0,21.57,5
saas_002325,1,0.45,43.0,24.0,1.0,9.0,4.12,17
saas_000460,0,6.69,32.0,4.0,0.0,9.0,12.94,28
saas_005163,1,8.78,26.0,37.0,1.0,6.0,1.04,19
saas_004183,0,31.26,687.0,20.0,1.0,8.0,17.14,17
saas_005526,1,41.44,39.0,11.0,0.0,7.0,40.04,21
saas_004082,0,54.19,22.0,9.0,1.0,12.0,64.35,19
saas_001486,1,0.45,74.0,21.0,1.0,5.0,15.09,24
saas_003678,0,70.79,7.0,28.0,0.0,8.0,66.04,24
saas_000282,0,20.28,80.0,18.0,1.0,7.0,0.0,20
saas_006579,1,20.12,41.0,13.0,1.0,11.0,27.96,24
saas_004558,1,39.75,65.0,45.0,1.0,6.0,30.46,20
saas_004308,0,17.17,33.0,26.0,1.0,9.0,21.58,4
saas_006684,0,12.08,13.0,23.0,0.0,7.0,21.64,30
saas_004865,1,0.45,22.0,3.0,0.0,9.0,0.0,12
saas_003537,0,19.92,12.0,2.0,1.0,10.0,12.92,4
saas_003868,1,70.21,32.0,5.0,1.0,8.0,45.56,3
saas_007003,1,21.24,14.0,60.0,0.0,6.0,17.93,25
saas_002581,0,18.62,85.0,3.0,2.0,8.0,36.47,3
saas_001368,0,66.92,130.0,5.0,0.0,7.0,50.22,3
saas_009469,1,17.95,1.0,2.0,2.0,13.0,27.11,20
saas_008197,1,48.88,2.0,22.0,2.0,9.0,48.77,26
saas_000597,1,24.67,67.0,19.0,1.0,5.0,32.98,19
saas_004351,1,56.32,3.0,6.0,0.0,4.0,37.72,2
saas_006346,1,6.57,34.0,9.0,0.0,8.0,26.61,8
saas_008976,0,34.14,21.0,6.0,2.0,5.0,35.42,3
saas_006379,1,18.6,18.0,13.0,1.0,8.0,25.25,18
saas_004758,1,16.68,4.0,38.0,2.0,7.0,20.07,10
saas_000646,0,44.29,50.0,2.0,1.0,11.0,46.52,23
saas_006381,1,24.61,5.0,36.0,1.0,7.0,24.14,30
saas_007527,0,54.37,37.0,2.0,1.0,9.0,38.27,17
saas_009697,1,20.91,84.0,9.0,0.0,7.0,28.85,26
saas_006023,0,33.0,50.0,21.0,0.0,10.0,38.54,15
saas_007954,0,5.49,11.0,6.0,1.0,7.0,9.28,8
saas_007165,1,67.46,64.0,6.0,0.0,8.0,38.69,5
saas_003468,1,26.33,169.0,2.0,1.0,5.0,42.26,2
saas_007797,0,43.98,5.0,6.0,0.0,8.0,39.71,24
saas_007697,0,43.63,117.0,1.0,1.0,3.0,33.64,27
saas_002990,1,31.41,52.0,19.0,1.0,6.0,26.11,9
saas_009407,0,0.0,1.0,42.0,1.0,8.0,5.12,5
saas_004875,0,0.0,10.0,11.0,0.0,16.0,0.0,8
saas_002544,0,17.24,18.0,4.0,0.0,9.0,27.1,4
saas_008595,0,4.6,15.0,13.0,0.0,10.0,38.45,29
saas_005341,1,0.45,27.0,3.0,0.0,5.0,0.0,20
saas_001567,0,1.84,25.0,24.0,0.0,16.0,18.76,12
saas_009994,0,34.33,7.0,2.0,1.0,6.0,11.55,2
saas_004066,1,48.54,5.0,1.0,0.0,11.0,41.31,24
saas_003988,0,16.81,120.0,15.0,1.0,7.0,24.22,8
saas_007031,1,2.65,249.0,11.0,2.0,5.0,14.35,29
saas_002160,1,0.45,9.0,27.0,0.0,10.0,0.0,16
saas_000685,0,19.73,9.0,24.0,0.0,6.0,41.17,9
saas_007602,1,56.78,72.0,28.0,0.0,7.0,24.83,7
saas_007784,1,32.52,3.0,6.0,1.0,6.0,33.52,30
saas_003243,1,41.7,29.0,29.0,0.0,7.0,30.7,14
saas_005844,0,7.17,173.0,35.0,0.0,7.0,17.11,2
saas_009219,1,0.45,9.0,3.0,2.0,11.0,28.1,21
saas_002461,0,0.0,2.0,24.0,1.0,8.0,21.63,21
saas_004083,0,27.23,11.0,29.0,0.0,8.0,16.55,16
saas_002837,1,0.45,28.0,10.0,0.0,8.0,2.53,24
saas_003697,0,0.0,15.0,16.0,0.0,13.0,22.37,11
saas_007128,0,16.38,6.0,1.0,1.0,9.0,19.02,2
saas_006267,0,23.45,109.0,9.0,1.0,3.0,31.84,25
saas_004941,1,73.19,9.0,17.0,1.0,9.0,75.75,15
saas_005946,0,47.33,71.0,17.0,0.0,4.0,19.81,29
saas_004583,0,25.52,138.0,34.0,0.0,7.0,53.92,27
saas_005784,1,6.7,18.0,4.0,2.0,5.0,0.0,2
saas_004040,0,53.14,23.0,77.0,1.0,7.0,59.51,23
saas_002230,0,52.77,41.0,42.0,0.0,12.0,29.71,20
saas_007569,1,45.85,46.0,37.0,1.0,7.0,26.29,17
saas_000935,1,65.25,48.0,1.0,0.0,8.0,40.08,23
saas_002320,1,45.05,37.0,20.0,0.0,6.0,48.2,2
saas_004878,0,20.69,44.0,90.0,1.0,8.0,19.79,21
saas_000521,0,19.79,5.0,1.0,0.0,4.0,39.34,1
saas_000522,1,2.65,148.0,3.0,1.0,8.0,0.0,27
saas_005345,1,0.45,7.0,1.0,0.0,6.0,3.85,11
saas_009876,0,33.38,4.0,3.0,0.0,10.0,27.36,16
saas_003359,0,63.13,25.0,2.0,1.0,10.0,61.44,2
saas_001311,0,5.15,67.0,8.0,2.0,9.0,17.17,10
saas_003983,0,43.91,2.0,24.0,0.0,9.0,24.33,17
saas_006494,0,10.08,23.0,36.0,1.0,4.0,0.0,17
saas_009560,0,0.0,24.0,10.0,1.0,10.0,0.95,30
saas_001716,0,13.58,8.0,1.0,1.0,9.0,15.21,28
saas_000780,1,36.68,18.0,24.0,1.0,5.0,24.2,1
saas_008798,1,25.92,39.0,21.0,1.0,11.0,17.26,9
saas_008231,0,41.79,17.0,19.0,1.0,11.0,45.09,2
saas_005607,0,23.97,23.0,1.0,0.0,8.0,20.35,9
saas_005978,1,6.17,8.0,1.0,1.0,3.0,18.29,16
saas_000651,1,100.0,15.0,5.0,0.0,10.0,69.36,4
saas_003747,0,3.31,77.0,1.0,0.0,8.0,20.16,19
saas_002196,0,30.42,15.0,1.0,0.0,5.0,37.31,15
saas_008418,0,0.0,93.0,1.0,2.0,8.0,13.02,5
saas_000369,1,0.45,71.0,19.0,1.0,11.0,22.46,23
saas_009884,0,0.0,40.0,54.0,2.0,7.0,15.24,29
saas_008005,1,13.2,1.0,14.0,0.0,11.0,24.39,9
saas_004214,0,72.92,16.0,8.0,1.0,7.0,64.17,29
saas_000377,1,40.76,1.0,6.0,1.0,9.0,26.01,25
saas_009446,0,27.25,5.0,5.0,1.0,6.0,48.04,5
saas_002216,0,31.69,20.0,27.0,0.0,2.0,30.6,18
saas_008682,0,59.12,163.0,5.0,0.0,8.0,60.01,11
saas_001613,0,23.18,22.0,44.0,1.0,7.0,36.73,15
saas_006979,1,54.87,1.0,2.0,0.0,8.0,41.72,22
saas_007549,1,0.45,40.0,19.0,2.0,4.0,28.08,6
saas_001827,0,44.14,208.0,3.0,0.0,8.0,21.39,11
saas_003632,0,53.42,7.0,12.0,1.0,8.0,37.5,15
saas_000962,0,29.17,4.0,36.0,1.0,10.0,32.01,26
saas_002993,0,68.79,724.0,20.0,1.0,7.0,73.6,7
saas_006606,0,37.95,16.0,4.0,2.0,10.0,38.17,5
saas_009672,0,19.65,19.0,90.0,1.0,4.0,20.21,29
saas_002376,1,7.53,42.0,12.0,2.0,8.0,0.0,18
saas_008880,0,0.0,9.0,11.0,0.0,6.0,16.17,15
saas_000359,0,26.86,16.0,3.0,0.0,7.0,23.89,15
saas_003839,1,1.38,15.0,2.0,2.0,6.0,0.0,23
saas_008184,1,66.13,16.0,38.0,0.0,9.0,46.48,9
saas_001246,1,30.96,10.0,10.0,0.0,11.0,7.44,17
saas_007504,0,52.03,28.0,15.0,0.0,8.0,40.1,11
saas_008349,1,55.01,2.0,13.0,0.0,3.0,43.76,12
saas_006511,0,23.4,7.0,35.0,1.0,11.0,19.43,15
saas_005087,1,8.86,6.0,8.0,0.0,14.0,21.8,26
saas_003694,0,23.52,137.0,5.0,0.0,11.0,19.9,5
saas_001573,0,19.48,19.0,25.0,1.0,4.0,32.54,20
saas_006281,1,2.65,951.0,11.0,1.0,4.0,2.76,15
saas_005439,0,55.64,41.0,2.0,1.0,3.0,42.62,30
saas_002567,0,36.71,38.0,11.0,2.0,9.0,25.09,26
saas_003423,0,28.2,4.0,4.0,0.0,6.0,35.88,10
saas_002037,1,11.81,89.0,39.0,2.0,5.0,11.97,9
saas_009243,0,26.82,64.0,4.0,0.0,10.0,32.79,25
saas_000772,0,18.27,29.0,5.0,1.0,7.0,17.96,8
saas_005380,0,29.69,126.0,19.0,0.0,8.0,28.16,12
saas_009568,0,44.38,52.0,5.0,1.0,7.0,49.75,10
saas_003562,0,3.2,3.0,29.0,0.0,4.0,32.53,22
saas_000562,0,15.01,21.0,11.0,0.0,8.0,19.24,15
saas_006683,1,11.35,11.0,2.0,0.0,12.0,28.88,26
saas_002546,0,31.87,12.0,1.0,1.0,11.0,42.84,7
saas_005510,0,37.58,36.0,11.0,1.0,10.0,26.7,17
saas_005330,0,43.66,35.0,6.0,1.0,9.0,27.45,10
saas_009667,1,18.3,83.0,10.0,1.0,11.0,40.08,19
saas_004531,0,69.96,31.0,16.0,1.0,5.0,37.34,22
saas_001674,1,46.08,14.0,10.0,1.0,7.0,49.07,26
saas_007395,1,47.01,20.0,9.0,0.0,9.0,34.01,22
saas_000365,1,63.1,185.0,5.0,0.0,6.0,41.18,24
saas_008016,1,65.59,48.0,16.0,1.0,8.0,46.57,19
saas_009376,0,0.0,7.0,44.0,1.0,6.0,10.68,7
saas_004327,1,8.93,40.0,11.0,1.0,9.0,22.27,28
saas_009983,0,24.61,20.0,2.0,0.0,6.0,21.42,17
saas_000147,1,0.45,16.0,17.0,0.0,11.0,10.83,3
saas_001668,1,34.74,30.0,8.0,0.0,8.0,39.93,16
saas_003088,1,7.78,25.0,26.0,1.0,7.0,13.83,5
saas_008844,1,34.75,140.0,3.0,1.0,6.0,41.83,24
saas_007650,0,22.51,1.0,18.0,0.0,6.0,14.15,16
saas_000407,0,57.43,69.0,5.0,0.0,6.0,34.01,7
saas_009584,0,40.22,47.0,4.0,2.0,5.0,16.42,9
saas_007788,0,0.0,12.0,6.0,0.0,9.0,6.07,24
saas_003456,1,11.04,28.0,6.0,1.0,6.0,14.36,11
saas_006186,1,16.45,28.0,12.0,0.0,6.0,0.0,22
saas_004182,1,10.28,2.0,10.0,1.0,7.0,21.8,19
saas_003576,0,10.06,33.0,20.0,0.0,7.0,4.69,13
saas_003271,1,46.37,12.0,50.0,2.0,7.0,34.36,23
saas_004940,1,0.45,35.0,27.0,0.0,4.0,23.03,17
saas_001031,1,64.36,27.0,12.0,1.0,8.0,32.78,26
saas_008872,1,28.36,1.0,4.0,0.0,8.0,30.63,9
saas_006230,1,14.11,20.0,6.0,0.0,7.0,18.12,23
saas_006592,1,2.77,65.0,7.0,1.0,5.0,17.34,14
saas_008906,0,0.0,89.0,1.0,0.0,7.0,16.34,23
saas_009811,1,0.45,2.0,1.0,0.0,10.0,0.0,6
saas_006724,0,30.22,40.0,56.0,1.0,5.0,23.65,22
saas_008029,0,1.95,24.0,14.0,0.0,14.0,13.29,19
saas_008052,1,20.86,27.0,26.0,2.0,12.0,32.62,30
saas_000855,0,34.37,20.0,32.0,2.0,10.0,30.3,20
saas_003926,0,51.72,65.0,18.0,1.0,8.0,47.77,24
saas_008547,0,0.0,529.0,5.0,0.0,5.0,0.0,2
saas_000078,0,6.66,51.0,21.0,2.0,10.0,47.94,8
saas_007088,0,38.07,70.0,34.0,0.0,11.0,41.0,11
saas_002247,1,44.73,6.0,25.0,0.0,6.0,43.59,26
saas_008263,0,37.61,24.0,7.0,0.0,8.0,30.47,27
saas_004026,1,27.07,7.0,12.0,0.0,14.0,10.75,20
saas_009949,0,16.41,10.0,1.0,0.0,8.0,11.09,17
saas_009571,0,0.0,1.0,1.0,0.0,8.0,33.25,16
saas_009295,0,20.57,33.0,20.0,0.0,8.0,29.3,22
saas_000714,0,53.08,14.0,11.0,1.0,7.0,37.03,26
saas_007451,1,8.29,3.0,33.0,0.0,10.0,16.24,13
saas_000788,1,4.17,3.0,13.0,0.0,4.0,26.11,23
saas_002279,0,21.78,1.0,10.0,0.0,11.0,12.15,29
saas_004095,0,0.0,1.0,1.0,1.0,6.0,0.0,25
saas_003897,1,2.65,294.0,36.0,2.0,10.0,22.46,23
saas_007944,0,20.76,16.0,25.0,1.0,4.0,42.91,5
saas_007177,1,18.74,17.0,26.0,1.0,6.0,21.02,22
saas_009076,0,10.96,4.0,12.0,0.0,9.0,24.79,6
saas_009452,0,4.54,455.0,6.0,1.0,11.0,30.26,16
saas_003631,1,44.56,119.0,3.0,0.0,9.0,31.75,12
saas_008624,0,32.55,3.0,4.0,1.0,3.0,32.86,13
saas_007297,0,68.93,13.0,1.0,0.0,9.0,39.66,8
saas_006272,1,51.06,44.0,33.0,0.0,8.0,21.18,28
saas_000424,1,22.53,5.0,6.0,0.0,10.0,43.69,3
saas_000392,0,15.53,9.0,8.0,0.0,8.0,0.0,4
saas_003191,0,56.39,5.0,18.0,0.0,6.0,30.73,12
saas_000016,0,74.79,34.0,18.0,1.0,4.0,92.52,15
saas_006335,0,0.0,1.0,12.0,0.0,6.0,0.0,11
saas_004200,1,0.45,5.0,1.0,0.0,5.0,1.59,25
saas_002672,1,6.75,10.0,27.0,1.0,10.0,22.69,3
saas_002444,1,27.78,68.0,36.0,1.0,9.0,27.61,20
saas_006697,0,0.0,9.0,37.0,1.0,5.0,12.3,13
saas_006164,1,21.82,226.0,36.0,0.0,8.0,37.02,2
saas_002601,1,19.44,166.0,21.0,1.0,4.0,27.61,21
saas_003493,0,15.57,28.0,18.0,0.0,13.0,22.59,25
saas_006044,1,1.99,64.0,4.0,2.0,8.0,17.56,24
saas_001459,0,28.05,34.0,12.0,2.0,10.0,20.17,24
saas_003804,1,10.0,87.0,17.0,1.0,9.0,22.11,14
saas_009845,0,6.95,61.0,2.0,0.0,6.0,15.31,30
saas_007394,1,48.37,2.0,11.0,1.0,9.0,34.03,12
saas_004839,1,0.45,36.0,31.0,0.0,15.0,17.56,11
saas_008111,0,34.33,60.0,17.0,0.0,6.0,40.76,17
saas_003835,1,0.96,30.0,1.0,1.0,12.0,17.85,24
saas_009313,1,53.67,13.0,1.0,1.0,7.0,64.97,26
saas_005683,1,3.12,5.0,2.0,0.0,7.0,16.38,15
saas_008748,1,3.6,19.0,8.0,2.0,9.0,16.9,12
saas_005827,0,32.7,891.0,5.0,0.0,11.0,40.14,22
saas_009748,1,5.28,19.0,21.0,0.0,8.0,33.42,28
saas_004724,0,14.2,29.0,7.0,2.0,9.0,13.22,11
saas_008759,1,44.14,7.0,8.0,0.0,8.0,11.13,12
saas_005887,1,30.79,388.0,1.0,1.0,6.0,19.69,26
saas_002355,1,0.58,1.0,1.0,0.0,6.0,0.0,3
saas_006036,1,13.63,12.0,21.0,2.0,7.0,36.24,18
saas_004798,1,5.83,10.0,12.0,1.0,9.0,12.8,5
saas_002442,0,26.15,4.0,14.0,0.0,15.0,6.54,19
saas_008645,0,17.0,12.0,9.0,1.0,7.0,24.27,11
saas_004592,0,77.91,28.0,13.0,0.0,5.0,42.24,25
saas_008772,0,22.34,14.0,13.0,1.0,15.0,19.53,24
saas_000464,0,4.88,3.0,10.0,2.0,4.0,5.87,19
saas_000163,1,11.44,5.0,7.0,0.0,8.0,38.47,18
saas_009261,1,44.2,21.0,9.0,2.0,2.0,23.49,17
saas_009433,1,19.95,4.0,9.0,1.0,7.0,13.02,7
saas_008405,0,37.14,61.0,16.0,1.0,5.0,28.84,18
saas_009777,0,41.8,51.0,13.0,2.0,9.0,13.14,15
saas_009478,0,14.64,954.0,8.0,0.0,6.0,15.59,12
saas_007380,0,47.75,18.0,1.0,1.0,5.0,44.37,27
saas_006636,0,39.7,12.0,1.0,0.0,11.0,38.88,9
saas_000241,0,46.96,17.0,14.0,0.0,14.0,28.94,27
saas_002009,0,24.77,51.0,13.0,0.0,6.0,9.36,14
saas_006356,0,11.95,67.0,55.0,1.0,5.0,35.9,11
saas_003084,1,14.68,9.0,8.0,1.0,5.0,26.29,20
saas_006208,0,24.34,93.0,3.0,0.0,9.0,24.71,2
saas_000900,1,0.45,36.0,25.0,1.0,9.0,13.48,3
saas_005542,1,0.45,49.0,2.0,0.0,7.0,23.74,29
saas_006007,0,23.17,2.0,14.0,0.0,6.0,47.88,17
saas_007638,0,41.24,10.0,47.0,1.0,12.0,34.86,1
saas_006793,0,98.37,6.0,52.0,0.0,7.0,58.26,2
saas_008869,1,7.77,9.0,22.0,0.0,9.0,6.44,16
saas_007758,0,10.82,8.0,30.0,1.0,12.0,24.15,25
saas_004837,1,5.36,4.0,5.0,1.0,10.0,0.0,1
saas_002293,0,20.14,10.0,21.0,0.0,6.0,13.29,19
saas_006548,1,41.45,1.0,11.0,1.0,9.0,33.98,27
saas_007898,0,13.38,14.0,1.0,0.0,11.0,24.97,8
saas_007977,0,63.92,8.0,29.0,0.0,12.0,29.1,11
saas_004481,0,22.43,18.0,27.0,0.0,13.0,42.67,27
saas_005302,0,0.0,88.0,15.0,1.0,4.0,8.47,15
saas_004605,0,34.16,26.0,11.0,0.0,5.0,38.27,8
saas_003716,1,23.37,63.0,4.0,0.0,5.0,22.96,25
saas_009071,0,12.96,1.0,13.0,1.0,2.0,14.23,6
saas_006140,1,69.52,247.0,7.0,0.0,8.0,32.78,27
saas_001764,0,14.38,4.0,23.0,0.0,9.0,18.24,24
saas_006598,0,27.77,4.0,7.0,0.0,12.0,16.65,12
saas_001549,1,49.44,36.0,24.0,0.0,9.0,30.61,2
saas_003029,1,20.92,30.0,1.0,1.0,12.0,23.7,15
saas_008653,1,48.09,3.0,5.0,1.0,8.0,21.77,19
saas_006298,0,0.92,87.0,5.0,1.0,12.0,22.7,17
saas_006662,0,29.11,1.0,32.0,0.0,11.0,34.15,14
saas_006626,0,54.83,43.0,52.0,0.0,1.0,42.01,15
saas_002044,0,49.52,2.0,24.0,1.0,8.0,26.74,23
saas_000767,0,33.05,8.0,6.0,1.0,9.0,32.44,19
saas_005693,0,21.31,173.0,23.0,0.0,7.0,8.46,2
saas_007870,1,4.79,98.0,15.0,1.0,7.0,0.0,18
saas_007795,0,0.0,3.0,3.0,0.0,6.0,21.36,11
saas_001508,1,48.0,401.0,1.0,0.0,10.0,32.96,30
saas_007230,1,50.76,12.0,18.0,0.0,11.0,26.2,2
saas_007857,1,48.62,20.0,39.0,0.0,13.0,31.19,25
saas_003302,0,0.0,82.0,15.0,2.0,9.0,21.98,3
saas_004517,1,35.4,15.0,1.0,0.0,8.0,44.83,28
saas_004219,0,61.96,11.0,6.0,0.0,8.0,59.72,26
saas_009078,0,27.28,9.0,1.0,0.0,5.0,40.49,1
saas_009940,1,0.45,47.0,1.0,1.0,8.0,25.2,27
saas_003292,1,6.77,9.0,13.0,0.0,8.0,22.95,4
saas_000819,0,0.0,3.0,20.0,1.0,10.0,16.35,30
saas_001403,1,14.5,9.0,4.0,0.0,14.0,0.0,27
saas_001382,0,18.65,12.0,15.0,0.0,6.0,25.9,17
saas_002148,0,0.0,11.0,1.0,0.0,5.0,10.13,23
saas_006928,0,31.12,6.0,5.0,0.0,10.0,33.18,25
saas_005671,0,12.74,35.0,10.0,0.0,6.0,8.87,1
saas_001638,0,0.6,20.0,32.0,0.0,9.0,37.66,28
saas_005891,0,45.45,259.0,21.0,1.0,4.0,26.49,11
saas_007427,1,0.45,12.0,5.0,0.0,12.0,13.4,17
saas_000608,0,45.5,1.0,12.0,0.0,10.0,39.85,20
saas_006907,1,38.43,21.0,1.0,0.0,7.0,38.68,18
saas_000399,0,8.53,6.0,1.0,2.0,4.0,30.86,27
saas_007247,0,41.08,38.0,10.0,0.0,8.0,21.63,7
saas_006406,0,37.12,10.0,20.0,1.0,9.0,13.17,11
saas_000882,1,47.92,3.0,2.0,0.0,8.0,25.17,20
saas_003565,0,2.02,248.0,1.0,0.0,5.0,18.71,8
saas_004285,1,16.5,254.0,9.0,2.0,15.0,25.93,15
saas_001179,1,68.17,37.0,26.0,0.0,11.0,38.08,10
saas_005448,0,23.72,140.0,90.0,1.0,11.0,28.77,8
saas_004244,0,24.35,28.0,3.0,0.0,6.0,27.63,12
saas_005218,0,41.3,75.0,1.0,0.0,12.0,24.69,16
saas_003976,1,11.23,32.0,1.0,1.0,8.0,29.61,6
saas_002130,0,63.56,23.0,3.0,0.0,9.0,48.07,5
saas_005078,0,34.74,71.0,9.0,2.0,6.0,34.16,9
saas_000456,0,27.48,100.0,13.0,0.0,6.0,22.13,1
saas_005582,1,87.04,191.0,24.0,0.0,6.0,31.94,18
saas_005175,0,0.0,15.0,14.0,2.0,8.0,9.79,13
saas_001950,1,15.46,21.0,20.0,0.0,4.0,22.26,16
saas_005372,0,64.09,18.0,10.0,1.0,6.0,36.9,27
saas_000689,1,20.98,10.0,8.0,0.0,15.0,0.0,4
saas_008852,1,4.09,3.0,21.0,1.0,8.0,11.48,21
saas_006525,1,45.74,104.0,4.0,1.0,3.0,20.84,30
saas_009821,1,2.63,2.0,17.0,0.0,10.0,11.19,25
saas_006488,0,26.73,6.0,13.0,1.0,6.0,27.42,9
saas_006921,0,5.45,2.0,12.0,2.0,8.0,10.61,17
saas_001953,0,23.51,7.0,16.0,0.0,7.0,24.52,29
saas_007634,1,23.05,84.0,48.0,0.0,5.0,23.96,25
saas_005636,0,0.0,39.0,20.0,0.0,5.0,9.98,10
saas_007154,1,26.83,299.0,13.0,2.0,7.0,18.3,8
saas_008424,0,35.49,18.0,3.0,1.0,10.0,2.33,3
saas_006610,1,52.06,1.0,10.0,1.0,6.0,11.85,18
saas_002710,0,59.09,18.0,1.0,0.0,4.0,26.17,27
saas_008730,1,44.58,54.0,7.0,0.0,8.0,41.82,11
saas_003201,1,61.6,115.0,2.0,2.0,9.0,45.1,24
saas_004349,1,29.85,43.0,76.0,0.0,5.0,14.69,10
saas_004138,0,3.41,4.0,1.0,0.0,2.0,0.98,29
saas_001884,1,24.28,1.0,1.0,1.0,8.0,10.1,20
saas_008639,0,49.46,6.0,12.0,0.0,6.0,51.87,20
saas_004485,0,8.21,7.0,1.0,0.0,13.0,37.93,3
saas_002494,0,34.59,103.0,2.0,1.0,10.0,32.08,24
saas_005947,1,58.67,5.0,10.0,1.0,5.0,41.2,30
saas_003036,1,0.45,24.0,43.0,0.0,12.0,7.16,30
saas_005777,0,29.77,25.0,4.0,2.0,10.0,33.54,18
saas_003603,1,20.6,178.0,7.0,2.0,8.0,29.43,10
saas_000845,1,32.53,34.0,15.0,0.0,6.0,24.57,23
saas_000542,1,23.68,29.0,13.0,1.0,11.0,19.49,8
saas_003724,1,2.9,17.0,49.0,2.0,14.0,0.0,10
saas_004187,1,7.23,11.0,8.0,1.0,13.0,9.6,14
saas_003679,0,46.77,22.0,48.0,1.0,7.0,32.76,3
saas_008899,0,26.79,5.0,3.0,0.0,8.0,31.88,1
saas_007967,1,0.45,51.0,24.0,1.0,5.0,13.87,1
saas_008485,0,0.0,136.0,17.0,0.0,3.0,17.76,19
saas_006075,0,9.5,1.0,6.0,0.0,7.0,12.75,28
saas_007340,0,9.0,3.0,7.0,1.0,7.0,21.23,15
saas_008225,0,66.85,10.0,4.0,0.0,8.0,56.36,30
saas_007246,0,21.43,2.0,22.0,1.0,5.0,32.81,29
saas_009710,1,6.47,1.0,4.0,2.0,13.0,16.54,4
saas_008290,0,0.36,15.0,25.0,0.0,4.0,5.24,11
saas_007137,0,22.9,8.0,17.0,0.0,6.0,6.55,28
saas_002964,0,23.72,20.0,5.0,1.0,7.0,42.82,25
saas_007559,0,13.29,36.0,10.0,0.0,10.0,10.2,16
saas_002529,0,0.0,8.0,14.0,0.0,5.0,23.1,25
saas_007284,0,25.09,1.0,1.0,1.0,6.0,36.63,3
saas_005772,1,6.94,18.0,1.0,0.0,9.0,10.18,25
saas_001048,0,1.84,4.0,2.0,0.0,7.0,9.2,4
saas_007045,1,49.01,24.0,13.0,1.0,6.0,26.72,6
saas_001960,1,8.23,25.0,2.0,2.0,10.0,4.86,26
saas_002530,0,17.73,112.0,5.0,0.0,5.0,24.2,20
saas_009048,1,53.71,37.0,7.0,1.0,9.0,44.1,22
saas_007603,1,42.65,19.0,1.0,0.0,7.0,43.43,25
saas_006524,0,0.0,27.0,38.0,1.0,11.0,5.83,19
saas_000237,1,28.73,15.0,3.0,1.0,8.0,18.53,28
saas_004917,0,22.03,18.0,1.0,0.0,7.0,7.79,25
saas_006479,1,14.09,13.0,28.0,0.0,3.0,39.0,4
saas_001133,1,54.06,159.0,10.0,1.0,10.0,40.93,29
saas_006976,0,0.0,46.0,7.0,2.0,3.0,23.24,26
saas_005901,1,25.94,12.0,1.0,1.0,9.0,19.95,18
saas_009057,1,25.94,6.0,64.0,1.0,9.0,26.11,14
saas_004259,1,15.59,11.0,11.0,0.0,9.0,27.16,2
saas_008840,1,26.25,1.0,1.0,1.0,8.0,43.46,6
saas_006965,1,26.46,31.0,1.0,1.0,8.0,28.18,26
saas_009979,1,2.6,4.0,4.0,0.0,5.0,25.52,20
saas_000792,0,22.06,43.0,6.0,1.0,9.0,39.5,5
saas_001985,0,36.3,13.0,1.0,1.0,11.0,49.42,20
saas_005656,0,23.61,1.0,25.0,0.0,11.0,10.13,2
saas_008739,1,21.09,46.0,13.0,0.0,8.0,35.55,5
saas_007935,1,27.18,6.0,11.0,2.0,6.0,14.37,17
saas_006097,1,66.04,5.0,20.0,2.0,6.0,20.99,25
saas_005907,1,28.28,5.0,1.0,0.0,9.0,39.21,25
saas_007373,1,29.81,5.0,8.0,0.0,10.0,32.95,29
saas_008128,0,0.0,72.0,17.0,0.0,8.0,0.0,20
saas_002978,1,32.85,8.0,8.0,0.0,3.0,35.51,15
saas_008861,0,33.15,40.0,26.0,0.0,8.0,40.74,17
saas_009301,0,47.85,4.0,10.0,1.0,12.0,30.27,5
saas_006721,0,48.01,108.0,6.0,1.0,8.0,48.54,27
saas_007842,1,0.45,15.0,8.0,0.0,5.0,18.58,14
saas_005524,1,0.45,15.0,18.0,1.0,8.0,37.7,24
saas_008721,1,2.65,622.0,30.0,0.0,6.0,11.65,16
saas_008431,1,5.7,27.0,5.0,0.0,10.0,34.39,28
saas_009008,0,27.25,1.0,1.0,0.0,7.0,34.33,16
saas_008603,0,24.58,18.0,5.0,1.0,9.0,34.06,13
saas_007174,0,52.67,203.0,19.0,0.0,13.0,30.48,8
saas_003919,1,37.95,36.0,6.0,1.0,5.0,39.81,20
saas_003138,0,17.37,44.0,1.0,0.0,9.0,29.18,17
saas_009416,1,23.7,14.0,9.0,0.0,7.0,26.14,18
saas_009933,0,44.72,40.0,11.0,0.0,5.0,60.21,2
saas_005789,1,7.04,157.0,38.0,1.0,9.0,17.05,6
saas_004073,1,26.62,167.0,2.0,1.0,9.0,31.31,5
saas_003287,0,32.01,100.0,1.0,1.0,5.0,26.19,7
saas_003229,0,52.8,2.0,12.0,1.0,9.0,54.48,24
saas_001826,1,34.31,73.0,24.0,0.0,5.0,17.71,28
saas_005548,0,37.19,33.0,48.0,1.0,9.0,31.56,29
saas_000593,0,27.25,1.0,1.0,0.0,5.0,12.68,7
saas_002725,0,4.24,11.0,1.0,1.0,7.0,12.52,21
saas_004137,1,56.24,27.0,5.0,1.0,4.0,39.07,28
saas_000560,1,17.49,18.0,46.0,1.0,10.0,41.13,27
saas_007406,1,54.7,1.0,6.0,2.0,7.0,44.26,4
saas_008806,0,0.0,6.0,1.0,1.0,6.0,28.05,16
saas_008386,0,29.92,26.0,8.0,0.0,8.0,28.41,19
saas_000243,1,0.45,2.0,6.0,1.0,11.0,35.1,1
saas_007268,1,72.73,328.0,8.0,0.0,4.0,48.01,13
saas_005435,1,56.62,7.0,1.0,2.0,12.0,46.28,23
saas_004437,0,19.13,68.0,16.0,2.0,7.0,9.99,10
saas_009684,1,0.45,6.0,5.0,1.0,11.0,18.41,8
saas_008106,1,36.18,58.0,30.0,1.0,2.0,36.01,8
saas_000405,1,62.94,13.0,8.0,0.0,8.0,36.86,8
saas_001442,1,57.66,2.0,7.0,1.0,13.0,46.04,16
saas_000261,1,23.85,13.0,7.0,2.0,6.0,11.28,5
saas_004406,0,32.76,9.0,22.0,0.0,11.0,55.94,5
saas_007633,1,30.57,9.0,7.0,0.0,11.0,34.49,1
saas_009533,1,30.68,1.0,11.0,2.0,11.0,36.94,24
saas_001689,0,5.43,74.0,12.0,2.0,9.0,18.32,9
saas_009866,0,25.97,1.0,3.0,1.0,10.0,26.7,19
saas_001725,1,0.45,23.0,3.0,1.0,6.0,12.8,4
saas_008994,0,38.19,20.0,11.0,0.0,5.0,48.79,2
saas_004930,0,35.27,56.0,3.0,0.0,6.0,32.89,25
saas_005962,1,35.94,219.0,8.0,0.0,3.0,17.98,25
saas_002496,0,6.59,16.0,46.0,0.0,9.0,7.66,29
saas_009014,0,8.21,185.0,26.0,1.0,8.0,10.54,24
saas_006904,0,26.49,5.0,14.0,2.0,8.0,31.38,22
saas_006106,1,34.17,13.0,6.0,1.0,7.0,30.63,16
saas_008200,0,0.0,34.0,12.0,0.0,9.0,4.94,8
saas_000340,1,5.92,1.0,3.0,0.0,7.0,30.89,10
saas_002408,1,56.65,1.0,39.0,0.0,11.0,7.27,17
saas_001601,1,54.56,109.0,2.0,1.0,11.0,47.43,30
saas_009864,1,12.43,52.0,2.0,1.0,7.0,20.65,19
saas_008359,1,0.45,23.0,19.0,1.0,9.0,17.03,28
saas_005782,0,0.0,3.0,22.0,2.0,7.0,4.59,19
saas_004576,0,55.78,5.0,20.0,1.0,11.0,34.46,24
saas_007971,0,15.56,40.0,1.0,0.0,5.0,32.16,9
saas_003725,0,29.15,160.0,17.0,0.0,5.0,22.73,11
saas_002556,0,4.0,1.0,20.0,0.0,6.0,21.01,12
saas_002785,1,51.61,23.0,2.0,0.0,11.0,37.93,9
saas_001523,1,25.86,15.0,13.0,0.0,8.0,14.48,22
saas_007717,1,6.58,107.0,2.0,0.0,13.0,2.7,30
saas_002507,0,52.07,34.0,6.0,2.0,13.0,10.96,3
saas_002831,0,39.98,87.0,36.0,1.0,3.0,24.85,9
saas_001012,1,3.25,9.0,1.0,1.0,13.0,5.03,23
saas_005280,0,54.82,2.0,14.0,0.0,11.0,40.55,18
saas_004895,0,63.8,17.0,8.0,2.0,7.0,40.79,2
saas_001766,1,57.02,3.0,21.0,0.0,12.0,18.41,26
saas_004551,1,64.9,7.0,8.0,1.0,10.0,54.67,11
saas_007121,1,27.1,25.0,19.0,0.0,9.0,21.58,28
saas_006549,0,0.0,4.0,16.0,0.0,11.0,3.85,29
saas_004037,1,25.01,19.0,34.0,2.0,6.0,17.61,25
saas_008270,1,24.68,41.0,31.0,1.0,8.0,25.84,24
saas_000148,1,28.44,99.0,3.0,2.0,7.0,33.04,11
saas_000285,0,71.32,9.0,14.0,2.0,5.0,32.31,18
saas_007800,1,25.3,46.0,7.0,2.0,10.0,19.31,14
saas_009651,0,44.81,227.0,31.0,1.0,7.0,42.37,5
saas_000363,1,31.23,4.0,18.0,0.0,2.0,31.22,25
saas_005367,0,21.76,305.0,18.0,1.0,8.0,26.31,22
saas_009945,1,57.03,17.0,10.0,0.0,7.0,38.86,23
saas_008410,1,78.33,65.0,9.0,0.0,11.0,31.84,30
saas_009453,1,71.06,131.0,18.0,2.0,8.0,38.53,5
saas_004725,1,8.4,109.0,2.0,0.0,15.0,0.0,6
saas_007271,0,34.41,55.0,7.0,0.0,11.0,27.78,22
saas_006770,0,33.73,43.0,20.0,2.0,10.0,22.24,24
saas_004443,1,55.2,4.0,12.0,2.0,7.0,29.38,4
saas_007446,1,0.45,27.0,1.0,1.0,7.0,22.12,5
saas_000236,1,12.47,1.0,3.0,0.0,12.0,23.91,18
saas_007709,0,37.54,5.0,3.0,1.0,7.0,32.21,22
saas_009585,1,19.61,23.0,23.0,1.0,9.0,21.6,26
saas_002562,1,21.4,147.0,60.0,0.0,8.0,30.19,10
saas_007123,1,20.32,34.0,40.0,2.0,2.0,9.48,14
saas_008536,1,0.45,32.0,1.0,1.0,5.0,4.4,27
saas_009602,0,0.0,70.0,19.0,1.0,6.0,13.37,30
saas_005519,0,13.13,4.0,4.0,0.0,5.0,29.04,23
saas_009613,1,27.63,211.0,36.0,1.0,10.0,0.0,21
saas_003083,1,38.16,9.0,5.0,1.0,12.0,39.52,17
saas_002959,1,40.07,374.0,1.0,0.0,7.0,46.04,18
saas_002102,0,0.0,6.0,16.0,1.0,7.0,12.22,18
saas_000632,0,5.31,10.0,15.0,0.0,9.0,29.53,4
saas_006813,1,1.13,4.0,19.0,0.0,7.0,0.31,29
saas_002493,1,0.45,6.0,2.0,1.0,7.0,13.41,13
saas_002665,0,26.12,24.0,1.0,1.0,11.0,41.16,4
saas_008494,0,0.0,10.0,12.0,1.0,9.0,19.09,16
saas_008425,0,0.46,44.0,33.0,0.0,3.0,11.64,26
saas_009266,1,44.26,1.0,1.0,2.0,8.0,12.18,2
saas_004211,0,15.75,31.0,2.0,2.0,11.0,15.65,10
saas_003874,1,25.7,2.0,13.0,0.0,13.0,39.34,24
saas_002817,0,0.0,64.0,5.0,0.0,10.0,1.73,6
saas_008268,1,11.68,12.0,15.0,1.0,8.0,20.56,7
saas_009815,1,58.68,38.0,31.0,0.0,12.0,44.11,4
saas_007426,0,0.0,42.0,7.0,0.0,8.0,22.58,6
saas_008602,0,29.1,8.0,48.0,0.0,7.0,31.09,5
saas_008475,0,0.0,1.0,2.0,2.0,7.0,13.4,3
saas_001735,1,18.72,79.0,17.0,1.0,7.0,28.18,25
saas_007397,0,13.84,78.0,7.0,2.0,5.0,36.72,17
saas_004255,0,0.0,87.0,24.0,1.0,6.0,0.0,30
saas_008288,1,6.82,7.0,1.0,0.0,7.0,17.25,13
saas_002475,1,61.68,21.0,25.0,0.0,6.0,50.76,13
saas_009984,1,39.62,84.0,1.0,0.0,5.0,5.46,9
saas_003713,0,35.7,22.0,15.0,1.0,5.0,41.36,19
saas_008978,0,28.32,1.0,5.0,1.0,8.0,40.86,23
saas_001804,0,35.78,23.0,8.0,1.0,9.0,16.81,16
saas_000707,0,0.0,46.0,17.0,1.0,3.0,12.12,15
saas_009191,1,31.02,1.0,15.0,1.0,7.0,17.66,11
saas_005189,1,31.17,4.0,1.0,2.0,5.0,26.57,27
saas_005472,0,25.32,40.0,5.0,0.0,9.0,46.12,29
saas_000072,1,38.67,5.0,1.0,1.0,9.0,27.74,1
saas_007843,1,34.53,6.0,10.0,0.0,9.0,15.69,24
saas_005101,0,40.51,223.0,5.0,1.0,7.0,27.94,8
saas_006764,1,16.93,11.0,1.0,1.0,9.0,34.61,16
saas_001125,1,49.57,13.0,6.0,0.0,12.0,25.93,25
saas_001241,0,14.98,4.0,8.0,0.0,5.0,34.64,28
saas_008253,0,22.95,143.0,1.0,1.0,13.0,35.21,30
saas_002349,1,14.4,61.0,1.0,0.0,6.0,3.19,12
saas_006602,0,31.51,52.0,11.0,0.0,10.0,19.02,22
saas_006780,0,6.5,113.0,13.0,2.0,5.0,34.77,8
saas_004358,1,21.81,10.0,9.0,0.0,13.0,20.15,29
saas_001343,1,29.98,9.0,27.0,0.0,12.0,9.94,13
saas_009988,0,22.77,59.0,32.0,0.0,6.0,27.7,27
saas_008679,1,3.24,27.0,1.0,1.0,9.0,17.31,1
saas_009575,1,0.45,55.0,21.0,2.0,4.0,23.4,27
saas_006652,0,18.55,5.0,10.0,1.0,8.0,13.31,25
saas_001100,1,80.09,109.0,11.0,0.0,12.0,58.8,9
saas_007327,1,34.97,10.0,15.0,0.0,5.0,25.49,10
saas_007622,1,53.56,15.0,4.0,1.0,5.0,30.64,24
saas_000987,1,27.12,33.0,5.0,0.0,7.0,37.71,27
saas_002852,1,10.22,156.0,36.0,0.0,11.0,0.0,8
saas_000630,0,14.53,225.0,34.0,0.0,8.0,25.67,26
saas_001249,0,0.0,1.0,14.0,0.0,10.0,21.17,23
saas_003179,0,3.41,35.0,6.0,2.0,9.0,21.68,23
saas_000482,1,46.06,23.0,1.0,2.0,11.0,39.89,12
saas_003040,0,53.78,132.0,1.0,0.0,7.0,44.93,4
saas_005010,0,0.0,64.0,28.0,1.0,6.0,24.32,18
saas_008727,0,37.28,7.0,1.0,1.0,9.0,13.42,17
saas_007000,1,2.87,2.0,13.0,0.0,10.0,10.79,13
saas_003273,0,10.46,11.0,7.0,0.0,8.0,6.19,19
saas_007227,1,43.28,45.0,6.0,0.0,5.0,36.72,17
saas_003683,1,72.68,10.0,4.0,0.0,9.0,43.34,8
saas_006674,0,29.02,399.0,6.0,0.0,7.0,33.05,9
saas_006807,1,74.0,6.0,17.0,2.0,8.0,39.71,2
saas_009738,1,0.45,9.0,1.0,1.0,8.0,17.77,4
saas_001316,1,23.85,14.0,11.0,1.0,4.0,15.03,3
saas_003225,1,53.93,8.0,13.0,0.0,4.0,50.5,24
saas_001072,1,34.21,14.0,3.0,0.0,8.0,3.13,19
saas_004815,0,35.07,1.0,10.0,0.0,1.0,35.89,25
saas_008459,0,0.0,35.0,16.0,1.0,11.0,0.0,17
saas_005752,1,14.82,107.0,7.0,0.0,2.0,12.17,24
saas_009145,0,5.1,49.0,1.0,1.0,9.0,19.77,5
saas_004616,1,13.09,1.0,23.0,2.0,5.0,21.61,29
saas_003097,0,18.97,7.0,1.0,1.0,8.0,45.06,13
saas_006869,0,57.4,102.0,3.0,0.0,6.0,52.17,23
saas_001300,0,41.23,21.0,5.0,1.0,9.0,52.76,12
saas_007285,1,43.54,45.0,24.0,1.0,5.0,34.76,11
saas_006284,1,0.67,30.0,17.0,0.0,8.0,9.56,20
saas_005495,1,62.36,34.0,40.0,0.0,10.0,32.79,15
saas_005291,0,14.5,5.0,25.0,0.0,13.0,13.93,18
saas_001798,0,13.99,8.0,1.0,1.0,8.0,36.34,15
saas_005203,1,32.81,3.0,1.0,0.0,10.0,24.84,4
saas_008227,0,12.46,2.0,1.0,0.0,7.0,35.02,12
saas_005047,0,16.17,4.0,21.0,1.0,10.0,15.47,26
saas_006441,0,30.26,25.0,7.0,0.0,4.0,21.29,15
saas_008105,0,4.43,1.0,1.0,1.0,8.0,14.49,10
saas_002359,1,11.21,212.0,1.0,0.0,15.0,0.0,4
saas_009380,1,21.11,73.0,1.0,2.0,7.0,29.89,11
saas_003654,0,62.32,51.0,9.0,1.0,16.0,46.0,29
saas_007052,1,22.3,43.0,16.0,1.0,6.0,3.04,25
saas_001286,0,53.91,2.0,21.0,2.0,6.0,49.52,5
saas_009126,1,18.53,8.0,9.0,0.0,7.0,12.42,2
saas_004445,1,34.77,3.0,1.0,0.0,14.0,45.54,17
saas_002137,0,41.94,71.0,13.0,1.0,8.0,27.83,18
saas_006787,1,0.45,7.0,1.0,0.0,15.0,4.16,28
saas_009752,0,23.59,59.0,7.0,0.0,11.0,17.65,18
saas_008510,0,21.83,3.0,12.0,2.0,4.0,29.08,16
saas_009539,1,38.84,36.0,2.0,1.0,4.0,36.16,26
saas_006894,0,13.28,17.0,16.0,0.0,9.0,35.08,20
saas_008569,1,81.66,6.0,38.0,1.0,8.0,48.62,19
saas_007151,0,49.17,50.0,14.0,1.0,5.0,30.0,8
saas_000963,0,18.06,17.0,23.0,0.0,10.0,39.44,20
saas_006012,0,40.05,63.0,3.0,0.0,4.0,22.96,17
saas_004882,0,0.0,7.0,3.0,1.0,8.0,12.92,24
saas_000140,0,0.0,37.0,11.0,1.0,4.0,15.75,4
saas_009032,1,50.87,171.0,2.0,0.0,10.0,29.02,28
saas_006936,1,4.13,6.0,5.0,0.0,9.0,12.82,11
saas_006542,1,43.43,55.0,4.0,0.0,10.0,31.07,15
saas_005243,1,0.45,68.0,12.0,0.0,5.0,26.1,16
saas_004431,1,20.84,1.0,13.0,0.0,6.0,10.88,15
saas_000406,0,55.98,16.0,14.0,2.0,14.0,25.95,9
saas_008212,1,0.45,48.0,23.0,0.0,12.0,3.21,7
saas_008376,1,0.45,1.0,68.0,1.0,2.0,0.0,22
saas_008627,1,0.45,3.0,3.0,0.0,7.0,0.0,11
saas_008234,1,58.84,15.0,11.0,0.0,7.0,46.78,28
saas_004399,0,3.67,3.0,14.0,2.0,6.0,0.0,29
saas_005252,0,3.98,260.0,11.0,0.0,7.0,12.72,17
saas_000011,1,32.74,64.0,2.0,0.0,7.0,33.13,13
saas_004760,1,55.76,26.0,7.0,0.0,5.0,69.15,5
saas_001177,1,23.03,25.0,9.0,1.0,9.0,30.91,16
saas_002863,1,36.65,1976.0,1.0,0.0,9.0,54.71,19
saas_006471,1,70.31,29.0,14.0,0.0,8.0,51.89,19
saas_006228,1,71.68,7.0,4.0,0.0,8.0,40.09,14
saas_002989,1,5.58,160.0,1.0,0.0,8.0,24.34,2
saas_007117,1,7.37,3.0,10.0,0.0,9.0,19.88,9
saas_007010,0,38.11,2.0,16.0,0.0,5.0,35.07,1
saas_008557,0,56.09,79.0,1.0,0.0,11.0,45.18,10
saas_001440,1,65.45,7.0,2.0,1.0,12.0,42.05,5
saas_009747,1,19.08,6.0,1.0,1.0,8.0,53.18,16
saas_002875,0,73.81,1.0,6.0,0.0,3.0,51.62,3
saas_009098,0,30.29,10.0,8.0,2.0,9.0,26.11,26
saas_008788,0,35.79,2.0,55.0,2.0,7.0,52.22,26
saas_007232,1,42.08,3.0,3.0,1.0,13.0,42.42,21
saas_003726,1,46.57,28.0,1.0,1.0,10.0,70.95,21
saas_002772,1,31.79,13.0,5.0,1.0,8.0,0.35,6
saas_000454,0,9.08,22.0,7.0,0.0,5.0,9.19,26
saas_008189,1,6.93,27.0,41.0,0.0,5.0,38.06,17
saas_001367,1,67.56,147.0,32.0,1.0,9.0,54.43,16
saas_003712,1,6.31,16.0,16.0,0.0,3.0,2.31,20
saas_009852,0,45.58,8.0,2.0,1.0,8.0,34.35,25
saas_001388,1,0.45,33.0,3.0,0.0,6.0,26.24,3
saas_001000,1,42.11,18.0,4.0,0.0,12.0,24.08,16
saas_007761,0,0.0,4.0,1.0,0.0,16.0,0.0,26
saas_003553,1,21.16,1.0,1.0,0.0,10.0,14.58,18
saas_004114,1,0.45,5.0,5.0,0.0,7.0,24.23,26
saas_001667,1,26.92,20.0,1.0,2.0,6.0,18.69,9
saas_003173,1,17.33,21.0,3.0,0.0,12.0,25.62,26
saas_009397,0,18.32,4.0,6.0,0.0,4.0,12.42,24
saas_000488,1,27.84,5.0,5.0,2.0,9.0,33.67,9
saas_003230,1,17.38,10.0,5.0,1.0,5.0,36.23,20
saas_003828,1,77.85,28.0,4.0,0.0,7.0,51.64,19
saas_008651,1,2.65,182.0,25.0,0.0,3.0,4.52,6
saas_005208,1,23.2,11.0,2.0,0.0,4.0,33.13,12
saas_007848,0,29.79,2.0,31.0,1.0,10.0,45.48,20
saas_005704,1,21.35,4.0,13.0,0.0,6.0,16.43,8
saas_009639,0,9.07,44.0,1.0,1.0,9.0,11.41,22
saas_008133,1,39.83,4.0,11.0,0.0,9.0,22.44,26
saas_000703,1,0.45,18.0,4.0,2.0,7.0,0.0,9
saas_005105,1,19.45,5.0,7.0,1.0,10.0,17.37,28
saas_008893,0,18.02,58.0,4.0,1.0,2.0,33.15,7
saas_003291,1,6.83,30.0,42.0,0.0,6.0,6.94,11
saas_008125,0,28.01,2.0,43.0,0.0,9.0,42.32,22
saas_009631,0,13.97,251.0,8.0,0.0,5.0,44.44,13
saas_009021,1,18.91,26.0,8.0,1.0,9.0,8.85,8
saas_004909,0,12.68,17.0,38.0,2.0,11.0,14.46,26
saas_004440,0,39.83,33.0,12.0,2.0,6.0,24.95,29
saas_000986,0,10.1,2.0,3.0,0.0,3.0,38.48,2
saas_009236,0,32.6,68.0,9.0,0.0,7.0,40.54,20
saas_009883,0,0.0,14.0,3.0,1.0,8.0,3.65,13
saas_007705,1,0.45,10.0,5.0,1.0,9.0,16.23,30
saas_006257,1,37.79,20.0,9.0,1.0,9.0,35.38,27
saas_006089,0,2.58,7.0,17.0,1.0,11.0,30.3,5
saas_005238,0,0.0,6.0,14.0,0.0,10.0,15.23,9
saas_001198,0,3.65,186.0,10.0,0.0,13.0,1.71,16
saas_009070,0,0.0,69.0,5.0,1.0,6.0,6.01,23
saas_007519,1,40.26,2.0,3.0,0.0,7.0,42.65,13
saas_006812,1,0.45,21.0,1.0,0.0,10.0,11.83,3
saas_008320,1,25.86,57.0,19.0,0.0,11.0,21.94,15
saas_007175,1,33.72,160.0,1.0,1.0,1.0,24.55,11
saas_004470,1,64.12,31.0,5.0,2.0,5.0,22.19,19
saas_000891,1,8.14,8.0,3.0,1.0,7.0,7.92,15
saas_001969,0,66.75,66.0,6.0,1.0,7.0,22.92,9
saas_005757,1,22.83,15.0,21.0,0.0,9.0,13.08,13
saas_006527,1,15.15,35.0,32.0,2.0,13.0,9.24,1
saas_006294,1,44.92,3.0,16.0,0.0,9.0,13.56,28
saas_007595,0,26.21,2.0,2.0,0.0,8.0,17.82,9
saas_003249,0,34.2,26.0,1.0,0.0,9.0,39.67,12
saas_006570,1,79.7,6.0,9.0,1.0,9.0,43.5,24
saas_006638,1,1.07,61.0,5.0,0.0,13.0,13.7,6
saas_007351,0,0.0,17.0,8.0,0.0,9.0,3.63,4
saas_009172,1,28.45,27.0,7.0,1.0,8.0,18.31,11
saas_007473,0,37.37,7.0,1.0,1.0,5.0,34.16,3
saas_009601,1,27.95,53.0,9.0,1.0,8.0,25.39,10
saas_008673,0,34.49,108.0,7.0,0.0,7.0,20.98,10
saas_001239,1,2.65,205.0,10.0,0.0,8.0,5.3,10
saas_002289,0,30.14,1.0,11.0,0.0,11.0,20.56,15
saas_002740,1,61.99,5.0,1.0,0.0,7.0,32.0,24
saas_004585,1,38.57,40.0,15.0,1.0,5.0,26.19,23
saas_001229,0,0.0,46.0,4.0,2.0,8.0,5.0,12
saas_006980,0,47.79,224.0,17.0,1.0,5.0,43.27,9
saas_005178,0,42.39,1.0,18.0,2.0,8.0,31.76,23
saas_004293,1,24.76,137.0,20.0,0.0,11.0,25.01,8
saas_001058,1,14.74,23.0,7.0,1.0,9.0,14.99,3
saas_006262,1,19.68,12.0,33.0,0.0,9.0,12.16,23
saas_000281,1,0.45,1.0,5.0,1.0,7.0,12.92,11
saas_000968,0,6.34,80.0,58.0,0.0,5.0,39.23,17
saas_003953,1,4.24,10.0,5.0,0.0,7.0,14.43,18
saas_001939,1,28.35,6.0,41.0,0.0,4.0,36.06,5
saas_008464,1,25.77,58.0,14.0,2.0,5.0,21.5,27
saas_001274,1,0.45,7.0,1.0,1.0,6.0,35.8,27
saas_000619,0,59.08,177.0,13.0,0.0,11.0,44.28,18
saas_008505,0,33.88,21.0,16.0,0.0,6.0,25.05,16
saas_001742,1,24.88,42.0,3.0,0.0,2.0,17.64,4
saas_001390,1,13.4,7.0,21.0,1.0,6.0,23.21,18
saas_002203,1,24.73,49.0,2.0,1.0,3.0,15.75,22
saas_003568,0,0.0,41.0,16.0,0.0,7.0,13.9,13
saas_006116,0,34.67,2.0,16.0,0.0,6.0,12.29,26
saas_009970,1,51.94,132.0,1.0,0.0,9.0,3.73,16
saas_006052,0,39.44,3.0,20.0,0.0,9.0,49.42,12
saas_003178,1,41.48,51.0,4.0,1.0,7.0,34.14,5
saas_003192,0,30.55,22.0,1.0,1.0,11.0,44.09,17
saas_006099,0,85.78,18.0,14.0,1.0,7.0,57.42,5
saas_007029,1,92.15,42.0,17.0,0.0,3.0,78.59,12
saas_000575,1,64.01,2.0,15.0,0.0,4.0,57.93,5
saas_006656,1,17.48,10.0,13.0,1.0,10.0,5.34,29
saas_007115,1,12.11,16.0,3.0,0.0,6.0,13.18,17
saas_008802,0,55.06,15.0,30.0,0.0,11.0,30.38,12
saas_006276,0,4.79,61.0,4.0,0.0,7.0,34.15,17
saas_008984,0,27.38,34.0,1.0,1.0,8.0,29.91,9
saas_005897,1,22.39,247.0,1.0,2.0,7.0,30.02,23
saas_005724,0,70.06,25.0,5.0,1.0,11.0,44.35,9
saas_000269,0,11.71,20.0,4.0,2.0,10.0,39.04,11
saas_000629,0,66.96,1.0,11.0,0.0,8.0,51.43,12
saas_003081,0,0.0,3.0,9.0,1.0,11.0,0.78,11
saas_003466,1,19.77,155.0,24.0,0.0,6.0,13.92,5
saas_006430,0,28.55,5.0,12.0,0.0,9.0,14.58,8
saas_009311,0,0.0,6.0,5.0,0.0,12.0,6.54,16
saas_007062,0,27.82,51.0,3.0,0.0,11.0,19.78,17
saas_009727,1,22.69,127.0,11.0,2.0,9.0,12.22,10
saas_005543,0,1.26,3.0,5.0,0.0,7.0,33.02,23
saas_004356,1,11.68,71.0,4.0,1.0,8.0,32.41,11
saas_002113,1,7.83,27.0,32.0,1.0,7.0,9.73,19
saas_008219,0,2.16,44.0,1.0,2.0,3.0,8.09,27
saas_003216,1,14.37,2.0,19.0,2.0,8.0,43.78,23
saas_003814,1,29.5,112.0,19.0,0.0,9.0,55.37,25
saas_008321,1,94.06,16.0,20.0,0.0,7.0,47.36,18
saas_008589,0,0.0,1.0,9.0,0.0,8.0,9.67,9
saas_002278,0,27.09,8.0,16.0,0.0,11.0,30.42,27
saas_004599,0,100.0,342.0,9.0,1.0,11.0,81.45,22
saas_000013,0,83.26,108.0,1.0,1.0,6.0,72.32,7
saas_009225,1,16.71,6.0,33.0,0.0,10.0,25.44,29
saas_001525,1,43.88,101.0,26.0,0.0,5.0,32.65,24
saas_002365,0,18.09,184.0,1.0,0.0,14.0,31.74,16
saas_004648,1,25.21,25.0,25.0,0.0,6.0,35.66,15
saas_000374,1,4.51,46.0,23.0,2.0,9.0,21.19,11
saas_008521,0,28.95,5.0,12.0,0.0,9.0,15.55,19
saas_006477,0,24.42,1.0,32.0,1.0,10.0,18.65,10
saas_000525,1,3.97,10.0,14.0,1.0,7.0,0.0,29
saas_006895,1,35.56,5.0,20.0,1.0,8.0,42.51,17
saas_003591,1,25.38,151.0,34.0,0.0,8.0,35.43,7
saas_007904,0,17.13,6.0,13.0,1.0,10.0,0.0,25
saas_002958,0,25.81,26.0,6.0,0.0,8.0,9.71,26
saas_000529,0,75.91,209.0,2.0,2.0,7.0,64.4,16
saas_003714,0,44.5,6.0,1.0,1.0,14.0,35.61,7
saas_004732,0,17.49,579.0,17.0,1.0,10.0,27.03,3
saas_001394,0,4.05,1.0,15.0,0.0,9.0,0.0,18
saas_005631,0,27.78,196.0,15.0,1.0,10.0,6.86,19
saas_006563,0,62.36,10.0,11.0,0.0,7.0,62.38,4
saas_004703,1,61.88,30.0,15.0,1.0,5.0,11.82,10
saas_001712,1,17.88,52.0,3.0,1.0,4.0,28.45,3
saas_009755,1,38.77,256.0,13.0,1.0,1.0,24.74,8
saas_000955,0,28.6,156.0,4.0,0.0,9.0,36.81,14
saas_006675,0,20.07,7.0,3.0,0.0,5.0,39.19,17
saas_003453,1,16.49,59.0,1.0,1.0,10.0,9.34,1
saas_002071,1,33.63,2.0,5.0,1.0,6.0,33.89,22
saas_009740,1,37.59,305.0,26.0,0.0,11.0,30.76,13
saas_000158,1,17.26,9.0,16.0,1.0,6.0,22.31,9
saas_007005,0,8.95,58.0,59.0,0.0,10.0,6.41,4
saas_000352,0,31.29,8.0,1.0,1.0,5.0,42.9,18
saas_006078,1,18.59,436.0,11.0,1.0,8.0,28.51,6
saas_006236,0,40.29,15.0,5.0,0.0,7.0,23.25,22
saas_002920,1,48.7,6.0,4.0,1.0,6.0,26.98,10
saas_004644,0,34.04,18.0,24.0,2.0,11.0,27.17,5
saas_000661,1,14.5,19.0,12.0,0.0,11.0,17.24,5
saas_007057,1,30.21,8.0,13.0,2.0,8.0,19.28,11
saas_003665,1,33.64,1.0,23.0,0.0,5.0,42.25,22
saas_007979,1,64.16,41.0,2.0,0.0,10.0,36.88,1
saas_000306,0,41.81,12.0,9.0,0.0,9.0,34.38,4
saas_004790,1,22.45,1.0,10.0,0.0,9.0,13.48,27
saas_002356,1,25.46,25.0,18.0,0.0,11.0,39.18,3
saas_001927,0,63.38,4.0,5.0,0.0,6.0,46.29,17
saas_009939,0,21.23,2.0,2.0,1.0,8.0,23.61,30
saas_003427,1,51.52,44.0,12.0,0.0,12.0,22.74,2
saas_003638,1,25.3,28.0,10.0,1.0,5.0,35.37,24
saas_001266,0,17.75,5.0,3.0,0.0,7.0,29.01,9
saas_001560,1,0.99,11.0,1.0,2.0,10.0,10.12,8
saas_007179,0,55.4,22.0,20.0,0.0,7.0,46.18,3
saas_004109,1,37.76,21.0,2.0,0.0,10.0,29.65,2
saas_007867,0,5.16,6.0,4.0,0.0,13.0,10.72,4
saas_004904,0,54.69,473.0,24.0,1.0,8.0,27.72,25
saas_007294,0,9.65,5.0,11.0,1.0,10.0,15.52,10
saas_000514,1,0.45,65.0,30.0,1.0,5.0,7.86,23
saas_000894,1,69.07,12.0,24.0,1.0,4.0,48.17,29
saas_000021,0,21.27,7.0,73.0,2.0,7.0,27.97,10
saas_000899,1,66.75,2.0,26.0,1.0,13.0,38.5,4
saas_000207,1,38.87,3.0,1.0,2.0,3.0,30.59,6
saas_000458,0,54.87,33.0,7.0,0.0,6.0,20.43,5
saas_002430,1,33.01,2.0,7.0,0.0,7.0,8.48,2
saas_008442,0,60.85,180.0,12.0,0.0,8.0,55.79,28
saas_003389,0,63.39,9.0,18.0,1.0,7.0,57.78,7
saas_003911,0,31.56,760.0,6.0,2.0,7.0,40.02,8
saas_005383,1,30.42,35.0,5.0,1.0,4.0,10.18,16
saas_000552,0,54.59,31.0,1.0,0.0,9.0,43.74,12
saas_003144,0,11.21,11.0,6.0,2.0,14.0,20.95,7
saas_006917,0,31.88,10.0,4.0,1.0,4.0,28.44,8
saas_002056,1,20.83,9.0,16.0,0.0,12.0,28.56,13
saas_001925,0,4.08,3.0,1.0,0.0,8.0,22.21,22
saas_000634,1,46.98,12.0,31.0,0.0,9.0,45.96,1
saas_006082,0,20.82,34.0,8.0,0.0,11.0,38.95,2
saas_009270,0,24.51,17.0,11.0,1.0,4.0,31.91,15
saas_009678,1,12.49,2.0,1.0,0.0,13.0,23.21,9
saas_000105,0,15.69,14.0,29.0,1.0,6.0,20.31,5
saas_003041,1,16.83,16.0,14.0,0.0,12.0,20.54,24
saas_001709,1,38.46,15.0,23.0,1.0,6.0,31.93,6
saas_000089,1,0.45,39.0,17.0,0.0,3.0,8.87,25
saas_007014,0,0.0,25.0,9.0,1.0,7.0,0.0,5
saas_003174,0,44.99,64.0,13.0,0.0,7.0,26.42,30
saas_000917,0,0.0,44.0,8.0,1.0,11.0,31.64,25
saas_007833,1,44.85,46.0,3.0,0.0,6.0,30.97,30
saas_006732,1,61.68,12.0,4.0,1.0,11.0,32.54,26
saas_001949,1,36.64,404.0,1.0,2.0,6.0,20.11,9
saas_006368,1,54.56,4.0,6.0,1.0,4.0,6.61,3
saas_000001,0,31.71,4.0,17.0,2.0,5.0,20.53,9
saas_008032,1,0.45,45.0,14.0,1.0,10.0,11.77,13
saas_006047,0,25.95,9.0,7.0,1.0,12.0,40.21,26
saas_002720,1,9.64,26.0,7.0,0.0,6.0,10.73,8
saas_009812,0,66.55,1.0,14.0,0.0,10.0,35.67,30
saas_003117,1,28.13,15.0,9.0,0.0,10.0,25.07,14
saas_009465,0,33.31,316.0,37.0,0.0,3.0,32.06,15
saas_003762,1,5.3,31.0,11.0,0.0,7.0,24.88,16
saas_000213,0,30.02,9.0,4.0,0.0,8.0,4.86,1
saas_000778,0,23.36,21.0,9.0,1.0,9.0,30.96,11
saas_003496,1,10.77,90.0,17.0,1.0,14.0,7.02,11
saas_008817,0,65.63,3.0,12.0,0.0,11.0,30.5,26
saas_002043,0,34.45,6.0,4.0,0.0,2.0,23.93,23
saas_005420,0,31.11,82.0,31.0,0.0,5.0,2.63,28
saas_006154,0,32.7,282.0,1.0,2.0,8.0,35.14,8
saas_008357,0,17.03,298.0,24.0,2.0,11.0,6.17,25
saas_008707,0,0.0,47.0,1.0,0.0,12.0,1.98,29
saas_008465,1,16.75,49.0,31.0,0.0,10.0,2.22,16
saas_004167,1,44.52,4.0,2.0,0.0,7.0,17.79,25
saas_003788,1,2.65,290.0,6.0,0.0,10.0,15.28,26
saas_000583,1,57.01,4.0,6.0,1.0,10.0,35.26,28
saas_009911,1,35.67,7.0,25.0,1.0,15.0,11.14,5
saas_009986,0,13.16,66.0,2.0,1.0,13.0,20.48,3
saas_000116,0,2.78,28.0,14.0,1.0,3.0,23.41,22
saas_006644,0,0.0,8.0,3.0,1.0,10.0,5.92,1
saas_009033,1,10.39,117.0,30.0,0.0,9.0,24.26,18
saas_009951,1,4.3,96.0,1.0,0.0,12.0,20.0,9
saas_008959,1,2.3,2.0,1.0,2.0,6.0,1.51,16
saas_001763,1,38.1,4.0,7.0,0.0,9.0,44.19,8
saas_001875,0,0.0,1.0,26.0,1.0,8.0,0.0,28
saas_003224,0,22.38,29.0,1.0,0.0,9.0,31.07,22
saas_000526,0,0.0,178.0,7.0,1.0,7.0,29.3,11
saas_007725,1,2.65,227.0,20.0,2.0,10.0,16.48,21
saas_002946,1,2.65,221.0,6.0,1.0,8.0,13.62,23
saas_004473,0,36.91,75.0,12.0,0.0,6.0,48.77,13
saas_005655,0,53.24,15.0,1.0,0.0,13.0,44.68,5
saas_006059,1,51.09,104.0,1.0,1.0,12.0,27.7,14
saas_000959,1,64.89,37.0,22.0,1.0,9.0,62.96,10
saas_006342,0,21.79,51.0,2.0,2.0,4.0,0.44,16
saas_003633,1,8.68,16.0,8.0,0.0,9.0,18.25,10
saas_001050,1,37.17,3.0,3.0,1.0,6.0,40.87,29
saas_003380,1,54.0,28.0,49.0,1.0,9.0,30.65,9
saas_003676,1,14.89,4.0,13.0,0.0,5.0,27.73,18
saas_005776,0,23.53,23.0,1.0,1.0,13.0,20.11,21
saas_009045,0,20.2,15.0,7.0,0.0,11.0,29.97,4
saas_006573,1,56.8,3.0,1.0,1.0,5.0,36.63,12
saas_005179,0,0.0,7.0,8.0,0.0,10.0,28.53,25
saas_001607,0,16.2,26.0,4.0,1.0,6.0,24.06,22
saas_003610,1,49.77,52.0,1.0,0.0,10.0,17.61,24
saas_009758,1,40.15,417.0,1.0,1.0,9.0,21.04,26
saas_006635,1,41.35,15.0,30.0,0.0,5.0,28.82,17
saas_009997,1,26.41,22.0,12.0,1.0,10.0,18.9,17
saas_000791,0,23.86,3.0,3.0,0.0,10.0,26.87,19
saas_003056,0,44.43,10.0,12.0,0.0,11.0,45.19,2
saas_001980,1,15.21,25.0,19.0,0.0,15.0,14.31,21
saas_003598,1,43.52,1.0,10.0,0.0,9.0,30.74,26
saas_000933,1,34.08,237.0,34.0,0.0,8.0,30.2,30
saas_007424,0,34.56,27.0,18.0,1.0,2.0,15.14,18
saas_005626,1,38.59,36.0,6.0,0.0,4.0,58.18,15
saas_001682,0,5.5,8.0,34.0,0.0,7.0,18.0,22
saas_004179,1,0.45,6.0,13.0,0.0,6.0,3.14,12
saas_006446,1,9.29,228.0,2.0,0.0,11.0,22.76,18
saas_004116,1,16.23,108.0,34.0,0.0,7.0,15.67,1
saas_000988,1,40.39,12.0,23.0,1.0,14.0,39.53,23
saas_002896,1,43.23,87.0,4.0,2.0,6.0,16.59,19
saas_003778,1,38.24,18.0,14.0,0.0,8.0,40.22,11
saas_005658,0,25.26,20.0,8.0,2.0,9.0,29.24,28
saas_003093,0,42.55,6.0,26.0,0.0,10.0,28.25,19
saas_003155,1,1.66,6.0,3.0,0.0,7.0,8.08,8
saas_001823,0,19.93,52.0,6.0,2.0,4.0,29.0,29
saas_009622,0,27.63,21.0,1.0,2.0,6.0,30.44,25
saas_001098,0,0.0,86.0,4.0,1.0,5.0,0.0,17
saas_002844,0,9.84,7.0,2.0,0.0,9.0,14.65,30
saas_003342,0,48.45,252.0,4.0,0.0,7.0,41.55,1
saas_000038,0,0.0,5.0,3.0,1.0,14.0,9.43,19
saas_006540,1,27.43,1.0,6.0,2.0,7.0,36.22,26
saas_009473,1,19.83,110.0,1.0,0.0,10.0,31.67,21
saas_003356,0,7.53,7.0,20.0,1.0,4.0,36.05,20
saas_007813,0,15.66,58.0,11.0,0.0,9.0,11.88,8
saas_008220,0,47.86,3.0,2.0,0.0,5.0,11.15,1
saas_009227,1,25.45,5.0,6.0,0.0,10.0,20.45,6
saas_002428,1,19.46,19.0,6.0,2.0,8.0,26.26,28
saas_005043,1,48.85,1.0,25.0,1.0,13.0,27.43,21
saas_005346,1,14.78,3.0,7.0,0.0,12.0,8.78,15
saas_004811,1,37.51,11.0,24.0,1.0,9.0,28.16,5
saas_008476,1,0.45,27.0,5.0,0.0,10.0,24.15,15
saas_000686,1,49.45,65.0,32.0,1.0,7.0,19.78,17
saas_004799,0,18.23,10.0,67.0,2.0,13.0,10.92,30
saas_007437,1,30.73,23.0,1.0,1.0,12.0,21.68,23
saas_002353,0,50.66,27.0,5.0,0.0,13.0,31.33,23
saas_006353,0,46.47,8.0,23.0,0.0,9.0,49.12,27
saas_004569,1,34.38,39.0,4.0,0.0,6.0,10.4,16
saas_008213,0,46.13,4.0,5.0,0.0,6.0,29.93,25
saas_002752,1,7.48,1.0,40.0,0.0,7.0,11.58,10
saas_008073,0,0.0,27.0,19.0,0.0,4.0,4.22,24
saas_001040,0,10.7,4.0,7.0,0.0,2.0,14.23,8
saas_007491,0,43.0,14.0,16.0,2.0,11.0,36.81,19
saas_001265,0,5.2,16.0,2.0,1.0,9.0,0.0,17
saas_009265,0,43.43,1.0,12.0,0.0,11.0,39.65,12
saas_007059,1,6.36,20.0,6.0,2.0,9.0,36.65,8
saas_000277,0,0.0,3.0,72.0,0.0,7.0,0.0,23
saas_005084,1,0.45,58.0,8.0,0.0,11.0,14.58,20
saas_002382,1,48.47,2.0,9.0,1.0,6.0,39.51,8
saas_000571,0,54.71,18.0,3.0,1.0,9.0,53.57,9
saas_001435,1,19.4,17.0,30.0,0.0,9.0,3.96,8
saas_005352,0,34.76,88.0,1.0,0.0,3.0,40.66,29
saas_005445,0,59.41,6.0,7.0,0.0,16.0,25.76,28
saas_001007,1,42.73,11.0,21.0,0.0,9.0,11.81,18
saas_004543,0,43.88,4.0,13.0,0.0,8.0,23.88,10
saas_008816,1,12.69,17.0,4.0,2.0,3.0,22.01,9
saas_002064,0,5.1,12.0,5.0,0.0,12.0,15.68,10
saas_001136,1,0.45,22.0,22.0,0.0,6.0,0.0,18
saas_005343,0,0.0,1.0,24.0,2.0,5.0,0.0,7
saas_000294,1,56.63,14.0,21.0,0.0,12.0,15.4,24
saas_002403,0,28.71,7.0,1.0,0.0,4.0,28.07,18
saas_003998,1,27.31,7.0,7.0,1.0,3.0,29.69,13
saas_003741,0,19.98,6.0,12.0,0.0,7.0,34.95,17
saas_009222,1,38.04,27.0,1.0,0.0,7.0,22.14,22
saas_002719,0,30.62,3.0,13.0,0.0,5.0,27.25,1
saas_009199,0,12.69,4.0,2.0,0.0,11.0,25.62,28
saas_005150,1,4.15,230.0,62.0,0.0,11.0,20.44,16
saas_002808,0,48.78,30.0,3.0,0.0,11.0,14.69,7
saas_000556,0,27.59,6.0,3.0,0.0,6.0,24.93,21
saas_008925,1,12.64,56.0,7.0,0.0,8.0,29.07,23
saas_004795,1,32.61,5.0,4.0,1.0,11.0,0.0,4
saas_002469,0,12.99,20.0,1.0,2.0,8.0,15.85,18
saas_003738,0,50.92,7.0,40.0,1.0,8.0,36.58,30
saas_004286,1,34.98,6.0,3.0,0.0,5.0,43.84,9
saas_002604,1,40.91,117.0,1.0,1.0,7.0,44.44,21
saas_000362,1,51.8,89.0,57.0,2.0,6.0,37.51,17
saas_006924,1,0.45,19.0,3.0,1.0,5.0,12.43,6
saas_001704,1,4.2,28.0,3.0,1.0,9.0,23.43,10
saas_002139,1,34.04,132.0,6.0,1.0,14.0,40.23,5
saas_003239,1,61.8,3.0,7.0,0.0,7.0,39.12,17
saas_002383,0,10.64,9.0,3.0,0.0,4.0,15.72,26
saas_007314,1,0.45,9.0,6.0,1.0,8.0,25.77,12
saas_004311,0,69.9,21.0,5.0,0.0,2.0,41.16,23
saas_001312,1,37.17,7.0,2.0,0.0,10.0,20.12,11
saas_003930,0,21.59,4.0,10.0,0.0,11.0,15.64,19
saas_006183,0,0.0,11.0,22.0,1.0,9.0,8.74,4
saas_001591,0,2.77,2.0,3.0,1.0,8.0,17.14,2
saas_009387,0,49.83,7.0,1.0,1.0,5.0,31.71,30
saas_002162,0,62.77,141.0,12.0,0.0,9.0,36.24,19
saas_002396,0,22.35,10.0,5.0,0.0,10.0,22.34,19
saas_000317,0,55.58,7.0,1.0,2.0,8.0,29.42,5
saas_005233,0,23.01,431.0,12.0,1.0,9.0,39.49,5
saas_005068,1,8.43,7.0,1.0,2.0,9.0,17.14,22
saas_004036,0,16.66,543.0,1.0,0.0,8.0,26.09,15
saas_003020,1,37.79,3.0,12.0,0.0,11.0,21.19,11
saas_008228,1,22.72,7.0,14.0,1.0,9.0,31.61,4
saas_005295,1,52.8,179.0,1.0,0.0,7.0,14.3,3
saas_003972,1,42.32,28.0,1.0,1.0,8.0,34.98,7
saas_005370,0,40.84,61.0,24.0,2.0,6.0,36.09,16
saas_004133,0,0.0,18.0,3.0,0.0,13.0,0.09,3
saas_000974,1,26.86,4.0,27.0,2.0,6.0,47.18,27
saas_007291,0,57.07,5.0,5.0,0.0,5.0,49.02,25
saas_000954,0,32.22,6.0,7.0,0.0,10.0,41.94,2
saas_009306,1,24.16,16.0,1.0,1.0,8.0,25.01,3
saas_005016,1,84.45,4.0,3.0,1.0,7.0,55.69,24
saas_009730,0,45.11,5.0,3.0,1.0,5.0,21.77,27
saas_007490,0,0.0,2.0,7.0,1.0,9.0,14.21,9
saas_001640,1,19.13,2.0,14.0,2.0,12.0,21.27,9
saas_001290,0,11.96,25.0,10.0,2.0,13.0,17.29,3
saas_001380,0,25.72,126.0,15.0,1.0,7.0,49.19,24
saas_001933,1,2.65,139.0,1.0,1.0,8.0,24.54,4
saas_004675,0,6.55,145.0,7.0,0.0,10.0,26.95,12
saas_000892,1,58.92,10.0,13.0,0.0,9.0,36.75,21
saas_007287,0,3.42,202.0,45.0,1.0,9.0,4.03,16
saas_004876,1,14.23,81.0,50.0,0.0,11.0,15.97,29
saas_007906,1,18.48,47.0,6.0,0.0,12.0,14.14,3
saas_008194,1,21.0,105.0,8.0,0.0,8.0,39.55,11
saas_009379,0,28.61,29.0,21.0,0.0,6.0,36.73,8
saas_002466,0,42.25,10.0,27.0,0.0,8.0,20.3,4
saas_007657,1,30.38,10.0,6.0,1.0,11.0,33.13,12
saas_001913,0,21.96,1.0,8.0,2.0,5.0,40.34,7
saas_002736,1,56.94,4.0,52.0,0.0,8.0,36.11,12
saas_000726,0,14.24,30.0,4.0,2.0,7.0,10.62,18
saas_007214,0,29.96,4.0,25.0,2.0,2.0,29.9,15
saas_008245,1,27.2,10.0,8.0,2.0,6.0,25.99,30
saas_001796,0,65.11,12.0,37.0,0.0,7.0,45.4,24
saas_003845,1,9.64,1.0,4.0,0.0,7.0,14.76,16
saas_006402,0,33.61,20.0,16.0,1.0,10.0,30.69,18
saas_000936,1,49.3,3.0,1.0,0.0,2.0,35.17,2
saas_002265,1,25.73,65.0,2.0,1.0,4.0,27.64,23
saas_000824,0,21.33,1.0,8.0,0.0,8.0,25.32,22
saas_007274,1,22.8,4.0,1.0,0.0,7.0,14.01,17
saas_001389,0,22.27,5.0,14.0,0.0,7.0,40.27,15
saas_003564,1,24.11,159.0,14.0,1.0,8.0,30.0,29
saas_005429,0,21.99,620.0,5.0,0.0,7.0,36.16,15
saas_007827,1,26.71,15.0,15.0,1.0,7.0,6.63,10
saas_005690,0,33.76,303.0,6.0,0.0,11.0,34.86,24
saas_007878,0,54.16,5.0,16.0,0.0,8.0,21.65,5
saas_001868,0,31.87,11.0,5.0,1.0,8.0,29.84,9
saas_008202,1,43.29,42.0,5.0,0.0,5.0,55.69,18
saas_007486,0,3.76,40.0,13.0,0.0,7.0,22.22,19
saas_000806,0,0.0,16.0,1.0,2.0,6.0,0.17,4
saas_004805,1,45.29,2.0,14.0,1.0,7.0,15.11,8
saas_009152,0,19.88,3.0,20.0,0.0,5.0,26.98,12
saas_007511,0,20.3,3.0,20.0,1.0,4.0,6.26,11
saas_008056,1,47.28,7.0,6.0,1.0,12.0,31.35,6
saas_004494,0,24.54,32.0,3.0,0.0,7.0,30.95,19
saas_002632,1,0.45,18.0,19.0,2.0,7.0,0.0,3
saas_008900,1,24.89,475.0,31.0,1.0,6.0,8.01,4
saas_008623,0,15.59,68.0,20.0,1.0,10.0,1.47,8
saas_007832,1,28.42,30.0,20.0,1.0,10.0,31.74,12
saas_004388,0,0.0,1.0,5.0,0.0,7.0,1.19,11
saas_000145,1,8.03,10.0,3.0,1.0,10.0,2.08,21
saas_006467,0,6.91,25.0,14.0,0.0,9.0,0.0,4
saas_002033,0,65.57,11.0,22.0,0.0,10.0,27.5,17
saas_009127,0,22.25,19.0,32.0,0.0,10.0,24.47,5
saas_001165,1,74.44,5.0,4.0,0.0,7.0,39.24,24
saas_002050,1,27.94,63.0,7.0,1.0,12.0,49.55,25
saas_003760,0,38.87,10.0,23.0,2.0,7.0,31.0,5
saas_004435,0,8.79,71.0,7.0,0.0,6.0,11.28,20
saas_003430,1,58.39,1.0,1.0,2.0,7.0,43.31,23
saas_008190,0,40.81,49.0,20.0,0.0,10.0,32.35,30
saas_008753,0,38.52,7.0,24.0,1.0,8.0,32.09,18
saas_007069,0,1.58,37.0,49.0,2.0,10.0,2.08,12
saas_004361,0,33.83,33.0,9.0,0.0,9.0,35.72,4
saas_001771,0,70.84,22.0,4.0,1.0,13.0,34.26,29
saas_003511,1,56.08,2.0,36.0,1.0,10.0,40.8,19
saas_000271,1,44.16,32.0,3.0,0.0,5.0,43.85,24
saas_008436,0,46.29,61.0,2.0,0.0,9.0,52.31,15
saas_002032,1,0.45,54.0,23.0,1.0,5.0,2.88,11
saas_009664,1,17.95,8.0,11.0,0.0,10.0,14.76,6
saas_003810,0,32.74,30.0,7.0,1.0,4.0,43.12,16
saas_004346,0,47.19,5.0,16.0,1.0,9.0,44.82,24
saas_000545,0,14.61,15.0,1.0,0.0,8.0,7.35,2
saas_003241,1,28.88,5.0,23.0,0.0,15.0,39.24,26
saas_008502,1,32.64,6.0,15.0,2.0,7.0,26.85,6
saas_009918,0,0.0,9.0,27.0,1.0,7.0,15.12,8
saas_007564,0,0.28,9.0,10.0,1.0,8.0,14.96,21
saas_000920,0,0.49,12.0,2.0,1.0,7.0,31.95,23
saas_009118,0,43.12,18.0,1.0,0.0,5.0,32.88,21
saas_006640,0,44.31,46.0,1.0,0.0,6.0,30.08,17
saas_007694,1,20.0,68.0,15.0,0.0,1.0,15.06,26
saas_008230,1,11.26,39.0,11.0,0.0,1.0,16.29,14
saas_007126,1,31.63,11.0,3.0,2.0,10.0,62.13,12
saas_004278,1,59.4,11.0,3.0,1.0,5.0,37.16,9
saas_002983,1,20.69,29.0,14.0,1.0,9.0,38.03,23
saas_000130,0,35.32,11.0,5.0,1.0,11.0,35.52,30
saas_007980,1,0.45,4.0,13.0,1.0,14.0,38.1,10
saas_002667,1,29.82,13.0,11.0,0.0,10.0,14.77,28
saas_007138,1,56.05,2809.0,15.0,0.0,7.0,44.61,30
saas_003223,1,18.92,1.0,17.0,0.0,4.0,16.99,5
saas_007693,0,40.88,61.0,17.0,0.0,7.0,45.84,13
saas_005392,1,50.28,1.0,26.0,0.0,11.0,66.59,10
saas_000614,1,12.77,5.0,6.0,0.0,8.0,13.21,23
saas_009902,1,56.93,100.0,32.0,1.0,3.0,34.3,24
saas_001466,1,38.72,2.0,2.0,1.0,6.0,5.27,21
saas_004497,1,26.07,1.0,19.0,1.0,7.0,38.31,13
saas_003042,1,53.39,5.0,14.0,0.0,4.0,46.9,25
saas_002419,0,25.98,1.0,3.0,1.0,9.0,11.69,27
saas_005085,1,8.71,142.0,27.0,2.0,10.0,5.87,3
saas_003294,1,0.45,8.0,1.0,0.0,10.0,22.25,7
saas_006737,0,47.31,91.0,7.0,1.0,8.0,32.85,17
saas_001500,0,3.87,8.0,1.0,1.0,4.0,21.24,30
saas_001521,1,0.45,1.0,4.0,1.0,6.0,11.42,20
saas_009117,1,44.61,1.0,14.0,1.0,7.0,30.35,14
saas_004232,0,15.83,4.0,54.0,0.0,7.0,17.11,29
saas_007686,0,15.56,28.0,2.0,0.0,8.0,28.79,8
saas_004430,0,44.43,18.0,28.0,0.0,10.0,51.28,26
saas_000390,1,38.58,1.0,14.0,1.0,8.0,39.72,25
saas_009858,1,22.63,6.0,17.0,1.0,7.0,22.34,23
saas_007124,1,0.45,18.0,1.0,0.0,11.0,15.55,2
saas_005913,0,64.32,15.0,3.0,1.0,10.0,21.74,29
saas_008592,1,0.45,22.0,24.0,0.0,7.0,15.84,11
saas_004806,1,36.26,389.0,19.0,1.0,7.0,36.78,1
saas_008954,1,4.56,43.0,23.0,2.0,6.0,12.63,23
saas_008238,1,41.8,37.0,6.0,0.0,13.0,34.71,29
saas_008044,0,14.07,9.0,34.0,0.0,7.0,14.15,7
saas_009782,0,21.34,30.0,33.0,0.0,9.0,26.69,29
saas_003993,0,32.97,7.0,37.0,0.0,7.0,32.01,18
saas_009551,0,51.86,111.0,1.0,2.0,9.0,30.62,16
saas_006609,1,28.75,7.0,55.0,1.0,14.0,29.54,24
saas_005319,1,58.61,29.0,29.0,0.0,7.0,46.36,17
saas_007119,1,0.45,2.0,5.0,0.0,8.0,0.0,29
saas_002421,0,28.15,13.0,25.0,0.0,11.0,16.19,26
saas_005604,1,0.45,17.0,5.0,1.0,13.0,0.0,14
saas_001750,0,20.36,6.0,1.0,1.0,8.0,38.72,12
saas_009015,1,62.19,14.0,10.0,1.0,5.0,45.68,6
saas_009718,0,49.22,40.0,74.0,1.0,7.0,27.9,14
saas_000338,0,0.0,113.0,7.0,1.0,10.0,32.2,13
saas_008407,1,41.04,1.0,25.0,0.0,6.0,51.42,13
saas_001341,0,32.08,38.0,84.0,1.0,4.0,30.52,18
saas_009544,0,30.16,8.0,51.0,0.0,6.0,34.88,23
saas_007982,1,0.45,20.0,2.0,1.0,7.0,0.0,25
saas_003640,1,18.28,1.0,1.0,1.0,7.0,41.88,3
saas_000329,0,56.62,9.0,27.0,2.0,7.0,42.2,30
saas_008828,0,39.6,1.0,36.0,0.0,8.0,6.33,20
saas_003004,1,0.45,13.0,4.0,2.0,5.0,0.0,11
saas_006960,1,15.97,1.0,37.0,0.0,13.0,37.68,11
saas_004090,0,52.7,610.0,6.0,0.0,10.0,32.63,23
saas_002322,0,32.14,111.0,30.0,0.0,10.0,30.48,4
saas_006667,0,25.5,67.0,6.0,0.0,9.0,21.62,8
saas_007009,0,18.03,15.0,11.0,0.0,12.0,13.23,14
saas_004197,0,38.63,1.0,18.0,2.0,8.0,33.33,13
saas_003549,1,3.53,47.0,4.0,0.0,5.0,27.85,4
saas_008363,1,32.78,9.0,22.0,2.0,5.0,20.9,5
saas_004203,1,11.76,483.0,8.0,0.0,10.0,22.73,12
saas_009310,0,14.59,22.0,14.0,1.0,8.0,51.24,22
saas_008936,1,37.21,1.0,11.0,2.0,4.0,6.36,28
saas_006185,1,52.11,2.0,16.0,0.0,2.0,26.7,15
saas_001639,1,59.7,14.0,2.0,0.0,9.0,27.25,17
saas_000060,0,71.36,1.0,5.0,0.0,6.0,50.77,2
saas_001240,0,43.09,136.0,19.0,0.0,6.0,37.22,24
saas_005760,1,23.86,747.0,16.0,0.0,10.0,18.18,11
saas_005136,0,39.53,37.0,7.0,0.0,5.0,28.14,12
saas_002343,1,17.92,15.0,34.0,1.0,3.0,5.39,11
saas_002120,0,54.28,46.0,34.0,0.0,7.0,34.14,1
saas_001524,1,0.45,10.0,26.0,0.0,9.0,8.06,4
saas_007617,1,30.52,69.0,8.0,0.0,8.0,37.33,22
saas_000153,0,11.32,9.0,8.0,2.0,11.0,5.0,9
saas_000481,1,51.73,172.0,9.0,0.0,5.0,25.1,25
saas_006122,0,36.75,82.0,6.0,0.0,11.0,43.49,11
saas_007674,1,39.4,20.0,8.0,0.0,8.0,36.87,4
saas_007101,0,30.75,2.0,18.0,1.0,10.0,3.91,12
saas_001762,1,25.58,7.0,35.0,0.0,8.0,41.94,15
saas_007715,1,13.11,3.0,1.0,1.0,10.0,12.93,9
saas_009081,1,57.11,13.0,5.0,1.0,12.0,41.57,3
saas_007479,0,41.36,8.0,17.0,0.0,10.0,52.97,14
saas_006212,0,19.22,89.0,25.0,0.0,7.0,22.71,15
saas_004853,1,15.34,1.0,3.0,1.0,10.0,23.2,29
saas_002711,0,0.0,57.0,6.0,0.0,5.0,0.0,8
saas_006766,0,54.81,333.0,4.0,2.0,4.0,42.27,5
saas_004150,0,53.21,11.0,1.0,0.0,7.0,53.3,12
saas_001333,0,44.35,30.0,1.0,1.0,11.0,30.03,25
saas_008378,0,42.92,20.0,3.0,1.0,6.0,32.09,13
saas_009389,0,0.0,18.0,10.0,1.0,12.0,24.97,5
saas_009707,1,54.38,14.0,28.0,2.0,11.0,63.34,7
saas_009121,0,1.44,1.0,3.0,0.0,12.0,25.28,4
saas_003850,0,35.15,48.0,6.0,1.0,8.0,0.0,19
saas_008340,1,20.43,109.0,1.0,1.0,8.0,35.29,5
saas_004124,0,35.18,61.0,30.0,0.0,3.0,12.91,8
saas_008963,1,13.71,1.0,19.0,0.0,9.0,28.23,1
saas_004788,1,61.96,392.0,10.0,0.0,10.0,47.49,13
saas_002866,0,46.27,43.0,3.0,0.0,8.0,27.36,1
saas_001386,1,52.12,130.0,5.0,2.0,8.0,32.5,1
saas_005941,0,44.33,2.0,13.0,1.0,4.0,29.51,5
saas_003067,0,16.34,38.0,2.0,1.0,8.0,34.3,26
saas_009058,1,37.42,16.0,21.0,2.0,15.0,47.56,25
saas_003629,1,64.63,51.0,16.0,2.0,10.0,40.93,3
saas_009455,1,45.15,54.0,9.0,0.0,8.0,50.14,20
saas_008949,1,37.47,113.0,3.0,0.0,5.0,50.43,7
saas_003028,1,34.15,5.0,5.0,0.0,4.0,16.29,9
saas_002969,1,19.61,19.0,15.0,0.0,10.0,23.29,26
saas_008646,0,38.37,16.0,13.0,0.0,15.0,13.03,16
saas_006136,0,45.62,4.0,23.0,1.0,9.0,2.26,20
saas_008801,0,59.92,68.0,1.0,1.0,8.0,28.89,5
saas_004263,0,52.78,73.0,17.0,1.0,4.0,41.12,28
saas_000645,0,13.75,16.0,1.0,0.0,16.0,10.86,11
saas_009653,0,36.97,58.0,12.0,0.0,5.0,27.23,18
saas_002074,1,0.45,21.0,8.0,0.0,6.0,17.01,22
saas_000341,0,6.48,31.0,20.0,0.0,6.0,39.44,20
saas_008041,0,20.94,24.0,4.0,0.0,14.0,35.21,2
saas_001622,1,0.76,62.0,20.0,1.0,9.0,0.0,11
saas_007141,1,49.02,71.0,1.0,2.0,11.0,40.02,1
saas_005796,0,12.25,607.0,19.0,2.0,5.0,30.06,8
saas_007184,0,26.68,27.0,12.0,0.0,11.0,49.82,25
saas_008232,1,33.98,29.0,5.0,2.0,10.0,45.33,26
saas_005475,1,0.45,4.0,19.0,0.0,10.0,4.17,8
saas_009252,0,29.37,51.0,2.0,0.0,12.0,10.33,29
saas_000074,0,22.77,24.0,12.0,1.0,11.0,24.41,9
saas_008633,0,56.22,96.0,3.0,2.0,13.0,41.83,2
saas_009229,1,29.91,10.0,10.0,1.0,4.0,1.69,10
saas_002051,1,27.97,3.0,17.0,1.0,4.0,14.78,1
saas_002541,0,28.96,37.0,3.0,0.0,6.0,30.06,10
saas_001301,0,26.31,1.0,28.0,0.0,10.0,12.88,19
saas_005877,1,5.76,7.0,6.0,0.0,9.0,30.57,1
saas_007368,0,0.0,152.0,28.0,1.0,8.0,21.91,4
saas_001304,1,21.17,13.0,4.0,0.0,12.0,18.74,7
saas_008428,1,23.94,266.0,14.0,2.0,8.0,40.04,18
saas_009094,1,24.71,8.0,1.0,0.0,10.0,30.72,10
saas_002599,0,9.9,95.0,6.0,1.0,9.0,34.48,15
saas_002573,1,24.18,26.0,2.0,0.0,3.0,17.98,8
saas_003186,1,22.31,4.0,26.0,0.0,10.0,13.51,29
saas_002768,1,18.85,69.0,1.0,2.0,7.0,0.0,13
saas_004831,0,7.9,1.0,16.0,1.0,12.0,2.37,11
saas_004223,1,13.99,3.0,33.0,0.0,5.0,10.39,5
saas_009649,1,9.35,45.0,3.0,0.0,3.0,2.72,18
saas_002106,0,40.66,164.0,3.0,1.0,10.0,28.3,22
saas_002679,1,34.48,39.0,10.0,0.0,4.0,24.51,17
saas_001387,0,32.01,3.0,22.0,0.0,12.0,26.89,13
saas_008931,0,29.21,2.0,14.0,0.0,6.0,25.94,12
saas_009659,1,50.71,128.0,15.0,2.0,7.0,45.22,26
saas_007083,0,57.95,74.0,19.0,2.0,11.0,40.08,7
saas_001279,0,32.51,14.0,10.0,1.0,7.0,33.87,4
saas_000804,0,50.73,138.0,4.0,1.0,10.0,44.9,17
saas_001555,1,6.96,7.0,14.0,1.0,6.0,5.31,29
saas_009486,1,30.04,4.0,17.0,0.0,8.0,17.69,24
saas_004566,0,24.13,1.0,34.0,0.0,7.0,19.28,18
saas_009669,0,44.27,104.0,9.0,0.0,7.0,31.22,10
saas_004841,0,18.19,4.0,8.0,1.0,1.0,14.63,22
saas_003594,0,30.83,11.0,5.0,0.0,9.0,42.76,25
saas_006035,0,21.94,7.0,15.0,0.0,13.0,35.0,17
saas_006852,1,0.45,19.0,42.0,1.0,6.0,6.34,29
saas_008705,0,0.0,9.0,25.0,0.0,10.0,9.16,12
saas_004177,0,10.78,33.0,2.0,1.0,5.0,41.18,30
saas_001308,1,0.45,1.0,11.0,0.0,12.0,35.93,12
saas_003452,1,2.65,369.0,1.0,0.0,3.0,10.82,2
saas_003695,0,14.36,6.0,18.0,0.0,6.0,23.26,13
saas_004242,1,23.41,4.0,15.0,1.0,10.0,33.88,26
saas_002198,0,19.35,14.0,6.0,2.0,12.0,32.46,13
saas_004425,1,19.03,59.0,8.0,0.0,10.0,0.98,18
saas_006150,0,44.82,7.0,1.0,1.0,14.0,23.62,16
saas_000943,0,17.7,121.0,2.0,1.0,6.0,58.64,21
saas_000822,0,54.39,3.0,34.0,1.0,7.0,23.13,24
saas_005005,1,46.04,1.0,36.0,1.0,8.0,40.98,23
saas_006612,1,2.68,18.0,11.0,0.0,5.0,10.74,29
saas_008356,0,35.93,1.0,1.0,1.0,9.0,35.15,4
saas_005619,0,7.55,40.0,25.0,0.0,12.0,37.17,29
saas_004547,0,8.48,129.0,8.0,0.0,11.0,11.5,4
saas_002538,0,23.28,50.0,9.0,0.0,4.0,18.97,20
saas_005207,1,21.23,4.0,11.0,0.0,4.0,17.91,19
saas_009514,0,89.61,10.0,10.0,2.0,8.0,49.72,10
saas_009009,1,21.08,1.0,24.0,0.0,8.0,15.12,16
saas_003054,0,28.4,10.0,3.0,1.0,11.0,20.54,2
saas_003675,0,43.14,387.0,21.0,0.0,9.0,46.9,24
saas_007776,0,79.02,922.0,20.0,0.0,10.0,26.64,18
saas_007218,1,31.34,17.0,15.0,0.0,4.0,20.0,5
saas_006722,0,21.8,8.0,4.0,0.0,7.0,36.04,9
saas_003300,0,52.99,45.0,5.0,0.0,6.0,50.81,27
saas_003310,0,33.95,9.0,8.0,0.0,8.0,3.2,24
saas_007221,1,23.56,18.0,7.0,1.0,7.0,31.84,22
saas_008519,1,42.03,36.0,6.0,2.0,14.0,30.83,7
saas_005954,0,31.05,14.0,15.0,0.0,9.0,15.89,29
saas_000832,1,4.76,3.0,3.0,0.0,12.0,30.36,30
saas_003462,0,15.96,2.0,13.0,1.0,10.0,29.03,22
saas_007643,0,61.73,5.0,20.0,1.0,7.0,37.58,21
saas_000054,1,40.77,9.0,14.0,0.0,6.0,36.17,17
saas_003451,1,46.34,57.0,17.0,2.0,9.0,29.19,25
saas_006305,1,35.2,466.0,15.0,0.0,9.0,27.28,30
saas_001481,0,0.0,46.0,2.0,1.0,5.0,20.86,11
saas_004873,1,5.28,3.0,8.0,0.0,5.0,3.07,11
saas_008038,0,54.75,30.0,9.0,1.0,9.0,33.56,25
saas_003335,0,48.15,13.0,1.0,0.0,11.0,12.25,28
saas_006016,0,11.51,93.0,19.0,0.0,7.0,21.29,3
saas_004926,0,3.82,120.0,1.0,0.0,6.0,27.98,18
saas_005797,0,45.01,27.0,6.0,1.0,13.0,22.57,29
saas_009831,0,24.95,71.0,33.0,2.0,11.0,10.02,29
saas_005083,1,69.21,14.0,16.0,0.0,4.0,46.89,30
saas_006645,1,8.35,20.0,4.0,2.0,7.0,11.59,18
saas_005490,1,12.5,13.0,23.0,1.0,8.0,12.39,29
saas_000768,0,87.08,2.0,24.0,2.0,8.0,55.92,5
saas_002065,0,34.62,15.0,9.0,1.0,5.0,9.37,1
saas_009500,1,39.73,1.0,20.0,1.0,11.0,18.11,6
saas_007311,0,0.0,231.0,10.0,0.0,5.0,15.12,24
saas_008477,1,50.26,430.0,17.0,1.0,7.0,32.68,8
saas_004524,1,19.62,95.0,21.0,0.0,7.0,26.37,17
saas_002717,1,13.26,25.0,16.0,0.0,10.0,20.14,22
saas_002079,0,22.46,5.0,7.0,2.0,8.0,21.7,8
saas_008914,0,0.0,98.0,8.0,2.0,9.0,8.24,14
saas_000951,1,49.67,39.0,36.0,1.0,6.0,48.73,18
saas_008058,0,31.58,196.0,2.0,0.0,12.0,27.15,28
saas_002482,0,58.95,27.0,1.0,1.0,14.0,35.11,23
saas_001759,0,33.61,22.0,1.0,0.0,5.0,40.41,11
saas_004422,1,15.92,2.0,10.0,1.0,7.0,0.0,23
saas_006704,0,23.61,4.0,7.0,1.0,8.0,9.34,11
saas_005182,0,52.71,18.0,1.0,1.0,13.0,42.4,20
saas_008533,1,36.89,26.0,1.0,2.0,7.0,28.15,28
saas_003701,1,61.72,5.0,26.0,1.0,8.0,57.23,15
saas_004243,1,25.15,6.0,8.0,0.0,10.0,52.67,12
saas_000688,0,31.7,10.0,80.0,0.0,6.0,34.64,11
saas_003432,1,0.45,12.0,20.0,0.0,12.0,20.49,15
saas_004944,1,0.45,15.0,3.0,1.0,8.0,22.06,10
saas_000966,1,36.05,13.0,3.0,1.0,13.0,25.52,19
saas_009484,1,31.7,10.0,2.0,0.0,7.0,49.16,30
saas_002713,0,0.0,3.0,6.0,0.0,8.0,26.29,18
saas_004757,0,22.14,72.0,3.0,1.0,10.0,21.5,9
saas_009545,0,32.59,88.0,1.0,1.0,6.0,29.23,27
saas_006320,0,71.21,2.0,3.0,2.0,6.0,44.9,10
saas_005975,0,14.49,20.0,2.0,0.0,9.0,27.0,28
saas_003572,0,55.04,34.0,14.0,2.0,11.0,41.7,5
saas_005299,0,32.44,36.0,1.0,0.0,5.0,34.69,5
saas_001990,0,8.57,36.0,6.0,1.0,9.0,21.96,16
saas_001205,0,28.56,7.0,4.0,1.0,11.0,23.55,20
saas_004971,0,45.11,2.0,1.0,2.0,2.0,33.27,9
saas_006783,0,0.0,201.0,1.0,0.0,8.0,3.47,10
saas_003600,0,70.13,85.0,38.0,0.0,4.0,62.76,23
saas_006490,1,0.45,91.0,4.0,2.0,8.0,0.0,2
saas_008609,0,39.51,4.0,45.0,0.0,11.0,35.79,19
saas_009978,1,16.47,19.0,1.0,1.0,4.0,28.86,23
saas_008070,1,32.03,231.0,2.0,1.0,5.0,26.44,26
saas_008577,1,0.45,21.0,7.0,0.0,5.0,19.41,10
saas_007973,0,13.63,53.0,12.0,0.0,10.0,1.45,15
saas_001625,0,9.41,109.0,46.0,1.0,5.0,48.73,5
saas_000536,0,0.0,8.0,13.0,1.0,10.0,10.15,17
saas_008766,1,21.3,38.0,10.0,0.0,10.0,26.08,9
saas_007970,0,51.76,22.0,7.0,0.0,7.0,21.6,20
saas_004212,1,54.45,46.0,4.0,1.0,7.0,46.74,19
saas_006456,0,7.04,24.0,37.0,2.0,12.0,24.45,30
saas_003507,0,48.68,39.0,25.0,1.0,11.0,41.27,5
saas_008393,0,25.6,3.0,13.0,1.0,8.0,41.28,14
saas_007112,1,53.19,115.0,5.0,1.0,4.0,31.36,25
saas_002708,0,17.05,31.0,2.0,0.0,10.0,22.41,17
saas_005031,1,20.88,68.0,2.0,1.0,4.0,38.81,10
saas_006514,0,3.81,1.0,4.0,1.0,8.0,0.0,1
saas_004662,0,7.25,47.0,1.0,2.0,7.0,14.77,8
saas_004021,1,28.98,34.0,3.0,0.0,2.0,47.03,18
saas_001854,0,12.61,40.0,2.0,1.0,5.0,32.99,4
saas_009425,1,44.25,414.0,1.0,0.0,12.0,41.04,11
saas_002872,1,30.89,4.0,7.0,0.0,7.0,45.37,5
saas_003030,0,56.76,17.0,8.0,1.0,7.0,59.9,19
saas_001645,1,4.64,21.0,12.0,1.0,7.0,17.88,7
saas_003417,1,66.48,82.0,14.0,0.0,12.0,43.7,5
saas_003476,0,23.91,1.0,3.0,0.0,7.0,33.98,24
saas_009552,0,22.93,1156.0,21.0,0.0,11.0,23.86,26
saas_001792,0,79.38,30.0,24.0,0.0,20.0,41.23,3
saas_003797,1,16.76,4.0,9.0,0.0,8.0,44.25,25
saas_003368,0,32.72,31.0,3.0,2.0,9.0,26.69,12
saas_007196,1,49.9,8.0,9.0,1.0,7.0,60.8,21
saas_009641,1,6.88,11.0,14.0,1.0,9.0,25.37,7
saas_005109,0,50.77,50.0,8.0,1.0,9.0,27.76,25
saas_006024,0,19.97,2.0,33.0,2.0,13.0,19.51,29
saas_008795,1,54.84,159.0,3.0,2.0,3.0,42.21,20
saas_009294,0,70.94,3.0,7.0,0.0,7.0,46.96,7
saas_000126,0,36.07,180.0,52.0,0.0,4.0,60.34,18
saas_005959,0,56.35,129.0,3.0,2.0,9.0,37.83,25
saas_003876,0,4.53,3.0,6.0,0.0,13.0,21.96,20
saas_004451,1,50.25,13.0,1.0,0.0,5.0,39.95,6
saas_007147,1,0.45,46.0,8.0,0.0,5.0,0.13,2
saas_003531,0,23.16,15.0,17.0,2.0,10.0,20.56,9
saas_000827,1,46.59,16.0,1.0,1.0,15.0,43.91,23
saas_007790,1,28.35,10.0,8.0,1.0,7.0,35.08,3
saas_000984,1,0.45,35.0,11.0,0.0,11.0,39.68,2
saas_007783,0,30.55,14.0,2.0,0.0,8.0,39.49,10
saas_002443,0,15.37,60.0,6.0,2.0,8.0,22.71,14
saas_008554,1,32.68,153.0,5.0,1.0,8.0,12.78,27
saas_000345,1,16.08,1.0,44.0,0.0,10.0,21.23,10
saas_000814,0,39.18,7.0,38.0,0.0,8.0,12.99,27
saas_006166,1,5.46,54.0,1.0,0.0,5.0,28.33,18
saas_005779,1,19.86,8.0,8.0,2.0,9.0,5.4,17
saas_002116,0,5.71,22.0,48.0,2.0,7.0,13.6,23
saas_000793,1,23.81,36.0,29.0,1.0,4.0,26.5,16
saas_006898,0,48.99,4.0,4.0,1.0,10.0,17.98,9
saas_002674,1,46.29,14.0,17.0,1.0,10.0,17.66,7
saas_000094,1,87.13,1.0,3.0,1.0,10.0,46.12,8
saas_004225,1,1.69,37.0,1.0,0.0,5.0,22.35,9
saas_003756,1,20.98,14.0,10.0,0.0,5.0,28.17,2
saas_002891,1,29.76,37.0,5.0,1.0,8.0,47.41,8
saas_002371,1,32.44,14.0,12.0,0.0,11.0,44.36,15
saas_009388,0,9.56,35.0,14.0,1.0,10.0,26.44,4
saas_003228,0,13.61,50.0,4.0,0.0,7.0,36.54,22
saas_007863,1,36.16,11.0,20.0,1.0,6.0,43.14,9
saas_006359,1,13.45,5.0,6.0,0.0,8.0,8.02,24
saas_009196,0,58.17,2.0,8.0,0.0,4.0,35.19,19
saas_007326,0,50.21,55.0,27.0,1.0,6.0,34.24,3
saas_006028,0,62.54,72.0,6.0,1.0,7.0,47.46,6
saas_001865,0,16.43,25.0,9.0,0.0,6.0,44.2,12
saas_004612,1,31.98,10.0,40.0,1.0,9.0,8.72,12
saas_002645,0,98.94,15.0,11.0,1.0,9.0,64.92,26
saas_002243,1,45.18,82.0,15.0,0.0,5.0,29.13,12
saas_005373,1,27.82,7.0,5.0,1.0,8.0,35.26,28
saas_002336,0,37.49,1275.0,4.0,1.0,10.0,30.17,14
saas_000950,1,33.36,1.0,17.0,1.0,12.0,20.57,10
saas_001120,0,39.95,39.0,16.0,1.0,5.0,36.6,8
saas_002204,0,69.89,101.0,3.0,1.0,13.0,60.63,17
saas_000419,0,32.9,152.0,10.0,1.0,9.0,26.97,1
saas_000922,0,27.32,24.0,1.0,2.0,5.0,26.56,24
saas_008669,0,22.64,21.0,21.0,0.0,9.0,27.62,9
saas_005408,0,69.97,3.0,3.0,0.0,11.0,59.27,26
saas_005788,1,41.58,6.0,18.0,1.0,9.0,59.45,20
saas_005742,0,21.85,48.0,10.0,0.0,5.0,28.75,6
saas_007667,1,61.95,7.0,8.0,0.0,18.0,61.03,29
saas_005567,1,9.45,3.0,6.0,0.0,6.0,28.87,15
saas_008135,1,19.64,53.0,6.0,0.0,6.0,3.17,3
saas_001202,1,0.45,37.0,3.0,1.0,7.0,14.32,16
saas_005765,0,44.76,24.0,7.0,2.0,5.0,22.83,6
saas_008389,1,45.09,147.0,13.0,2.0,9.0,45.5,13
saas_001970,1,45.18,14.0,1.0,0.0,4.0,28.56,13
saas_004018,1,59.18,12.0,6.0,1.0,8.0,38.75,24
saas_003687,1,70.09,38.0,1.0,1.0,7.0,46.7,15
saas_001997,1,2.78,17.0,10.0,1.0,9.0,20.15,13
saas_004033,1,41.59,49.0,33.0,2.0,10.0,49.5,6
saas_001248,0,33.11,15.0,50.0,2.0,5.0,23.49,20
saas_002192,1,4.1,4.0,27.0,0.0,9.0,17.24,6
saas_002712,0,44.25,17.0,17.0,1.0,8.0,52.91,18
saas_002190,1,40.33,59.0,1.0,0.0,5.0,31.17,2
saas_004670,1,29.73,1.0,4.0,2.0,5.0,27.84,27
saas_005142,0,54.96,9.0,10.0,0.0,8.0,37.37,9
saas_005984,0,24.32,1.0,3.0,2.0,13.0,1.42,5
saas_006565,0,22.13,48.0,46.0,0.0,6.0,29.56,14
saas_007804,1,9.07,2.0,19.0,0.0,12.0,20.33,29
saas_006943,0,50.25,34.0,1.0,0.0,5.0,49.96,3
saas_002136,1,24.22,29.0,15.0,2.0,5.0,42.83,25
saas_001065,0,6.39,18.0,3.0,0.0,9.0,10.88,24
saas_000600,1,14.82,43.0,11.0,1.0,6.0,24.89,25
saas_004227,0,71.39,374.0,17.0,1.0,9.0,39.55,1
saas_007577,0,0.0,19.0,15.0,0.0,6.0,16.1,5
saas_000077,0,42.32,25.0,3.0,0.0,5.0,12.11,8
saas_007546,1,36.06,31.0,2.0,0.0,5.0,51.9,12
saas_002898,1,20.85,5.0,5.0,1.0,7.0,19.14,8
saas_004820,0,11.27,9.0,12.0,0.0,7.0,26.29,15
saas_009302,1,6.31,35.0,1.0,0.0,11.0,12.1,1
saas_006413,1,31.96,12.0,5.0,2.0,7.0,42.84,5
saas_009064,0,28.4,7.0,1.0,2.0,16.0,14.94,24
saas_008007,0,4.81,6.0,1.0,2.0,12.0,19.63,9
saas_005468,1,52.47,35.0,49.0,0.0,8.0,35.25,21
saas_005951,0,16.94,57.0,7.0,1.0,9.0,19.6,7
saas_003391,0,7.38,1.0,19.0,0.0,8.0,16.16,27
saas_005415,1,50.17,1.0,4.0,0.0,4.0,21.97,9
saas_002560,1,70.24,34.0,7.0,0.0,6.0,46.69,13
saas_008162,1,64.68,3.0,4.0,0.0,9.0,34.31,12
saas_002635,0,60.05,122.0,48.0,1.0,12.0,42.34,11
saas_005256,0,35.62,41.0,6.0,0.0,8.0,27.95,26
saas_003530,1,24.6,208.0,21.0,0.0,8.0,48.8,12
saas_008567,1,55.08,21.0,4.0,0.0,8.0,33.58,29
saas_001908,1,17.96,9.0,13.0,1.0,8.0,19.1,1
saas_000235,0,16.36,7.0,16.0,1.0,6.0,29.71,17
saas_001604,0,8.6,12.0,1.0,0.0,5.0,25.7,25
saas_007984,0,56.42,34.0,15.0,1.0,8.0,52.1,14
saas_003490,0,42.58,3.0,5.0,1.0,14.0,54.99,10
saas_001994,0,20.77,22.0,1.0,0.0,4.0,35.22,8
saas_002824,1,17.85,20.0,41.0,2.0,4.0,36.0,14
saas_009285,0,52.07,25.0,8.0,1.0,7.0,28.31,8
saas_001342,0,0.0,38.0,8.0,0.0,6.0,0.0,13
saas_008512,1,29.91,12.0,8.0,0.0,7.0,27.49,11
saas_001619,0,29.77,6.0,15.0,1.0,9.0,21.19,26
saas_005287,0,26.11,6.0,16.0,2.0,12.0,14.02,26
saas_002060,0,28.59,2.0,11.0,0.0,14.0,27.68,28
saas_009955,1,72.82,270.0,33.0,1.0,6.0,50.99,18
saas_002219,0,49.97,2.0,5.0,0.0,4.0,20.42,2
saas_006038,0,23.61,5.0,9.0,0.0,10.0,11.59,3
saas_000260,0,0.13,14.0,38.0,0.0,12.0,31.9,4
saas_009365,1,34.92,1.0,21.0,1.0,3.0,41.79,8
saas_009093,1,33.97,1.0,3.0,1.0,9.0,53.84,17
saas_003744,1,36.36,1338.0,14.0,1.0,10.0,34.34,5
saas_002026,0,65.99,46.0,7.0,1.0,4.0,43.1,18
saas_006988,0,27.94,7.0,10.0,0.0,7.0,37.67,9
saas_004234,0,50.01,126.0,4.0,1.0,12.0,48.24,4
saas_001917,1,55.68,93.0,10.0,1.0,8.0,34.86,4
saas_001828,1,35.85,5.0,14.0,0.0,9.0,66.06,28
saas_006233,1,15.58,302.0,4.0,0.0,7.0,43.11,1
saas_009332,0,49.36,25.0,1.0,0.0,9.0,46.81,18
saas_006283,1,13.07,3.0,6.0,0.0,4.0,24.85,17
saas_004208,0,12.68,108.0,8.0,0.0,4.0,23.37,2
saas_000224,1,57.04,23.0,19.0,0.0,9.0,51.06,2
saas_008915,1,36.66,15.0,11.0,0.0,8.0,26.3,9
saas_006469,1,36.15,178.0,14.0,1.0,3.0,29.34,5
saas_009413,0,55.09,2.0,29.0,0.0,7.0,43.17,6
saas_000846,0,20.87,2364.0,19.0,2.0,4.0,37.79,15
saas_004289,1,16.76,37.0,18.0,2.0,14.0,8.94,24
saas_005560,1,18.02,229.0,10.0,2.0,13.0,15.55,1
saas_002551,1,20.63,17.0,21.0,0.0,14.0,20.45,8
saas_000117,1,57.33,20.0,28.0,1.0,3.0,24.85,15
saas_008837,0,20.3,10.0,4.0,0.0,6.0,33.93,25
saas_005966,1,48.64,6.0,7.0,0.0,10.0,43.55,5
saas_008195,0,1.22,7.0,1.0,2.0,12.0,9.66,19
saas_008659,1,15.64,56.0,1.0,2.0,11.0,24.29,2
saas_007489,0,55.35,15.0,2.0,0.0,6.0,23.3,1
saas_000005,1,0.45,2.0,2.0,0.0,13.0,25.51,5
saas_005342,1,41.83,24.0,10.0,0.0,9.0,14.58,6
saas_009111,1,49.12,69.0,24.0,1.0,9.0,37.75,26
saas_004324,1,35.01,4.0,1.0,0.0,10.0,52.25,18
saas_001063,0,15.61,109.0,1.0,0.0,6.0,22.62,16
saas_002590,1,29.03,5.0,7.0,1.0,9.0,19.66,13
saas_008434,0,9.99,31.0,2.0,1.0,9.0,23.54,1
saas_003735,1,22.1,10.0,23.0,2.0,9.0,31.28,5
saas_003517,0,69.1,18.0,45.0,0.0,10.0,44.34,12
saas_006986,1,8.0,3.0,30.0,2.0,11.0,8.18,4
saas_006767,0,68.55,18.0,14.0,0.0,7.0,49.03,29
saas_005622,0,84.9,54.0,1.0,0.0,3.0,45.42,22
saas_001605,0,8.13,154.0,22.0,1.0,11.0,10.88,3
saas_001733,1,14.49,2.0,10.0,2.0,7.0,5.06,15
saas_009341,1,44.6,25.0,16.0,2.0,11.0,13.45,29
saas_003812,0,66.36,9.0,6.0,2.0,11.0,38.5,25
saas_009624,0,2.2,17.0,7.0,0.0,10.0,13.7,29
saas_001761,1,0.45,6.0,25.0,2.0,6.0,0.0,1
saas_005401,1,19.95,60.0,17.0,1.0,8.0,43.1,5
saas_002739,1,96.0,162.0,13.0,2.0,7.0,64.81,11
saas_002472,1,19.12,32.0,32.0,1.0,11.0,0.0,19
saas_006738,0,35.28,8.0,15.0,2.0,7.0,25.52,1
saas_006891,0,0.71,11.0,35.0,0.0,8.0,39.61,3
saas_007943,1,16.99,27.0,4.0,0.0,14.0,13.26,22
saas_004206,0,0.0,20.0,43.0,1.0,4.0,20.56,21
saas_006371,0,0.0,483.0,13.0,1.0,9.0,28.51,23
saas_000232,1,21.3,32.0,9.0,0.0,8.0,30.88,13
saas_008258,1,30.03,26.0,3.0,2.0,8.0,19.39,17
saas_007561,0,0.0,8.0,1.0,0.0,10.0,1.7,10
saas_006168,1,10.36,18.0,37.0,1.0,7.0,15.94,25
saas_003596,0,0.0,10.0,24.0,0.0,10.0,19.44,8
saas_006288,1,32.61,22.0,50.0,1.0,3.0,54.04,18
saas_004632,1,10.08,5.0,2.0,2.0,6.0,41.54,24
saas_000125,0,64.55,34.0,14.0,1.0,8.0,63.73,22
saas_007641,0,13.97,72.0,13.0,0.0,7.0,15.03,28
saas_006229,0,10.57,16.0,23.0,2.0,5.0,38.07,18
saas_001296,1,12.75,1.0,25.0,0.0,6.0,33.65,8
saas_001976,1,2.13,1.0,30.0,0.0,9.0,11.29,17
saas_009480,0,40.38,13.0,2.0,0.0,6.0,18.97,19
saas_009581,1,27.96,3.0,17.0,2.0,8.0,21.0,15
saas_005750,1,5.44,35.0,18.0,1.0,10.0,18.22,8
saas_008152,0,21.04,6.0,24.0,1.0,10.0,29.24,3
saas_003086,1,39.35,3.0,5.0,1.0,8.0,39.8,30
saas_009276,0,57.46,15.0,21.0,0.0,7.0,33.38,27
saas_006882,1,27.82,66.0,18.0,1.0,10.0,42.46,3
saas_009305,0,2.88,21.0,2.0,0.0,10.0,27.66,26
saas_007673,0,11.84,8.0,9.0,0.0,6.0,14.25,14
saas_003345,0,40.51,14.0,9.0,2.0,8.0,33.75,26
saas_008172,0,23.34,12.0,7.0,0.0,6.0,23.85,22
saas_009421,1,30.88,12.0,16.0,2.0,7.0,26.14,11
saas_005870,1,16.17,26.0,29.0,1.0,9.0,21.18,17
saas_006506,1,7.99,8.0,2.0,1.0,9.0,0.1,28
saas_002797,0,0.0,13.0,52.0,0.0,5.0,0.0,25
saas_000918,0,8.13,155.0,8.0,0.0,5.0,44.81,19
saas_001646,1,3.31,16.0,23.0,1.0,7.0,32.84,4
saas_005122,0,9.3,12.0,3.0,0.0,7.0,22.17,18
saas_005126,0,76.96,41.0,20.0,0.0,8.0,43.74,2
saas_004621,0,56.48,18.0,17.0,0.0,7.0,30.5,24
saas_006809,0,12.56,11.0,37.0,0.0,2.0,33.45,15
saas_000364,0,47.2,16.0,7.0,0.0,8.0,31.48,14
saas_002125,0,40.66,26.0,45.0,0.0,7.0,28.6,30
saas_008150,0,16.58,36.0,23.0,1.0,7.0,15.76,26
saas_008717,0,61.94,169.0,2.0,0.0,7.0,21.58,24
saas_000055,0,16.88,7.0,11.0,0.0,7.0,47.0,9
saas_000638,1,26.13,47.0,11.0,2.0,9.0,30.83,13
saas_000302,0,43.99,73.0,20.0,0.0,7.0,33.9,13
saas_005811,1,14.69,40.0,23.0,0.0,5.0,35.34,2
saas_001276,1,30.72,8.0,17.0,0.0,7.0,39.75,8
saas_004432,1,0.45,44.0,3.0,0.0,7.0,9.57,30
saas_003644,1,28.53,13.0,52.0,1.0,8.0,33.82,1
saas_004143,1,36.0,11.0,13.0,0.0,8.0,31.01,7
saas_002878,0,10.58,5.0,4.0,0.0,10.0,4.74,22
saas_006493,1,15.23,18.0,10.0,0.0,7.0,24.34,25
saas_005240,0,13.91,71.0,1.0,2.0,3.0,23.11,17
saas_009408,0,33.16,195.0,5.0,0.0,6.0,15.58,27
saas_006937,1,0.45,8.0,1.0,2.0,7.0,11.27,14
saas_007240,0,54.42,104.0,2.0,2.0,5.0,52.28,17
saas_002593,0,17.63,58.0,18.0,1.0,8.0,46.43,20
saas_002393,0,22.35,31.0,19.0,0.0,12.0,21.8,3
saas_000523,0,51.71,15.0,10.0,0.0,2.0,34.38,18
saas_006376,0,10.04,1.0,3.0,2.0,14.0,19.31,17
saas_006981,1,0.45,8.0,10.0,0.0,6.0,26.44,29
saas_006677,0,13.26,11.0,30.0,1.0,4.0,28.81,14
saas_003900,0,0.0,52.0,31.0,1.0,10.0,25.97,2
saas_009634,1,4.67,44.0,7.0,0.0,6.0,17.51,2
saas_005585,0,16.35,25.0,17.0,0.0,6.0,29.96,22
saas_009360,1,65.04,11.0,1.0,0.0,9.0,41.48,12
saas_007956,0,29.91,16.0,24.0,0.0,13.0,34.2,27
saas_007570,0,0.0,1.0,14.0,0.0,8.0,0.0,9
saas_006777,1,13.6,17.0,33.0,0.0,9.0,16.1,13
saas_000671,1,16.96,30.0,54.0,1.0,5.0,40.59,11
saas_004188,0,47.75,6.0,6.0,0.0,9.0,46.83,12
saas_000666,1,54.0,1.0,7.0,0.0,5.0,57.27,5
saas_003266,0,32.35,1.0,23.0,0.0,8.0,22.83,4
saas_001887,1,25.26,27.0,3.0,1.0,4.0,36.28,17
saas_008472,0,0.0,31.0,17.0,1.0,7.0,20.41,3
saas_009091,0,37.34,26.0,2.0,0.0,7.0,26.25,27
saas_007687,1,58.98,42.0,4.0,2.0,7.0,39.49,14
saas_006031,0,55.46,227.0,12.0,0.0,4.0,52.8,11
saas_006090,0,0.0,27.0,7.0,0.0,6.0,0.0,25
saas_006238,0,56.58,4.0,8.0,0.0,10.0,38.42,16
saas_007350,0,22.64,156.0,2.0,0.0,9.0,35.95,10
saas_007830,0,77.47,447.0,11.0,2.0,4.0,66.4,3
saas_000760,0,11.38,130.0,3.0,0.0,6.0,16.87,5
saas_006254,0,47.0,27.0,5.0,1.0,4.0,28.6,12
saas_001906,0,0.0,21.0,1.0,0.0,4.0,0.0,13
saas_003818,0,16.83,208.0,17.0,0.0,4.0,28.36,19
saas_006269,0,0.0,14.0,6.0,0.0,6.0,1.12,15
saas_004300,0,47.93,10.0,17.0,0.0,10.0,26.15,5
saas_005569,0,65.63,26.0,9.0,0.0,5.0,41.78,4
saas_007941,0,23.2,44.0,4.0,2.0,6.0,47.62,24
saas_004164,1,16.96,14.0,3.0,0.0,11.0,15.35,29
saas_005971,0,32.03,26.0,3.0,1.0,13.0,22.34,10
saas_003579,0,34.67,2.0,12.0,1.0,4.0,31.22,28
saas_002832,0,13.24,86.0,1.0,0.0,11.0,25.25,22
saas_005449,0,33.11,25.0,7.0,0.0,12.0,17.56,3
saas_003472,0,23.44,103.0,9.0,1.0,8.0,10.74,9
saas_006327,1,14.84,10.0,1.0,1.0,8.0,28.66,29
saas_000137,1,22.71,70.0,5.0,2.0,8.0,32.73,10
saas_007043,1,49.49,414.0,11.0,2.0,4.0,55.76,24
saas_004892,1,0.45,3.0,9.0,2.0,14.0,23.46,23
saas_002180,1,11.26,483.0,16.0,1.0,7.0,19.46,29
saas_007730,0,67.39,12.0,6.0,0.0,4.0,47.43,8
saas_003177,0,59.95,26.0,8.0,1.0,7.0,35.55,8
saas_004854,1,28.35,14.0,6.0,0.0,9.0,39.15,5
saas_004637,0,61.8,4.0,5.0,1.0,7.0,32.46,21
saas_005115,0,2.09,48.0,8.0,1.0,11.0,17.1,8
saas_007648,1,0.45,16.0,30.0,1.0,11.0,0.0,25
saas_004261,0,1.38,107.0,18.0,0.0,8.0,5.95,3
saas_001331,1,24.66,4.0,1.0,1.0,7.0,32.0,5
saas_007002,0,0.0,6.0,10.0,0.0,12.0,19.53,12
saas_006941,1,5.08,1.0,1.0,1.0,3.0,0.0,8
saas_008017,0,35.92,112.0,5.0,0.0,14.0,22.64,9
saas_006241,1,30.19,19.0,8.0,0.0,8.0,21.94,13
saas_009987,1,25.41,31.0,34.0,0.0,9.0,17.95,6
saas_006881,0,58.6,14.0,1.0,2.0,11.0,29.95,12
saas_004530,1,31.78,78.0,21.0,1.0,6.0,35.15,18
saas_004673,1,10.01,25.0,24.0,2.0,7.0,18.09,14
saas_006996,0,56.06,12.0,22.0,1.0,7.0,49.79,17
saas_001252,0,46.26,6.0,3.0,1.0,11.0,28.47,10
saas_003374,0,36.17,19.0,8.0,0.0,9.0,45.71,17
saas_002814,0,56.41,20.0,1.0,1.0,3.0,34.94,15
saas_004719,0,40.36,25.0,6.0,1.0,4.0,46.43,6
saas_006544,0,0.0,10.0,2.0,0.0,11.0,13.97,23
saas_004858,1,0.45,9.0,24.0,2.0,12.0,0.0,25
saas_007901,0,46.42,71.0,10.0,0.0,8.0,33.16,27
saas_008580,1,21.64,1.0,1.0,0.0,13.0,0.04,9
saas_008427,0,8.0,24.0,39.0,0.0,9.0,34.69,11
saas_001077,0,37.27,1358.0,14.0,2.0,10.0,26.0,4
saas_004363,1,0.45,8.0,90.0,0.0,13.0,11.56,5
saas_000770,0,14.98,268.0,40.0,0.0,7.0,30.75,26
saas_008865,1,16.86,19.0,7.0,1.0,10.0,26.22,6
saas_000249,0,63.68,3.0,3.0,0.0,12.0,26.95,16
saas_007239,0,0.0,13.0,4.0,1.0,11.0,16.14,11
saas_003419,0,80.85,126.0,14.0,1.0,12.0,50.47,5
saas_004976,1,19.57,25.0,6.0,1.0,8.0,17.58,10
saas_004544,1,40.43,46.0,46.0,0.0,14.0,8.65,23
saas_005565,1,44.41,43.0,51.0,1.0,11.0,41.63,23
saas_007939,0,19.92,63.0,1.0,1.0,5.0,25.71,3
saas_000716,1,25.88,1.0,14.0,0.0,9.0,25.67,26
saas_009652,0,45.97,60.0,3.0,0.0,12.0,31.47,1
saas_002048,1,0.45,23.0,35.0,0.0,5.0,6.19,17
saas_005997,0,74.29,225.0,2.0,1.0,1.0,53.61,1
saas_006600,0,5.13,75.0,7.0,1.0,5.0,23.07,8
saas_007245,1,24.98,40.0,6.0,0.0,3.0,26.71,27
saas_004178,0,23.47,1.0,8.0,0.0,9.0,18.31,11
saas_004809,0,15.91,18.0,5.0,1.0,8.0,10.93,17
saas_009482,0,72.75,18.0,23.0,1.0,9.0,23.54,1
saas_007140,0,71.63,2.0,24.0,0.0,7.0,20.95,20
saas_007190,1,22.23,9.0,7.0,1.0,4.0,33.1,7
saas_001460,1,10.78,85.0,25.0,0.0,12.0,6.61,1
saas_005989,1,19.15,9.0,11.0,0.0,5.0,31.06,21
saas_002000,1,19.71,10.0,8.0,1.0,11.0,39.04,4
saas_008175,0,0.0,3.0,6.0,0.0,6.0,7.09,6
saas_000404,0,37.73,43.0,21.0,2.0,8.0,32.9,16
saas_000384,0,29.49,1.0,9.0,0.0,8.0,32.29,2
saas_009448,0,10.13,5.0,19.0,2.0,11.0,31.87,7
saas_009487,0,7.14,4.0,21.0,1.0,10.0,25.94,12
saas_001633,1,0.45,19.0,14.0,1.0,3.0,0.0,24
saas_009853,0,18.97,46.0,20.0,1.0,4.0,20.97,22
saas_004784,1,7.88,22.0,7.0,0.0,13.0,45.31,12
saas_009456,1,11.42,10.0,1.0,1.0,5.0,20.96,29
saas_006970,1,1.93,27.0,4.0,1.0,6.0,36.03,9
saas_003925,0,8.27,76.0,7.0,2.0,10.0,26.74,23
saas_004158,1,11.26,97.0,14.0,0.0,10.0,20.54,19
saas_007449,0,63.46,20.0,5.0,1.0,7.0,33.24,12
saas_008415,1,23.68,12.0,15.0,1.0,9.0,8.54,11
saas_002193,0,1.32,21.0,7.0,1.0,12.0,6.24,26
saas_001015,0,96.85,4.0,49.0,2.0,10.0,54.87,19
saas_005124,1,1.49,9.0,1.0,0.0,8.0,11.3,4
saas_007418,0,0.0,12.0,26.0,0.0,9.0,10.18,14
saas_007409,0,50.64,28.0,10.0,0.0,8.0,35.1,10
saas_008989,1,0.45,3.0,8.0,2.0,6.0,23.72,15
saas_002871,0,0.0,7.0,1.0,1.0,3.0,20.96,18
saas_000009,1,21.69,5.0,33.0,2.0,8.0,21.06,17
saas_001838,0,2.62,184.0,18.0,0.0,9.0,29.65,18
saas_004804,1,32.63,10.0,6.0,2.0,8.0,24.62,26
saas_000255,1,49.43,64.0,41.0,0.0,6.0,45.93,5
saas_007026,1,11.99,139.0,3.0,0.0,5.0,31.43,18
saas_005713,0,28.37,949.0,5.0,0.0,12.0,21.93,12
saas_003324,1,13.78,78.0,19.0,1.0,14.0,30.93,23
saas_007714,1,31.54,6.0,8.0,0.0,8.0,19.09,16
saas_001581,1,32.8,15.0,1.0,1.0,9.0,58.28,18
saas_000924,1,34.63,15.0,20.0,1.0,12.0,10.45,9
saas_002779,0,62.19,4.0,37.0,0.0,8.0,28.93,28
saas_007891,1,42.89,9.0,6.0,1.0,10.0,30.87,25
saas_006132,0,7.26,76.0,34.0,0.0,11.0,25.45,9
saas_005320,1,27.15,56.0,1.0,0.0,11.0,19.95,19
saas_007312,1,36.26,20.0,14.0,0.0,12.0,27.15,9
saas_007102,1,7.41,47.0,10.0,2.0,10.0,22.65,18
saas_006042,1,45.43,2.0,16.0,0.0,6.0,30.57,17
saas_003775,1,76.35,4.0,28.0,0.0,12.0,63.2,19
saas_004835,1,64.9,6.0,2.0,0.0,7.0,52.27,25
saas_004964,0,24.5,7.0,19.0,0.0,9.0,28.55,22
saas_000539,1,31.77,6.0,1.0,0.0,7.0,24.09,16
saas_007483,0,0.0,1.0,24.0,1.0,4.0,7.55,3
saas_002745,1,4.14,114.0,22.0,0.0,7.0,33.64,5
saas_003719,0,61.77,30.0,1.0,1.0,9.0,34.7,18
saas_006819,0,26.74,7.0,2.0,0.0,8.0,37.96,29
saas_009337,0,42.26,5.0,16.0,1.0,9.0,42.58,17
saas_004468,1,43.73,765.0,4.0,0.0,7.0,33.33,5
saas_000667,0,56.53,41.0,34.0,1.0,9.0,62.12,12
saas_007575,0,33.55,15.0,1.0,2.0,9.0,18.89,28
saas_008549,0,61.16,309.0,3.0,2.0,8.0,40.17,4
saas_005063,0,24.86,14.0,9.0,2.0,9.0,25.69,18
saas_001353,0,41.96,34.0,15.0,2.0,8.0,30.67,16
saas_007114,0,0.0,2.0,1.0,0.0,8.0,0.68,17
saas_009773,1,0.45,43.0,17.0,2.0,4.0,15.56,26
saas_008662,0,59.83,26.0,27.0,2.0,10.0,47.11,29
saas_002703,0,0.0,119.0,9.0,1.0,9.0,17.33,14
saas_003330,1,35.23,20.0,26.0,1.0,7.0,49.86,26
saas_008053,1,13.43,46.0,1.0,1.0,8.0,17.67,15
saas_003584,1,64.31,31.0,18.0,0.0,9.0,51.81,22
saas_009441,1,33.38,2.0,2.0,2.0,7.0,18.17,18
saas_005645,0,56.96,1.0,15.0,1.0,7.0,32.46,22
saas_003376,0,39.45,51.0,27.0,1.0,9.0,59.05,30
saas_001256,1,8.44,64.0,1.0,1.0,7.0,0.0,23
saas_006190,0,23.35,15.0,14.0,0.0,8.0,19.58,4
saas_005348,0,0.0,42.0,4.0,1.0,5.0,2.7,21
saas_004175,0,23.9,9.0,1.0,0.0,8.0,25.29,27
saas_004910,1,32.84,6.0,89.0,0.0,4.0,30.14,18
saas_001852,0,28.96,12.0,3.0,1.0,8.0,50.17,1
saas_006316,0,43.54,18.0,28.0,0.0,4.0,13.25,30
saas_009854,1,12.48,42.0,1.0,0.0,9.0,13.91,16
saas_002105,0,16.16,9.0,9.0,0.0,8.0,22.59,26
saas_000133,1,8.15,14.0,4.0,2.0,6.0,0.0,21
saas_005029,1,73.55,1.0,24.0,0.0,8.0,41.13,3
saas_000928,1,45.03,14.0,3.0,0.0,6.0,28.65,15
saas_000823,0,0.0,1.0,29.0,2.0,12.0,2.91,30
saas_007576,1,28.41,17.0,9.0,0.0,9.0,37.82,11
saas_001531,1,35.73,31.0,8.0,0.0,8.0,56.33,24
saas_001214,0,46.63,1.0,11.0,0.0,12.0,35.66,6
saas_000504,1,39.2,1.0,1.0,0.0,11.0,37.94,25
saas_006530,1,29.58,12.0,2.0,0.0,10.0,28.42,12
saas_003072,0,46.46,1.0,2.0,2.0,8.0,44.79,2
saas_009086,0,65.05,8.0,4.0,0.0,8.0,47.16,30
saas_008647,1,29.55,46.0,14.0,1.0,6.0,29.76,3
saas_006619,0,94.59,8.0,11.0,0.0,8.0,46.5,9
saas_009273,0,45.09,38.0,20.0,0.0,5.0,27.21,3
saas_003709,0,23.78,13.0,13.0,0.0,7.0,31.16,16
saas_004849,1,33.39,20.0,6.0,0.0,9.0,29.63,21
saas_004748,0,39.09,4.0,26.0,0.0,7.0,21.88,4
saas_004268,1,38.19,114.0,7.0,0.0,11.0,23.33,4
saas_009878,0,0.0,5.0,28.0,0.0,8.0,0.0,23
saas_008905,0,23.29,26.0,1.0,1.0,8.0,23.7,23
saas_004186,1,51.43,36.0,13.0,2.0,11.0,17.11,22
saas_005301,1,20.14,5.0,17.0,2.0,11.0,21.77,20
saas_002923,0,5.5,7.0,40.0,2.0,6.0,10.71,29
saas_006588,0,74.51,7.0,38.0,0.0,5.0,38.49,6
saas_001810,1,35.77,1.0,9.0,0.0,16.0,12.99,4
saas_003486,0,31.85,60.0,22.0,0.0,9.0,29.43,20
saas_007419,0,31.96,3.0,16.0,0.0,5.0,27.64,27
saas_003141,1,23.28,1896.0,2.0,1.0,6.0,13.28,11
saas_009347,1,63.77,20.0,3.0,1.0,15.0,36.79,12
saas_001324,0,3.25,28.0,2.0,1.0,7.0,7.77,10
saas_004312,0,18.01,21.0,13.0,0.0,6.0,24.76,8
saas_007494,1,35.97,3.0,1.0,2.0,3.0,38.43,10
saas_008702,1,0.45,20.0,2.0,1.0,9.0,2.91,6
saas_008691,1,25.44,12.0,17.0,1.0,9.0,19.17,26
saas_009503,0,13.75,310.0,1.0,2.0,6.0,22.1,18
saas_005541,0,34.32,35.0,6.0,2.0,7.0,42.68,1
saas_006172,0,64.97,12.0,6.0,0.0,16.0,58.22,23
saas_001540,1,38.06,13.0,4.0,1.0,10.0,37.42,23
saas_009409,1,14.63,2.0,9.0,0.0,3.0,11.98,24
saas_002681,1,15.65,14.0,3.0,0.0,9.0,0.0,12
saas_009882,1,30.04,7.0,4.0,0.0,12.0,4.17,5
saas_006313,1,17.46,45.0,6.0,1.0,11.0,34.46,27
saas_001191,0,17.12,91.0,24.0,0.0,9.0,20.37,20
saas_005293,0,21.23,766.0,1.0,0.0,12.0,25.65,22
saas_001542,1,19.63,28.0,1.0,1.0,9.0,21.12,19
saas_007056,1,2.65,1008.0,3.0,0.0,6.0,0.0,10
saas_002539,1,37.37,51.0,14.0,1.0,8.0,26.55,9
saas_000953,1,7.88,3.0,6.0,1.0,4.0,12.88,10
saas_007241,1,24.29,4.0,10.0,1.0,11.0,35.46,16
saas_006731,1,27.92,17.0,40.0,0.0,6.0,21.91,8
saas_004846,0,40.59,77.0,25.0,0.0,4.0,12.95,4
saas_006801,1,28.68,97.0,20.0,2.0,5.0,38.53,12
saas_008010,1,0.45,36.0,1.0,2.0,14.0,5.08,18
saas_004330,0,38.76,315.0,7.0,1.0,8.0,57.27,11
saas_008924,1,55.56,3.0,12.0,0.0,8.0,44.77,10
saas_005334,0,51.37,104.0,9.0,0.0,8.0,30.38,17
saas_007330,1,11.7,22.0,2.0,0.0,5.0,9.89,24
saas_009348,1,35.86,13.0,37.0,0.0,10.0,5.07,8
saas_004729,1,0.45,12.0,33.0,2.0,13.0,4.42,13
saas_006541,1,0.45,53.0,1.0,1.0,7.0,0.0,30
saas_005305,0,18.4,300.0,54.0,1.0,8.0,12.55,17
saas_005161,0,0.0,2.0,12.0,0.0,7.0,13.87,17
saas_007860,1,13.16,3.0,10.0,0.0,6.0,20.34,15
saas_002156,1,45.92,33.0,4.0,0.0,3.0,45.34,16
saas_001062,0,0.0,10.0,12.0,0.0,5.0,30.4,17
saas_001167,0,35.72,299.0,19.0,0.0,8.0,15.4,4
saas_003636,0,33.92,13.0,6.0,0.0,3.0,11.65,2
saas_007651,1,12.25,2.0,21.0,0.0,9.0,9.59,9
saas_005588,1,30.46,15.0,7.0,2.0,7.0,13.49,25
saas_007192,1,10.28,92.0,7.0,0.0,4.0,38.76,27
saas_004491,0,7.08,5.0,8.0,1.0,10.0,0.53,14
saas_007266,1,18.75,8.0,11.0,0.0,6.0,20.5,15
saas_004980,1,25.11,48.0,7.0,1.0,10.0,39.53,10
saas_008335,1,3.63,17.0,1.0,0.0,6.0,14.84,6
saas_009952,0,3.93,66.0,20.0,0.0,11.0,4.35,3
saas_004946,0,24.08,160.0,15.0,0.0,8.0,21.87,6
saas_002782,1,22.08,42.0,52.0,0.0,10.0,18.95,23
saas_000717,0,30.45,56.0,6.0,1.0,5.0,28.33,15
saas_002502,0,58.45,91.0,1.0,0.0,7.0,60.65,17
saas_004360,0,38.24,34.0,6.0,1.0,2.0,40.68,19
saas_004171,1,23.84,49.0,12.0,0.0,10.0,28.59,15
saas_008082,1,16.35,125.0,55.0,1.0,4.0,16.5,26
saas_009760,1,19.76,94.0,7.0,2.0,11.0,14.48,2
saas_000395,0,55.18,24.0,15.0,1.0,5.0,41.17,20
saas_007186,1,9.3,7.0,19.0,0.0,7.0,2.94,30
saas_009822,0,19.56,5.0,7.0,1.0,6.0,19.42,3
saas_004492,0,20.04,6.0,12.0,1.0,8.0,37.34,25
saas_001365,1,60.66,35.0,11.0,0.0,3.0,52.27,5
saas_009526,1,0.45,17.0,6.0,1.0,8.0,0.31,3
saas_008787,0,49.6,252.0,17.0,1.0,5.0,47.7,17
saas_005917,0,24.37,24.0,11.0,0.0,7.0,35.79,22
saas_004968,0,49.54,12.0,29.0,1.0,7.0,47.66,16
saas_002914,1,4.55,34.0,11.0,0.0,14.0,5.18,3
saas_005644,0,54.17,109.0,1.0,0.0,9.0,35.38,18
saas_003766,1,36.63,80.0,5.0,1.0,3.0,23.49,24
saas_003440,0,38.5,392.0,13.0,0.0,6.0,28.31,23
saas_007357,0,15.02,11.0,15.0,0.0,6.0,24.71,23
saas_006806,1,37.49,103.0,7.0,2.0,8.0,31.04,17
saas_002143,1,67.25,36.0,28.0,1.0,8.0,18.22,28
saas_005104,1,2.47,21.0,38.0,0.0,9.0,18.45,22
saas_005073,0,11.49,13.0,2.0,0.0,11.0,0.0,30
saas_001571,1,7.28,14.0,38.0,1.0,8.0,26.85,15
saas_004079,0,30.75,9.0,4.0,0.0,14.0,19.16,25
saas_001122,1,30.68,6.0,13.0,1.0,11.0,29.13,1
saas_002786,0,37.69,20.0,1.0,0.0,10.0,37.22,12
saas_002967,1,49.01,7.0,21.0,1.0,8.0,21.79,1
saas_002504,0,24.08,124.0,10.0,1.0,8.0,35.58,14
saas_005988,1,22.66,26.0,6.0,1.0,6.0,31.16,6
saas_008867,1,34.26,76.0,4.0,0.0,8.0,34.92,29
saas_007164,1,47.67,20.0,5.0,0.0,11.0,60.27,23
saas_000728,1,19.54,3.0,6.0,1.0,8.0,11.73,8
saas_007587,1,5.73,4.0,10.0,0.0,8.0,24.74,15
saas_007543,0,23.47,8.0,26.0,0.0,8.0,25.73,24
saas_000412,0,69.94,7.0,1.0,1.0,8.0,46.93,27
saas_005745,0,33.18,73.0,28.0,2.0,7.0,44.71,22
saas_007668,0,22.23,80.0,11.0,1.0,8.0,23.5,26
saas_000825,1,63.11,20.0,20.0,0.0,9.0,42.91,9
saas_003267,1,14.71,18.0,5.0,2.0,9.0,10.49,29
saas_003974,0,60.27,7.0,40.0,1.0,4.0,62.2,22
saas_008808,0,56.77,34.0,1.0,1.0,4.0,39.37,1
saas_008306,0,16.32,2.0,4.0,0.0,7.0,39.11,5
saas_000417,0,14.5,147.0,25.0,0.0,2.0,0.9,12
saas_006748,1,71.45,19.0,8.0,1.0,9.0,35.92,14
saas_008967,1,10.49,12.0,18.0,2.0,7.0,7.57,15
saas_002082,1,59.26,3.0,2.0,1.0,7.0,37.13,26
saas_008945,0,40.52,278.0,1.0,1.0,5.0,60.22,8
saas_003373,1,45.02,8.0,7.0,1.0,4.0,17.57,2
saas_005726,1,57.83,1.0,5.0,1.0,10.0,53.37,22
saas_004107,0,16.43,136.0,8.0,1.0,3.0,19.37,3
saas_004380,0,39.9,371.0,3.0,0.0,5.0,33.16,1
saas_007723,0,2.58,1.0,16.0,0.0,7.0,38.18,5
saas_001066,1,0.45,4.0,13.0,0.0,10.0,8.7,24
saas_003913,1,46.7,2.0,1.0,0.0,4.0,43.76,4
saas_005536,1,5.39,5.0,40.0,0.0,9.0,5.63,19
saas_008002,1,19.81,124.0,24.0,0.0,9.0,29.55,16
saas_005387,1,26.87,13.0,1.0,0.0,9.0,20.21,3
saas_005732,0,44.46,156.0,18.0,1.0,10.0,23.75,3
saas_002738,1,8.69,802.0,32.0,0.0,4.0,0.39,11
saas_005052,0,42.06,103.0,7.0,0.0,10.0,41.4,24
saas_004000,1,12.79,29.0,10.0,0.0,11.0,14.42,18
saas_002427,0,49.07,8.0,41.0,0.0,11.0,46.74,10
saas_006833,0,61.52,3.0,9.0,1.0,10.0,34.1,19
saas_001687,1,42.96,29.0,1.0,0.0,7.0,32.72,7
saas_000851,0,15.03,9.0,21.0,0.0,8.0,13.08,30
saas_006303,1,0.45,3.0,18.0,2.0,5.0,7.72,21
saas_009087,0,24.34,8.0,12.0,1.0,11.0,27.16,6
saas_005878,0,30.06,137.0,19.0,1.0,7.0,29.37,29
saas_008527,0,21.39,823.0,5.0,0.0,9.0,18.31,10
saas_002839,1,20.61,22.0,11.0,0.0,7.0,34.34,30
saas_004611,0,24.37,398.0,51.0,0.0,5.0,22.38,5
saas_009540,0,28.24,6.0,2.0,1.0,14.0,17.64,19
saas_009207,0,11.67,112.0,5.0,1.0,10.0,36.65,2
saas_002489,1,0.45,20.0,14.0,0.0,9.0,3.85,2
saas_006905,1,39.84,62.0,16.0,1.0,11.0,28.74,6
saas_007390,0,0.0,3.0,6.0,0.0,9.0,0.0,19
saas_002849,1,5.62,86.0,8.0,1.0,11.0,8.14,1
saas_006665,0,14.57,13.0,1.0,0.0,4.0,30.03,29
saas_005881,0,53.59,11.0,4.0,0.0,8.0,11.43,11
saas_004452,1,61.24,2.0,42.0,2.0,9.0,19.09,12
saas_007421,0,6.72,16.0,19.0,2.0,9.0,1.82,13
saas_006484,1,62.27,54.0,27.0,2.0,11.0,41.78,7
saas_002479,0,39.82,13.0,19.0,1.0,9.0,16.24,5
saas_006617,0,11.15,19.0,16.0,0.0,12.0,33.68,1
saas_002141,1,12.04,12.0,5.0,0.0,5.0,25.7,27
saas_005188,1,28.5,23.0,14.0,0.0,5.0,26.59,21
saas_009704,1,38.9,45.0,9.0,1.0,2.0,40.65,26
saas_002744,1,30.38,92.0,7.0,0.0,7.0,19.12,27
saas_007253,1,36.51,17.0,1.0,0.0,13.0,31.94,13
saas_003506,0,18.79,15.0,18.0,0.0,8.0,19.08,23
saas_001679,0,21.98,13.0,6.0,0.0,8.0,25.59,16
saas_004249,0,29.04,180.0,22.0,0.0,4.0,40.61,16
saas_003147,0,14.76,16.0,18.0,2.0,4.0,41.79,23
saas_008130,0,30.04,5.0,2.0,2.0,6.0,23.21,29
saas_007004,1,72.83,6.0,10.0,0.0,7.0,42.19,18
saas_000580,0,0.51,1.0,1.0,0.0,10.0,16.45,7
saas_004070,1,15.87,14.0,6.0,0.0,6.0,8.96,24
saas_003343,1,24.0,64.0,1.0,0.0,9.0,0.0,28
saas_007404,0,29.28,1348.0,16.0,1.0,9.0,23.71,3
saas_003672,1,8.03,47.0,90.0,0.0,7.0,0.0,15
saas_000559,1,16.24,5.0,17.0,1.0,12.0,29.33,10
saas_005237,1,62.98,33.0,25.0,0.0,7.0,29.92,5
saas_007805,0,2.51,72.0,3.0,1.0,5.0,31.09,25
saas_000512,1,61.2,23.0,14.0,0.0,6.0,42.91,14
saas_001081,0,21.79,16.0,2.0,0.0,9.0,17.04,11
saas_001664,0,0.0,119.0,11.0,0.0,9.0,25.03,13
saas_009204,0,55.49,9.0,1.0,2.0,9.0,36.77,22
saas_001931,0,3.17,10.0,11.0,2.0,6.0,25.78,6
saas_009666,1,62.83,6.0,25.0,0.0,6.0,27.97,4
saas_001150,0,45.04,26.0,2.0,0.0,11.0,17.28,9
saas_002838,1,35.91,120.0,12.0,0.0,6.0,48.99,28
saas_005949,0,41.74,2470.0,5.0,1.0,7.0,28.91,22
saas_008308,0,62.64,9.0,9.0,0.0,11.0,26.04,15
saas_008932,0,54.84,4.0,2.0,1.0,9.0,41.38,10
saas_009788,0,11.52,90.0,3.0,0.0,9.0,5.46,10
saas_005177,1,44.25,162.0,1.0,1.0,7.0,48.46,2
saas_000830,1,12.72,36.0,23.0,0.0,10.0,22.88,5
saas_008311,0,72.13,24.0,5.0,1.0,9.0,32.36,13
saas_004752,0,75.34,42.0,7.0,1.0,7.0,35.07,4
saas_009850,0,62.64,33.0,10.0,0.0,8.0,28.93,19
saas_000635,1,26.28,13.0,9.0,0.0,10.0,39.41,3
saas_004465,1,15.06,45.0,16.0,1.0,7.0,43.48,25
saas_006799,1,20.86,196.0,14.0,0.0,5.0,23.06,9
saas_007987,0,28.64,18.0,21.0,1.0,3.0,37.12,23
saas_007079,0,13.33,33.0,1.0,0.0,7.0,0.0,7
saas_006966,0,47.23,175.0,29.0,1.0,12.0,26.91,29
saas_004142,0,13.18,30.0,1.0,0.0,9.0,3.65,10
saas_007027,1,0.45,26.0,17.0,2.0,5.0,15.71,21
saas_009183,1,43.79,211.0,5.0,0.0,10.0,24.82,2
saas_000876,1,29.42,19.0,6.0,1.0,10.0,33.41,19
saas_004869,1,0.45,23.0,61.0,0.0,7.0,13.75,20
saas_005315,1,27.78,100.0,6.0,2.0,8.0,37.9,3
saas_005222,0,24.86,153.0,10.0,2.0,11.0,14.28,15
saas_000004,1,84.6,1.0,4.0,0.0,5.0,44.52,29
saas_003051,1,36.05,4.0,1.0,1.0,5.0,26.34,19
saas_005691,0,43.11,11.0,9.0,0.0,7.0,26.74,28
saas_003124,0,26.62,28.0,13.0,1.0,8.0,33.52,18
saas_002491,1,26.25,7.0,34.0,0.0,9.0,60.67,20
saas_003854,0,71.02,23.0,7.0,0.0,7.0,22.91,22
saas_004777,0,3.74,2.0,12.0,0.0,8.0,9.63,24
saas_007509,0,8.96,6.0,72.0,1.0,10.0,4.93,1
saas_006457,1,22.53,29.0,9.0,0.0,7.0,0.0,11
saas_006293,0,0.0,8.0,23.0,0.0,9.0,0.0,6
saas_001148,0,40.59,92.0,8.0,2.0,9.0,23.78,18
saas_000574,0,0.0,26.0,25.0,1.0,6.0,17.44,2
saas_003769,0,47.68,61.0,36.0,1.0,8.0,47.91,24
saas_004146,1,48.69,23.0,26.0,0.0,5.0,26.46,2
saas_000853,1,34.02,21.0,19.0,1.0,11.0,26.53,6
saas_005919,1,1.75,12.0,9.0,1.0,13.0,10.18,12
saas_009358,0,32.98,35.0,4.0,0.0,9.0,20.92,24
saas_006614,0,56.75,251.0,2.0,1.0,8.0,30.9,16
saas_006002,0,12.37,73.0,14.0,0.0,17.0,15.05,2
saas_009163,0,18.44,12.0,1.0,0.0,3.0,24.59,21
saas_004495,1,14.75,2.0,11.0,0.0,5.0,20.36,15
saas_008173,0,6.51,17.0,1.0,0.0,10.0,19.76,13
saas_006655,1,59.22,157.0,1.0,0.0,11.0,50.73,4
saas_002368,0,25.47,5.0,9.0,0.0,9.0,28.53,15
saas_004780,0,52.36,11.0,41.0,1.0,8.0,36.51,24
saas_007992,1,15.24,1080.0,8.0,0.0,16.0,29.37,4
saas_002950,0,33.98,3.0,9.0,0.0,5.0,15.41,13
saas_005625,0,0.0,126.0,12.0,2.0,6.0,0.0,12
saas_006971,0,46.92,170.0,20.0,1.0,8.0,40.8,9
saas_008716,1,9.22,8.0,4.0,2.0,10.0,12.01,10
saas_001841,0,76.7,20.0,1.0,1.0,4.0,42.19,26
saas_005986,0,26.38,15.0,11.0,0.0,12.0,38.84,16
saas_000537,0,13.29,112.0,22.0,0.0,8.0,39.33,23
saas_002806,0,30.08,267.0,11.0,1.0,8.0,50.1,1
saas_005801,0,23.79,2.0,40.0,1.0,11.0,23.29,14
saas_005596,0,2.46,15.0,79.0,1.0,6.0,4.89,30
saas_007206,1,16.45,139.0,1.0,0.0,6.0,39.99,29
saas_007343,1,57.17,21.0,5.0,0.0,8.0,41.45,5
saas_007560,0,20.86,37.0,33.0,0.0,10.0,40.15,29
saas_008096,0,5.82,14.0,12.0,0.0,12.0,5.48,30
saas_000784,0,0.0,20.0,1.0,0.0,12.0,9.84,17
saas_001409,1,31.75,43.0,2.0,0.0,4.0,29.35,1
saas_000154,1,13.58,18.0,9.0,0.0,8.0,15.44,10
saas_007806,0,26.98,3.0,1.0,1.0,7.0,44.02,1
saas_003009,0,24.62,60.0,4.0,2.0,9.0,37.94,23
saas_001686,1,53.2,8.0,7.0,0.0,10.0,28.78,18
saas_004014,1,0.45,25.0,46.0,0.0,6.0,0.0,10
saas_007455,0,20.3,33.0,22.0,0.0,10.0,9.82,23
saas_003863,0,24.16,236.0,5.0,1.0,7.0,18.17,9
saas_002733,0,62.51,10.0,21.0,0.0,8.0,26.79,9
saas_001895,0,41.31,8.0,4.0,1.0,4.0,36.33,2
saas_005442,1,38.39,59.0,4.0,0.0,8.0,50.51,25
saas_000569,0,34.39,26.0,20.0,1.0,11.0,45.0,28
saas_006709,1,72.44,190.0,1.0,2.0,8.0,42.48,22
saas_005854,0,28.76,5.0,4.0,0.0,6.0,32.55,13
saas_001816,0,44.52,54.0,1.0,1.0,11.0,20.91,4
saas_008319,1,26.86,44.0,17.0,1.0,12.0,26.44,11
saas_003394,1,22.06,48.0,35.0,0.0,16.0,21.63,9
saas_003327,1,45.48,22.0,22.0,0.0,10.0,31.71,8
saas_009982,1,25.69,4.0,36.0,2.0,6.0,42.13,8
saas_006102,1,14.09,8.0,29.0,0.0,10.0,6.73,23
saas_002975,0,14.27,32.0,1.0,0.0,10.0,17.49,20
saas_000980,1,18.97,40.0,27.0,2.0,5.0,14.69,15
saas_000190,1,41.17,266.0,1.0,1.0,6.0,14.73,17
saas_009331,0,14.34,5.0,5.0,0.0,4.0,27.51,18
saas_005088,0,30.33,2.0,4.0,2.0,14.0,43.68,27
saas_000699,1,5.29,14.0,12.0,0.0,3.0,0.0,30
saas_009759,1,41.37,43.0,1.0,1.0,6.0,42.14,12
saas_000606,0,13.24,63.0,30.0,1.0,4.0,49.94,17
saas_000301,1,23.33,2.0,36.0,1.0,8.0,32.01,21
saas_003420,0,28.55,20.0,10.0,0.0,4.0,29.35,9
saas_009804,1,15.58,33.0,1.0,0.0,10.0,18.11,15
saas_001060,0,0.0,15.0,22.0,0.0,11.0,1.45,11
saas_003444,0,26.95,105.0,26.0,0.0,6.0,25.89,1
saas_001069,0,3.73,17.0,8.0,0.0,15.0,24.02,28
saas_002205,0,15.98,12.0,29.0,1.0,13.0,15.66,29
saas_009435,1,65.59,6.0,24.0,0.0,3.0,42.97,7
saas_007339,0,36.18,4.0,24.0,0.0,11.0,53.47,4
saas_008208,0,34.89,5.0,19.0,0.0,10.0,35.08,24
saas_007679,0,11.83,6.0,4.0,1.0,10.0,20.46,19
saas_004642,1,18.94,75.0,14.0,2.0,7.0,22.25,30
saas_007683,1,32.89,1.0,1.0,0.0,7.0,22.82,16
saas_009007,0,44.48,7.0,16.0,1.0,6.0,30.5,18
saas_007996,0,49.06,428.0,79.0,0.0,6.0,38.42,5
saas_005600,1,3.63,253.0,2.0,0.0,8.0,15.41,10
saas_009151,1,20.4,15.0,12.0,2.0,9.0,6.44,24
saas_007022,0,30.52,8.0,1.0,0.0,9.0,18.35,22
saas_004893,1,39.83,5.0,1.0,1.0,8.0,53.99,18
saas_000225,0,22.45,28.0,1.0,0.0,10.0,24.41,10
saas_003354,0,72.78,11.0,3.0,1.0,8.0,37.13,26
saas_005895,0,38.86,14.0,19.0,0.0,8.0,37.7,6
saas_008754,0,0.0,73.0,13.0,0.0,6.0,0.8,23
saas_003436,0,11.22,7.0,36.0,2.0,7.0,5.54,19
saas_001693,0,20.28,9.0,16.0,0.0,7.0,16.57,10
saas_006893,0,29.56,82.0,4.0,0.0,8.0,28.46,6
saas_001045,0,5.71,5.0,16.0,1.0,6.0,28.69,13
saas_003446,0,32.11,10.0,25.0,2.0,9.0,37.49,8
saas_008050,0,0.0,35.0,1.0,2.0,9.0,22.65,4
saas_009146,0,0.0,10.0,5.0,0.0,9.0,0.0,4
saas_009981,1,23.17,125.0,2.0,2.0,11.0,26.6,29
saas_004735,1,14.02,19.0,31.0,0.0,3.0,22.56,25
saas_004496,1,34.66,9.0,20.0,0.0,8.0,29.23,22
saas_001218,0,53.74,3.0,35.0,0.0,6.0,61.09,4
saas_006015,1,12.26,4.0,19.0,1.0,9.0,0.0,1
saas_009719,0,23.31,21.0,6.0,1.0,8.0,24.64,30
saas_003987,0,31.89,38.0,6.0,1.0,10.0,17.84,16
saas_004911,1,50.08,42.0,2.0,0.0,5.0,50.63,5
saas_009492,1,41.37,1.0,6.0,1.0,5.0,6.57,28
saas_004493,0,33.95,4.0,39.0,0.0,8.0,18.42,11
saas_006944,0,37.34,24.0,1.0,1.0,5.0,43.77,30
saas_005699,0,62.75,1.0,17.0,1.0,7.0,26.09,21
saas_008352,0,17.96,70.0,14.0,0.0,10.0,25.72,11
saas_000956,0,13.08,9.0,9.0,1.0,8.0,28.97,9
saas_002869,0,9.99,47.0,22.0,0.0,7.0,21.68,21
saas_004433,0,0.0,35.0,6.0,0.0,8.0,11.85,15
saas_004973,0,0.17,1.0,24.0,0.0,5.0,27.59,12
saas_002961,0,34.77,19.0,3.0,0.0,8.0,26.3,13
saas_002200,0,54.05,8.0,26.0,0.0,9.0,36.57,28
saas_000098,1,33.34,36.0,6.0,1.0,9.0,52.59,25
saas_009849,1,0.45,19.0,10.0,0.0,8.0,0.0,17
saas_002557,0,41.7,70.0,2.0,0.0,6.0,7.38,23
saas_008445,1,10.81,63.0,12.0,2.0,7.0,27.21,13
saas_004199,1,54.86,32.0,28.0,0.0,14.0,26.55,18
saas_009637,1,77.42,9.0,20.0,0.0,4.0,47.56,7
saas_005539,0,5.77,3.0,22.0,0.0,11.0,27.69,15
saas_001648,0,29.81,15.0,14.0,1.0,10.0,37.29,24
saas_006197,0,66.11,46.0,30.0,0.0,6.0,47.19,16
saas_006295,0,55.82,1.0,6.0,0.0,11.0,37.08,11
saas_004499,1,0.45,9.0,3.0,2.0,9.0,28.33,4
saas_001154,0,43.06,57.0,19.0,0.0,7.0,18.31,19
saas_002255,0,46.57,3.0,12.0,0.0,6.0,35.22,5
saas_003170,1,70.58,99.0,13.0,0.0,11.0,60.81,13
saas_007400,0,36.29,26.0,13.0,1.0,7.0,43.51,17
saas_007158,0,3.19,24.0,58.0,0.0,7.0,14.2,10
saas_003108,1,0.45,2.0,15.0,0.0,12.0,28.7,23
saas_004548,0,10.71,24.0,18.0,0.0,10.0,26.3,22
saas_005423,1,1.57,18.0,56.0,0.0,16.0,0.0,15
saas_002049,1,30.09,3.0,3.0,0.0,5.0,16.22,24
saas_009208,0,18.49,1.0,11.0,1.0,7.0,24.57,23
saas_008815,1,43.02,10.0,3.0,1.0,12.0,9.86,10
saas_009797,1,0.45,20.0,15.0,0.0,10.0,2.53,15
saas_000262,1,45.17,28.0,12.0,0.0,7.0,37.14,26
saas_004061,0,46.81,99.0,10.0,0.0,6.0,26.88,22
saas_005534,0,23.23,34.0,7.0,0.0,9.0,50.08,24
saas_006616,0,10.2,22.0,37.0,0.0,7.0,13.53,28
saas_008120,0,51.71,29.0,6.0,1.0,11.0,50.96,17
saas_008155,1,60.53,4.0,4.0,1.0,9.0,44.72,19
saas_001802,1,27.75,12.0,3.0,0.0,11.0,29.7,20
saas_004736,1,18.3,6.0,13.0,0.0,8.0,8.71,8
saas_002385,1,53.79,7.0,24.0,0.0,7.0,37.36,30
saas_006694,0,16.57,9.0,12.0,1.0,8.0,4.16,25
saas_005759,0,37.6,1.0,3.0,0.0,3.0,30.09,26
saas_001959,0,77.56,8.0,9.0,0.0,4.0,24.18,23
saas_002976,0,0.0,6.0,2.0,0.0,3.0,0.0,2
saas_008680,1,47.71,25.0,29.0,0.0,12.0,47.68,22
saas_001843,0,41.19,2.0,7.0,0.0,10.0,11.45,1
saas_001734,1,0.45,9.0,21.0,0.0,9.0,24.27,30
saas_002911,0,64.9,341.0,2.0,1.0,9.0,67.17,3
saas_008338,1,10.98,1.0,5.0,0.0,6.0,32.02,28
saas_001986,0,3.5,27.0,26.0,0.0,5.0,24.78,5
saas_009561,0,23.73,15.0,1.0,1.0,5.0,36.1,11
saas_006546,0,57.03,19.0,1.0,0.0,7.0,55.87,29
saas_007098,0,9.25,15.0,9.0,1.0,8.0,22.4,8
saas_002811,1,65.32,11.0,6.0,1.0,8.0,58.01,24
saas_000659,1,0.45,12.0,18.0,0.0,11.0,6.86,27
saas_002511,1,31.22,259.0,9.0,0.0,9.0,33.96,14
saas_004282,1,36.71,66.0,3.0,0.0,9.0,43.18,7
saas_009339,0,80.97,31.0,53.0,0.0,5.0,53.72,26
saas_008800,1,0.45,63.0,10.0,0.0,5.0,3.59,25
saas_006287,0,18.06,4.0,21.0,1.0,7.0,19.29,19
saas_001930,1,24.32,1.0,34.0,1.0,10.0,36.0,13
saas_007125,1,14.96,43.0,14.0,0.0,12.0,3.66,16
saas_000197,1,40.35,11.0,39.0,2.0,10.0,27.89,11
saas_007777,1,37.53,3.0,11.0,1.0,12.0,28.73,1
saas_002931,0,37.68,74.0,1.0,1.0,13.0,30.2,18
saas_008004,0,18.04,26.0,2.0,0.0,5.0,8.11,17
saas_002327,1,13.47,182.0,13.0,0.0,6.0,10.52,24
saas_004389,1,23.55,220.0,22.0,1.0,6.0,25.53,18
saas_008958,0,34.77,15.0,7.0,1.0,2.0,33.06,4
saas_004218,0,19.28,264.0,34.0,0.0,6.0,35.67,12
saas_000202,1,11.46,23.0,34.0,1.0,9.0,19.2,19
saas_003510,0,17.26,43.0,6.0,0.0,7.0,23.93,15
saas_004931,1,0.45,5.0,12.0,2.0,8.0,0.23,1
saas_005535,1,52.49,3.0,10.0,0.0,9.0,32.79,26
saas_005791,0,36.15,20.0,6.0,0.0,3.0,27.5,18
saas_001707,0,22.28,29.0,3.0,0.0,5.0,34.8,18
saas_005172,0,14.73,10.0,1.0,1.0,6.0,13.31,9
saas_005249,0,11.74,5.0,50.0,0.0,8.0,19.16,23
saas_006528,1,73.55,135.0,13.0,0.0,8.0,42.47,2
saas_009848,1,43.36,4.0,10.0,2.0,6.0,29.44,16
saas_005855,1,46.93,13.0,11.0,2.0,5.0,26.33,9
saas_008164,1,46.11,533.0,2.0,2.0,1.0,28.09,29
saas_000854,1,24.04,30.0,2.0,0.0,5.0,54.87,18
saas_004737,1,7.31,77.0,15.0,0.0,6.0,37.71,4
saas_000698,1,0.45,5.0,9.0,1.0,8.0,0.44,1
saas_003696,1,41.27,7.0,6.0,0.0,10.0,44.75,19
saas_001636,0,60.17,1.0,15.0,1.0,8.0,23.03,17
saas_007280,1,0.45,4.0,33.0,0.0,6.0,35.3,12
saas_007554,1,53.48,62.0,53.0,2.0,4.0,49.98,10
saas_003581,1,26.27,437.0,10.0,0.0,6.0,19.14,16
saas_001291,0,20.22,10.0,18.0,1.0,11.0,34.92,19
saas_006585,1,0.45,11.0,16.0,0.0,6.0,21.28,29
saas_001853,1,2.45,55.0,20.0,1.0,7.0,36.02,11
saas_005232,0,15.39,8.0,4.0,1.0,10.0,31.21,28
saas_003763,1,1.55,48.0,37.0,0.0,5.0,0.0,11
saas_003304,0,53.84,2064.0,11.0,1.0,12.0,47.0,16
saas_001495,1,66.54,3.0,1.0,1.0,9.0,47.85,22
saas_007994,0,70.4,8.0,4.0,1.0,6.0,50.67,10
saas_001998,1,0.45,9.0,8.0,0.0,6.0,0.0,5
saas_000663,1,53.19,12.0,26.0,2.0,9.0,47.82,19
saas_003748,1,35.33,6.0,14.0,2.0,5.0,35.0,21
saas_004413,0,20.99,6.0,15.0,0.0,8.0,27.17,10
saas_005530,0,44.85,6.0,17.0,1.0,13.0,26.72,30
saas_005575,0,32.14,17.0,17.0,0.0,6.0,21.34,29
saas_008901,1,34.58,2.0,26.0,0.0,10.0,22.5,9
saas_007526,1,3.14,10.0,48.0,2.0,11.0,11.99,24
saas_009474,1,22.35,7.0,1.0,1.0,9.0,25.43,10
saas_005864,1,0.45,8.0,46.0,0.0,9.0,5.34,26
saas_006776,0,32.53,6.0,4.0,1.0,4.0,13.12,3
saas_001306,1,17.81,4.0,13.0,0.0,6.0,24.18,20
saas_007392,0,28.01,6.0,54.0,1.0,7.0,18.55,5
saas_005592,0,66.03,81.0,29.0,1.0,7.0,50.58,18
saas_009721,1,19.39,5.0,17.0,1.0,10.0,11.6,7
saas_001663,0,14.36,298.0,6.0,0.0,8.0,27.98,8
saas_005450,1,0.45,14.0,17.0,2.0,9.0,12.02,3
saas_009954,1,48.81,1.0,5.0,1.0,12.0,11.24,20
saas_003627,0,31.6,5.0,1.0,0.0,8.0,31.7,22
saas_002693,1,15.89,11.0,8.0,2.0,6.0,11.39,15
saas_009789,1,36.56,47.0,20.0,0.0,9.0,46.07,29
saas_005915,1,56.41,32.0,7.0,1.0,9.0,33.04,30
saas_003157,0,0.0,13.0,16.0,1.0,9.0,25.04,26
saas_006668,1,9.03,16.0,22.0,0.0,3.0,10.98,14
saas_001059,0,0.0,39.0,24.0,1.0,7.0,2.91,13
saas_004636,1,24.25,1.0,1.0,0.0,7.0,43.31,13
saas_003242,0,25.72,29.0,3.0,0.0,9.0,33.33,18
saas_001678,1,0.7,6.0,1.0,1.0,6.0,0.0,8
saas_006892,0,20.79,2.0,20.0,0.0,12.0,14.74,23
saas_006374,0,48.13,7.0,29.0,0.0,7.0,26.71,9
saas_007574,1,21.64,19.0,36.0,0.0,8.0,20.03,22
saas_001757,0,25.92,602.0,12.0,0.0,9.0,26.19,30
saas_006019,1,20.08,15.0,7.0,0.0,5.0,37.21,1
saas_005116,0,24.08,67.0,11.0,1.0,7.0,19.44,14
saas_008755,1,38.83,9.0,20.0,2.0,10.0,51.75,26
saas_007408,1,36.61,1.0,5.0,1.0,10.0,44.1,30
saas_002790,0,6.91,184.0,10.0,0.0,8.0,34.04,18
saas_000863,0,26.66,22.0,8.0,1.0,4.0,18.8,18
saas_007858,0,0.0,14.0,7.0,0.0,5.0,0.79,24
saas_001484,0,48.41,64.0,1.0,1.0,12.0,50.1,30
saas_007035,0,50.88,3.0,13.0,2.0,4.0,31.43,5
saas_007721,1,39.11,25.0,17.0,1.0,19.0,25.07,4
saas_005977,1,15.46,8.0,2.0,1.0,16.0,15.64,4
saas_005134,0,8.06,8.0,10.0,0.0,10.0,0.0,22
saas_000206,1,64.73,5.0,1.0,1.0,9.0,63.27,28
saas_004488,0,60.51,38.0,1.0,1.0,7.0,25.74,23
saas_006938,0,14.65,15.0,3.0,0.0,12.0,7.37,3
saas_009062,1,12.68,38.0,25.0,1.0,9.0,13.08,7
saas_006910,0,0.0,51.0,1.0,2.0,9.0,7.81,24
saas_000502,1,27.3,6.0,3.0,0.0,9.0,27.16,12
saas_007385,1,22.93,15.0,35.0,2.0,7.0,26.93,17
saas_001028,0,0.0,19.0,33.0,0.0,12.0,15.23,15
saas_003840,0,19.68,2.0,18.0,1.0,13.0,17.19,9
saas_008110,1,2.65,17.0,1.0,1.0,16.0,8.66,9
saas_005056,1,3.22,13.0,43.0,2.0,15.0,2.06,27
saas_009762,1,76.49,14.0,4.0,1.0,12.0,36.94,10
saas_008154,0,50.4,33.0,8.0,1.0,6.0,34.43,4
saas_002731,1,17.31,2.0,2.0,1.0,9.0,28.64,10
saas_008996,0,56.79,1.0,5.0,0.0,10.0,22.08,19
saas_002454,1,53.11,10.0,2.0,2.0,10.0,22.02,1
saas_007215,1,53.83,2.0,29.0,2.0,4.0,45.62,2
saas_003104,0,70.65,18.0,7.0,1.0,4.0,41.04,8
saas_008392,1,33.44,14.0,6.0,1.0,5.0,38.59,18
saas_006278,0,18.5,86.0,3.0,0.0,12.0,31.0,13
saas_003099,0,9.12,48.0,5.0,0.0,8.0,20.78,9
saas_006184,0,56.96,91.0,3.0,1.0,12.0,39.16,17
saas_003561,1,71.02,23.0,1.0,1.0,6.0,36.56,24
saas_005892,0,79.99,402.0,10.0,1.0,14.0,68.59,23
saas_000391,0,29.94,21.0,29.0,0.0,7.0,42.01,2
saas_006736,0,49.43,292.0,2.0,2.0,9.0,41.75,4
saas_005618,0,40.47,21.0,10.0,2.0,10.0,14.16,27
saas_005258,0,66.03,2.0,13.0,1.0,4.0,41.8,14
saas_009687,0,19.74,1.0,34.0,0.0,7.0,25.51,9
saas_002695,1,32.37,84.0,10.0,0.0,8.0,30.44,22
saas_002027,0,29.39,1.0,5.0,0.0,7.0,34.03,13
saas_005463,0,9.79,16.0,1.0,1.0,6.0,20.63,17
saas_002568,1,36.82,1.0,5.0,0.0,11.0,29.27,30
saas_008006,1,9.44,23.0,11.0,2.0,4.0,7.41,30
saas_000064,1,47.89,58.0,5.0,2.0,7.0,54.23,24
saas_002062,0,30.01,30.0,7.0,0.0,10.0,34.24,30
saas_005276,0,43.9,24.0,3.0,1.0,6.0,45.84,17
saas_007208,0,10.99,7.0,21.0,1.0,11.0,16.95,1
saas_008684,0,51.62,614.0,42.0,2.0,10.0,25.45,17
saas_008571,1,47.51,39.0,5.0,1.0,7.0,36.48,22
saas_006331,0,37.58,25.0,23.0,1.0,8.0,38.37,10
saas_004859,1,50.72,14.0,1.0,1.0,10.0,30.01,1
saas_004887,1,20.86,219.0,5.0,0.0,8.0,10.69,24
saas_009268,1,16.0,3.0,2.0,1.0,7.0,17.8,5
saas_000878,0,30.14,17.0,3.0,1.0,7.0,42.64,30
saas_008529,1,64.53,46.0,26.0,2.0,7.0,33.57,29
saas_007916,0,55.21,7.0,13.0,0.0,9.0,39.27,14
saas_006863,0,0.55,22.0,24.0,0.0,14.0,11.57,26
saas_007892,0,50.41,11.0,8.0,0.0,3.0,49.55,18
saas_006439,0,80.1,168.0,4.0,1.0,4.0,56.47,27
saas_007869,0,40.38,18.0,6.0,0.0,5.0,39.53,15
saas_001016,1,0.45,21.0,27.0,2.0,7.0,22.34,27
saas_009467,0,74.8,2.0,9.0,2.0,6.0,20.55,15
saas_007629,1,51.82,12.0,17.0,2.0,5.0,37.61,1
saas_000995,0,13.56,34.0,6.0,0.0,5.0,32.51,18
saas_004297,1,51.61,7.0,19.0,1.0,7.0,20.98,18
saas_000161,1,51.34,6.0,5.0,1.0,4.0,33.25,11
saas_005675,1,25.96,9.0,36.0,1.0,12.0,17.62,1
saas_006873,1,17.23,16.0,22.0,1.0,7.0,24.29,17
saas_009692,1,15.19,50.0,6.0,2.0,7.0,29.21,16
saas_007989,1,46.63,11.0,23.0,0.0,9.0,36.84,23
saas_003843,1,36.55,322.0,1.0,1.0,9.0,32.7,22
saas_001021,1,73.03,32.0,7.0,0.0,4.0,53.95,11
saas_003073,1,39.38,63.0,23.0,0.0,9.0,36.67,15
saas_007555,0,40.18,25.0,29.0,2.0,9.0,46.28,27
saas_003943,0,0.0,57.0,7.0,0.0,8.0,20.2,26
saas_001585,1,2.71,1.0,2.0,0.0,14.0,17.42,23
saas_003152,1,40.79,37.0,1.0,1.0,9.0,41.44,16
saas_008226,0,8.48,47.0,10.0,2.0,14.0,15.75,9
saas_000775,1,41.56,27.0,34.0,0.0,7.0,16.28,19
saas_009670,1,14.89,3.0,33.0,1.0,5.0,10.85,17
saas_007099,1,61.13,35.0,4.0,1.0,8.0,38.71,20
saas_005486,1,2.88,351.0,11.0,1.0,10.0,30.54,17
saas_006235,1,1.73,14.0,7.0,1.0,10.0,29.96,10
saas_009555,1,13.79,48.0,33.0,0.0,5.0,22.47,25
saas_007041,0,40.82,112.0,13.0,1.0,6.0,51.98,20
saas_002612,1,43.03,8.0,2.0,0.0,6.0,34.12,23
saas_007513,1,44.9,25.0,29.0,0.0,7.0,37.21,30
saas_008433,0,0.0,15.0,2.0,1.0,9.0,22.45,12
saas_008792,1,59.78,91.0,5.0,0.0,8.0,37.3,16
saas_005393,1,0.45,5.0,1.0,2.0,14.0,12.54,9
saas_008838,0,46.23,2.0,1.0,1.0,9.0,48.35,11
saas_003890,1,37.86,3.0,9.0,0.0,8.0,28.57,11
saas_003556,0,29.89,14.0,3.0,1.0,4.0,23.99,12
saas_001528,0,27.86,1.0,1.0,2.0,5.0,25.53,22
saas_001267,0,0.0,54.0,13.0,2.0,12.0,8.79,21
saas_007734,1,73.02,192.0,18.0,0.0,7.0,27.86,3
saas_001899,1,19.84,4.0,21.0,1.0,5.0,15.91,5
saas_004658,0,11.63,7.0,1.0,2.0,9.0,5.18,22
saas_003005,0,36.77,10.0,24.0,1.0,6.0,25.88,4
saas_002734,0,14.26,19.0,10.0,1.0,2.0,40.04,25
saas_000189,1,33.02,238.0,6.0,0.0,4.0,40.02,9
saas_009167,0,28.32,11.0,13.0,0.0,5.0,29.32,29
saas_002747,1,72.04,9.0,1.0,0.0,10.0,28.15,11
saas_002047,1,0.45,42.0,10.0,1.0,4.0,0.0,24
saas_007849,0,0.0,48.0,2.0,0.0,4.0,3.53,5
saas_002558,0,33.12,172.0,1.0,0.0,10.0,39.47,14
saas_009274,1,11.77,12.0,20.0,0.0,9.0,19.13,12
saas_008666,1,0.45,14.0,15.0,0.0,8.0,22.66,25
saas_006396,0,72.7,115.0,59.0,0.0,5.0,35.32,15
saas_003385,1,44.84,38.0,20.0,1.0,7.0,36.83,16
saas_004555,0,51.22,229.0,7.0,0.0,7.0,54.63,21
saas_001184,0,53.49,19.0,1.0,1.0,7.0,33.5,10
saas_006420,1,43.99,19.0,6.0,1.0,9.0,35.97,15
saas_005051,0,60.49,25.0,6.0,1.0,7.0,50.61,17
saas_005311,1,25.11,4.0,34.0,0.0,7.0,42.36,9
saas_002433,0,18.7,23.0,11.0,0.0,8.0,44.07,12
saas_006949,1,29.99,63.0,10.0,0.0,8.0,14.09,12
saas_000769,1,44.81,250.0,9.0,0.0,8.0,35.61,8
saas_001685,1,50.37,52.0,4.0,0.0,11.0,34.87,15
saas_008322,1,19.2,1.0,2.0,0.0,4.0,22.2,28
saas_005578,0,9.95,5.0,1.0,1.0,6.0,34.03,6
saas_004426,0,6.06,25.0,25.0,0.0,8.0,9.65,13
saas_000466,1,34.43,12.0,2.0,0.0,6.0,37.99,17
saas_006265,0,54.55,3.0,2.0,1.0,6.0,63.92,20
saas_005734,0,6.3,12.0,3.0,0.0,5.0,5.77,11
saas_005191,0,59.15,43.0,16.0,0.0,8.0,44.03,29
saas_005390,0,30.01,222.0,3.0,0.0,10.0,24.94,15
saas_000860,0,43.05,4.0,8.0,2.0,4.0,20.06,1
saas_007270,1,43.3,46.0,3.0,0.0,7.0,58.91,13
